thoi_diem,y_true,y_pred,abs_err
2025-01-13 19:00:00,115.17,115.3,0.14250183
2025-01-13 20:00:00,115.17,115.4,0.20500183
2025-01-13 21:00:00,115.18,115.25,0.069999695
2025-01-13 22:00:00,115.18,115.25,0.069999695
2025-01-13 23:00:00,115.18,115.2,0.007499695
2025-01-14 00:00:00,115.18,115.2,0.007499695
2025-01-14 01:00:00,115.18,115.25,0.069999695
2025-01-14 02:00:00,115.18,115.25,0.069999695
2025-01-14 03:00:00,115.14,115.2,0.04750061
2025-01-14 04:00:00,115.14,115.25,0.11000061
2025-01-14 05:00:00,115.11,115.25,0.13999939
2025-01-14 06:00:00,115.11,115.25,0.13999939
2025-01-14 07:00:00,115.09,115.2,0.09750366
2025-01-14 08:00:00,115.09,115.2,0.09750366
2025-01-14 09:00:00,115.06,115.1,0.06500244
2025-01-14 10:00:00,115.06,115.06,0.0025024414
2025-01-14 11:00:00,115.06,115.06,0.0025024414
2025-01-14 12:00:00,115.06,115.1,0.06500244
2025-01-14 13:00:00,115.08,115.1,0.04499817
2025-01-14 14:00:00,115.08,115.2,0.10749817
2025-01-14 15:00:00,115.08,115.1,0.04499817
2025-01-14 16:00:00,115.08,115.25,0.16999817
2025-01-14 17:00:00,115.06,115.2,0.12750244
2025-01-14 18:00:00,115.06,115.3,0.25250244
2025-01-14 19:00:00,115.05,115.2,0.13749695
2025-01-14 20:00:00,115.05,115.3,0.26249695
2025-01-14 21:00:00,115.03,115.1,0.09500122
2025-01-14 22:00:00,115.03,115.3,0.28250122
2025-01-14 23:00:00,114.98,115.2,0.20749664
2025-01-15 00:00:00,114.98,115.3,0.33249664
2025-01-15 01:00:00,114.94,115.25,0.30999756
2025-01-15 02:00:00,114.94,115.3,0.37249756
2025-01-15 03:00:00,114.9,115.2,0.28749847
2025-01-15 04:00:00,114.9,115.2,0.28749847
2025-01-15 05:00:00,114.84,115.2,0.34750366
2025-01-15 06:00:00,114.84,115.2,0.34750366
2025-01-15 07:00:00,114.79,115.1,0.33499908
2025-01-15 08:00:00,114.79,115.1,0.33499908
2025-01-15 09:00:00,114.75,115.1,0.375
2025-01-15 10:00:00,114.75,115.06,0.3125
2025-01-15 11:00:00,114.74,115.0,0.26000214
2025-01-15 12:00:00,114.74,114.94,0.19750214
2025-01-15 13:00:00,114.73,114.94,0.20749664
2025-01-15 14:00:00,114.73,114.94,0.20749664
2025-01-15 15:00:00,114.68,114.94,0.2574997
2025-01-15 16:00:00,114.68,114.9,0.1949997
2025-01-15 17:00:00,114.64,114.9,0.23500061
2025-01-15 18:00:00,114.64,114.8,0.17250061
2025-01-15 19:00:00,114.62,114.75,0.12999725
2025-01-15 20:00:00,114.62,114.75,0.12999725
2025-01-15 21:00:00,114.61,114.75,0.13999939
2025-01-15 22:00:00,114.61,114.8,0.20249939
2025-01-15 23:00:00,114.59,114.7,0.09750366
2025-01-16 00:00:00,114.59,114.7,0.09750366
2025-01-16 01:00:00,114.57,114.7,0.117500305
2025-01-16 02:00:00,114.57,114.7,0.117500305
2025-01-16 03:00:00,114.54,114.7,0.14749908
2025-01-16 04:00:00,114.54,114.7,0.14749908
2025-01-16 05:00:00,114.49,114.7,0.19750214
2025-01-16 06:00:00,114.49,114.7,0.19750214
2025-01-16 07:00:00,114.44,114.6,0.18499756
2025-01-16 08:00:00,114.44,114.56,0.12249756
2025-01-16 09:00:00,114.38,114.56,0.18250275
2025-01-16 10:00:00,114.38,114.5,0.12000275
2025-01-16 11:00:00,114.33,114.5,0.16999817
2025-01-16 12:00:00,114.33,114.44,0.10749817
2025-01-16 13:00:00,114.3,114.44,0.13749695
2025-01-16 14:00:00,114.3,114.4,0.07499695
2025-01-16 15:00:00,114.3,114.3,0.012496948
2025-01-16 16:00:00,114.3,114.25,0.05000305
2025-01-16 17:00:00,114.29,114.2,0.102500916
2025-01-16 18:00:00,114.29,114.2,0.102500916
2025-01-16 19:00:00,114.31,114.25,0.05999756
2025-01-16 20:00:00,114.31,114.25,0.05999756
2025-01-16 21:00:00,114.35,114.2,0.16249847
2025-01-16 22:00:00,114.35,114.2,0.16249847
2025-01-16 23:00:00,114.36,114.2,0.17250061
2025-01-17 00:00:00,114.36,114.25,0.11000061
2025-01-17 01:00:00,114.36,114.25,0.11000061
2025-01-17 02:00:00,114.36,114.25,0.11000061
2025-01-17 03:00:00,114.35,114.25,0.099998474
2025-01-17 04:00:00,114.35,114.25,0.099998474
2025-01-17 05:00:00,114.33,114.3,0.017501831
2025-01-17 06:00:00,114.33,114.3,0.017501831
2025-01-17 07:00:00,114.31,114.25,0.05999756
2025-01-17 08:00:00,114.31,114.25,0.05999756
2025-01-17 09:00:00,114.28,114.25,0.02999878
2025-01-17 10:00:00,114.28,114.2,0.09249878
2025-01-17 11:00:00,114.26,114.1,0.13500214
2025-01-17 12:00:00,114.26,114.1,0.13500214
2025-01-17 13:00:00,114.26,114.06,0.19750214
2025-01-17 14:00:00,114.26,114.06,0.19750214
2025-01-17 15:00:00,114.25,114.06,0.1875
2025-01-17 16:00:00,114.25,114.06,0.1875
2025-01-17 17:00:00,114.23,114.0,0.23000336
2025-01-17 18:00:00,114.23,114.0,0.23000336
2025-01-17 19:00:00,114.23,114.0,0.23000336
2025-01-17 20:00:00,114.23,114.0,0.23000336
2025-01-17 21:00:00,114.24,114.0,0.23999786
2025-01-17 22:00:00,114.24,113.94,0.30249786
2025-01-17 23:00:00,114.26,114.0,0.26000214
2025-01-18 00:00:00,114.26,114.0,0.26000214
2025-01-18 01:00:00,114.27,114.06,0.20749664
2025-01-18 02:00:00,114.27,114.06,0.20749664
2025-01-18 03:00:00,114.26,114.1,0.13500214
2025-01-18 04:00:00,114.26,114.06,0.19750214
2025-01-18 05:00:00,114.25,114.1,0.125
2025-01-18 06:00:00,114.25,114.25,0.0
2025-01-18 07:00:00,114.23,114.2,0.042503357
2025-01-18 08:00:00,114.23,114.3,0.08249664
2025-01-18 09:00:00,114.22,114.3,0.09249878
2025-01-18 10:00:00,114.22,114.25,0.02999878
2025-01-18 11:00:00,114.24,114.25,0.010002136
2025-01-18 12:00:00,114.24,114.2,0.052497864
2025-01-18 13:00:00,114.27,114.25,0.019996643
2025-01-18 14:00:00,114.27,114.2,0.08249664
2025-01-18 15:00:00,114.27,114.25,0.019996643
2025-01-18 16:00:00,114.27,114.2,0.08249664
2025-01-18 17:00:00,114.28,114.2,0.09249878
2025-01-18 18:00:00,114.28,114.2,0.09249878
2025-01-18 19:00:00,114.29,114.25,0.040000916
2025-01-18 20:00:00,114.29,114.25,0.040000916
2025-01-18 21:00:00,114.32,114.25,0.069999695
2025-01-18 22:00:00,114.32,114.25,0.069999695
2025-01-18 23:00:00,114.33,114.2,0.14250183
2025-01-19 00:00:00,114.33,114.2,0.14250183
2025-01-19 01:00:00,114.37,114.25,0.12000275
2025-01-19 02:00:00,114.37,114.25,0.12000275
2025-01-19 03:00:00,114.37,114.2,0.18250275
2025-01-19 04:00:00,114.37,114.25,0.12000275
2025-01-19 05:00:00,114.34,114.25,0.08999634
2025-01-19 06:00:00,114.34,114.3,0.027496338
2025-01-19 07:00:00,114.32,114.3,0.007499695
2025-01-19 08:00:00,114.32,114.3,0.007499695
2025-01-19 09:00:00,114.33,114.3,0.017501831
2025-01-19 10:00:00,114.33,114.3,0.017501831
2025-01-19 11:00:00,114.34,114.25,0.08999634
2025-01-19 12:00:00,114.34,114.25,0.08999634
2025-01-19 13:00:00,114.34,114.3,0.027496338
2025-01-19 14:00:00,114.34,114.25,0.08999634
2025-01-19 15:00:00,114.34,114.4,0.035003662
2025-01-19 16:00:00,114.34,114.4,0.035003662
2025-01-19 17:00:00,114.33,114.5,0.16999817
2025-01-19 18:00:00,114.33,114.3,0.017501831
2025-01-19 19:00:00,114.32,114.4,0.055000305
2025-01-19 20:00:00,114.32,114.3,0.007499695
2025-01-19 21:00:00,114.34,114.44,0.09750366
2025-01-19 22:00:00,114.34,114.25,0.08999634
2025-01-19 23:00:00,114.38,114.3,0.06749725
2025-01-20 00:00:00,114.38,114.25,0.12999725
2025-01-20 01:00:00,114.4,114.4,0.025001526
2025-01-20 02:00:00,114.4,114.25,0.15000153
2025-01-20 03:00:00,114.4,114.4,0.025001526
2025-01-20 04:00:00,114.4,114.3,0.087501526
2025-01-20 05:00:00,114.39,114.4,0.01499939
2025-01-20 06:00:00,114.39,114.3,0.07749939
2025-01-20 07:00:00,114.39,114.4,0.01499939
2025-01-20 08:00:00,114.39,114.3,0.07749939
2025-01-20 09:00:00,114.36,114.3,0.04750061
2025-01-20 10:00:00,114.36,114.25,0.11000061
2025-01-20 11:00:00,114.34,114.25,0.08999634
2025-01-20 12:00:00,114.34,114.25,0.08999634
2025-01-20 13:00:00,114.35,114.25,0.099998474
2025-01-20 14:00:00,114.35,114.3,0.037498474
2025-01-20 15:00:00,114.33,114.3,0.017501831
2025-01-20 16:00:00,114.33,114.44,0.10749817
2025-01-20 17:00:00,114.29,114.3,0.022499084
2025-01-20 18:00:00,114.29,114.4,0.084999084
2025-01-20 19:00:00,114.3,114.3,0.012496948
2025-01-20 20:00:00,114.3,114.44,0.13749695
2025-01-20 21:00:00,114.33,114.4,0.04499817
2025-01-20 22:00:00,114.33,114.3,0.017501831
2025-01-20 23:00:00,114.36,114.3,0.04750061
2025-01-21 00:00:00,114.36,114.4,0.01499939
2025-01-21 01:00:00,114.41,114.4,0.035003662
2025-01-21 02:00:00,114.41,114.44,0.027496338
2025-01-21 03:00:00,114.41,114.44,0.027496338
2025-01-21 04:00:00,114.41,114.44,0.027496338
2025-01-21 05:00:00,114.39,114.44,0.04750061
2025-01-21 06:00:00,114.39,114.5,0.11000061
2025-01-21 07:00:00,114.38,114.5,0.12000275
2025-01-21 08:00:00,114.38,114.5,0.12000275
2025-01-21 09:00:00,114.37,114.5,0.12999725
2025-01-21 10:00:00,114.37,114.44,0.06749725
2025-01-21 11:00:00,114.37,114.4,0.0049972534
2025-01-21 12:00:00,114.37,114.4,0.0049972534
2025-01-21 13:00:00,114.37,114.25,0.12000275
2025-01-21 14:00:00,114.37,114.25,0.12000275
2025-01-21 15:00:00,114.38,114.3,0.06749725
2025-01-21 16:00:00,114.38,114.25,0.12999725
2025-01-21 17:00:00,114.37,114.25,0.12000275
2025-01-21 18:00:00,114.37,114.25,0.12000275
2025-01-21 19:00:00,114.39,114.25,0.13999939
2025-01-21 20:00:00,114.39,114.3,0.07749939
2025-01-21 21:00:00,114.41,114.3,0.09750366
2025-01-21 22:00:00,114.41,114.25,0.16000366
2025-01-21 23:00:00,114.43,114.3,0.117500305
2025-01-22 00:00:00,114.43,114.4,0.055000305
2025-01-22 01:00:00,114.44,114.4,0.06500244
2025-01-22 02:00:00,114.44,114.44,0.0025024414
2025-01-22 03:00:00,114.42,114.5,0.08000183
2025-01-22 04:00:00,114.42,114.5,0.08000183
2025-01-22 05:00:00,114.4,114.5,0.099998474
2025-01-22 06:00:00,114.4,114.6,0.22499847
2025-01-22 07:00:00,114.38,114.5,0.12000275
2025-01-22 08:00:00,114.38,114.5,0.12000275
2025-01-22 09:00:00,114.35,114.56,0.21250153
2025-01-22 10:00:00,114.35,114.5,0.15000153
2025-01-22 11:00:00,114.36,114.5,0.13999939
2025-01-22 12:00:00,114.36,114.4,0.01499939
2025-01-22 13:00:00,114.38,114.4,0.0049972534
2025-01-22 14:00:00,114.38,114.4,0.0049972534
2025-01-22 15:00:00,114.36,114.4,0.01499939
2025-01-22 16:00:00,114.36,114.4,0.01499939
2025-01-22 17:00:00,114.35,114.4,0.025001526
2025-01-22 18:00:00,114.35,114.4,0.025001526
2025-01-22 19:00:00,114.36,114.4,0.01499939
2025-01-22 20:00:00,114.36,114.4,0.01499939
2025-01-22 21:00:00,114.39,114.4,0.01499939
2025-01-22 22:00:00,114.39,114.4,0.01499939
2025-01-22 23:00:00,114.43,114.4,0.055000305
2025-01-23 00:00:00,114.43,114.4,0.055000305
2025-01-23 01:00:00,114.44,114.4,0.06500244
2025-01-23 02:00:00,114.44,114.44,0.0025024414
2025-01-23 03:00:00,114.42,114.44,0.017501831
2025-01-23 04:00:00,114.42,114.5,0.08000183
2025-01-23 05:00:00,114.4,114.5,0.099998474
2025-01-23 06:00:00,114.4,114.44,0.037498474
2025-01-23 07:00:00,114.38,114.44,0.057502747
2025-01-23 08:00:00,114.38,114.4,0.0049972534
2025-01-23 09:00:00,114.35,114.3,0.037498474
2025-01-23 10:00:00,114.35,114.3,0.037498474
2025-01-23 11:00:00,114.34,114.25,0.08999634
2025-01-23 12:00:00,114.34,114.2,0.15249634
2025-01-23 13:00:00,114.35,114.2,0.16249847
2025-01-23 14:00:00,114.35,114.2,0.16249847
2025-01-23 15:00:00,114.33,114.2,0.14250183
2025-01-23 16:00:00,114.33,114.25,0.08000183
2025-01-23 17:00:00,114.28,114.4,0.09500122
2025-01-23 18:00:00,114.28,114.3,0.03250122
2025-01-23 19:00:00,114.27,114.3,0.042503357
2025-01-23 20:00:00,114.27,114.4,0.10500336
2025-01-23 21:00:00,114.29,114.3,0.022499084
2025-01-23 22:00:00,114.29,114.4,0.084999084
2025-01-23 23:00:00,114.31,114.3,0.0025024414
2025-01-24 00:00:00,114.31,114.3,0.0025024414
2025-01-24 01:00:00,114.33,114.25,0.08000183
2025-01-24 02:00:00,114.33,114.3,0.017501831
2025-01-24 03:00:00,114.33,114.25,0.08000183
2025-01-24 04:00:00,114.33,114.4,0.04499817
2025-01-24 05:00:00,114.33,114.3,0.017501831
2025-01-24 06:00:00,114.33,114.44,0.10749817
2025-01-24 07:00:00,114.32,114.4,0.055000305
2025-01-24 08:00:00,114.32,114.4,0.055000305
2025-01-24 09:00:00,114.31,114.3,0.0025024414
2025-01-24 10:00:00,114.31,114.3,0.0025024414
2025-01-24 11:00:00,114.31,114.25,0.05999756
2025-01-24 12:00:00,114.31,114.2,0.12249756
2025-01-24 13:00:00,114.3,114.25,0.05000305
2025-01-24 14:00:00,114.3,114.25,0.05000305
2025-01-24 15:00:00,114.28,114.3,0.03250122
2025-01-24 16:00:00,114.28,114.25,0.02999878
2025-01-24 17:00:00,114.26,114.4,0.114997864
2025-01-24 18:00:00,114.26,114.44,0.17749786
2025-01-24 19:00:00,114.26,114.44,0.17749786
2025-01-24 20:00:00,114.26,114.4,0.114997864
2025-01-24 21:00:00,114.25,114.25,0.0
2025-01-24 22:00:00,114.25,114.4,0.125
2025-01-24 23:00:00,114.25,114.3,0.0625
2025-01-25 00:00:00,114.25,114.44,0.1875
2025-01-25 01:00:00,114.24,114.3,0.072502136
2025-01-25 02:00:00,114.24,114.4,0.13500214
2025-01-25 03:00:00,114.22,114.4,0.15499878
2025-01-25 04:00:00,114.22,114.3,0.09249878
2025-01-25 05:00:00,114.2,114.25,0.05000305
2025-01-25 06:00:00,114.2,114.2,0.012496948
2025-01-25 07:00:00,114.17,114.2,0.017501831
2025-01-25 08:00:00,114.17,114.06,0.10749817
2025-01-25 09:00:00,114.15,114.06,0.087501526
2025-01-25 10:00:00,114.15,114.06,0.087501526
2025-01-25 11:00:00,114.13,114.0,0.12999725
2025-01-25 12:00:00,114.13,114.0,0.12999725
2025-01-25 13:00:00,114.13,114.0,0.12999725
2025-01-25 14:00:00,114.13,114.0,0.12999725
2025-01-25 15:00:00,114.13,114.0,0.12999725
2025-01-25 16:00:00,114.13,114.0,0.12999725
2025-01-25 17:00:00,114.13,114.0,0.12999725
2025-01-25 18:00:00,114.13,114.0,0.12999725
2025-01-25 19:00:00,114.12,114.0,0.12000275
2025-01-25 20:00:00,114.12,114.0,0.12000275
2025-01-25 21:00:00,114.14,114.06,0.07749939
2025-01-25 22:00:00,114.14,113.94,0.20249939
2025-01-25 23:00:00,114.17,113.94,0.23249817
2025-01-26 00:00:00,114.17,113.9,0.29499817
2025-01-26 01:00:00,114.17,113.9,0.29499817
2025-01-26 02:00:00,114.17,113.94,0.23249817
2025-01-26 03:00:00,114.16,113.94,0.22250366
2025-01-26 04:00:00,114.16,113.94,0.22250366
2025-01-26 05:00:00,114.14,114.0,0.13999939
2025-01-26 06:00:00,114.14,114.06,0.07749939
2025-01-26 07:00:00,114.12,114.0,0.12000275
2025-01-26 08:00:00,114.12,113.94,0.18250275
2025-01-26 09:00:00,114.11,114.0,0.11000061
2025-01-26 10:00:00,114.11,114.0,0.11000061
2025-01-26 11:00:00,114.08,114.0,0.08000183
2025-01-26 12:00:00,114.08,113.94,0.14250183
2025-01-26 13:00:00,114.07,113.94,0.1324997
2025-01-26 14:00:00,114.07,114.0,0.069999695
2025-01-26 15:00:00,114.07,113.94,0.1324997
2025-01-26 16:00:00,114.07,114.0,0.069999695
2025-01-26 17:00:00,114.06,114.0,0.05999756
2025-01-26 18:00:00,114.06,114.0,0.05999756
2025-01-26 19:00:00,114.05,114.0,0.05000305
2025-01-26 20:00:00,114.05,114.06,0.012496948
2025-01-26 21:00:00,114.07,114.0,0.069999695
2025-01-26 22:00:00,114.07,114.0,0.069999695
2025-01-26 23:00:00,114.07,114.0,0.069999695
2025-01-27 00:00:00,114.07,114.0,0.069999695
2025-01-27 01:00:00,114.05,114.0,0.05000305
2025-01-27 02:00:00,114.05,114.0,0.05000305
2025-01-27 03:00:00,114.04,114.06,0.022499084
2025-01-27 04:00:00,114.04,114.0,0.040000916
2025-01-27 05:00:00,114.04,114.0,0.040000916
2025-01-27 06:00:00,114.04,113.94,0.102500916
2025-01-27 07:00:00,114.03,114.0,0.02999878
2025-01-27 08:00:00,114.03,114.0,0.02999878
2025-01-27 09:00:00,114.02,114.0,0.019996643
2025-01-27 10:00:00,114.02,114.0,0.019996643
2025-01-27 11:00:00,114.01,114.06,0.052497864
2025-01-27 12:00:00,114.01,114.1,0.114997864
2025-01-27 13:00:00,114.0,114.2,0.1875
2025-01-27 14:00:00,114.0,114.2,0.1875
2025-01-27 15:00:00,113.98,114.1,0.14499664
2025-01-27 16:00:00,113.98,114.0,0.019996643
2025-01-27 17:00:00,113.96,114.1,0.16500092
2025-01-27 18:00:00,113.96,114.06,0.102500916
2025-01-27 19:00:00,113.94,114.2,0.24749756
2025-01-27 20:00:00,113.94,114.0,0.05999756
2025-01-27 21:00:00,113.95,114.1,0.17500305
2025-01-27 22:00:00,113.95,113.94,0.012496948
2025-01-27 23:00:00,113.97,114.1,0.15499878
2025-01-28 00:00:00,113.97,113.9,0.09500122
2025-01-28 01:00:00,113.98,114.06,0.08249664
2025-01-28 02:00:00,113.98,114.0,0.019996643
2025-01-28 03:00:00,113.96,114.06,0.102500916
2025-01-28 04:00:00,113.96,114.06,0.102500916
2025-01-28 05:00:00,113.95,114.1,0.17500305
2025-01-28 06:00:00,113.95,114.1,0.17500305
2025-01-28 07:00:00,113.95,114.25,0.30000305
2025-01-28 08:00:00,113.95,114.25,0.30000305
2025-01-28 09:00:00,113.93,114.2,0.2574997
2025-01-28 10:00:00,113.93,114.1,0.1949997
2025-01-28 11:00:00,113.9,114.0,0.099998474
2025-01-28 12:00:00,113.9,114.0,0.099998474
2025-01-28 13:00:00,113.89,113.94,0.04750061
2025-01-28 14:00:00,113.89,114.0,0.11000061
2025-01-28 15:00:00,113.89,113.9,0.01499939
2025-01-28 16:00:00,113.89,113.9,0.01499939
2025-01-28 17:00:00,113.87,113.8,0.057502747
2025-01-28 18:00:00,113.87,113.8,0.057502747
2025-01-28 19:00:00,113.85,113.75,0.099998474
2025-01-28 20:00:00,113.85,113.8,0.037498474
2025-01-28 21:00:00,113.88,113.8,0.06749725
2025-01-28 22:00:00,113.88,113.7,0.19249725
2025-01-28 23:00:00,113.88,113.7,0.19249725
2025-01-29 00:00:00,113.88,113.7,0.19249725
2025-01-29 01:00:00,113.88,113.8,0.06749725
2025-01-29 02:00:00,113.88,113.7,0.19249725
2025-01-29 03:00:00,113.88,113.75,0.12999725
2025-01-29 04:00:00,113.88,113.75,0.12999725
2025-01-29 05:00:00,113.87,113.75,0.12000275
2025-01-29 06:00:00,113.87,113.75,0.12000275
2025-01-29 07:00:00,113.86,113.7,0.17250061
2025-01-29 08:00:00,113.86,113.7,0.17250061
2025-01-29 09:00:00,113.86,113.7,0.17250061
2025-01-29 10:00:00,113.86,113.7,0.17250061
2025-01-29 11:00:00,113.85,113.7,0.16249847
2025-01-29 12:00:00,113.85,113.75,0.099998474
2025-01-29 13:00:00,113.84,113.75,0.08999634
2025-01-29 14:00:00,113.84,113.75,0.08999634
2025-01-29 15:00:00,113.83,113.75,0.08000183
2025-01-29 16:00:00,113.83,113.75,0.08000183
2025-01-29 17:00:00,113.81,113.75,0.05999756
2025-01-29 18:00:00,113.81,113.7,0.12249756
2025-01-29 19:00:00,113.8,113.7,0.11250305
2025-01-29 20:00:00,113.8,113.75,0.05000305
2025-01-29 21:00:00,113.8,113.75,0.05000305
2025-01-29 22:00:00,113.8,113.7,0.11250305
2025-01-29 23:00:00,113.79,113.7,0.102500916
2025-01-30 00:00:00,113.79,113.7,0.102500916
2025-01-30 01:00:00,113.8,113.7,0.11250305
2025-01-30 02:00:00,113.8,113.6,0.17500305
2025-01-30 03:00:00,113.79,113.6,0.16500092
2025-01-30 04:00:00,113.79,113.6,0.16500092
2025-01-30 05:00:00,113.78,113.7,0.09249878
2025-01-30 06:00:00,113.78,113.6,0.15499878
2025-01-30 07:00:00,113.77,113.7,0.08249664
2025-01-30 08:00:00,113.77,113.6,0.14499664
2025-01-30 09:00:00,113.76,113.6,0.13500214
2025-01-30 10:00:00,113.76,113.56,0.19750214
2025-01-30 11:00:00,113.74,113.6,0.114997864
2025-01-30 12:00:00,113.74,113.56,0.17749786
2025-01-30 13:00:00,113.73,113.7,0.042503357
2025-01-30 14:00:00,113.73,113.7,0.042503357
2025-01-30 15:00:00,113.71,113.6,0.084999084
2025-01-30 16:00:00,113.71,113.6,0.084999084
2025-01-30 17:00:00,113.69,113.6,0.06500244
2025-01-30 18:00:00,113.69,113.75,0.05999756
2025-01-30 19:00:00,113.68,113.6,0.055000305
2025-01-30 20:00:00,113.68,113.7,0.007499695
2025-01-30 21:00:00,113.66,113.6,0.035003662
2025-01-30 22:00:00,113.66,113.6,0.035003662
2025-01-30 23:00:00,113.65,113.56,0.087501526
2025-01-31 00:00:00,113.65,113.6,0.025001526
2025-01-31 01:00:00,113.66,113.5,0.16000366
2025-01-31 02:00:00,113.66,113.56,0.09750366
2025-01-31 03:00:00,113.64,113.5,0.13999939
2025-01-31 04:00:00,113.64,113.7,0.04750061
2025-01-31 05:00:00,113.62,113.56,0.057502747
2025-01-31 06:00:00,113.62,113.6,0.0049972534
2025-01-31 07:00:00,113.61,113.6,0.01499939
2025-01-31 08:00:00,113.61,113.6,0.01499939
2025-01-31 09:00:00,113.59,113.6,0.035003662
2025-01-31 10:00:00,113.59,113.56,0.027496338
2025-01-31 11:00:00,113.57,113.56,0.007499695
2025-01-31 12:00:00,113.57,113.56,0.007499695
2025-01-31 13:00:00,113.56,113.5,0.05999756
2025-01-31 14:00:00,113.56,113.5,0.05999756
2025-01-31 15:00:00,113.55,113.5,0.05000305
2025-01-31 16:00:00,113.55,113.5,0.05000305
2025-01-31 17:00:00,113.54,113.5,0.040000916
2025-01-31 18:00:00,113.54,113.5,0.040000916
2025-01-31 19:00:00,113.53,113.44,0.09249878
2025-01-31 20:00:00,113.53,113.5,0.02999878
2025-01-31 21:00:00,113.54,113.4,0.16500092
2025-01-31 22:00:00,113.54,113.44,0.102500916
2025-01-31 23:00:00,113.55,113.4,0.17500305
2025-02-01 00:00:00,113.55,113.44,0.11250305
2025-02-01 01:00:00,113.55,113.44,0.11250305
2025-02-01 02:00:00,113.55,113.56,0.012496948
2025-02-01 03:00:00,113.54,113.56,0.022499084
2025-02-01 04:00:00,113.54,113.56,0.022499084
2025-02-01 05:00:00,113.52,113.56,0.042503357
2025-02-01 06:00:00,113.52,113.5,0.019996643
2025-02-01 07:00:00,113.52,113.44,0.08249664
2025-02-01 08:00:00,113.52,113.44,0.08249664
2025-02-01 09:00:00,113.51,113.4,0.13500214
2025-02-01 10:00:00,113.51,113.3,0.19750214
2025-02-01 11:00:00,113.5,113.3,0.1875
2025-02-01 12:00:00,113.5,113.3,0.1875
2025-02-01 13:00:00,113.49,113.3,0.17749786
2025-02-01 14:00:00,113.49,113.3,0.17749786
2025-02-01 15:00:00,113.48,113.3,0.16750336
2025-02-01 16:00:00,113.48,113.3,0.16750336
2025-02-01 17:00:00,113.45,113.4,0.07499695
2025-02-01 18:00:00,113.45,113.44,0.012496948
2025-02-01 19:00:00,113.44,113.44,0.0025024414
2025-02-01 20:00:00,113.44,113.5,0.05999756
2025-02-01 21:00:00,113.45,113.44,0.012496948
2025-02-01 22:00:00,113.45,113.4,0.07499695
2025-02-01 23:00:00,113.46,113.4,0.084999084
2025-02-02 00:00:00,113.46,113.44,0.022499084
2025-02-02 01:00:00,113.47,113.3,0.15750122
2025-02-02 02:00:00,113.47,113.3,0.15750122
2025-02-02 03:00:00,113.47,113.25,0.22000122
2025-02-02 04:00:00,113.47,113.3,0.15750122
2025-02-02 05:00:00,113.46,113.25,0.20999908
2025-02-02 06:00:00,113.46,113.25,0.20999908
2025-02-02 07:00:00,113.45,113.25,0.19999695
2025-02-02 08:00:00,113.45,113.25,0.19999695
2025-02-02 09:00:00,113.44,113.2,0.25250244
2025-02-02 10:00:00,113.44,113.2,0.25250244
2025-02-02 11:00:00,113.46,113.2,0.27249908
2025-02-02 12:00:00,113.46,113.25,0.20999908
2025-02-02 13:00:00,113.44,113.2,0.25250244
2025-02-02 14:00:00,113.44,113.25,0.19000244
2025-02-02 15:00:00,113.42,113.25,0.16999817
2025-02-02 16:00:00,113.42,113.25,0.16999817
2025-02-02 17:00:00,113.4,113.25,0.15000153
2025-02-02 18:00:00,113.4,113.4,0.025001526
2025-02-02 19:00:00,113.4,113.3,0.087501526
2025-02-02 20:00:00,113.4,113.44,0.037498474
2025-02-02 21:00:00,113.47,113.3,0.15750122
2025-02-02 22:00:00,113.47,113.4,0.09500122
2025-02-02 23:00:00,113.51,113.2,0.32250214
2025-02-03 00:00:00,113.51,113.3,0.19750214
2025-02-03 01:00:00,113.52,113.25,0.26999664
2025-02-03 02:00:00,113.52,113.25,0.26999664
2025-02-03 03:00:00,113.5,113.2,0.3125
2025-02-03 04:00:00,113.5,113.4,0.125
2025-02-03 05:00:00,113.47,113.44,0.03250122
2025-02-03 06:00:00,113.47,113.44,0.03250122
2025-02-03 07:00:00,113.45,113.4,0.07499695
2025-02-03 08:00:00,113.45,113.4,0.07499695
2025-02-03 09:00:00,113.43,113.4,0.055000305
2025-02-03 10:00:00,113.43,113.3,0.117500305
2025-02-03 11:00:00,113.43,113.25,0.1800003
2025-02-03 12:00:00,113.43,113.25,0.1800003
2025-02-03 13:00:00,113.41,113.2,0.22250366
2025-02-03 14:00:00,113.41,113.2,0.22250366
2025-02-03 15:00:00,113.39,113.2,0.20249939
2025-02-03 16:00:00,113.39,113.25,0.13999939
2025-02-03 17:00:00,113.38,113.3,0.06749725
2025-02-03 18:00:00,113.38,113.4,0.0049972534
2025-02-03 19:00:00,113.36,113.4,0.01499939
2025-02-03 20:00:00,113.36,113.4,0.01499939
2025-02-03 21:00:00,113.37,113.4,0.0049972534
2025-02-03 22:00:00,113.37,113.4,0.0049972534
2025-02-03 23:00:00,113.37,113.25,0.12000275
2025-02-04 00:00:00,113.37,113.3,0.057502747
2025-02-04 01:00:00,113.37,113.3,0.057502747
2025-02-04 02:00:00,113.37,113.4,0.0049972534
2025-02-04 03:00:00,113.34,113.3,0.027496338
2025-02-04 04:00:00,113.34,113.4,0.035003662
2025-02-04 05:00:00,113.32,113.4,0.055000305
2025-02-04 06:00:00,113.32,113.4,0.055000305
2025-02-04 07:00:00,113.31,113.4,0.06500244
2025-02-04 08:00:00,113.31,113.4,0.06500244
2025-02-04 09:00:00,113.29,113.3,0.022499084
2025-02-04 10:00:00,113.29,113.3,0.022499084
2025-02-04 11:00:00,113.26,113.25,0.010002136
2025-02-04 12:00:00,113.26,113.25,0.010002136
2025-02-04 13:00:00,113.25,113.2,0.0625
2025-02-04 14:00:00,113.25,113.2,0.0625
2025-02-04 15:00:00,113.23,113.1,0.10500336
2025-02-04 16:00:00,113.23,113.1,0.10500336
2025-02-04 17:00:00,113.21,113.1,0.084999084
2025-02-04 18:00:00,113.21,113.1,0.084999084
2025-02-04 19:00:00,113.19,113.06,0.12750244
2025-02-04 20:00:00,113.19,113.1,0.06500244
2025-02-04 21:00:00,113.18,113.06,0.117500305
2025-02-04 22:00:00,113.18,113.06,0.117500305
2025-02-04 23:00:00,113.18,113.1,0.055000305
2025-02-05 00:00:00,113.18,113.0,0.1800003
2025-02-05 01:00:00,113.19,113.06,0.12750244
2025-02-05 02:00:00,113.19,113.06,0.12750244
2025-02-05 03:00:00,113.17,113.2,0.017501831
2025-02-05 04:00:00,113.17,113.2,0.017501831
2025-02-05 05:00:00,113.15,113.3,0.16249847
2025-02-05 06:00:00,113.15,113.25,0.099998474
2025-02-05 07:00:00,113.14,113.25,0.11000061
2025-02-05 08:00:00,113.14,113.1,0.01499939
2025-02-05 09:00:00,113.13,113.25,0.12000275
2025-02-05 10:00:00,113.13,113.2,0.057502747
2025-02-05 11:00:00,113.14,113.2,0.04750061
2025-02-05 12:00:00,113.14,113.1,0.01499939
2025-02-05 13:00:00,113.16,113.1,0.035003662
2025-02-05 14:00:00,113.16,113.06,0.09750366
2025-02-05 15:00:00,113.14,113.1,0.01499939
2025-02-05 16:00:00,113.14,113.06,0.07749939
2025-02-05 17:00:00,113.1,113.06,0.037498474
2025-02-05 18:00:00,113.1,113.0,0.099998474
2025-02-05 19:00:00,113.07,113.06,0.007499695
2025-02-05 20:00:00,113.07,113.06,0.007499695
2025-02-05 21:00:00,113.06,113.1,0.06500244
2025-02-05 22:00:00,113.06,113.06,0.0025024414
2025-02-05 23:00:00,113.02,113.0,0.019996643
2025-02-06 00:00:00,113.02,113.0,0.019996643
2025-02-06 01:00:00,112.96,113.06,0.102500916
2025-02-06 02:00:00,112.96,113.0,0.040000916
2025-02-06 03:00:00,112.91,113.0,0.08999634
2025-02-06 04:00:00,112.91,113.0,0.08999634
2025-02-06 05:00:00,112.85,113.0,0.15000153
2025-02-06 06:00:00,112.85,112.94,0.087501526
2025-02-06 07:00:00,112.78,112.94,0.15750122
2025-02-06 08:00:00,112.78,112.9,0.09500122
2025-02-06 09:00:00,112.71,112.8,0.102500916
2025-02-06 10:00:00,112.71,112.75,0.040000916
2025-02-06 11:00:00,112.66,112.7,0.027496338
2025-02-06 12:00:00,112.66,112.6,0.035003662
2025-02-06 13:00:00,112.61,112.6,0.01499939
2025-02-06 14:00:00,112.61,112.56,0.04750061
2025-02-06 15:00:00,112.54,112.56,0.022499084
2025-02-06 16:00:00,112.54,112.5,0.040000916
2025-02-06 17:00:00,112.47,112.56,0.09249878
2025-02-06 18:00:00,112.47,112.5,0.02999878
2025-02-06 19:00:00,112.45,112.56,0.11250305
2025-02-06 20:00:00,112.45,112.56,0.11250305
2025-02-06 21:00:00,112.41,112.5,0.08999634
2025-02-06 22:00:00,112.41,112.5,0.08999634
2025-02-06 23:00:00,112.35,112.44,0.087501526
2025-02-07 00:00:00,112.35,112.44,0.087501526
2025-02-07 01:00:00,112.3,112.4,0.07499695
2025-02-07 02:00:00,112.3,112.4,0.07499695
2025-02-07 03:00:00,112.24,112.3,0.072502136
2025-02-07 04:00:00,112.24,112.3,0.072502136
2025-02-07 05:00:00,112.18,112.25,0.069999695
2025-02-07 06:00:00,112.18,112.25,0.069999695
2025-02-07 07:00:00,112.13,112.2,0.057502747
2025-02-07 08:00:00,112.13,112.1,0.0049972534
2025-02-07 09:00:00,112.08,112.06,0.017501831
2025-02-07 10:00:00,112.08,112.06,0.017501831
2025-02-07 11:00:00,112.04,112.06,0.022499084
2025-02-07 12:00:00,112.04,112.06,0.022499084
2025-02-07 13:00:00,112.0,112.0,0.0
2025-02-07 14:00:00,112.0,112.0,0.0
2025-02-07 15:00:00,111.92,112.0,0.08000183
2025-02-07 16:00:00,111.92,112.0,0.08000183
2025-02-07 17:00:00,111.87,112.06,0.19249725
2025-02-07 18:00:00,111.87,112.06,0.19249725
2025-02-07 19:00:00,111.81,112.0,0.19000244
2025-02-07 20:00:00,111.81,112.06,0.25250244
2025-02-07 21:00:00,111.76,112.06,0.30249786
2025-02-07 22:00:00,111.76,112.06,0.30249786
2025-02-07 23:00:00,111.69,112.0,0.30999756
2025-02-08 00:00:00,111.69,112.0,0.30999756
2025-02-08 01:00:00,111.62,112.0,0.37999725
2025-02-08 02:00:00,111.62,112.0,0.37999725
2025-02-08 03:00:00,111.55,112.0,0.44999695
2025-02-08 04:00:00,111.55,111.94,0.38749695
2025-02-08 05:00:00,111.49,111.9,0.38500214
2025-02-08 06:00:00,111.49,111.9,0.38500214
2025-02-08 07:00:00,111.43,111.8,0.3824997
2025-02-08 08:00:00,111.43,111.75,0.3199997
2025-02-08 09:00:00,111.36,111.7,0.3274994
2025-02-08 10:00:00,111.36,111.6,0.2649994
2025-02-08 11:00:00,111.3,111.6,0.32499695
2025-02-08 12:00:00,111.3,111.56,0.26249695
2025-02-08 13:00:00,111.24,111.56,0.32250214
2025-02-08 14:00:00,111.24,111.56,0.32250214
2025-02-08 15:00:00,111.18,111.5,0.3199997
2025-02-08 16:00:00,111.18,111.5,0.3199997
2025-02-08 17:00:00,111.12,111.44,0.31749725
2025-02-08 18:00:00,111.12,111.44,0.31749725
2025-02-08 19:00:00,111.07,111.44,0.3675003
2025-02-08 20:00:00,111.07,111.44,0.3675003
2025-02-08 21:00:00,111.02,111.44,0.41750336
2025-02-08 22:00:00,111.02,111.4,0.35500336
2025-02-08 23:00:00,110.97,111.4,0.40499878
2025-02-09 00:00:00,110.97,111.4,0.40499878
2025-02-09 01:00:00,110.96,111.3,0.35250092
2025-02-09 02:00:00,110.96,111.3,0.35250092
2025-02-09 03:00:00,110.94,111.3,0.37249756
2025-02-09 04:00:00,110.94,111.3,0.37249756
2025-02-09 05:00:00,110.9,111.25,0.34999847
2025-02-09 06:00:00,110.9,111.3,0.41249847
2025-02-09 07:00:00,110.83,111.25,0.41999817
2025-02-09 08:00:00,110.83,111.3,0.48249817
2025-02-09 09:00:00,110.76,111.25,0.48999786
2025-02-09 10:00:00,110.76,111.3,0.55249786
2025-02-09 11:00:00,110.7,111.2,0.48750305
2025-02-09 12:00:00,110.7,111.2,0.48750305
2025-02-09 13:00:00,110.65,111.1,0.47499847
2025-02-09 14:00:00,110.65,111.1,0.47499847
2025-02-09 15:00:00,110.59,111.06,0.47250366
2025-02-09 16:00:00,110.59,111.06,0.47250366
2025-02-09 17:00:00,110.52,111.06,0.54250336
2025-02-09 18:00:00,110.52,111.06,0.54250336
2025-02-09 19:00:00,110.47,110.94,0.46749878
2025-02-09 20:00:00,110.47,111.0,0.5299988
2025-02-09 21:00:00,110.45,110.94,0.48750305
2025-02-09 22:00:00,110.45,110.94,0.48750305
2025-02-09 23:00:00,110.42,110.94,0.51750183
2025-02-10 00:00:00,110.42,110.9,0.45500183
2025-02-10 01:00:00,110.36,110.75,0.3899994
2025-02-10 02:00:00,110.36,110.75,0.3899994
2025-02-10 03:00:00,110.29,110.75,0.45999908
2025-02-10 04:00:00,110.29,110.75,0.45999908
2025-02-10 05:00:00,110.23,110.56,0.33249664
2025-02-10 06:00:00,110.23,110.6,0.39499664
2025-02-10 07:00:00,110.17,110.7,0.51750183
2025-02-10 08:00:00,110.17,110.7,0.51750183
2025-02-10 09:00:00,110.12,110.7,0.56749725
2025-02-10 10:00:00,110.12,110.56,0.44249725
2025-02-10 11:00:00,110.1,110.56,0.46250153
2025-02-10 12:00:00,110.1,110.44,0.33750153
2025-02-10 13:00:00,110.07,110.5,0.4300003
2025-02-10 14:00:00,110.07,110.44,0.3675003
2025-02-10 15:00:00,110.03,110.4,0.34500122
2025-02-10 16:00:00,110.03,110.4,0.34500122
2025-02-10 17:00:00,109.99,110.4,0.38500214
2025-02-10 18:00:00,109.99,110.4,0.38500214
2025-02-10 19:00:00,109.96,110.3,0.35250092
2025-02-10 20:00:00,109.96,110.44,0.47750092
2025-02-10 21:00:00,109.98,110.44,0.45749664
2025-02-10 22:00:00,109.98,110.5,0.51999664
2025-02-10 23:00:00,110.01,110.5,0.48999786
2025-02-11 00:00:00,110.01,110.5,0.48999786
2025-02-11 01:00:00,110.02,110.56,0.54250336
2025-02-11 02:00:00,110.02,110.5,0.48000336
2025-02-11 03:00:00,109.99,110.44,0.44750214
2025-02-11 04:00:00,109.99,110.3,0.32250214
2025-02-11 05:00:00,109.98,110.44,0.45749664
2025-02-11 06:00:00,109.98,110.4,0.39499664
2025-02-11 07:00:00,109.98,110.44,0.45749664
2025-02-11 08:00:00,109.98,110.4,0.39499664
2025-02-11 09:00:00,110.0,110.44,0.4375
2025-02-11 10:00:00,110.0,110.4,0.375
2025-02-11 11:00:00,110.02,110.3,0.29250336
2025-02-11 12:00:00,110.02,110.25,0.23000336
2025-02-11 13:00:00,110.02,110.3,0.29250336
2025-02-11 14:00:00,110.02,110.2,0.16750336
2025-02-11 15:00:00,110.0,110.25,0.25
2025-02-11 16:00:00,110.0,110.25,0.25
2025-02-11 17:00:00,109.99,110.3,0.32250214
2025-02-11 18:00:00,109.99,110.25,0.26000214
2025-02-11 19:00:00,110.0,110.3,0.3125
2025-02-11 20:00:00,110.0,110.3,0.3125
2025-02-11 21:00:00,110.03,110.4,0.34500122
2025-02-11 22:00:00,110.03,110.4,0.34500122
2025-02-11 23:00:00,110.04,110.4,0.33499908
2025-02-12 00:00:00,110.04,110.44,0.39749908
2025-02-12 01:00:00,110.04,110.3,0.27249908
2025-02-12 02:00:00,110.04,110.3,0.27249908
2025-02-12 03:00:00,110.02,110.3,0.29250336
2025-02-12 04:00:00,110.02,110.3,0.29250336
2025-02-12 05:00:00,109.99,110.25,0.26000214
2025-02-12 06:00:00,109.99,110.3,0.32250214
2025-02-12 07:00:00,109.97,110.3,0.34249878
2025-02-12 08:00:00,109.97,110.4,0.40499878
2025-02-12 09:00:00,109.93,110.3,0.3824997
2025-02-12 10:00:00,109.93,110.3,0.3824997
2025-02-12 11:00:00,109.92,110.25,0.33000183
2025-02-12 12:00:00,109.92,110.25,0.33000183
2025-02-12 13:00:00,109.92,110.25,0.33000183
2025-02-12 14:00:00,109.92,110.2,0.26750183
2025-02-12 15:00:00,109.88,110.2,0.30750275
2025-02-12 16:00:00,109.88,110.2,0.30750275
2025-02-12 17:00:00,109.83,110.1,0.29499817
2025-02-12 18:00:00,109.83,110.2,0.35749817
2025-02-12 19:00:00,109.82,110.1,0.3050003
2025-02-12 20:00:00,109.82,110.2,0.3675003
2025-02-12 21:00:00,109.84,110.1,0.28500366
2025-02-12 22:00:00,109.84,110.2,0.34750366
2025-02-12 23:00:00,109.83,110.2,0.35749817
2025-02-13 00:00:00,109.83,110.2,0.35749817
2025-02-13 01:00:00,109.82,110.1,0.3050003
2025-02-13 02:00:00,109.82,110.25,0.4300003
2025-02-13 03:00:00,109.8,110.2,0.38749695
2025-02-13 04:00:00,109.8,110.2,0.38749695
2025-02-13 05:00:00,109.77,110.1,0.35500336
2025-02-13 06:00:00,109.77,110.2,0.41750336
2025-02-13 07:00:00,109.75,110.2,0.4375
2025-02-13 08:00:00,109.75,110.2,0.4375
2025-02-13 09:00:00,109.72,110.2,0.46749878
2025-02-13 10:00:00,109.72,110.2,0.46749878
2025-02-13 11:00:00,109.72,110.1,0.40499878
2025-02-13 12:00:00,109.72,110.06,0.34249878
2025-02-13 13:00:00,109.73,110.06,0.33249664
2025-02-13 14:00:00,109.73,110.0,0.26999664
2025-02-13 15:00:00,109.69,110.0,0.30999756
2025-02-13 16:00:00,109.69,110.0,0.30999756
2025-02-13 17:00:00,109.64,109.94,0.2975006
2025-02-13 18:00:00,109.64,110.0,0.3600006
2025-02-13 19:00:00,109.61,110.0,0.3899994
2025-02-13 20:00:00,109.61,110.0,0.3899994
2025-02-13 21:00:00,109.63,110.0,0.37000275
2025-02-13 22:00:00,109.63,110.06,0.43250275
2025-02-13 23:00:00,109.63,110.06,0.43250275
2025-02-14 00:00:00,109.63,110.1,0.49500275
2025-02-14 01:00:00,109.63,110.06,0.43250275
2025-02-14 02:00:00,109.63,110.2,0.55750275
2025-02-14 03:00:00,109.63,110.06,0.43250275
2025-02-14 04:00:00,109.63,110.2,0.55750275
2025-02-14 05:00:00,109.63,110.1,0.49500275
2025-02-14 06:00:00,109.63,110.1,0.49500275
2025-02-14 07:00:00,109.62,110.06,0.44249725
2025-02-14 08:00:00,109.62,110.1,0.50499725
2025-02-14 09:00:00,109.61,110.06,0.4524994
2025-02-14 10:00:00,109.61,110.06,0.4524994
2025-02-14 11:00:00,109.63,110.0,0.37000275
2025-02-14 12:00:00,109.63,110.0,0.37000275
2025-02-14 13:00:00,109.66,110.0,0.33999634
2025-02-14 14:00:00,109.66,109.9,0.21499634
2025-02-14 15:00:00,109.66,109.94,0.27749634
2025-02-14 16:00:00,109.66,109.94,0.27749634
2025-02-14 17:00:00,109.64,109.9,0.23500061
2025-02-14 18:00:00,109.64,110.0,0.3600006
2025-02-14 19:00:00,109.66,110.0,0.33999634
2025-02-14 20:00:00,109.66,110.0,0.33999634
2025-02-14 21:00:00,109.7,110.06,0.36250305
2025-02-14 22:00:00,109.7,110.1,0.42500305
2025-02-14 23:00:00,109.7,110.2,0.48750305
2025-02-15 00:00:00,109.7,110.2,0.48750305
2025-02-15 01:00:00,109.7,110.1,0.42500305
2025-02-15 02:00:00,109.7,110.2,0.48750305
2025-02-15 03:00:00,109.69,110.2,0.49749756
2025-02-15 04:00:00,109.69,110.1,0.43499756
2025-02-15 05:00:00,109.69,110.1,0.43499756
2025-02-15 06:00:00,109.69,110.2,0.49749756
2025-02-15 07:00:00,109.68,110.2,0.5074997
2025-02-15 08:00:00,109.68,110.1,0.4449997
2025-02-15 09:00:00,109.66,110.1,0.46499634
2025-02-15 10:00:00,109.66,110.1,0.46499634
2025-02-15 11:00:00,109.67,110.06,0.39250183
2025-02-15 12:00:00,109.67,110.0,0.33000183
2025-02-15 13:00:00,109.68,110.0,0.3199997
2025-02-15 14:00:00,109.68,109.94,0.2574997
2025-02-15 15:00:00,109.68,110.06,0.3824997
2025-02-15 16:00:00,109.68,110.0,0.3199997
2025-02-15 17:00:00,109.69,110.06,0.37249756
2025-02-15 18:00:00,109.69,110.0,0.30999756
2025-02-15 19:00:00,109.74,110.06,0.32250214
2025-02-15 20:00:00,109.74,109.94,0.19750214
2025-02-15 21:00:00,109.8,110.06,0.26249695
2025-02-15 22:00:00,109.8,110.1,0.32499695
2025-02-15 23:00:00,109.81,110.1,0.31500244
2025-02-16 00:00:00,109.81,110.1,0.31500244
2025-02-16 01:00:00,109.82,110.1,0.3050003
2025-02-16 02:00:00,109.82,110.2,0.3675003
2025-02-16 03:00:00,109.82,110.2,0.3675003
2025-02-16 04:00:00,109.82,110.2,0.3675003
2025-02-16 05:00:00,109.81,110.2,0.37750244
2025-02-16 06:00:00,109.81,110.2,0.37750244
2025-02-16 07:00:00,109.8,110.1,0.32499695
2025-02-16 08:00:00,109.8,110.1,0.32499695
2025-02-16 09:00:00,109.79,110.1,0.33499908
2025-02-16 10:00:00,109.79,110.1,0.33499908
2025-02-16 11:00:00,109.78,110.2,0.40750122
2025-02-16 12:00:00,109.78,110.1,0.34500122
2025-02-16 13:00:00,109.78,110.1,0.34500122
2025-02-16 14:00:00,109.78,110.1,0.34500122
2025-02-16 15:00:00,109.78,110.1,0.34500122
2025-02-16 16:00:00,109.78,110.06,0.28250122
2025-02-16 17:00:00,109.77,110.06,0.29250336
2025-02-16 18:00:00,109.77,110.06,0.29250336
2025-02-16 19:00:00,109.77,110.06,0.29250336
2025-02-16 20:00:00,109.77,110.06,0.29250336
2025-02-16 21:00:00,109.79,110.06,0.27249908
2025-02-16 22:00:00,109.79,110.06,0.27249908
2025-02-16 23:00:00,109.83,110.1,0.29499817
2025-02-17 00:00:00,109.83,110.1,0.29499817
2025-02-17 01:00:00,109.84,110.1,0.28500366
2025-02-17 02:00:00,109.84,110.1,0.28500366
2025-02-17 03:00:00,109.82,110.1,0.3050003
2025-02-17 04:00:00,109.82,110.1,0.3050003
2025-02-17 05:00:00,109.81,110.1,0.31500244
2025-02-17 06:00:00,109.81,110.1,0.31500244
2025-02-17 07:00:00,109.81,110.2,0.37750244
2025-02-17 08:00:00,109.81,110.2,0.37750244
2025-02-17 09:00:00,109.8,110.2,0.38749695
2025-02-17 10:00:00,109.8,110.1,0.32499695
2025-02-17 11:00:00,109.82,110.1,0.3050003
2025-02-17 12:00:00,109.82,110.1,0.3050003
2025-02-17 13:00:00,109.85,110.1,0.27500153
2025-02-17 14:00:00,109.85,110.1,0.27500153
2025-02-17 15:00:00,109.84,110.06,0.22250366
2025-02-17 16:00:00,109.84,110.06,0.22250366
2025-02-17 17:00:00,109.81,110.06,0.25250244
2025-02-17 18:00:00,109.81,110.06,0.25250244
2025-02-17 19:00:00,109.79,110.06,0.27249908
2025-02-17 20:00:00,109.79,110.06,0.27249908
2025-02-17 21:00:00,109.83,110.06,0.23249817
2025-02-17 22:00:00,109.83,110.2,0.35749817
2025-02-17 23:00:00,109.88,110.1,0.24500275
2025-02-18 00:00:00,109.88,110.1,0.24500275
2025-02-18 01:00:00,109.89,110.2,0.2975006
2025-02-18 02:00:00,109.89,110.2,0.2975006
2025-02-18 03:00:00,109.89,110.2,0.2975006
2025-02-18 04:00:00,109.89,110.1,0.23500061
2025-02-18 05:00:00,109.88,110.1,0.24500275
2025-02-18 06:00:00,109.88,110.1,0.24500275
2025-02-18 07:00:00,109.86,110.2,0.3274994
2025-02-18 08:00:00,109.86,110.2,0.3274994
2025-02-18 09:00:00,109.83,110.2,0.35749817
2025-02-18 10:00:00,109.83,110.2,0.35749817
2025-02-18 11:00:00,109.83,110.2,0.35749817
2025-02-18 12:00:00,109.83,110.2,0.35749817
2025-02-18 13:00:00,109.86,110.1,0.2649994
2025-02-18 14:00:00,109.86,110.1,0.2649994
2025-02-18 15:00:00,109.86,110.1,0.2649994
2025-02-18 16:00:00,109.86,110.1,0.2649994
2025-02-18 17:00:00,109.86,110.06,0.20249939
2025-02-18 18:00:00,109.86,110.1,0.2649994
2025-02-18 19:00:00,109.84,110.06,0.22250366
2025-02-18 20:00:00,109.84,110.1,0.28500366
2025-02-18 21:00:00,109.87,110.1,0.25499725
2025-02-18 22:00:00,109.87,110.25,0.37999725
2025-02-18 23:00:00,109.88,110.1,0.24500275
2025-02-19 00:00:00,109.88,110.25,0.37000275
2025-02-19 01:00:00,109.87,110.2,0.31749725
2025-02-19 02:00:00,109.87,110.25,0.37999725
2025-02-19 03:00:00,109.85,110.2,0.33750153
2025-02-19 04:00:00,109.85,110.25,0.40000153
2025-02-19 05:00:00,109.83,110.2,0.35749817
2025-02-19 06:00:00,109.83,110.25,0.41999817
2025-02-19 07:00:00,109.82,110.2,0.3675003
2025-02-19 08:00:00,109.82,110.2,0.3675003
2025-02-19 09:00:00,109.78,110.2,0.40750122
2025-02-19 10:00:00,109.78,110.2,0.40750122
2025-02-19 11:00:00,109.76,110.1,0.36499786
2025-02-19 12:00:00,109.76,110.2,0.42749786
2025-02-19 13:00:00,109.78,110.1,0.34500122
2025-02-19 14:00:00,109.78,110.1,0.34500122
2025-02-19 15:00:00,109.78,110.06,0.28250122
2025-02-19 16:00:00,109.78,110.1,0.34500122
2025-02-19 17:00:00,109.77,110.06,0.29250336
2025-02-19 18:00:00,109.77,110.06,0.29250336
2025-02-19 19:00:00,109.76,110.0,0.23999786
2025-02-19 20:00:00,109.76,110.06,0.30249786
2025-02-19 21:00:00,109.78,110.06,0.28250122
2025-02-19 22:00:00,109.78,110.1,0.34500122
2025-02-19 23:00:00,109.82,110.06,0.2425003
2025-02-20 00:00:00,109.82,110.1,0.3050003
2025-02-20 01:00:00,109.86,110.1,0.2649994
2025-02-20 02:00:00,109.86,110.1,0.2649994
2025-02-20 03:00:00,109.87,110.1,0.25499725
2025-02-20 04:00:00,109.87,110.1,0.25499725
2025-02-20 05:00:00,109.85,110.1,0.27500153
2025-02-20 06:00:00,109.85,110.2,0.33750153
2025-02-20 07:00:00,109.84,110.1,0.28500366
2025-02-20 08:00:00,109.84,110.2,0.34750366
2025-02-20 09:00:00,109.82,110.2,0.3675003
2025-02-20 10:00:00,109.82,110.2,0.3675003
2025-02-20 11:00:00,109.8,110.1,0.32499695
2025-02-20 12:00:00,109.8,110.1,0.32499695
2025-02-20 13:00:00,109.8,110.0,0.19999695
2025-02-20 14:00:00,109.8,110.06,0.26249695
2025-02-20 15:00:00,109.77,110.06,0.29250336
2025-02-20 16:00:00,109.77,110.06,0.29250336
2025-02-20 17:00:00,109.74,110.0,0.26000214
2025-02-20 18:00:00,109.74,110.0,0.26000214
2025-02-20 19:00:00,109.73,110.06,0.33249664
2025-02-20 20:00:00,109.73,110.06,0.33249664
2025-02-20 21:00:00,109.75,110.0,0.25
2025-02-20 22:00:00,109.75,110.1,0.375
2025-02-20 23:00:00,109.79,110.1,0.33499908
2025-02-21 00:00:00,109.79,110.2,0.39749908
2025-02-21 01:00:00,109.83,110.1,0.29499817
2025-02-21 02:00:00,109.83,110.2,0.35749817
2025-02-21 03:00:00,109.8,110.1,0.32499695
2025-02-21 04:00:00,109.8,110.2,0.38749695
2025-02-21 05:00:00,109.79,110.2,0.39749908
2025-02-21 06:00:00,109.79,110.2,0.39749908
2025-02-21 07:00:00,109.78,110.2,0.40750122
2025-02-21 08:00:00,109.78,110.2,0.40750122
2025-02-21 09:00:00,109.75,110.1,0.375
2025-02-21 10:00:00,109.75,110.1,0.375
2025-02-21 11:00:00,109.72,110.1,0.40499878
2025-02-21 12:00:00,109.72,110.1,0.40499878
2025-02-21 13:00:00,109.74,110.06,0.32250214
2025-02-21 14:00:00,109.74,110.0,0.26000214
2025-02-21 15:00:00,109.73,110.0,0.26999664
2025-02-21 16:00:00,109.73,110.06,0.33249664
2025-02-21 17:00:00,109.71,110.06,0.35250092
2025-02-21 18:00:00,109.71,110.06,0.35250092
2025-02-21 19:00:00,109.7,110.06,0.36250305
2025-02-21 20:00:00,109.7,110.06,0.36250305
2025-02-21 21:00:00,109.7,110.06,0.36250305
2025-02-21 22:00:00,109.7,110.1,0.42500305
2025-02-21 23:00:00,109.69,110.06,0.37249756
2025-02-22 00:00:00,109.69,110.06,0.37249756
2025-02-22 01:00:00,109.67,110.06,0.39250183
2025-02-22 02:00:00,109.67,110.1,0.45500183
2025-02-22 03:00:00,109.64,110.06,0.4225006
2025-02-22 04:00:00,109.64,110.06,0.4225006
2025-02-22 05:00:00,109.63,110.06,0.43250275
2025-02-22 06:00:00,109.63,110.06,0.43250275
2025-02-22 07:00:00,109.62,110.06,0.44249725
2025-02-22 08:00:00,109.62,110.06,0.44249725
2025-02-22 09:00:00,109.61,110.06,0.4524994
2025-02-22 10:00:00,109.61,110.06,0.4524994
2025-02-22 11:00:00,109.61,110.0,0.3899994
2025-02-22 12:00:00,109.61,110.0,0.3899994
2025-02-22 13:00:00,109.63,110.0,0.37000275
2025-02-22 14:00:00,109.63,109.94,0.30750275
2025-02-22 15:00:00,109.64,109.94,0.2975006
2025-02-22 16:00:00,109.64,109.9,0.23500061
2025-02-22 17:00:00,109.62,109.9,0.25499725
2025-02-22 18:00:00,109.62,109.9,0.25499725
2025-02-22 19:00:00,109.61,109.94,0.3274994
2025-02-22 20:00:00,109.61,109.94,0.3274994
2025-02-22 21:00:00,109.63,109.94,0.30750275
2025-02-22 22:00:00,109.63,109.94,0.30750275
2025-02-22 23:00:00,109.62,110.0,0.37999725
2025-02-23 00:00:00,109.62,110.0,0.37999725
2025-02-23 01:00:00,109.6,110.0,0.40000153
2025-02-23 02:00:00,109.6,110.06,0.46250153
2025-02-23 03:00:00,109.57,110.0,0.4300003
2025-02-23 04:00:00,109.57,110.0,0.4300003
2025-02-23 05:00:00,109.56,110.0,0.44000244
2025-02-23 06:00:00,109.56,110.0,0.44000244
2025-02-23 07:00:00,109.55,110.0,0.44999695
2025-02-23 08:00:00,109.55,109.94,0.38749695
2025-02-23 09:00:00,109.53,109.94,0.40750122
2025-02-23 10:00:00,109.53,109.94,0.40750122
2025-02-23 11:00:00,109.49,109.94,0.44750214
2025-02-23 12:00:00,109.49,109.94,0.44750214
2025-02-23 13:00:00,109.49,109.94,0.44750214
2025-02-23 14:00:00,109.49,109.9,0.38500214
2025-02-23 15:00:00,109.51,109.9,0.36499786
2025-02-23 16:00:00,109.51,109.9,0.36499786
2025-02-23 17:00:00,109.49,109.9,0.38500214
2025-02-23 18:00:00,109.49,109.9,0.38500214
2025-02-23 19:00:00,109.46,109.8,0.35250092
2025-02-23 20:00:00,109.46,109.9,0.41500092
2025-02-23 21:00:00,109.45,109.9,0.42500305
2025-02-23 22:00:00,109.45,109.94,0.48750305
2025-02-23 23:00:00,109.46,109.94,0.47750092
2025-02-24 00:00:00,109.46,109.94,0.47750092
2025-02-24 01:00:00,109.46,109.94,0.47750092
2025-02-24 02:00:00,109.46,109.9,0.41500092
2025-02-24 03:00:00,109.43,109.9,0.4449997
2025-02-24 04:00:00,109.43,109.94,0.5074997
2025-02-24 05:00:00,109.4,109.9,0.47499847
2025-02-24 06:00:00,109.4,109.9,0.47499847
2025-02-24 07:00:00,109.38,109.9,0.49500275
2025-02-24 08:00:00,109.38,109.94,0.55750275
2025-02-24 09:00:00,109.36,109.94,0.5774994
2025-02-24 10:00:00,109.36,109.9,0.5149994
2025-02-24 11:00:00,109.34,109.9,0.53500366
2025-02-24 12:00:00,109.34,109.9,0.53500366
2025-02-24 13:00:00,109.34,109.9,0.53500366
2025-02-24 14:00:00,109.34,109.8,0.47250366
2025-02-24 15:00:00,109.32,109.8,0.4925003
2025-02-24 16:00:00,109.32,109.75,0.4300003
2025-02-24 17:00:00,109.27,109.75,0.48000336
2025-02-24 18:00:00,109.27,109.8,0.54250336
2025-02-24 19:00:00,109.23,109.8,0.58249664
2025-02-24 20:00:00,109.23,109.8,0.58249664
2025-02-24 21:00:00,109.23,109.75,0.51999664
2025-02-24 22:00:00,109.23,109.9,0.64499664
2025-02-24 23:00:00,109.24,109.9,0.63500214
2025-02-25 00:00:00,109.24,109.94,0.69750214
2025-02-25 01:00:00,109.24,109.9,0.63500214
2025-02-25 02:00:00,109.24,109.9,0.63500214
2025-02-25 03:00:00,109.22,109.9,0.6549988
2025-02-25 04:00:00,109.22,109.8,0.5924988
2025-02-25 05:00:00,109.2,109.9,0.67500305
2025-02-25 06:00:00,109.2,109.8,0.61250305
2025-02-25 07:00:00,109.19,109.9,0.68499756
2025-02-25 08:00:00,109.19,109.8,0.62249756
2025-02-25 09:00:00,109.2,109.9,0.67500305
2025-02-25 10:00:00,109.2,109.75,0.55000305
2025-02-25 11:00:00,109.21,109.75,0.5400009
2025-02-25 12:00:00,109.21,109.7,0.47750092
2025-02-25 13:00:00,109.25,109.7,0.4375
2025-02-25 14:00:00,109.25,109.6,0.375
2025-02-25 15:00:00,109.26,109.56,0.30249786
2025-02-25 16:00:00,109.26,109.56,0.30249786
2025-02-25 17:00:00,109.28,109.5,0.22000122
2025-02-25 18:00:00,109.28,109.4,0.09500122
2025-02-25 19:00:00,109.3,109.4,0.07499695
2025-02-25 20:00:00,109.3,109.56,0.26249695
2025-02-25 21:00:00,109.34,109.5,0.16000366
2025-02-25 22:00:00,109.34,109.7,0.34750366
2025-02-25 23:00:00,109.38,109.56,0.18250275
2025-02-26 00:00:00,109.38,109.6,0.24500275
2025-02-26 01:00:00,109.43,109.6,0.1949997
2025-02-26 02:00:00,109.43,109.75,0.3199997
2025-02-26 03:00:00,109.43,109.7,0.2574997
2025-02-26 04:00:00,109.43,109.75,0.3199997
2025-02-26 05:00:00,109.42,109.7,0.26750183
2025-02-26 06:00:00,109.42,109.8,0.39250183
2025-02-26 07:00:00,109.41,109.8,0.40249634
2025-02-26 08:00:00,109.41,109.8,0.40249634
2025-02-26 09:00:00,109.4,109.8,0.41249847
2025-02-26 10:00:00,109.4,109.9,0.47499847
2025-02-26 11:00:00,109.42,109.8,0.39250183
2025-02-26 12:00:00,109.42,109.8,0.39250183
2025-02-26 13:00:00,109.47,109.75,0.27999878
2025-02-26 14:00:00,109.47,109.7,0.21749878
2025-02-26 15:00:00,109.51,109.7,0.17749786
2025-02-26 16:00:00,109.51,109.6,0.114997864
2025-02-26 17:00:00,109.54,109.6,0.084999084
2025-02-26 18:00:00,109.54,109.56,0.022499084
2025-02-26 19:00:00,109.55,109.56,0.012496948
2025-02-26 20:00:00,109.55,109.6,0.07499695
2025-02-26 21:00:00,109.57,109.8,0.2425003
2025-02-26 22:00:00,109.57,109.9,0.3050003
2025-02-26 23:00:00,109.62,109.94,0.31749725
2025-02-27 00:00:00,109.62,110.0,0.37999725
2025-02-27 01:00:00,109.66,109.94,0.27749634
2025-02-27 02:00:00,109.66,110.0,0.33999634
2025-02-27 03:00:00,109.69,109.94,0.24749756
2025-02-27 04:00:00,109.69,110.0,0.30999756
2025-02-27 05:00:00,109.73,110.0,0.26999664
2025-02-27 06:00:00,109.73,109.94,0.20749664
2025-02-27 07:00:00,109.78,109.94,0.15750122
2025-02-27 08:00:00,109.78,110.0,0.22000122
2025-02-27 09:00:00,109.83,110.0,0.16999817
2025-02-27 10:00:00,109.83,110.06,0.23249817
2025-02-27 11:00:00,109.87,110.0,0.12999725
2025-02-27 12:00:00,109.87,110.0,0.12999725
2025-02-27 13:00:00,109.89,110.0,0.11000061
2025-02-27 14:00:00,109.89,110.0,0.11000061
2025-02-27 15:00:00,109.89,109.94,0.04750061
2025-02-27 16:00:00,109.89,110.0,0.11000061
2025-02-27 17:00:00,109.87,110.06,0.19249725
2025-02-27 18:00:00,109.87,110.1,0.25499725
2025-02-27 19:00:00,109.87,110.1,0.25499725
2025-02-27 20:00:00,109.87,110.1,0.25499725
2025-02-27 21:00:00,109.91,110.2,0.27749634
2025-02-27 22:00:00,109.91,110.25,0.33999634
2025-02-27 23:00:00,109.94,110.25,0.30999756
2025-02-28 00:00:00,109.94,110.2,0.24749756
2025-02-28 01:00:00,109.98,110.25,0.26999664
2025-02-28 02:00:00,109.98,110.3,0.33249664
2025-02-28 03:00:00,109.99,110.25,0.26000214
2025-02-28 04:00:00,109.99,110.3,0.32250214
2025-02-28 05:00:00,110.0,110.3,0.3125
2025-02-28 06:00:00,110.0,110.4,0.375
2025-02-28 07:00:00,110.01,110.3,0.30249786
2025-02-28 08:00:00,110.01,110.3,0.30249786
2025-02-28 09:00:00,110.01,110.3,0.30249786
2025-02-28 10:00:00,110.01,110.3,0.30249786
2025-02-28 11:00:00,110.0,110.25,0.25
2025-02-28 12:00:00,110.0,110.25,0.25
2025-02-28 13:00:00,110.0,110.2,0.1875
2025-02-28 14:00:00,110.0,110.2,0.1875
2025-02-28 15:00:00,110.0,110.1,0.125
2025-02-28 16:00:00,110.0,110.1,0.125
2025-02-28 17:00:00,109.97,110.25,0.27999878
2025-02-28 18:00:00,109.97,110.25,0.27999878
2025-02-28 19:00:00,109.94,110.25,0.30999756
2025-02-28 20:00:00,109.94,110.3,0.37249756
2025-02-28 21:00:00,109.97,110.25,0.27999878
2025-02-28 22:00:00,109.97,110.25,0.27999878
2025-02-28 23:00:00,110.02,110.3,0.29250336
2025-03-01 00:00:00,110.02,110.3,0.29250336
2025-03-01 01:00:00,110.05,110.3,0.26249695
2025-03-01 02:00:00,110.05,110.3,0.26249695
2025-03-01 03:00:00,110.04,110.4,0.33499908
2025-03-01 04:00:00,110.04,110.4,0.33499908
2025-03-01 05:00:00,110.02,110.4,0.35500336
2025-03-01 06:00:00,110.02,110.3,0.29250336
2025-03-01 07:00:00,110.01,110.4,0.36499786
2025-03-01 08:00:00,110.01,110.3,0.30249786
2025-03-01 09:00:00,109.99,110.3,0.32250214
2025-03-01 10:00:00,109.99,110.3,0.32250214
2025-03-01 11:00:00,109.97,110.3,0.34249878
2025-03-01 12:00:00,109.97,110.25,0.27999878
2025-03-01 13:00:00,109.97,110.2,0.21749878
2025-03-01 14:00:00,109.97,110.3,0.34249878
2025-03-01 15:00:00,109.97,110.2,0.21749878
2025-03-01 16:00:00,109.97,110.4,0.40499878
2025-03-01 17:00:00,109.96,110.2,0.22750092
2025-03-01 18:00:00,109.96,110.3,0.35250092
2025-03-01 19:00:00,109.97,110.3,0.34249878
2025-03-01 20:00:00,109.97,110.3,0.34249878
2025-03-01 21:00:00,110.01,110.25,0.23999786
2025-03-01 22:00:00,110.01,110.4,0.36499786
2025-03-01 23:00:00,110.03,110.3,0.28250122
2025-03-02 00:00:00,110.03,110.5,0.47000122
2025-03-02 01:00:00,110.02,110.4,0.35500336
2025-03-02 02:00:00,110.02,110.44,0.41750336
2025-03-02 03:00:00,110.01,110.4,0.36499786
2025-03-02 04:00:00,110.01,110.44,0.42749786
2025-03-02 05:00:00,110.0,110.4,0.375
2025-03-02 06:00:00,110.0,110.44,0.4375
2025-03-02 07:00:00,109.99,110.4,0.38500214
2025-03-02 08:00:00,109.99,110.4,0.38500214
2025-03-02 09:00:00,109.97,110.4,0.40499878
2025-03-02 10:00:00,109.97,110.4,0.40499878
2025-03-02 11:00:00,109.96,110.3,0.35250092
2025-03-02 12:00:00,109.96,110.3,0.35250092
2025-03-02 13:00:00,109.96,110.2,0.22750092
2025-03-02 14:00:00,109.96,110.3,0.35250092
2025-03-02 15:00:00,109.97,110.2,0.21749878
2025-03-02 16:00:00,109.97,110.25,0.27999878
2025-03-02 17:00:00,109.95,110.25,0.30000305
2025-03-02 18:00:00,109.95,110.3,0.36250305
2025-03-02 19:00:00,109.92,110.25,0.33000183
2025-03-02 20:00:00,109.92,110.25,0.33000183
2025-03-02 21:00:00,109.9,110.2,0.28749847
2025-03-02 22:00:00,109.9,110.2,0.28749847
2025-03-02 23:00:00,109.95,110.1,0.17500305
2025-03-03 00:00:00,109.95,110.2,0.23750305
2025-03-03 01:00:00,109.95,110.2,0.23750305
2025-03-03 02:00:00,109.95,110.25,0.30000305
2025-03-03 03:00:00,109.93,110.3,0.3824997
2025-03-03 04:00:00,109.93,110.3,0.3824997
2025-03-03 05:00:00,109.92,110.3,0.39250183
2025-03-03 06:00:00,109.92,110.3,0.39250183
2025-03-03 07:00:00,109.91,110.25,0.33999634
2025-03-03 08:00:00,109.91,110.3,0.40249634
2025-03-03 09:00:00,109.91,110.3,0.40249634
2025-03-03 10:00:00,109.91,110.3,0.40249634
2025-03-03 11:00:00,109.91,110.25,0.33999634
2025-03-03 12:00:00,109.91,110.25,0.33999634
2025-03-03 13:00:00,109.94,110.2,0.24749756
2025-03-03 14:00:00,109.94,110.2,0.24749756
2025-03-03 15:00:00,109.95,110.2,0.23750305
2025-03-03 16:00:00,109.95,110.2,0.23750305
2025-03-03 17:00:00,109.92,110.2,0.26750183
2025-03-03 18:00:00,109.92,110.25,0.33000183
2025-03-03 19:00:00,109.91,110.1,0.21499634
2025-03-03 20:00:00,109.91,110.2,0.27749634
2025-03-03 21:00:00,109.93,110.1,0.1949997
2025-03-03 22:00:00,109.93,110.25,0.3199997
2025-03-03 23:00:00,109.96,110.2,0.22750092
2025-03-04 00:00:00,109.96,110.4,0.41500092
2025-03-04 01:00:00,110.02,110.25,0.23000336
2025-03-04 02:00:00,110.02,110.4,0.35500336
2025-03-04 03:00:00,110.08,110.3,0.23249817
2025-03-04 04:00:00,110.08,110.3,0.23249817
2025-03-04 05:00:00,110.11,110.25,0.13999939
2025-03-04 06:00:00,110.11,110.4,0.2649994
2025-03-04 07:00:00,110.11,110.3,0.20249939
2025-03-04 08:00:00,110.11,110.4,0.2649994
2025-03-04 09:00:00,110.1,110.3,0.21250153
2025-03-04 10:00:00,110.1,110.4,0.27500153
2025-03-04 11:00:00,110.12,110.3,0.19249725
2025-03-04 12:00:00,110.12,110.3,0.19249725
2025-03-04 13:00:00,110.17,110.3,0.14250183
2025-03-04 14:00:00,110.17,110.3,0.14250183
2025-03-04 15:00:00,110.13,110.4,0.24500275
2025-03-04 16:00:00,110.13,110.3,0.18250275
2025-03-04 17:00:00,110.07,110.5,0.4300003
2025-03-04 18:00:00,110.07,110.44,0.3675003
2025-03-04 19:00:00,110.01,110.4,0.36499786
2025-03-04 20:00:00,110.01,110.3,0.30249786
2025-03-04 21:00:00,110.0,110.3,0.3125
2025-03-04 22:00:00,110.0,110.25,0.25
2025-03-04 23:00:00,110.0,110.4,0.375
2025-03-05 00:00:00,110.0,110.3,0.3125
2025-03-05 01:00:00,109.98,110.4,0.39499664
2025-03-05 02:00:00,109.98,110.3,0.33249664
2025-03-05 03:00:00,109.93,110.4,0.4449997
2025-03-05 04:00:00,109.93,110.3,0.3824997
2025-03-05 05:00:00,109.88,110.4,0.49500275
2025-03-05 06:00:00,109.88,110.3,0.43250275
2025-03-05 07:00:00,109.83,110.3,0.48249817
2025-03-05 08:00:00,109.83,110.3,0.48249817
2025-03-05 09:00:00,109.77,110.3,0.54250336
2025-03-05 10:00:00,109.77,110.25,0.48000336
2025-03-05 11:00:00,109.73,110.2,0.45749664
2025-03-05 12:00:00,109.73,110.2,0.45749664
2025-03-05 13:00:00,109.7,110.2,0.48750305
2025-03-05 14:00:00,109.7,110.2,0.48750305
2025-03-05 15:00:00,109.64,110.1,0.4850006
2025-03-05 16:00:00,109.64,110.06,0.4225006
2025-03-05 17:00:00,109.58,110.0,0.41999817
2025-03-05 18:00:00,109.58,110.06,0.48249817
2025-03-05 19:00:00,109.53,110.0,0.47000122
2025-03-05 20:00:00,109.53,110.0,0.47000122
2025-03-05 21:00:00,109.51,109.94,0.42749786
2025-03-05 22:00:00,109.51,110.0,0.48999786
2025-03-05 23:00:00,109.47,109.94,0.46749878
2025-03-06 00:00:00,109.47,109.94,0.46749878
2025-03-06 01:00:00,109.43,109.9,0.4449997
2025-03-06 02:00:00,109.43,109.94,0.5074997
2025-03-06 03:00:00,109.41,109.9,0.46499634
2025-03-06 04:00:00,109.41,109.9,0.46499634
2025-03-06 05:00:00,109.35,109.8,0.46250153
2025-03-06 06:00:00,109.35,109.8,0.46250153
2025-03-06 07:00:00,109.28,109.8,0.5325012
2025-03-06 08:00:00,109.28,109.9,0.5950012
2025-03-06 09:00:00,109.21,109.8,0.6025009
2025-03-06 10:00:00,109.21,109.8,0.6025009
2025-03-06 11:00:00,109.19,109.8,0.62249756
2025-03-06 12:00:00,109.19,109.8,0.62249756
2025-03-06 13:00:00,109.2,109.7,0.48750305
2025-03-06 14:00:00,109.2,109.7,0.48750305
2025-03-06 15:00:00,109.16,109.7,0.52749634
2025-03-06 16:00:00,109.16,109.56,0.40249634
2025-03-06 17:00:00,109.1,109.5,0.40000153
2025-03-06 18:00:00,109.1,109.6,0.5250015
2025-03-06 19:00:00,109.04,109.5,0.45999908
2025-03-06 20:00:00,109.04,109.5,0.45999908
2025-03-06 21:00:00,108.98,109.5,0.51999664
2025-03-06 22:00:00,108.98,109.4,0.39499664
2025-03-06 23:00:00,108.95,109.44,0.48750305
2025-03-07 00:00:00,108.95,109.4,0.42500305
2025-03-07 01:00:00,108.92,109.4,0.45500183
2025-03-07 02:00:00,108.92,109.4,0.45500183
2025-03-07 03:00:00,108.88,109.44,0.55750275
2025-03-07 04:00:00,108.88,109.44,0.55750275
2025-03-07 05:00:00,108.84,109.44,0.59750366
2025-03-07 06:00:00,108.84,109.4,0.53500366
2025-03-07 07:00:00,108.81,109.4,0.56500244
2025-03-07 08:00:00,108.81,109.3,0.50250244
2025-03-07 09:00:00,108.75,109.25,0.5
2025-03-07 10:00:00,108.75,109.2,0.4375
2025-03-07 11:00:00,108.72,109.1,0.40499878
2025-03-07 12:00:00,108.72,109.06,0.34249878
2025-03-07 13:00:00,108.69,109.06,0.37249756
2025-03-07 14:00:00,108.69,109.1,0.43499756
2025-03-07 15:00:00,108.63,109.1,0.49500275
2025-03-07 16:00:00,108.63,109.0,0.37000275
2025-03-07 17:00:00,108.58,109.2,0.60749817
2025-03-07 18:00:00,108.58,109.2,0.60749817
2025-03-07 19:00:00,108.54,109.1,0.5849991
2025-03-07 20:00:00,108.54,109.1,0.5849991
2025-03-07 21:00:00,108.5,109.3,0.8125
2025-03-07 22:00:00,108.5,109.25,0.75
2025-03-07 23:00:00,108.45,109.3,0.86250305
2025-03-08 00:00:00,108.45,109.3,0.86250305
2025-03-08 01:00:00,108.42,109.1,0.70500183
2025-03-08 02:00:00,108.42,109.1,0.70500183
2025-03-08 03:00:00,108.41,109.0,0.58999634
2025-03-08 04:00:00,108.41,108.94,0.52749634
2025-03-08 05:00:00,108.39,108.75,0.3600006
2025-03-08 06:00:00,108.39,108.75,0.3600006
2025-03-08 07:00:00,108.37,108.7,0.31749725
2025-03-08 08:00:00,108.37,108.7,0.31749725
2025-03-08 09:00:00,108.34,108.56,0.22250366
2025-03-08 10:00:00,108.34,108.6,0.28500366
2025-03-08 11:00:00,108.3,108.5,0.19999695
2025-03-08 12:00:00,108.3,108.5,0.19999695
2025-03-08 13:00:00,108.25,108.44,0.1875
2025-03-08 14:00:00,108.25,108.44,0.1875
2025-03-08 15:00:00,108.18,108.4,0.1949997
2025-03-08 16:00:00,108.18,108.4,0.1949997
2025-03-08 17:00:00,108.14,108.3,0.17250061
2025-03-08 18:00:00,108.14,108.3,0.17250061
2025-03-08 19:00:00,108.1,108.3,0.21250153
2025-03-08 20:00:00,108.1,108.3,0.21250153
2025-03-08 21:00:00,108.03,108.4,0.34500122
2025-03-08 22:00:00,108.03,108.3,0.28250122
2025-03-08 23:00:00,107.98,108.3,0.33249664
2025-03-09 00:00:00,107.98,108.3,0.33249664
2025-03-09 01:00:00,107.96,108.25,0.29000092
2025-03-09 02:00:00,107.96,108.25,0.29000092
2025-03-09 03:00:00,107.93,108.2,0.2574997
2025-03-09 04:00:00,107.93,108.2,0.2574997
2025-03-09 05:00:00,107.9,108.2,0.28749847
2025-03-09 06:00:00,107.9,108.2,0.28749847
2025-03-09 07:00:00,107.85,108.2,0.33750153
2025-03-09 08:00:00,107.85,108.1,0.27500153
2025-03-09 09:00:00,107.82,108.1,0.3050003
2025-03-09 10:00:00,107.82,108.06,0.2425003
2025-03-09 11:00:00,107.79,107.94,0.14749908
2025-03-09 12:00:00,107.79,107.94,0.14749908
2025-03-09 13:00:00,107.76,107.94,0.17749786
2025-03-09 14:00:00,107.76,107.9,0.114997864
2025-03-09 15:00:00,107.72,107.9,0.15499878
2025-03-09 16:00:00,107.72,107.9,0.15499878
2025-03-09 17:00:00,107.67,107.8,0.14250183
2025-03-09 18:00:00,107.67,107.9,0.20500183
2025-03-09 19:00:00,107.62,107.9,0.25499725
2025-03-09 20:00:00,107.62,107.9,0.25499725
2025-03-09 21:00:00,107.59,107.8,0.22250366
2025-03-09 22:00:00,107.59,107.9,0.28500366
2025-03-09 23:00:00,107.57,107.8,0.2425003
2025-03-10 00:00:00,107.57,107.8,0.2425003
2025-03-10 01:00:00,107.55,107.75,0.19999695
2025-03-10 02:00:00,107.55,107.75,0.19999695
2025-03-10 03:00:00,107.53,107.7,0.15750122
2025-03-10 04:00:00,107.53,107.7,0.15750122
2025-03-10 05:00:00,107.52,107.7,0.16750336
2025-03-10 06:00:00,107.52,107.7,0.16750336
2025-03-10 07:00:00,107.48,107.7,0.20749664
2025-03-10 08:00:00,107.48,107.7,0.20749664
2025-03-10 09:00:00,107.42,107.7,0.26750183
2025-03-10 10:00:00,107.42,107.6,0.20500183
2025-03-10 11:00:00,107.37,107.56,0.19249725
2025-03-10 12:00:00,107.37,107.5,0.12999725
2025-03-10 13:00:00,107.34,107.5,0.16000366
2025-03-10 14:00:00,107.34,107.44,0.09750366
2025-03-10 15:00:00,107.27,107.44,0.16750336
2025-03-10 16:00:00,107.27,107.44,0.16750336
2025-03-10 17:00:00,107.19,107.44,0.24749756
2025-03-10 18:00:00,107.19,107.4,0.18499756
2025-03-10 19:00:00,107.16,107.3,0.15249634
2025-03-10 20:00:00,107.16,107.44,0.27749634
2025-03-10 21:00:00,107.12,107.4,0.25499725
2025-03-10 22:00:00,107.12,107.3,0.19249725
2025-03-10 23:00:00,107.08,107.4,0.29499817
2025-03-11 00:00:00,107.08,107.25,0.16999817
2025-03-11 01:00:00,107.03,107.3,0.28250122
2025-03-11 02:00:00,107.03,107.4,0.34500122
2025-03-11 03:00:00,106.97,107.3,0.34249878
2025-03-11 04:00:00,106.97,107.3,0.34249878
2025-03-11 05:00:00,106.91,107.1,0.21499634
2025-03-11 06:00:00,106.91,107.1,0.21499634
2025-03-11 07:00:00,106.84,107.1,0.28500366
2025-03-11 08:00:00,106.84,107.1,0.28500366
2025-03-11 09:00:00,106.78,107.1,0.34500122
2025-03-11 10:00:00,106.78,107.0,0.22000122
2025-03-11 11:00:00,106.72,107.0,0.27999878
2025-03-11 12:00:00,106.72,106.8,0.09249878
2025-03-11 13:00:00,106.66,106.75,0.08999634
2025-03-11 14:00:00,106.66,106.75,0.08999634
2025-03-11 15:00:00,106.6,106.6,0.025001526
2025-03-11 16:00:00,106.6,106.6,0.025001526
2025-03-11 17:00:00,106.53,106.56,0.03250122
2025-03-11 18:00:00,106.53,106.6,0.09500122
2025-03-11 19:00:00,106.47,106.44,0.03250122
2025-03-11 20:00:00,106.47,106.5,0.02999878
2025-03-11 21:00:00,106.45,106.5,0.05000305
2025-03-11 22:00:00,106.45,106.56,0.11250305
2025-03-11 23:00:00,106.42,106.6,0.20500183
2025-03-12 00:00:00,106.42,106.6,0.20500183
2025-03-12 01:00:00,106.37,106.7,0.31749725
2025-03-12 02:00:00,106.37,106.56,0.19249725
2025-03-12 03:00:00,106.31,106.56,0.25250244
2025-03-12 04:00:00,106.31,106.4,0.06500244
2025-03-12 05:00:00,106.25,106.44,0.1875
2025-03-12 06:00:00,106.25,106.4,0.125
2025-03-12 07:00:00,106.19,106.44,0.24749756
2025-03-12 08:00:00,106.19,106.3,0.12249756
2025-03-12 09:00:00,106.14,106.4,0.23500061
2025-03-12 10:00:00,106.14,106.3,0.17250061
2025-03-12 11:00:00,106.1,106.3,0.21250153
2025-03-12 12:00:00,106.1,106.2,0.087501526
2025-03-12 13:00:00,106.04,106.2,0.14749908
2025-03-12 14:00:00,106.04,106.06,0.022499084
2025-03-12 15:00:00,105.96,106.1,0.16500092
2025-03-12 16:00:00,105.96,106.06,0.102500916
2025-03-12 17:00:00,105.88,106.0,0.12000275
2025-03-12 18:00:00,105.88,106.06,0.18250275
2025-03-12 19:00:00,105.83,105.9,0.04499817
2025-03-12 20:00:00,105.83,105.9,0.04499817
2025-03-12 21:00:00,105.78,105.8,0.03250122
2025-03-12 22:00:00,105.78,105.8,0.03250122
2025-03-12 23:00:00,105.74,105.8,0.072502136
2025-03-13 00:00:00,105.74,105.8,0.072502136
2025-03-13 01:00:00,105.69,105.9,0.18499756
2025-03-13 02:00:00,105.69,105.6,0.06500244
2025-03-13 03:00:00,105.63,105.75,0.12000275
2025-03-13 04:00:00,105.63,105.56,0.06749725
2025-03-13 05:00:00,105.57,105.6,0.055000305
2025-03-13 06:00:00,105.57,105.56,0.007499695
2025-03-13 07:00:00,105.5,105.56,0.0625
2025-03-13 08:00:00,105.5,105.5,0.0
2025-03-13 09:00:00,105.44,105.5,0.05999756
2025-03-13 10:00:00,105.44,105.44,0.0025024414
2025-03-13 11:00:00,105.38,105.44,0.057502747
2025-03-13 12:00:00,105.38,105.3,0.06749725
2025-03-13 13:00:00,105.33,105.2,0.14250183
2025-03-13 14:00:00,105.33,105.25,0.08000183
2025-03-13 15:00:00,105.26,105.1,0.13500214
2025-03-13 16:00:00,105.26,105.1,0.13500214
2025-03-13 17:00:00,105.19,105.1,0.06500244
2025-03-13 18:00:00,105.19,105.06,0.12750244
2025-03-13 19:00:00,105.15,105.06,0.087501526
2025-03-13 20:00:00,105.15,104.8,0.33750153
2025-03-13 21:00:00,105.14,104.9,0.2649994
2025-03-13 22:00:00,105.14,104.75,0.3899994
2025-03-13 23:00:00,105.12,105.0,0.12000275
2025-03-14 00:00:00,105.12,104.8,0.30750275
2025-03-14 01:00:00,105.08,104.94,0.14250183
2025-03-14 02:00:00,105.08,104.94,0.14250183
2025-03-14 03:00:00,105.02,105.0,0.019996643
2025-03-14 04:00:00,105.02,104.8,0.20749664
2025-03-14 05:00:00,104.94,104.8,0.12750244
2025-03-14 06:00:00,104.94,104.7,0.25250244
2025-03-14 07:00:00,104.88,104.7,0.19249725
2025-03-14 08:00:00,104.88,104.6,0.25499725
2025-03-14 09:00:00,104.82,104.56,0.2574997
2025-03-14 10:00:00,104.82,104.44,0.3824997
2025-03-14 11:00:00,104.77,104.44,0.33249664
2025-03-14 12:00:00,104.77,104.25,0.51999664
2025-03-14 13:00:00,104.73,104.2,0.54250336
2025-03-14 14:00:00,104.73,104.25,0.48000336
2025-03-14 15:00:00,104.64,104.25,0.3899994
2025-03-14 16:00:00,104.64,104.44,0.20249939
2025-03-14 17:00:00,104.57,104.2,0.3824997
2025-03-14 18:00:00,104.57,104.25,0.3199997
2025-03-14 19:00:00,104.51,104.2,0.32250214
2025-03-14 20:00:00,104.51,104.3,0.19750214
2025-03-14 21:00:00,104.46,104.2,0.27249908
2025-03-14 22:00:00,104.46,104.3,0.14749908
2025-03-14 23:00:00,104.44,104.06,0.37750244
2025-03-15 00:00:00,104.44,104.25,0.19000244
2025-03-15 01:00:00,104.42,104.0,0.41999817
2025-03-15 02:00:00,104.42,104.2,0.23249817
2025-03-15 03:00:00,104.38,104.0,0.37999725
2025-03-15 04:00:00,104.38,104.06,0.31749725
2025-03-15 05:00:00,104.34,104.0,0.33999634
2025-03-15 06:00:00,104.34,104.0,0.33999634
2025-03-15 07:00:00,104.29,103.94,0.35250092
2025-03-15 08:00:00,104.29,104.0,0.29000092
2025-03-15 09:00:00,104.25,103.9,0.375
2025-03-15 10:00:00,104.25,103.9,0.375
2025-03-15 11:00:00,104.21,103.8,0.39749908
2025-03-15 12:00:00,104.21,103.8,0.39749908
2025-03-15 13:00:00,104.18,103.75,0.4300003
2025-03-15 14:00:00,104.18,103.8,0.3675003
2025-03-15 15:00:00,104.14,103.8,0.3274994
2025-03-15 16:00:00,104.14,103.9,0.2649994
2025-03-15 17:00:00,104.08,103.9,0.20500183
2025-03-15 18:00:00,104.08,103.75,0.33000183
2025-03-15 19:00:00,104.05,103.75,0.30000305
2025-03-15 20:00:00,104.05,103.8,0.23750305
2025-03-15 21:00:00,104.03,103.7,0.34249878
2025-03-15 22:00:00,104.03,103.6,0.40499878
2025-03-15 23:00:00,104.01,103.6,0.38500214
2025-03-16 00:00:00,104.01,103.6,0.38500214
2025-03-16 01:00:00,103.98,103.6,0.35500336
2025-03-16 02:00:00,103.98,103.56,0.41750336
2025-03-16 03:00:00,103.95,103.7,0.26249695
2025-03-16 04:00:00,103.95,103.6,0.32499695
2025-03-16 05:00:00,103.91,103.6,0.28500366
2025-03-16 06:00:00,103.91,103.5,0.41000366
2025-03-16 07:00:00,103.87,103.56,0.30750275
2025-03-16 08:00:00,103.87,103.5,0.37000275
2025-03-16 09:00:00,103.85,103.56,0.28749847
2025-03-16 10:00:00,103.85,103.44,0.41249847
2025-03-16 11:00:00,103.82,103.44,0.3824997
2025-03-16 12:00:00,103.82,103.3,0.5074997
2025-03-16 13:00:00,103.81,103.44,0.37249756
2025-03-16 14:00:00,103.81,103.1,0.68499756
2025-03-16 15:00:00,103.8,103.2,0.61250305
2025-03-16 16:00:00,103.8,103.06,0.73750305
2025-03-16 17:00:00,103.78,103.2,0.5924988
2025-03-16 18:00:00,103.78,103.1,0.6549988
2025-03-16 19:00:00,103.76,103.06,0.69750214
2025-03-16 20:00:00,103.76,103.0,0.76000214
2025-03-16 21:00:00,103.75,103.0,0.75
2025-03-16 22:00:00,103.75,102.9,0.875
2025-03-16 23:00:00,103.77,103.06,0.70749664
2025-03-17 00:00:00,103.77,103.06,0.70749664
2025-03-17 01:00:00,103.77,103.1,0.64499664
2025-03-17 02:00:00,103.77,103.1,0.64499664
2025-03-17 03:00:00,103.76,103.2,0.57250214
2025-03-17 04:00:00,103.76,103.2,0.57250214
2025-03-17 05:00:00,103.72,103.3,0.40750122
2025-03-17 06:00:00,103.72,103.1,0.5950012
2025-03-17 07:00:00,103.7,103.25,0.44999695
2025-03-17 08:00:00,103.7,103.2,0.51249695
2025-03-17 09:00:00,103.66,103.25,0.41000366
2025-03-17 10:00:00,103.66,103.2,0.47250366
2025-03-17 11:00:00,103.62,103.2,0.43250275
2025-03-17 12:00:00,103.62,103.2,0.43250275
2025-03-17 13:00:00,103.58,103.2,0.39250183
2025-03-17 14:00:00,103.58,103.2,0.39250183
2025-03-17 15:00:00,103.54,103.2,0.35250092
2025-03-17 16:00:00,103.54,103.25,0.29000092
2025-03-17 17:00:00,103.5,103.25,0.25
2025-03-17 18:00:00,103.5,103.2,0.3125
2025-03-17 19:00:00,103.46,103.25,0.20999908
2025-03-17 20:00:00,103.46,103.2,0.27249908
2025-03-17 21:00:00,103.48,103.1,0.35500336
2025-03-17 22:00:00,103.48,103.1,0.35500336
2025-03-17 23:00:00,103.49,103.06,0.42749786
2025-03-18 00:00:00,103.49,103.06,0.42749786
2025-03-18 01:00:00,103.47,103.0,0.47000122
2025-03-18 02:00:00,103.47,103.0,0.47000122
2025-03-18 03:00:00,103.47,102.94,0.5325012
2025-03-18 04:00:00,103.47,102.94,0.5325012
2025-03-18 05:00:00,103.46,102.94,0.5224991
2025-03-18 06:00:00,103.46,102.94,0.5224991
2025-03-18 07:00:00,103.44,102.9,0.56500244
2025-03-18 08:00:00,103.44,102.9,0.56500244
2025-03-18 09:00:00,103.42,102.9,0.54499817
2025-03-18 10:00:00,103.42,102.94,0.48249817
2025-03-18 11:00:00,103.4,102.94,0.46250153
2025-03-18 12:00:00,103.4,103.0,0.40000153
2025-03-18 13:00:00,103.37,103.0,0.37000275
2025-03-18 14:00:00,103.37,103.0,0.37000275
2025-03-18 15:00:00,103.31,103.0,0.30999756
2025-03-18 16:00:00,103.31,103.0,0.30999756
2025-03-18 17:00:00,103.27,103.0,0.26999664
2025-03-18 18:00:00,103.27,103.0,0.26999664
2025-03-18 19:00:00,103.25,103.0,0.25
2025-03-18 20:00:00,103.25,102.94,0.3125
2025-03-18 21:00:00,103.24,102.9,0.36499786
2025-03-18 22:00:00,103.24,102.9,0.36499786
2025-03-18 23:00:00,103.23,102.8,0.41750336
2025-03-19 00:00:00,103.23,102.8,0.41750336
2025-03-19 01:00:00,103.23,102.75,0.48000336
2025-03-19 02:00:00,103.23,102.75,0.48000336
2025-03-19 03:00:00,103.2,102.7,0.51249695
2025-03-19 04:00:00,103.2,102.6,0.57499695
2025-03-19 05:00:00,103.16,102.56,0.59750366
2025-03-19 06:00:00,103.16,102.56,0.59750366
2025-03-19 07:00:00,103.14,102.6,0.5149994
2025-03-19 08:00:00,103.14,102.6,0.5149994
2025-03-19 09:00:00,103.11,102.56,0.5475006
2025-03-19 10:00:00,103.11,102.5,0.6100006
2025-03-19 11:00:00,103.09,102.5,0.58999634
2025-03-19 12:00:00,103.09,102.5,0.58999634
2025-03-19 13:00:00,103.07,102.5,0.5699997
2025-03-19 14:00:00,103.07,102.6,0.4449997
2025-03-19 15:00:00,103.04,102.7,0.35250092
2025-03-19 16:00:00,103.04,102.56,0.47750092
2025-03-19 17:00:00,102.99,102.56,0.42749786
2025-03-19 18:00:00,102.99,102.5,0.48999786
2025-03-19 19:00:00,102.94,102.5,0.44000244
2025-03-19 20:00:00,102.94,102.3,0.62750244
2025-03-19 21:00:00,102.94,102.2,0.75250244
2025-03-19 22:00:00,102.94,102.4,0.56500244
2025-03-19 23:00:00,102.96,102.06,0.8974991
2025-03-20 00:00:00,102.96,102.3,0.6474991
2025-03-20 01:00:00,102.97,102.0,0.9700012
2025-03-20 02:00:00,102.97,102.1,0.8450012
2025-03-20 03:00:00,102.96,101.94,1.0224991
2025-03-20 04:00:00,102.96,102.06,0.8974991
2025-03-20 05:00:00,102.94,101.9,1.0650024
2025-03-20 06:00:00,102.94,101.94,1.0025024
2025-03-20 07:00:00,102.92,101.8,1.1074982
2025-03-20 08:00:00,102.92,101.94,0.98249817
2025-03-20 09:00:00,102.9,101.75,1.1500015
2025-03-20 10:00:00,102.9,101.94,0.9625015
2025-03-20 11:00:00,102.87,102.0,0.87000275
2025-03-20 12:00:00,102.87,102.0,0.87000275
2025-03-20 13:00:00,102.85,101.94,0.9124985
2025-03-20 14:00:00,102.85,102.06,0.7874985
2025-03-20 15:00:00,102.82,102.1,0.6949997
2025-03-20 16:00:00,102.82,102.2,0.6324997
2025-03-20 17:00:00,102.77,102.06,0.70749664
2025-03-20 18:00:00,102.77,102.25,0.51999664
2025-03-20 19:00:00,102.72,102.0,0.7200012
2025-03-20 20:00:00,102.72,102.0,0.7200012
2025-03-20 21:00:00,102.71,102.06,0.6474991
2025-03-20 22:00:00,102.71,102.1,0.5849991
2025-03-20 23:00:00,102.71,101.94,0.7724991
2025-03-21 00:00:00,102.71,101.8,0.8974991
2025-03-21 01:00:00,102.72,101.8,0.9075012
2025-03-21 02:00:00,102.72,101.6,1.0950012
2025-03-21 03:00:00,102.7,101.9,0.82499695
2025-03-21 04:00:00,102.7,101.75,0.94999695
2025-03-21 05:00:00,102.7,101.7,1.012497
2025-03-21 06:00:00,102.7,101.56,1.137497
2025-03-21 07:00:00,102.7,101.6,1.074997
2025-03-21 08:00:00,102.7,101.94,0.76249695
2025-03-21 09:00:00,102.7,101.8,0.88749695
2025-03-21 10:00:00,102.7,101.56,1.137497
2025-03-21 11:00:00,102.7,101.5,1.199997
2025-03-21 12:00:00,102.7,101.7,1.012497
2025-03-21 13:00:00,102.69,102.0,0.69000244
2025-03-21 14:00:00,102.69,101.8,0.87750244
2025-03-21 15:00:00,102.65,101.75,0.9000015
2025-03-21 16:00:00,102.65,101.9,0.7750015
2025-03-21 17:00:00,102.63,102.1,0.50499725
2025-03-21 18:00:00,102.63,102.1,0.50499725
2025-03-21 19:00:00,102.62,101.9,0.74500275
2025-03-21 20:00:00,102.62,101.8,0.80750275
2025-03-21 21:00:00,102.62,101.8,0.80750275
2025-03-21 22:00:00,102.62,101.9,0.74500275
2025-03-21 23:00:00,102.64,101.8,0.8274994
2025-03-22 00:00:00,102.64,101.9,0.7649994
2025-03-22 01:00:00,102.64,101.94,0.7024994
2025-03-22 02:00:00,102.64,101.75,0.8899994
2025-03-22 03:00:00,102.63,101.9,0.75499725
2025-03-22 04:00:00,102.63,101.9,0.75499725
2025-03-22 05:00:00,102.61,102.0,0.6100006
2025-03-22 06:00:00,102.61,101.8,0.7975006
2025-03-22 07:00:00,102.61,101.7,0.9225006
2025-03-22 08:00:00,102.61,101.7,0.9225006
2025-03-22 09:00:00,102.61,101.5,1.1100006
2025-03-22 10:00:00,102.61,101.4,1.2350006
2025-03-22 11:00:00,102.63,101.44,1.1924973
2025-03-22 12:00:00,102.63,101.75,0.87999725
2025-03-22 13:00:00,102.63,101.7,0.94249725
2025-03-22 14:00:00,102.63,101.75,0.87999725
2025-03-22 15:00:00,102.62,101.75,0.87000275
2025-03-22 16:00:00,102.62,102.06,0.55750275
2025-03-22 17:00:00,102.61,102.06,0.5475006
2025-03-22 18:00:00,102.61,102.1,0.4850006
2025-03-22 19:00:00,102.6,102.0,0.5999985
2025-03-22 20:00:00,102.6,101.94,0.6624985
2025-03-22 21:00:00,102.6,101.8,0.7874985
2025-03-22 22:00:00,102.6,101.7,0.9124985
2025-03-22 23:00:00,102.61,101.56,1.0475006
2025-03-23 00:00:00,102.61,101.56,1.0475006
2025-03-23 01:00:00,102.63,101.5,1.1299973
2025-03-23 02:00:00,102.63,101.5,1.1299973
2025-03-23 03:00:00,102.6,101.44,1.1624985
2025-03-23 04:00:00,102.6,101.5,1.0999985
2025-03-23 05:00:00,102.57,101.56,1.0074997
2025-03-23 06:00:00,102.57,101.56,1.0074997
2025-03-23 07:00:00,102.54,101.5,1.0400009
2025-03-23 08:00:00,102.54,101.5,1.0400009
2025-03-23 09:00:00,102.51,101.44,1.0725021
2025-03-23 10:00:00,102.51,101.4,1.1350021
2025-03-23 11:00:00,102.49,101.3,1.1774979
2025-03-23 12:00:00,102.49,101.3,1.1774979
2025-03-23 13:00:00,102.49,101.4,1.1149979
2025-03-23 14:00:00,102.49,101.3,1.1774979
2025-03-23 15:00:00,102.48,101.4,1.1050034
2025-03-23 16:00:00,102.48,101.44,1.0425034
2025-03-23 17:00:00,102.46,101.56,0.8974991
2025-03-23 18:00:00,102.46,101.5,0.9599991
2025-03-23 19:00:00,102.44,101.5,0.94000244
2025-03-23 20:00:00,102.44,101.5,0.94000244
2025-03-23 21:00:00,102.43,101.44,0.9925003
2025-03-23 22:00:00,102.43,101.4,1.0550003
2025-03-23 23:00:00,102.44,101.3,1.1275024
2025-03-24 00:00:00,102.44,101.3,1.1275024
2025-03-24 01:00:00,102.42,101.3,1.1074982
2025-03-24 02:00:00,102.42,101.3,1.1074982
2025-03-24 03:00:00,102.39,101.4,1.0149994
2025-03-24 04:00:00,102.39,101.5,0.8899994
2025-03-24 05:00:00,102.37,101.56,0.80750275
2025-03-24 06:00:00,102.37,101.56,0.80750275
2025-03-24 07:00:00,102.37,101.56,0.80750275
2025-03-24 08:00:00,102.37,101.56,0.80750275
2025-03-24 09:00:00,102.38,101.3,1.0674973
2025-03-24 10:00:00,102.38,101.25,1.1299973
2025-03-24 11:00:00,102.38,101.4,1.0049973
2025-03-24 12:00:00,102.38,101.44,0.94249725
2025-03-24 13:00:00,102.37,101.3,1.0575027
2025-03-24 14:00:00,102.37,101.1,1.2450027
2025-03-24 15:00:00,102.32,101.06,1.2574997
2025-03-24 16:00:00,102.32,101.3,1.0074997
2025-03-24 17:00:00,102.26,101.3,0.94750214
2025-03-24 18:00:00,102.26,101.3,0.94750214
2025-03-24 19:00:00,102.22,101.2,1.0325012
2025-03-24 20:00:00,102.22,101.1,1.0950012
2025-03-24 21:00:00,102.2,101.0,1.199997
2025-03-24 22:00:00,102.2,101.0,1.199997
2025-03-24 23:00:00,102.18,101.06,1.1175003
2025-03-25 00:00:00,102.18,101.06,1.1175003
2025-03-25 01:00:00,102.14,100.94,1.2024994
2025-03-25 02:00:00,102.14,100.9,1.2649994
2025-03-25 03:00:00,102.1,100.9,1.2249985
2025-03-25 04:00:00,102.1,100.9,1.2249985
2025-03-25 05:00:00,102.06,100.94,1.1224976
2025-03-25 06:00:00,102.06,100.9,1.1849976
2025-03-25 07:00:00,102.0,100.94,1.0625
2025-03-25 08:00:00,102.0,100.94,1.0625
2025-03-25 09:00:00,101.95,100.94,1.012497
2025-03-25 10:00:00,101.95,100.94,1.012497
2025-03-25 11:00:00,101.93,101.0,0.9300003
2025-03-25 12:00:00,101.93,100.7,1.2425003
2025-03-25 13:00:00,101.89,100.6,1.2649994
2025-03-25 14:00:00,101.89,100.6,1.2649994
2025-03-25 15:00:00,101.85,100.6,1.2249985
2025-03-25 16:00:00,101.85,100.6,1.2249985
2025-03-25 17:00:00,101.81,100.6,1.1849976
2025-03-25 18:00:00,101.81,100.5,1.3099976
2025-03-25 19:00:00,101.76,100.56,1.1975021
2025-03-25 20:00:00,101.76,100.5,1.2600021
2025-03-25 21:00:00,101.72,100.56,1.1575012
2025-03-25 22:00:00,101.72,100.44,1.2825012
2025-03-25 23:00:00,101.69,100.5,1.1900024
2025-03-26 00:00:00,101.69,100.4,1.3150024
2025-03-26 01:00:00,101.69,100.4,1.3150024
2025-03-26 02:00:00,101.69,100.3,1.3775024
2025-03-26 03:00:00,101.67,100.4,1.2949982
2025-03-26 04:00:00,101.67,100.3,1.3574982
2025-03-26 05:00:00,101.65,100.3,1.3375015
2025-03-26 06:00:00,101.65,100.3,1.3375015
2025-03-26 07:00:00,101.62,100.4,1.2450027
2025-03-26 08:00:00,101.62,100.4,1.2450027
2025-03-26 09:00:00,101.61,100.5,1.1100006
2025-03-26 10:00:00,101.61,100.5,1.1100006
2025-03-26 11:00:00,101.58,100.56,1.0175018
2025-03-26 12:00:00,101.58,100.44,1.1425018
2025-03-26 13:00:00,101.56,100.3,1.2474976
2025-03-26 14:00:00,101.56,100.3,1.2474976
2025-03-26 15:00:00,101.53,100.3,1.2174988
2025-03-26 16:00:00,101.53,100.3,1.2174988
2025-03-26 17:00:00,101.49,100.25,1.2399979
2025-03-26 18:00:00,101.49,100.2,1.3024979
2025-03-26 19:00:00,101.44,100.2,1.2525024
2025-03-26 20:00:00,101.44,100.25,1.1900024
2025-03-26 21:00:00,101.43,100.25,1.1800003
2025-03-26 22:00:00,101.43,100.25,1.1800003
2025-03-26 23:00:00,101.43,100.1,1.3050003
2025-03-27 00:00:00,101.43,100.06,1.3675003
2025-03-27 01:00:00,101.43,100.3,1.1175003
2025-03-27 02:00:00,101.43,100.25,1.1800003
2025-03-27 03:00:00,101.4,100.4,1.0250015
2025-03-27 04:00:00,101.4,100.2,1.2125015
2025-03-27 05:00:00,101.34,100.2,1.1524963
2025-03-27 06:00:00,101.34,100.25,1.0899963
2025-03-27 07:00:00,101.28,100.25,1.0299988
2025-03-27 08:00:00,101.28,100.2,1.0924988
2025-03-27 09:00:00,101.22,100.1,1.0950012
2025-03-27 10:00:00,101.22,100.06,1.1575012
2025-03-27 11:00:00,101.19,99.8,1.3775024
2025-03-27 12:00:00,101.19,99.75,1.4400024
2025-03-27 13:00:00,101.16,99.75,1.4100037
2025-03-27 14:00:00,101.16,99.9,1.2850037
2025-03-27 15:00:00,101.09,99.75,1.3399963
2025-03-27 16:00:00,101.09,99.94,1.1524963
2025-03-27 17:00:00,101.02,99.8,1.2074966
2025-03-27 18:00:00,101.02,99.94,1.0824966
2025-03-27 19:00:00,100.98,99.6,1.3550034
2025-03-27 20:00:00,100.98,99.9,1.1050034
2025-03-27 21:00:00,100.95,99.6,1.324997
2025-03-27 22:00:00,100.95,99.75,1.199997
2025-03-27 23:00:00,100.92,99.5,1.4199982
2025-03-28 00:00:00,100.92,99.8,1.1074982
2025-03-28 01:00:00,100.89,99.7,1.2024994
2025-03-28 02:00:00,100.89,99.9,1.0149994
2025-03-28 03:00:00,100.83,99.7,1.1425018
2025-03-28 04:00:00,100.83,99.75,1.0800018
2025-03-28 05:00:00,100.77,99.75,1.0199966
2025-03-28 06:00:00,100.77,99.8,0.95749664
2025-03-28 07:00:00,100.7,99.7,1.012497
2025-03-28 08:00:00,100.7,99.7,1.012497
2025-03-28 09:00:00,100.63,99.6,1.0049973
2025-03-28 10:00:00,100.63,99.6,1.0049973
2025-03-28 11:00:00,100.62,99.5,1.1200027
2025-03-28 12:00:00,100.62,99.56,1.0575027
2025-03-28 13:00:00,100.61,99.4,1.2350006
2025-03-28 14:00:00,100.61,99.3,1.2975006
2025-03-28 15:00:00,100.55,99.3,1.237503
2025-03-28 16:00:00,100.55,99.44,1.112503
2025-03-28 17:00:00,100.47,99.4,1.0950012
2025-03-28 18:00:00,100.47,99.25,1.2200012
2025-03-28 19:00:00,100.44,99.2,1.2525024
2025-03-28 20:00:00,100.44,99.3,1.1275024
2025-03-28 21:00:00,100.41,99.2,1.2225037
2025-03-28 22:00:00,100.41,99.3,1.0975037
2025-03-28 23:00:00,100.38,99.25,1.1299973
2025-03-29 00:00:00,100.38,99.4,1.0049973
2025-03-29 01:00:00,100.35,99.25,1.0999985
2025-03-29 02:00:00,100.35,99.3,1.0374985
2025-03-29 03:00:00,100.3,99.25,1.050003
2025-03-29 04:00:00,100.3,99.3,0.98750305
2025-03-29 05:00:00,100.24,99.1,1.1149979
2025-03-29 06:00:00,100.24,99.25,0.98999786
2025-03-29 07:00:00,100.19,99.2,1.0025024
2025-03-29 08:00:00,100.19,99.3,0.87750244
2025-03-29 09:00:00,100.12,99.1,0.99500275
2025-03-29 10:00:00,100.12,99.3,0.80750275
2025-03-29 11:00:00,100.07,99.2,0.8824997
2025-03-29 12:00:00,100.07,99.3,0.7574997
2025-03-29 13:00:00,100.07,99.2,0.8824997
2025-03-29 14:00:00,100.07,99.3,0.7574997
2025-03-29 15:00:00,100.02,99.25,0.76999664
2025-03-29 16:00:00,100.02,99.4,0.64499664
2025-03-29 17:00:00,99.96,99.3,0.6474991
2025-03-29 18:00:00,99.96,99.4,0.5849991
2025-03-29 19:00:00,99.92,99.25,0.66999817
2025-03-29 20:00:00,99.92,99.3,0.60749817
2025-03-29 21:00:00,99.89,99.25,0.6399994
2025-03-29 22:00:00,99.89,99.3,0.5774994
2025-03-29 23:00:00,99.84,99.25,0.58999634
2025-03-30 00:00:00,99.84,99.25,0.58999634
2025-03-30 01:00:00,99.85,99.25,0.5999985
2025-03-30 02:00:00,99.85,99.25,0.5999985
2025-03-30 03:00:00,99.87,99.2,0.68250275
2025-03-30 04:00:00,99.87,99.25,0.62000275
2025-03-30 05:00:00,99.87,99.2,0.68250275
2025-03-30 06:00:00,99.87,99.25,0.62000275
2025-03-30 07:00:00,99.85,99.25,0.5999985
2025-03-30 08:00:00,99.85,99.25,0.5999985
2025-03-30 09:00:00,99.83,99.2,0.64250183
2025-03-30 10:00:00,99.83,99.2,0.64250183
2025-03-30 11:00:00,99.8,99.1,0.67500305
2025-03-30 12:00:00,99.8,99.1,0.67500305
2025-03-30 13:00:00,99.76,99.06,0.69750214
2025-03-30 14:00:00,99.76,99.06,0.69750214
2025-03-30 15:00:00,99.73,99.06,0.66750336
2025-03-30 16:00:00,99.73,99.06,0.66750336
2025-03-30 17:00:00,99.68,99.1,0.5550003
2025-03-30 18:00:00,99.68,99.06,0.6175003
2025-03-30 19:00:00,99.6,99.0,0.5999985
2025-03-30 20:00:00,99.6,99.0,0.5999985
2025-03-30 21:00:00,99.57,99.0,0.5699997
2025-03-30 22:00:00,99.57,98.94,0.6324997
2025-03-30 23:00:00,99.56,98.94,0.62249756
2025-03-31 00:00:00,99.56,98.9,0.68499756
2025-03-31 01:00:00,99.54,98.8,0.7275009
2025-03-31 02:00:00,99.54,98.8,0.7275009
2025-03-31 03:00:00,99.52,98.9,0.64499664
2025-03-31 04:00:00,99.52,98.9,0.64499664
2025-03-31 05:00:00,99.5,98.8,0.6875
2025-03-31 06:00:00,99.5,98.9,0.625
2025-03-31 07:00:00,99.47,98.9,0.5950012
2025-03-31 08:00:00,99.47,98.9,0.5950012
2025-03-31 09:00:00,99.43,98.8,0.6175003
2025-03-31 10:00:00,99.43,98.8,0.6175003
2025-03-31 11:00:00,99.39,98.8,0.5774994
2025-03-31 12:00:00,99.39,98.8,0.5774994
2025-03-31 13:00:00,99.35,98.75,0.5999985
2025-03-31 14:00:00,99.35,98.75,0.5999985
2025-03-31 15:00:00,99.33,98.75,0.58000183
2025-03-31 16:00:00,99.33,98.75,0.58000183
2025-03-31 17:00:00,99.3,98.75,0.55000305
2025-03-31 18:00:00,99.3,98.6,0.67500305
2025-03-31 19:00:00,99.27,98.7,0.58249664
2025-03-31 20:00:00,99.27,98.6,0.64499664
2025-03-31 21:00:00,99.28,98.6,0.6549988
2025-03-31 22:00:00,99.28,98.5,0.7799988
2025-03-31 23:00:00,99.33,98.56,0.76750183
2025-04-01 00:00:00,99.33,98.5,0.83000183
2025-04-01 01:00:00,99.36,98.5,0.8600006
2025-04-01 02:00:00,99.36,98.56,0.7975006
2025-04-01 03:00:00,99.35,98.5,0.8499985
2025-04-01 04:00:00,99.35,98.5,0.8499985
2025-04-01 05:00:00,99.33,98.56,0.76750183
2025-04-01 06:00:00,99.33,98.6,0.70500183
2025-04-01 07:00:00,99.3,98.6,0.67500305
2025-04-01 08:00:00,99.3,98.56,0.73750305
2025-04-01 09:00:00,99.27,98.56,0.70749664
2025-04-01 10:00:00,99.27,98.5,0.76999664
2025-04-01 11:00:00,99.25,98.56,0.6875
2025-04-01 12:00:00,99.25,98.44,0.8125
2025-04-01 13:00:00,99.25,98.44,0.8125
2025-04-01 14:00:00,99.25,98.44,0.8125
2025-04-01 15:00:00,99.23,98.5,0.73000336
2025-04-01 16:00:00,99.23,98.4,0.85500336
2025-04-01 17:00:00,99.23,98.4,0.85500336
2025-04-01 18:00:00,99.23,98.3,0.91750336
2025-04-01 19:00:00,99.2,98.25,0.94999695
2025-04-01 20:00:00,99.2,98.25,0.94999695
2025-04-01 21:00:00,99.16,98.2,0.97250366
2025-04-01 22:00:00,99.16,98.1,1.0350037
2025-04-01 23:00:00,99.18,98.1,1.0550003
2025-04-02 00:00:00,99.18,98.0,1.1800003
2025-04-02 01:00:00,99.16,98.1,1.0350037
2025-04-02 02:00:00,99.16,97.94,1.2225037
2025-04-02 03:00:00,99.15,98.06,1.0875015
2025-04-02 04:00:00,99.15,98.0,1.1500015
2025-04-02 05:00:00,99.14,98.06,1.0774994
2025-04-02 06:00:00,99.14,98.0,1.1399994
2025-04-02 07:00:00,99.12,98.06,1.0575027
2025-04-02 08:00:00,99.12,98.06,1.0575027
2025-04-02 09:00:00,99.09,98.06,1.0274963
2025-04-02 10:00:00,99.09,97.94,1.1524963
2025-04-02 11:00:00,99.09,98.06,1.0274963
2025-04-02 12:00:00,99.09,98.06,1.0274963
2025-04-02 13:00:00,99.08,98.1,0.95500183
2025-04-02 14:00:00,99.08,98.06,1.0175018
2025-04-02 15:00:00,99.06,98.2,0.87249756
2025-04-02 16:00:00,99.06,98.25,0.80999756
2025-04-02 17:00:00,99.04,98.25,0.7900009
2025-04-02 18:00:00,99.04,98.25,0.7900009
2025-04-02 19:00:00,99.0,98.25,0.75
2025-04-02 20:00:00,99.0,98.2,0.8125
2025-04-02 21:00:00,98.96,98.1,0.8349991
2025-04-02 22:00:00,98.96,98.0,0.9599991
2025-04-02 23:00:00,98.96,98.0,0.9599991
2025-04-03 00:00:00,98.96,97.94,1.0224991
2025-04-03 01:00:00,98.97,97.9,1.0950012
2025-04-03 02:00:00,98.97,97.75,1.2200012
2025-04-03 03:00:00,98.96,97.8,1.1474991
2025-04-03 04:00:00,98.96,97.75,1.2099991
2025-04-03 05:00:00,98.94,97.8,1.1275024
2025-04-03 06:00:00,98.94,97.9,1.0650024
2025-04-03 07:00:00,98.91,97.9,1.0350037
2025-04-03 08:00:00,98.91,97.75,1.1600037
2025-04-03 09:00:00,98.87,97.6,1.2450027
2025-04-03 10:00:00,98.87,97.56,1.3075027
2025-04-03 11:00:00,98.86,97.56,1.2975006
2025-04-03 12:00:00,98.86,97.56,1.2975006
2025-04-03 13:00:00,98.83,97.6,1.2050018
2025-04-03 14:00:00,98.83,97.56,1.2675018
2025-04-03 15:00:00,98.79,97.6,1.1650009
2025-04-03 16:00:00,98.79,97.56,1.2275009
2025-04-03 17:00:00,98.74,97.7,1.0524979
2025-04-03 18:00:00,98.74,97.6,1.1149979
2025-04-03 19:00:00,98.7,97.7,1.012497
2025-04-03 20:00:00,98.7,97.6,1.074997
2025-04-03 21:00:00,98.67,97.6,1.0449982
2025-04-03 22:00:00,98.67,97.56,1.1074982
2025-04-03 23:00:00,98.66,97.5,1.1600037
2025-04-04 00:00:00,98.66,97.44,1.2225037
2025-04-04 01:00:00,98.66,97.44,1.2225037
2025-04-04 02:00:00,98.66,97.44,1.2225037
2025-04-04 03:00:00,98.64,97.5,1.1399994
2025-04-04 04:00:00,98.64,97.5,1.1399994
2025-04-04 05:00:00,98.61,97.44,1.1725006
2025-04-04 06:00:00,98.61,97.4,1.2350006
2025-04-04 07:00:00,98.58,97.4,1.2050018
2025-04-04 08:00:00,98.58,97.44,1.1425018
2025-04-04 09:00:00,98.54,97.4,1.1650009
2025-04-04 10:00:00,98.54,97.4,1.1650009
2025-04-04 11:00:00,98.51,97.4,1.1350021
2025-04-04 12:00:00,98.51,97.3,1.1975021
2025-04-04 13:00:00,98.5,97.2,1.3125
2025-04-04 14:00:00,98.5,97.25,1.25
2025-04-04 15:00:00,98.45,97.3,1.137497
2025-04-04 16:00:00,98.45,97.3,1.137497
2025-04-04 17:00:00,98.4,97.25,1.1500015
2025-04-04 18:00:00,98.4,97.25,1.1500015
2025-04-04 19:00:00,98.37,97.25,1.1200027
2025-04-04 20:00:00,98.37,97.25,1.1200027
2025-04-04 21:00:00,98.35,97.2,1.1624985
2025-04-04 22:00:00,98.35,97.2,1.1624985
2025-04-04 23:00:00,98.35,97.25,1.0999985
2025-04-05 00:00:00,98.35,97.2,1.1624985
2025-04-05 01:00:00,98.37,97.25,1.1200027
2025-04-05 02:00:00,98.37,97.2,1.1825027
2025-04-05 03:00:00,98.39,97.3,1.0774994
2025-04-05 04:00:00,98.39,97.25,1.1399994
2025-04-05 05:00:00,98.4,97.3,1.0875015
2025-04-05 06:00:00,98.4,97.3,1.0875015
2025-04-05 07:00:00,98.4,97.4,1.0250015
2025-04-05 08:00:00,98.4,97.4,1.0250015
2025-04-05 09:00:00,98.38,97.4,1.0049973
2025-04-05 10:00:00,98.38,97.4,1.0049973
2025-04-05 11:00:00,98.35,97.44,0.9124985
2025-04-05 12:00:00,98.35,97.44,0.9124985
2025-04-05 13:00:00,98.36,97.44,0.9225006
2025-04-05 14:00:00,98.36,97.44,0.9225006
2025-04-05 15:00:00,98.37,97.5,0.87000275
2025-04-05 16:00:00,98.37,97.5,0.87000275
2025-04-05 17:00:00,98.36,97.5,0.8600006
2025-04-05 18:00:00,98.36,97.5,0.8600006
2025-04-05 19:00:00,98.36,97.56,0.7975006
2025-04-05 20:00:00,98.36,97.56,0.7975006
2025-04-05 21:00:00,98.37,97.56,0.80750275
2025-04-05 22:00:00,98.37,97.56,0.80750275
2025-04-05 23:00:00,98.36,97.56,0.7975006
2025-04-06 00:00:00,98.36,97.56,0.7975006
2025-04-06 01:00:00,98.35,97.56,0.7874985
2025-04-06 02:00:00,98.35,97.5,0.8499985
2025-04-06 03:00:00,98.32,97.5,0.8199997
2025-04-06 04:00:00,98.32,97.5,0.8199997
2025-04-06 05:00:00,98.3,97.5,0.80000305
2025-04-06 06:00:00,98.3,97.5,0.80000305
2025-04-06 07:00:00,98.3,97.5,0.80000305
2025-04-06 08:00:00,98.3,97.44,0.86250305
2025-04-06 09:00:00,98.3,97.5,0.80000305
2025-04-06 10:00:00,98.3,97.44,0.86250305
2025-04-06 11:00:00,98.3,97.44,0.86250305
2025-04-06 12:00:00,98.3,97.44,0.86250305
2025-04-06 13:00:00,98.3,97.44,0.86250305
2025-04-06 14:00:00,98.3,97.44,0.86250305
2025-04-06 15:00:00,98.3,97.5,0.80000305
2025-04-06 16:00:00,98.3,97.44,0.86250305
2025-04-06 17:00:00,98.3,97.5,0.80000305
2025-04-06 18:00:00,98.3,97.44,0.86250305
2025-04-06 19:00:00,98.3,97.5,0.80000305
2025-04-06 20:00:00,98.3,97.44,0.86250305
2025-04-06 21:00:00,98.3,97.44,0.86250305
2025-04-06 22:00:00,98.3,97.4,0.92500305
2025-04-06 23:00:00,98.3,97.4,0.92500305
2025-04-07 00:00:00,98.3,97.3,0.98750305
2025-04-07 01:00:00,98.11,97.4,0.7350006
2025-04-07 02:00:00,98.11,97.3,0.7975006
2025-04-07 03:00:00,98.1,97.3,0.7874985
2025-04-07 04:00:00,98.1,97.3,0.7874985
2025-04-07 05:00:00,98.08,97.3,0.76750183
2025-04-07 06:00:00,98.08,97.3,0.76750183
2025-04-07 07:00:00,98.06,97.3,0.74749756
2025-04-07 08:00:00,98.06,97.3,0.74749756
2025-04-07 09:00:00,98.04,97.3,0.7275009
2025-04-07 10:00:00,98.04,97.3,0.7275009
2025-04-07 11:00:00,98.02,97.25,0.76999664
2025-04-07 12:00:00,98.02,97.25,0.76999664
2025-04-07 13:00:00,98.0,97.25,0.75
2025-04-07 14:00:00,98.0,97.25,0.75
2025-04-07 15:00:00,97.98,97.25,0.73000336
2025-04-07 16:00:00,97.98,97.25,0.73000336
2025-04-07 17:00:00,97.95,97.25,0.69999695
2025-04-07 18:00:00,97.95,97.3,0.63749695
2025-04-07 19:00:00,97.92,97.25,0.66999817
2025-04-07 20:00:00,97.92,97.25,0.66999817
2025-04-07 21:00:00,97.9,97.2,0.7125015
2025-04-07 22:00:00,97.9,97.1,0.7750015
2025-04-07 23:00:00,97.88,97.1,0.75499725
2025-04-08 00:00:00,97.88,97.1,0.75499725
2025-04-08 01:00:00,97.85,97.1,0.7249985
2025-04-08 02:00:00,97.85,97.06,0.7874985
2025-04-08 03:00:00,97.83,97.0,0.83000183
2025-04-08 04:00:00,97.83,97.0,0.83000183
2025-04-08 05:00:00,97.8,97.0,0.80000305
2025-04-08 06:00:00,97.8,97.06,0.73750305
2025-04-08 07:00:00,97.76,97.0,0.76000214
2025-04-08 08:00:00,97.76,97.0,0.76000214
2025-04-08 09:00:00,97.72,97.0,0.7200012
2025-04-08 10:00:00,97.72,97.0,0.7200012
2025-04-08 11:00:00,97.7,96.94,0.76249695
2025-04-08 12:00:00,97.7,96.94,0.76249695
2025-04-08 13:00:00,97.69,97.0,0.69000244
2025-04-08 14:00:00,97.69,97.0,0.69000244
2025-04-08 15:00:00,97.67,97.0,0.66999817
2025-04-08 16:00:00,97.67,96.94,0.73249817
2025-04-08 17:00:00,97.64,96.94,0.7024994
2025-04-08 18:00:00,97.64,96.94,0.7024994
2025-04-08 19:00:00,97.6,96.94,0.6624985
2025-04-08 20:00:00,97.6,96.94,0.6624985
2025-04-08 21:00:00,97.58,97.0,0.58000183
2025-04-08 22:00:00,97.58,96.9,0.70500183
2025-04-08 23:00:00,97.55,96.75,0.80000305
2025-04-09 00:00:00,97.55,96.75,0.80000305
2025-04-09 01:00:00,97.54,96.8,0.7275009
2025-04-09 02:00:00,97.54,96.9,0.6650009
2025-04-09 03:00:00,97.51,96.8,0.69750214
2025-04-09 04:00:00,97.51,96.8,0.69750214
2025-04-09 05:00:00,97.46,96.75,0.7099991
2025-04-09 06:00:00,97.46,96.8,0.6474991
2025-04-09 07:00:00,97.42,96.75,0.66999817
2025-04-09 08:00:00,97.42,96.75,0.66999817
2025-04-09 09:00:00,97.39,96.75,0.6399994
2025-04-09 10:00:00,97.39,96.75,0.6399994
2025-04-09 11:00:00,97.37,96.7,0.68250275
2025-04-09 12:00:00,97.37,96.75,0.62000275
2025-04-09 13:00:00,97.34,96.75,0.58999634
2025-04-09 14:00:00,97.34,96.75,0.58999634
2025-04-09 15:00:00,97.29,96.75,0.5400009
2025-04-09 16:00:00,97.29,96.75,0.5400009
2025-04-09 17:00:00,97.24,96.75,0.48999786
2025-04-09 18:00:00,97.24,96.75,0.48999786
2025-04-09 19:00:00,97.19,96.75,0.44000244
2025-04-09 20:00:00,97.19,96.75,0.44000244
2025-04-09 21:00:00,97.15,96.75,0.40000153
2025-04-09 22:00:00,97.15,96.7,0.46250153
2025-04-09 23:00:00,97.11,96.7,0.4225006
2025-04-10 00:00:00,97.11,96.6,0.4850006
2025-04-10 01:00:00,97.14,96.6,0.5149994
2025-04-10 02:00:00,97.14,96.6,0.5149994
2025-04-10 03:00:00,97.15,96.6,0.5250015
2025-04-10 04:00:00,97.15,96.6,0.5250015
2025-04-10 05:00:00,97.14,96.6,0.5149994
2025-04-10 06:00:00,97.14,96.6,0.5149994
2025-04-10 07:00:00,97.12,96.6,0.49500275
2025-04-10 08:00:00,97.12,96.6,0.49500275
2025-04-10 09:00:00,97.08,96.6,0.45500183
2025-04-10 10:00:00,97.08,96.6,0.45500183
2025-04-10 11:00:00,97.04,96.6,0.41500092
2025-04-10 12:00:00,97.04,96.56,0.47750092
2025-04-10 13:00:00,97.03,96.5,0.5299988
2025-04-10 14:00:00,97.03,96.5,0.5299988
2025-04-10 15:00:00,96.98,96.56,0.41750336
2025-04-10 16:00:00,96.98,96.5,0.48000336
2025-04-10 17:00:00,96.93,96.5,0.4300003
2025-04-10 18:00:00,96.93,96.5,0.4300003
2025-04-10 19:00:00,96.88,96.44,0.44249725
2025-04-10 20:00:00,96.88,96.44,0.44249725
2025-04-10 21:00:00,96.87,96.44,0.43250275
2025-04-10 22:00:00,96.87,96.5,0.37000275
2025-04-10 23:00:00,96.86,96.44,0.4225006
2025-04-11 00:00:00,96.86,96.44,0.4225006
2025-04-11 01:00:00,96.85,96.4,0.47499847
2025-04-11 02:00:00,96.85,96.44,0.41249847
2025-04-11 03:00:00,96.82,96.44,0.3824997
2025-04-11 04:00:00,96.82,96.44,0.3824997
2025-04-11 05:00:00,96.79,96.44,0.35250092
2025-04-11 06:00:00,96.79,96.44,0.35250092
2025-04-11 07:00:00,96.73,96.44,0.29250336
2025-04-11 08:00:00,96.73,96.44,0.29250336
2025-04-11 09:00:00,96.67,96.4,0.29499817
2025-04-11 10:00:00,96.67,96.4,0.29499817
2025-04-11 11:00:00,96.65,96.3,0.33750153
2025-04-11 12:00:00,96.65,96.3,0.33750153
2025-04-11 13:00:00,96.66,96.3,0.34750366
2025-04-11 14:00:00,96.66,96.3,0.34750366
2025-04-11 15:00:00,96.65,96.3,0.33750153
2025-04-11 16:00:00,96.65,96.25,0.40000153
2025-04-11 17:00:00,96.61,96.25,0.3600006
2025-04-11 18:00:00,96.61,96.3,0.2975006
2025-04-11 19:00:00,96.54,96.25,0.29000092
2025-04-11 20:00:00,96.54,96.25,0.29000092
2025-04-11 21:00:00,96.5,96.2,0.3125
2025-04-11 22:00:00,96.5,96.25,0.25
2025-04-11 23:00:00,96.47,96.1,0.34500122
2025-04-12 00:00:00,96.47,96.06,0.40750122
2025-04-12 01:00:00,96.44,96.0,0.44000244
2025-04-12 02:00:00,96.44,96.06,0.37750244
2025-04-12 03:00:00,96.41,96.0,0.41000366
2025-04-12 04:00:00,96.41,96.0,0.41000366
2025-04-12 05:00:00,96.41,96.0,0.41000366
2025-04-12 06:00:00,96.41,96.06,0.34750366
2025-04-12 07:00:00,96.39,96.06,0.3274994
2025-04-12 08:00:00,96.39,96.06,0.3274994
2025-04-12 09:00:00,96.36,96.0,0.3600006
2025-04-12 10:00:00,96.36,96.0,0.3600006
2025-04-12 11:00:00,96.35,96.0,0.34999847
2025-04-12 12:00:00,96.35,96.06,0.28749847
2025-04-12 13:00:00,96.32,96.0,0.3199997
2025-04-12 14:00:00,96.32,96.06,0.2574997
2025-04-12 15:00:00,96.3,96.0,0.30000305
2025-04-12 16:00:00,96.3,96.0,0.30000305
2025-04-12 17:00:00,96.24,95.9,0.36499786
2025-04-12 18:00:00,96.24,95.94,0.30249786
2025-04-12 19:00:00,96.16,95.94,0.22250366
2025-04-12 20:00:00,96.16,95.9,0.28500366
2025-04-12 21:00:00,96.13,95.75,0.37999725
2025-04-12 22:00:00,96.13,95.9,0.25499725
2025-04-12 23:00:00,96.13,95.8,0.31749725
2025-04-13 00:00:00,96.13,95.8,0.31749725
2025-04-13 01:00:00,96.19,95.75,0.44000244
2025-04-13 02:00:00,96.19,95.8,0.37750244
2025-04-13 03:00:00,96.23,95.8,0.41750336
2025-04-13 04:00:00,96.23,95.8,0.41750336
2025-04-13 05:00:00,96.26,95.8,0.44750214
2025-04-13 06:00:00,96.26,95.8,0.44750214
2025-04-13 07:00:00,96.27,95.9,0.39499664
2025-04-13 08:00:00,96.27,95.9,0.39499664
2025-04-13 09:00:00,96.25,95.9,0.375
2025-04-13 10:00:00,96.25,95.9,0.375
2025-04-13 11:00:00,96.23,95.94,0.29250336
2025-04-13 12:00:00,96.23,95.9,0.35500336
2025-04-13 13:00:00,96.21,95.94,0.27249908
2025-04-13 14:00:00,96.21,95.9,0.33499908
2025-04-13 15:00:00,96.18,95.94,0.2425003
2025-04-13 16:00:00,96.18,95.9,0.3050003
2025-04-13 17:00:00,96.15,95.94,0.21250153
2025-04-13 18:00:00,96.15,95.9,0.27500153
2025-04-13 19:00:00,96.12,96.0,0.12000275
2025-04-13 20:00:00,96.12,95.94,0.18250275
2025-04-13 21:00:00,96.08,95.9,0.20500183
2025-04-13 22:00:00,96.08,95.9,0.20500183
2025-04-13 23:00:00,96.05,95.9,0.17500305
2025-04-14 00:00:00,96.05,95.8,0.23750305
2025-04-14 01:00:00,96.02,95.8,0.20749664
2025-04-14 02:00:00,96.02,95.8,0.20749664
2025-04-14 03:00:00,95.99,95.8,0.17749786
2025-04-14 04:00:00,95.99,95.75,0.23999786
2025-04-14 05:00:00,95.96,95.8,0.14749908
2025-04-14 06:00:00,95.96,95.8,0.14749908
2025-04-14 07:00:00,95.94,95.8,0.12750244
2025-04-14 08:00:00,95.94,95.75,0.19000244
2025-04-14 09:00:00,95.9,95.75,0.15000153
2025-04-14 10:00:00,95.9,95.8,0.087501526
2025-04-14 11:00:00,95.89,95.8,0.07749939
2025-04-14 12:00:00,95.89,95.8,0.07749939
2025-04-14 13:00:00,95.86,95.8,0.04750061
2025-04-14 14:00:00,95.86,95.9,0.01499939
2025-04-14 15:00:00,95.81,95.9,0.06500244
2025-04-14 16:00:00,95.81,95.9,0.06500244
2025-04-14 17:00:00,95.76,95.9,0.114997864
2025-04-14 18:00:00,95.76,95.8,0.052497864
2025-04-14 19:00:00,95.73,95.8,0.08249664
2025-04-14 20:00:00,95.73,95.8,0.08249664
2025-04-14 21:00:00,95.7,95.8,0.11250305
2025-04-14 22:00:00,95.7,95.8,0.11250305
2025-04-14 23:00:00,95.67,95.8,0.14250183
2025-04-15 00:00:00,95.67,95.8,0.14250183
2025-04-15 01:00:00,95.67,95.8,0.14250183
2025-04-15 02:00:00,95.67,95.8,0.14250183
2025-04-15 03:00:00,95.67,95.8,0.14250183
2025-04-15 04:00:00,95.67,95.8,0.14250183
2025-04-15 05:00:00,95.65,95.8,0.16249847
2025-04-15 06:00:00,95.65,95.8,0.16249847
2025-04-15 07:00:00,95.64,95.8,0.17250061
2025-04-15 08:00:00,95.64,95.8,0.17250061
2025-04-15 09:00:00,95.6,95.8,0.21250153
2025-04-15 10:00:00,95.6,95.8,0.21250153
2025-04-15 11:00:00,95.55,95.8,0.26249695
2025-04-15 12:00:00,95.55,95.8,0.26249695
2025-04-15 13:00:00,95.5,95.8,0.3125
2025-04-15 14:00:00,95.5,95.8,0.3125
2025-04-15 15:00:00,95.47,95.8,0.34249878
2025-04-15 16:00:00,95.47,95.8,0.34249878
2025-04-15 17:00:00,95.43,95.8,0.3824997
2025-04-15 18:00:00,95.43,95.8,0.3824997
2025-04-15 19:00:00,95.39,95.75,0.3600006
2025-04-15 20:00:00,95.39,95.8,0.4225006
2025-04-15 21:00:00,95.35,95.7,0.33750153
2025-04-15 22:00:00,95.35,95.7,0.33750153
2025-04-15 23:00:00,95.35,95.7,0.33750153
2025-04-16 00:00:00,95.35,95.6,0.27500153
2025-04-16 01:00:00,95.36,95.7,0.3274994
2025-04-16 02:00:00,95.36,95.6,0.2649994
2025-04-16 03:00:00,95.38,95.6,0.24500275
2025-04-16 04:00:00,95.38,95.6,0.24500275
2025-04-16 05:00:00,95.37,95.7,0.31749725
2025-04-16 06:00:00,95.37,95.6,0.25499725
2025-04-16 07:00:00,95.37,95.7,0.31749725
2025-04-16 08:00:00,95.37,95.6,0.25499725
2025-04-16 09:00:00,95.33,95.7,0.35749817
2025-04-16 10:00:00,95.33,95.6,0.29499817
2025-04-16 11:00:00,95.29,95.7,0.39749908
2025-04-16 12:00:00,95.29,95.6,0.33499908
2025-04-16 13:00:00,95.25,95.7,0.4375
2025-04-16 14:00:00,95.25,95.7,0.4375
2025-04-16 15:00:00,95.21,95.7,0.47750092
2025-04-16 16:00:00,95.21,95.7,0.47750092
2025-04-16 17:00:00,95.16,95.7,0.52749634
2025-04-16 18:00:00,95.16,95.7,0.52749634
2025-04-16 19:00:00,95.12,95.7,0.56749725
2025-04-16 20:00:00,95.12,95.6,0.50499725
2025-04-16 21:00:00,95.14,95.6,0.4850006
2025-04-16 22:00:00,95.14,95.6,0.4850006
2025-04-16 23:00:00,95.15,95.6,0.47499847
2025-04-17 00:00:00,95.15,95.6,0.47499847
2025-04-17 01:00:00,95.15,95.6,0.47499847
2025-04-17 02:00:00,95.15,95.6,0.47499847
2025-04-17 03:00:00,95.17,95.56,0.39250183
2025-04-17 04:00:00,95.17,95.6,0.45500183
2025-04-17 05:00:00,95.18,95.6,0.4449997
2025-04-17 06:00:00,95.18,95.6,0.4449997
2025-04-17 07:00:00,95.15,95.56,0.41249847
2025-04-17 08:00:00,95.15,95.6,0.47499847
2025-04-17 09:00:00,95.1,95.56,0.46250153
2025-04-17 10:00:00,95.1,95.6,0.5250015
2025-04-17 11:00:00,95.07,95.56,0.4925003
2025-04-17 12:00:00,95.07,95.56,0.4925003
2025-04-17 13:00:00,95.06,95.56,0.50250244
2025-04-17 14:00:00,95.06,95.56,0.50250244
2025-04-17 15:00:00,95.01,95.56,0.55249786
2025-04-17 16:00:00,95.01,95.56,0.55249786
2025-04-17 17:00:00,94.94,95.5,0.55999756
2025-04-17 18:00:00,94.94,95.5,0.55999756
2025-04-17 19:00:00,94.89,95.44,0.5475006
2025-04-17 20:00:00,94.89,95.44,0.5475006
2025-04-17 21:00:00,94.88,95.44,0.55750275
2025-04-17 22:00:00,94.88,95.44,0.55750275
2025-04-17 23:00:00,94.88,95.44,0.55750275
2025-04-18 00:00:00,94.88,95.4,0.49500275
2025-04-18 01:00:00,94.9,95.4,0.47499847
2025-04-18 02:00:00,94.9,95.4,0.47499847
2025-04-18 03:00:00,94.89,95.4,0.4850006
2025-04-18 04:00:00,94.89,95.4,0.4850006
2025-04-18 05:00:00,94.89,95.4,0.4850006
2025-04-18 06:00:00,94.89,95.4,0.4850006
2025-04-18 07:00:00,94.85,95.4,0.5250015
2025-04-18 08:00:00,94.85,95.4,0.5250015
2025-04-18 09:00:00,94.82,95.4,0.5550003
2025-04-18 10:00:00,94.82,95.4,0.5550003
2025-04-18 11:00:00,94.82,95.4,0.5550003
2025-04-18 12:00:00,94.82,95.44,0.6175003
2025-04-18 13:00:00,94.83,95.4,0.54499817
2025-04-18 14:00:00,94.83,95.4,0.54499817
2025-04-18 15:00:00,94.81,95.3,0.50250244
2025-04-18 16:00:00,94.81,95.4,0.56500244
2025-04-18 17:00:00,94.79,95.4,0.5849991
2025-04-18 18:00:00,94.79,95.4,0.5849991
2025-04-18 19:00:00,94.77,95.4,0.60500336
2025-04-18 20:00:00,94.77,95.4,0.60500336
2025-04-18 21:00:00,94.76,95.4,0.61499786
2025-04-18 22:00:00,94.76,95.4,0.61499786
2025-04-18 23:00:00,94.75,95.3,0.5625
2025-04-19 00:00:00,94.75,95.4,0.625
2025-04-19 01:00:00,94.8,95.3,0.51249695
2025-04-19 02:00:00,94.8,95.3,0.51249695
2025-04-19 03:00:00,94.86,95.3,0.4524994
2025-04-19 04:00:00,94.86,95.4,0.5149994
2025-04-19 05:00:00,94.9,95.4,0.47499847
2025-04-19 06:00:00,94.9,95.4,0.47499847
2025-04-19 07:00:00,94.93,95.4,0.4449997
2025-04-19 08:00:00,94.93,95.4,0.4449997
2025-04-19 09:00:00,94.95,95.4,0.42500305
2025-04-19 10:00:00,94.95,95.4,0.42500305
2025-04-19 11:00:00,94.96,95.4,0.41500092
2025-04-19 12:00:00,94.96,95.4,0.41500092
2025-04-19 13:00:00,95.0,95.4,0.375
2025-04-19 14:00:00,95.0,95.4,0.375
2025-04-19 15:00:00,95.04,95.4,0.33499908
2025-04-19 16:00:00,95.04,95.44,0.39749908
2025-04-19 17:00:00,95.06,95.44,0.37750244
2025-04-19 18:00:00,95.06,95.44,0.37750244
2025-04-19 19:00:00,95.02,95.44,0.41750336
2025-04-19 20:00:00,95.02,95.44,0.41750336
2025-04-19 21:00:00,94.99,95.44,0.44750214
2025-04-19 22:00:00,94.99,95.4,0.38500214
2025-04-19 23:00:00,94.97,95.4,0.40499878
2025-04-20 00:00:00,94.97,95.44,0.46749878
2025-04-20 01:00:00,94.97,95.4,0.40499878
2025-04-20 02:00:00,94.97,95.4,0.40499878
2025-04-20 03:00:00,95.01,95.3,0.30249786
2025-04-20 04:00:00,95.01,95.4,0.36499786
2025-04-20 05:00:00,95.02,95.4,0.35500336
2025-04-20 06:00:00,95.02,95.4,0.35500336
2025-04-20 07:00:00,95.03,95.4,0.34500122
2025-04-20 08:00:00,95.03,95.4,0.34500122
2025-04-20 09:00:00,95.05,95.4,0.32499695
2025-04-20 10:00:00,95.05,95.4,0.32499695
2025-04-20 11:00:00,95.06,95.4,0.31500244
2025-04-20 12:00:00,95.06,95.44,0.37750244
2025-04-20 13:00:00,95.05,95.44,0.38749695
2025-04-20 14:00:00,95.05,95.44,0.38749695
2025-04-20 15:00:00,95.02,95.44,0.41750336
2025-04-20 16:00:00,95.02,95.44,0.41750336
2025-04-20 17:00:00,94.98,95.44,0.45749664
2025-04-20 18:00:00,94.98,95.44,0.45749664
2025-04-20 19:00:00,94.96,95.44,0.47750092
2025-04-20 20:00:00,94.96,95.44,0.47750092
2025-04-20 21:00:00,94.93,95.4,0.4449997
2025-04-20 22:00:00,94.93,95.4,0.4449997
2025-04-20 23:00:00,94.95,95.4,0.42500305
2025-04-21 00:00:00,94.95,95.4,0.42500305
2025-04-21 01:00:00,94.97,95.3,0.34249878
2025-04-21 02:00:00,94.97,95.4,0.40499878
2025-04-21 03:00:00,94.98,95.4,0.39499664
2025-04-21 04:00:00,94.98,95.4,0.39499664
2025-04-21 05:00:00,94.99,95.4,0.38500214
2025-04-21 06:00:00,94.99,95.4,0.38500214
2025-04-21 07:00:00,95.0,95.4,0.375
2025-04-21 08:00:00,95.0,95.4,0.375
2025-04-21 09:00:00,95.0,95.4,0.375
2025-04-21 10:00:00,95.0,95.4,0.375
2025-04-21 11:00:00,94.99,95.4,0.38500214
2025-04-21 12:00:00,94.99,95.44,0.44750214
2025-04-21 13:00:00,94.98,95.4,0.39499664
2025-04-21 14:00:00,94.98,95.44,0.45749664
2025-04-21 15:00:00,94.97,95.44,0.46749878
2025-04-21 16:00:00,94.97,95.44,0.46749878
2025-04-21 17:00:00,94.97,95.44,0.46749878
2025-04-21 18:00:00,94.97,95.44,0.46749878
2025-04-21 19:00:00,94.96,95.44,0.47750092
2025-04-21 20:00:00,94.96,95.44,0.47750092
2025-04-21 21:00:00,94.95,95.44,0.48750305
2025-04-21 22:00:00,94.95,95.44,0.48750305
2025-04-21 23:00:00,94.92,95.4,0.45500183
2025-04-22 00:00:00,94.92,95.4,0.45500183
2025-04-22 01:00:00,94.92,95.4,0.45500183
2025-04-22 02:00:00,94.92,95.4,0.45500183
2025-04-22 03:00:00,94.92,95.4,0.45500183
2025-04-22 04:00:00,94.92,95.44,0.51750183
2025-04-22 05:00:00,94.92,95.4,0.45500183
2025-04-22 06:00:00,94.92,95.4,0.45500183
2025-04-22 07:00:00,94.92,95.4,0.45500183
2025-04-22 08:00:00,94.92,95.4,0.45500183
2025-04-22 09:00:00,94.92,95.4,0.45500183
2025-04-22 10:00:00,94.92,95.4,0.45500183
2025-04-22 11:00:00,94.92,95.44,0.51750183
2025-04-22 12:00:00,94.92,95.44,0.51750183
2025-04-22 13:00:00,94.92,95.44,0.51750183
2025-04-22 14:00:00,94.92,95.44,0.51750183
2025-04-22 15:00:00,94.92,95.44,0.51750183
2025-04-22 16:00:00,94.92,95.44,0.51750183
2025-04-22 17:00:00,94.92,95.44,0.51750183
2025-04-22 18:00:00,94.92,95.44,0.51750183
2025-04-22 19:00:00,94.92,95.44,0.51750183
2025-04-22 20:00:00,94.92,95.44,0.51750183
2025-04-22 21:00:00,94.92,95.44,0.51750183
2025-04-22 22:00:00,94.92,95.44,0.51750183
2025-04-22 23:00:00,94.92,95.44,0.51750183
2025-04-23 00:00:00,94.92,95.44,0.51750183
2025-04-23 01:00:00,94.86,95.44,0.5774994
2025-04-23 02:00:00,94.86,95.4,0.5149994
2025-04-23 03:00:00,94.91,95.4,0.46499634
2025-04-23 04:00:00,94.91,95.44,0.52749634
2025-04-23 05:00:00,94.94,95.44,0.49749756
2025-04-23 06:00:00,94.94,95.44,0.49749756
2025-04-23 07:00:00,94.97,95.44,0.46749878
2025-04-23 08:00:00,94.97,95.5,0.5299988
2025-04-23 09:00:00,94.95,95.44,0.48750305
2025-04-23 10:00:00,94.95,95.44,0.48750305
2025-04-23 11:00:00,94.95,95.44,0.48750305
2025-04-23 12:00:00,94.95,95.5,0.55000305
2025-04-23 13:00:00,94.93,95.5,0.5699997
2025-04-23 14:00:00,94.93,95.5,0.5699997
2025-04-23 15:00:00,94.89,95.5,0.6100006
2025-04-23 16:00:00,94.89,95.5,0.6100006
2025-04-23 17:00:00,94.84,95.5,0.66000366
2025-04-23 18:00:00,94.84,95.5,0.66000366
2025-04-23 19:00:00,94.83,95.44,0.60749817
2025-04-23 20:00:00,94.83,95.5,0.66999817
2025-04-23 21:00:00,94.82,95.4,0.5550003
2025-04-23 22:00:00,94.82,95.4,0.5550003
2025-04-23 23:00:00,94.81,95.3,0.50250244
2025-04-24 00:00:00,94.81,95.44,0.62750244
2025-04-24 01:00:00,94.84,95.3,0.47250366
2025-04-24 02:00:00,94.84,95.4,0.53500366
2025-04-24 03:00:00,94.88,95.3,0.43250275
2025-04-24 04:00:00,94.88,95.44,0.55750275
2025-04-24 05:00:00,94.91,95.4,0.46499634
2025-04-24 06:00:00,94.91,95.44,0.52749634
2025-04-24 07:00:00,94.95,95.4,0.42500305
2025-04-24 08:00:00,94.95,95.44,0.48750305
2025-04-24 09:00:00,94.98,95.44,0.45749664
2025-04-24 10:00:00,94.98,95.44,0.45749664
2025-04-24 11:00:00,94.98,95.44,0.45749664
2025-04-24 12:00:00,94.98,95.5,0.51999664
2025-04-24 13:00:00,94.98,95.44,0.45749664
2025-04-24 14:00:00,94.98,95.44,0.45749664
2025-04-24 15:00:00,94.94,95.44,0.49749756
2025-04-24 16:00:00,94.94,95.5,0.55999756
2025-04-24 17:00:00,94.89,95.44,0.5475006
2025-04-24 18:00:00,94.89,95.44,0.5475006
2025-04-24 19:00:00,94.86,95.4,0.5149994
2025-04-24 20:00:00,94.86,95.44,0.5774994
2025-04-24 21:00:00,94.83,95.4,0.54499817
2025-04-24 22:00:00,94.83,95.4,0.54499817
2025-04-24 23:00:00,94.84,95.3,0.47250366
2025-04-25 00:00:00,94.84,95.44,0.59750366
2025-04-25 01:00:00,94.87,95.3,0.44249725
2025-04-25 02:00:00,94.87,95.4,0.50499725
2025-04-25 03:00:00,94.92,95.3,0.39250183
2025-04-25 04:00:00,94.92,95.4,0.45500183
2025-04-25 05:00:00,94.93,95.25,0.3199997
2025-04-25 06:00:00,94.93,95.4,0.4449997
2025-04-25 07:00:00,94.93,95.3,0.3824997
2025-04-25 08:00:00,94.93,95.4,0.4449997
2025-04-25 09:00:00,94.93,95.3,0.3824997
2025-04-25 10:00:00,94.93,95.4,0.4449997
2025-04-25 11:00:00,94.93,95.25,0.3199997
2025-04-25 12:00:00,94.93,95.4,0.4449997
2025-04-25 13:00:00,94.9,95.3,0.41249847
2025-04-25 14:00:00,94.9,95.44,0.5374985
2025-04-25 15:00:00,94.85,95.3,0.46250153
2025-04-25 16:00:00,94.85,95.44,0.5875015
2025-04-25 17:00:00,94.81,95.3,0.50250244
2025-04-25 18:00:00,94.81,95.44,0.62750244
2025-04-25 19:00:00,94.78,95.4,0.5950012
2025-04-25 20:00:00,94.78,95.44,0.6575012
2025-04-25 21:00:00,94.76,95.4,0.61499786
2025-04-25 22:00:00,94.76,95.44,0.67749786
2025-04-25 23:00:00,94.77,95.4,0.60500336
2025-04-26 00:00:00,94.77,95.44,0.66750336
2025-04-26 01:00:00,94.79,95.4,0.5849991
2025-04-26 02:00:00,94.79,95.44,0.6474991
2025-04-26 03:00:00,94.84,95.44,0.59750366
2025-04-26 04:00:00,94.84,95.5,0.66000366
2025-04-26 05:00:00,94.9,95.44,0.5374985
2025-04-26 06:00:00,94.9,95.5,0.5999985
2025-04-26 07:00:00,94.92,95.5,0.58000183
2025-04-26 08:00:00,94.92,95.56,0.64250183
2025-04-26 09:00:00,94.95,95.5,0.55000305
2025-04-26 10:00:00,94.95,95.56,0.61250305
2025-04-26 11:00:00,94.96,95.56,0.6025009
2025-04-26 12:00:00,94.96,95.6,0.6650009
2025-04-26 13:00:00,95.0,95.56,0.5625
2025-04-26 14:00:00,95.0,95.56,0.5625
2025-04-26 15:00:00,95.0,95.56,0.5625
2025-04-26 16:00:00,95.0,95.56,0.5625
2025-04-26 17:00:00,94.95,95.56,0.61250305
2025-04-26 18:00:00,94.95,95.56,0.61250305
2025-04-26 19:00:00,94.9,95.56,0.6624985
2025-04-26 20:00:00,94.9,95.5,0.5999985
2025-04-26 21:00:00,94.85,95.5,0.6500015
2025-04-26 22:00:00,94.85,95.5,0.6500015
2025-04-26 23:00:00,94.83,95.5,0.66999817
2025-04-27 00:00:00,94.83,95.5,0.66999817
2025-04-27 01:00:00,94.83,95.44,0.60749817
2025-04-27 02:00:00,94.83,95.44,0.60749817
2025-04-27 03:00:00,94.84,95.44,0.59750366
2025-04-27 04:00:00,94.84,95.5,0.66000366
2025-04-27 05:00:00,94.87,95.44,0.56749725
2025-04-27 06:00:00,94.87,95.4,0.50499725
2025-04-27 07:00:00,94.89,95.44,0.5475006
2025-04-27 08:00:00,94.89,95.44,0.5475006
2025-04-27 09:00:00,94.9,95.44,0.5374985
2025-04-27 10:00:00,94.9,95.4,0.47499847
2025-04-27 11:00:00,94.92,95.44,0.51750183
2025-04-27 12:00:00,94.92,95.4,0.45500183
2025-04-27 13:00:00,94.93,95.4,0.4449997
2025-04-27 14:00:00,94.93,95.4,0.4449997
2025-04-27 15:00:00,94.92,95.4,0.45500183
2025-04-27 16:00:00,94.92,95.4,0.45500183
2025-04-27 17:00:00,94.88,95.4,0.49500275
2025-04-27 18:00:00,94.88,95.4,0.49500275
2025-04-27 19:00:00,94.82,95.4,0.5550003
2025-04-27 20:00:00,94.82,95.4,0.5550003
2025-04-27 21:00:00,94.8,95.4,0.57499695
2025-04-27 22:00:00,94.8,95.4,0.57499695
2025-04-27 23:00:00,94.78,95.4,0.5950012
2025-04-28 00:00:00,94.78,95.4,0.5950012
2025-04-28 01:00:00,94.8,95.4,0.57499695
2025-04-28 02:00:00,94.8,95.4,0.57499695
2025-04-28 03:00:00,94.86,95.4,0.5149994
2025-04-28 04:00:00,94.86,95.4,0.5149994
2025-04-28 05:00:00,94.92,95.4,0.45500183
2025-04-28 06:00:00,94.92,95.4,0.45500183
2025-04-28 07:00:00,94.94,95.44,0.49749756
2025-04-28 08:00:00,94.94,95.44,0.49749756
2025-04-28 09:00:00,94.95,95.44,0.48750305
2025-04-28 10:00:00,94.95,95.44,0.48750305
2025-04-28 11:00:00,94.95,95.44,0.48750305
2025-04-28 12:00:00,94.95,95.56,0.61250305
2025-04-28 13:00:00,94.97,95.44,0.46749878
2025-04-28 14:00:00,94.97,95.5,0.5299988
2025-04-28 15:00:00,94.98,95.5,0.51999664
2025-04-28 16:00:00,94.98,95.5,0.51999664
2025-04-28 17:00:00,94.97,95.44,0.46749878
2025-04-28 18:00:00,94.97,95.5,0.5299988
2025-04-28 19:00:00,94.94,95.44,0.49749756
2025-04-28 20:00:00,94.94,95.5,0.55999756
2025-04-28 21:00:00,94.9,95.4,0.47499847
2025-04-28 22:00:00,94.9,95.44,0.5374985
2025-04-28 23:00:00,94.85,95.44,0.5875015
2025-04-29 00:00:00,94.85,95.5,0.6500015
2025-04-29 01:00:00,94.83,95.44,0.60749817
2025-04-29 02:00:00,94.83,95.44,0.60749817
2025-04-29 03:00:00,94.85,95.44,0.5875015
2025-04-29 04:00:00,94.85,95.5,0.6500015
2025-04-29 05:00:00,94.84,95.44,0.59750366
2025-04-29 06:00:00,94.84,95.44,0.59750366
2025-04-29 07:00:00,94.82,95.44,0.6175003
2025-04-29 08:00:00,94.82,95.5,0.6800003
2025-04-29 09:00:00,94.79,95.44,0.6474991
2025-04-29 10:00:00,94.79,95.5,0.7099991
2025-04-29 11:00:00,94.8,95.5,0.69999695
2025-04-29 12:00:00,94.8,95.5,0.69999695
2025-04-29 13:00:00,94.83,95.44,0.60749817
2025-04-29 14:00:00,94.83,95.44,0.60749817
2025-04-29 15:00:00,94.83,95.44,0.60749817
2025-04-29 16:00:00,94.83,95.44,0.60749817
2025-04-29 17:00:00,94.81,95.44,0.62750244
2025-04-29 18:00:00,94.81,95.44,0.62750244
2025-04-29 19:00:00,94.78,95.44,0.6575012
2025-04-29 20:00:00,94.78,95.44,0.6575012
2025-04-29 21:00:00,94.77,95.44,0.66750336
2025-04-29 22:00:00,94.77,95.44,0.66750336
2025-04-29 23:00:00,94.77,95.44,0.66750336
2025-04-30 00:00:00,94.77,95.44,0.66750336
2025-04-30 01:00:00,94.77,95.4,0.60500336
2025-04-30 02:00:00,94.77,95.4,0.60500336
2025-04-30 03:00:00,94.74,95.4,0.63500214
2025-04-30 04:00:00,94.74,95.4,0.63500214
2025-04-30 05:00:00,94.71,95.4,0.6650009
2025-04-30 06:00:00,94.71,95.4,0.6650009
2025-04-30 07:00:00,94.7,95.4,0.67500305
2025-04-30 08:00:00,94.7,95.4,0.67500305
2025-04-30 09:00:00,94.69,95.4,0.68499756
2025-04-30 10:00:00,94.69,95.4,0.68499756
2025-04-30 11:00:00,94.68,95.4,0.6949997
2025-04-30 12:00:00,94.68,95.4,0.6949997
2025-04-30 13:00:00,94.68,95.4,0.6949997
2025-04-30 14:00:00,94.68,95.4,0.6949997
2025-04-30 15:00:00,94.66,95.4,0.71499634
2025-04-30 16:00:00,94.66,95.4,0.71499634
2025-04-30 17:00:00,94.63,95.4,0.74500275
2025-04-30 18:00:00,94.63,95.4,0.74500275
2025-04-30 19:00:00,94.62,95.4,0.75499725
2025-04-30 20:00:00,94.62,95.4,0.75499725
2025-04-30 21:00:00,94.63,95.4,0.74500275
2025-04-30 22:00:00,94.63,95.3,0.68250275
2025-04-30 23:00:00,94.65,95.3,0.6624985
2025-05-01 00:00:00,94.65,95.3,0.6624985
2025-05-01 01:00:00,94.67,95.3,0.64250183
2025-05-01 02:00:00,94.67,95.4,0.70500183
2025-05-01 03:00:00,94.69,95.25,0.55999756
2025-05-01 04:00:00,94.69,95.3,0.62249756
2025-05-01 05:00:00,94.67,95.3,0.64250183
2025-05-01 06:00:00,94.67,95.3,0.64250183
2025-05-01 07:00:00,94.66,95.25,0.58999634
2025-05-01 08:00:00,94.66,95.3,0.65249634
2025-05-01 09:00:00,94.7,95.25,0.55000305
2025-05-01 10:00:00,94.7,95.3,0.61250305
2025-05-01 11:00:00,94.74,95.2,0.44750214
2025-05-01 12:00:00,94.74,95.25,0.51000214
2025-05-01 13:00:00,94.74,95.25,0.51000214
2025-05-01 14:00:00,94.74,95.3,0.57250214
2025-05-01 15:00:00,94.75,95.25,0.5
2025-05-01 16:00:00,94.75,95.25,0.5
2025-05-01 17:00:00,94.75,95.3,0.5625
2025-05-01 18:00:00,94.75,95.4,0.625
2025-05-01 19:00:00,94.72,95.3,0.5924988
2025-05-01 20:00:00,94.72,95.4,0.6549988
2025-05-01 21:00:00,94.65,95.4,0.7249985
2025-05-01 22:00:00,94.65,95.4,0.7249985
2025-05-01 23:00:00,94.6,95.3,0.7125015
2025-05-02 00:00:00,94.6,95.3,0.7125015
2025-05-02 01:00:00,94.61,95.3,0.7024994
2025-05-02 02:00:00,94.61,95.3,0.7024994
2025-05-02 03:00:00,94.64,95.25,0.6100006
2025-05-02 04:00:00,94.64,95.3,0.6725006
2025-05-02 05:00:00,94.64,95.3,0.6725006
2025-05-02 06:00:00,94.64,95.3,0.6725006
2025-05-02 07:00:00,94.6,95.25,0.6500015
2025-05-02 08:00:00,94.6,95.3,0.7125015
2025-05-02 09:00:00,94.58,95.3,0.73249817
2025-05-02 10:00:00,94.58,95.3,0.73249817
2025-05-02 11:00:00,94.55,95.3,0.76249695
2025-05-02 12:00:00,94.55,95.3,0.76249695
2025-05-02 13:00:00,94.5,95.3,0.8125
2025-05-02 14:00:00,94.5,95.3,0.8125
2025-05-02 15:00:00,94.41,95.3,0.90249634
2025-05-02 16:00:00,94.41,95.3,0.90249634
2025-05-02 17:00:00,94.33,95.3,0.98249817
2025-05-02 18:00:00,94.33,95.3,0.98249817
2025-05-02 19:00:00,94.3,95.25,0.94999695
2025-05-02 20:00:00,94.3,95.25,0.94999695
2025-05-02 21:00:00,94.28,95.25,0.9700012
2025-05-02 22:00:00,94.28,95.25,0.9700012
2025-05-02 23:00:00,94.25,95.25,1.0
2025-05-03 00:00:00,94.25,95.25,1.0
2025-05-03 01:00:00,94.23,95.2,0.95749664
2025-05-03 02:00:00,94.23,95.25,1.0199966
2025-05-03 03:00:00,94.24,95.25,1.0100021
2025-05-03 04:00:00,94.24,95.25,1.0100021
2025-05-03 05:00:00,94.26,95.25,0.98999786
2025-05-03 06:00:00,94.26,95.25,0.98999786
2025-05-03 07:00:00,94.29,95.25,0.9599991
2025-05-03 08:00:00,94.29,95.25,0.9599991
2025-05-03 09:00:00,94.29,95.25,0.9599991
2025-05-03 10:00:00,94.29,95.3,1.0224991
2025-05-03 11:00:00,94.31,95.3,1.0025024
2025-05-03 12:00:00,94.31,95.3,1.0025024
2025-05-03 13:00:00,94.33,95.25,0.91999817
2025-05-03 14:00:00,94.33,95.3,0.98249817
2025-05-03 15:00:00,94.34,95.3,0.97250366
2025-05-03 16:00:00,94.34,95.3,0.97250366
2025-05-03 17:00:00,94.31,95.3,1.0025024
2025-05-03 18:00:00,94.31,95.3,1.0025024
2025-05-03 19:00:00,94.32,95.3,0.9925003
2025-05-03 20:00:00,94.32,95.3,0.9925003
2025-05-03 21:00:00,94.31,95.3,1.0025024
2025-05-03 22:00:00,94.31,95.3,1.0025024
2025-05-03 23:00:00,94.28,95.3,1.0325012
2025-05-04 00:00:00,94.28,95.3,1.0325012
2025-05-04 01:00:00,94.25,95.3,1.0625
2025-05-04 02:00:00,94.25,95.3,1.0625
2025-05-04 03:00:00,94.23,95.25,1.0199966
2025-05-04 04:00:00,94.23,95.3,1.0824966
2025-05-04 05:00:00,94.22,95.3,1.0924988
2025-05-04 06:00:00,94.22,95.4,1.1549988
2025-05-04 07:00:00,94.23,95.3,1.0824966
2025-05-04 08:00:00,94.23,95.3,1.0824966
2025-05-04 09:00:00,94.27,95.3,1.0425034
2025-05-04 10:00:00,94.27,95.3,1.0425034
2025-05-04 11:00:00,94.31,95.3,1.0025024
2025-05-04 12:00:00,94.31,95.3,1.0025024
2025-05-04 13:00:00,94.35,95.3,0.9625015
2025-05-04 14:00:00,94.35,95.3,0.9625015
2025-05-04 15:00:00,94.36,95.3,0.9524994
2025-05-04 16:00:00,94.36,95.3,0.9524994
2025-05-04 17:00:00,94.34,95.4,1.0350037
2025-05-04 18:00:00,94.34,95.3,0.97250366
2025-05-04 19:00:00,94.34,95.3,0.97250366
2025-05-04 20:00:00,94.34,95.3,0.97250366
2025-05-04 21:00:00,94.32,95.3,0.9925003
2025-05-04 22:00:00,94.32,95.3,0.9925003
2025-05-04 23:00:00,94.31,95.3,1.0025024
2025-05-05 00:00:00,94.31,95.3,1.0025024
2025-05-05 01:00:00,94.31,95.3,1.0025024
2025-05-05 02:00:00,94.31,95.3,1.0025024
2025-05-05 03:00:00,94.3,95.3,1.012497
2025-05-05 04:00:00,94.3,95.3,1.012497
2025-05-05 05:00:00,94.27,95.3,1.0425034
2025-05-05 06:00:00,94.27,95.3,1.0425034
2025-05-05 07:00:00,94.26,95.3,1.0524979
2025-05-05 08:00:00,94.26,95.4,1.1149979
2025-05-05 09:00:00,94.23,95.4,1.1449966
2025-05-05 10:00:00,94.23,95.3,1.0824966
2025-05-05 11:00:00,94.2,95.3,1.112503
2025-05-05 12:00:00,94.2,95.4,1.175003
2025-05-05 13:00:00,94.14,95.4,1.2350006
2025-05-05 14:00:00,94.14,95.3,1.1725006
2025-05-05 15:00:00,94.05,95.3,1.262497
2025-05-05 16:00:00,94.05,95.3,1.262497
2025-05-05 17:00:00,93.95,95.3,1.362503
2025-05-05 18:00:00,93.95,95.3,1.362503
2025-05-05 19:00:00,93.87,95.3,1.4424973
2025-05-05 20:00:00,93.87,95.3,1.4424973
2025-05-05 21:00:00,93.79,95.25,1.4599991
2025-05-05 22:00:00,93.79,95.25,1.4599991
2025-05-05 23:00:00,93.75,95.2,1.4375
2025-05-06 00:00:00,93.75,95.2,1.4375
2025-05-06 01:00:00,93.73,95.2,1.4574966
2025-05-06 02:00:00,93.73,95.2,1.4574966
2025-05-06 03:00:00,93.74,95.1,1.3850021
2025-05-06 04:00:00,93.74,95.2,1.4475021
2025-05-06 05:00:00,93.72,95.2,1.4674988
2025-05-06 06:00:00,93.72,95.2,1.4674988
2025-05-06 07:00:00,93.68,95.2,1.5074997
2025-05-06 08:00:00,93.68,95.2,1.5074997
2025-05-06 09:00:00,93.6,95.2,1.5875015
2025-05-06 10:00:00,93.6,95.2,1.5875015
2025-05-06 11:00:00,93.55,95.1,1.574997
2025-05-06 12:00:00,93.55,95.1,1.574997
2025-05-06 13:00:00,93.51,95.1,1.6149979
2025-05-06 14:00:00,93.51,95.1,1.6149979
2025-05-06 15:00:00,93.46,95.1,1.6650009
2025-05-06 16:00:00,93.46,95.1,1.6650009
2025-05-06 17:00:00,93.39,95.1,1.7350006
2025-05-06 18:00:00,93.39,95.1,1.7350006
2025-05-06 19:00:00,93.33,95.1,1.7949982
2025-05-06 20:00:00,93.33,95.1,1.7949982
2025-05-06 21:00:00,93.28,95.1,1.8450012
2025-05-06 22:00:00,93.28,95.1,1.8450012
2025-05-06 23:00:00,93.22,95.1,1.9049988
2025-05-07 00:00:00,93.22,95.1,1.9049988
2025-05-07 01:00:00,93.2,95.06,1.862503
2025-05-07 02:00:00,93.2,95.06,1.862503
2025-05-07 03:00:00,93.17,95.06,1.8925018
2025-05-07 04:00:00,93.17,95.06,1.8925018
2025-05-07 05:00:00,93.1,95.06,1.9625015
2025-05-07 06:00:00,93.1,95.1,2.0250015
2025-05-07 07:00:00,93.08,95.06,1.9824982
2025-05-07 08:00:00,93.08,95.06,1.9824982
2025-05-07 09:00:00,93.03,95.06,2.0325012
2025-05-07 10:00:00,93.03,95.06,2.0325012
2025-05-07 11:00:00,92.99,95.06,2.0725021
2025-05-07 12:00:00,92.99,95.06,2.0725021
2025-05-07 13:00:00,92.9,95.06,2.1624985
2025-05-07 14:00:00,92.9,95.06,2.1624985
2025-05-07 15:00:00,92.83,95.06,2.2324982
2025-05-07 16:00:00,92.83,95.06,2.2324982
2025-05-07 17:00:00,92.76,95.06,2.3024979
2025-05-07 18:00:00,92.76,95.06,2.3024979
2025-05-07 19:00:00,92.71,95.06,2.352501
2025-05-07 20:00:00,92.71,95.0,2.290001
2025-05-07 21:00:00,92.65,95.0,2.3499985
2025-05-07 22:00:00,92.65,95.0,2.3499985
2025-05-07 23:00:00,92.61,95.0,2.3899994
2025-05-08 00:00:00,92.61,95.0,2.3899994
2025-05-08 01:00:00,92.55,95.0,2.449997
2025-05-08 02:00:00,92.55,95.0,2.449997
2025-05-08 03:00:00,92.51,95.0,2.4899979
2025-05-08 04:00:00,92.51,94.94,2.4274979
2025-05-08 05:00:00,92.49,95.0,2.5100021
2025-05-08 06:00:00,92.49,94.94,2.4475021
2025-05-08 07:00:00,92.46,94.94,2.477501
2025-05-08 08:00:00,92.46,94.94,2.477501
2025-05-08 09:00:00,92.42,94.94,2.5175018
2025-05-08 10:00:00,92.42,94.94,2.5175018
2025-05-08 11:00:00,92.4,94.94,2.5374985
2025-05-08 12:00:00,92.4,94.94,2.5374985
2025-05-08 13:00:00,92.35,94.94,2.5875015
2025-05-08 14:00:00,92.35,94.94,2.5875015
2025-05-08 15:00:00,92.26,94.94,2.6774979
2025-05-08 16:00:00,92.26,94.94,2.6774979
2025-05-08 17:00:00,92.18,94.94,2.7574997
2025-05-08 18:00:00,92.18,94.94,2.7574997
2025-05-08 19:00:00,92.12,94.94,2.8174973
2025-05-08 20:00:00,92.12,94.94,2.8174973
2025-05-08 21:00:00,92.07,94.94,2.8675003
2025-05-08 22:00:00,92.07,94.94,2.8675003
2025-05-08 23:00:00,92.03,94.94,2.9075012
2025-05-09 00:00:00,92.03,94.9,2.8450012
2025-05-09 01:00:00,92.02,94.9,2.8550034
2025-05-09 02:00:00,92.02,94.9,2.8550034
2025-05-09 03:00:00,91.99,94.9,2.8850021
2025-05-09 04:00:00,91.99,94.9,2.8850021
2025-05-09 05:00:00,91.96,94.9,2.915001
2025-05-09 06:00:00,91.96,94.94,2.977501
2025-05-09 07:00:00,91.9,94.9,2.9749985
2025-05-09 08:00:00,91.9,94.9,2.9749985
2025-05-09 09:00:00,91.83,94.9,3.0449982
2025-05-09 10:00:00,91.83,94.94,3.1074982
2025-05-09 11:00:00,91.75,94.9,3.125
2025-05-09 12:00:00,91.75,94.9,3.125
2025-05-09 13:00:00,91.68,94.9,3.1949997
2025-05-09 14:00:00,91.68,94.9,3.1949997
2025-05-09 15:00:00,91.6,94.9,3.2750015
2025-05-09 16:00:00,91.6,94.9,3.2750015
2025-05-09 17:00:00,91.54,94.9,3.334999
2025-05-09 18:00:00,91.54,94.9,3.334999
2025-05-09 19:00:00,91.5,94.8,3.3125
2025-05-09 20:00:00,91.5,94.8,3.3125
2025-05-09 21:00:00,91.48,94.9,3.3949966
2025-05-09 22:00:00,91.48,94.8,3.3324966
2025-05-09 23:00:00,91.4,94.8,3.4124985
2025-05-10 00:00:00,91.4,94.8,3.4124985
2025-05-10 01:00:00,91.36,94.8,3.4524994
2025-05-10 02:00:00,91.36,94.8,3.4524994
2025-05-10 03:00:00,91.32,94.8,3.4925003
2025-05-10 04:00:00,91.32,94.8,3.4925003
2025-05-10 05:00:00,91.27,94.8,3.5425034
2025-05-10 06:00:00,91.27,94.8,3.5425034
2025-05-10 07:00:00,91.24,94.8,3.5725021
2025-05-10 08:00:00,91.24,94.8,3.5725021
2025-05-10 09:00:00,91.2,94.8,3.612503
2025-05-10 10:00:00,91.2,94.8,3.612503
2025-05-10 11:00:00,91.14,94.8,3.6725006
2025-05-10 12:00:00,91.14,94.8,3.6725006
2025-05-10 13:00:00,91.1,94.8,3.7125015
2025-05-10 14:00:00,91.1,94.8,3.7125015
2025-05-10 15:00:00,91.03,94.8,3.7825012
2025-05-10 16:00:00,91.03,94.8,3.7825012
2025-05-10 17:00:00,90.97,94.8,3.8424988
2025-05-10 18:00:00,90.97,94.8,3.8424988
2025-05-10 19:00:00,90.92,94.75,3.8300018
2025-05-10 20:00:00,90.92,94.75,3.8300018
2025-05-10 21:00:00,90.88,94.75,3.8700027
2025-05-10 22:00:00,90.88,94.8,3.9325027
2025-05-10 23:00:00,90.81,94.75,3.9400024
2025-05-11 00:00:00,90.81,94.8,4.0025024
2025-05-11 01:00:00,90.78,94.8,4.032501
2025-05-11 02:00:00,90.78,94.9,4.095001
2025-05-11 03:00:00,90.75,94.9,4.125
2025-05-11 04:00:00,90.75,94.8,4.0625
2025-05-11 05:00:00,90.74,94.8,4.072502
2025-05-11 06:00:00,90.74,94.8,4.072502
2025-05-11 07:00:00,90.73,94.8,4.0824966
2025-05-11 08:00:00,90.73,94.8,4.0824966
2025-05-11 09:00:00,90.75,94.75,4.0
2025-05-11 10:00:00,90.75,94.75,4.0
2025-05-11 11:00:00,90.76,94.75,3.9899979
2025-05-11 12:00:00,90.76,94.8,4.052498
2025-05-11 13:00:00,90.75,94.75,4.0
2025-05-11 14:00:00,90.75,94.75,4.0
2025-05-11 15:00:00,90.75,94.75,4.0
2025-05-11 16:00:00,90.75,94.8,4.0625
2025-05-11 17:00:00,90.69,94.8,4.1224976
2025-05-11 18:00:00,90.69,94.8,4.1224976
2025-05-11 19:00:00,90.62,94.8,4.1924973
2025-05-11 20:00:00,90.62,94.8,4.1924973
2025-05-11 21:00:00,90.53,94.8,4.282501
2025-05-11 22:00:00,90.53,94.8,4.282501
2025-05-11 23:00:00,90.44,94.75,4.3099976
2025-05-12 00:00:00,90.44,94.75,4.3099976
2025-05-12 01:00:00,90.41,94.75,4.3399963
2025-05-12 02:00:00,90.41,94.75,4.3399963
2025-05-12 03:00:00,90.41,94.75,4.3399963
2025-05-12 04:00:00,90.41,94.75,4.3399963
2025-05-12 05:00:00,90.4,94.75,4.3499985
2025-05-12 06:00:00,90.4,94.75,4.3499985
2025-05-12 07:00:00,90.37,94.75,4.3799973
2025-05-12 08:00:00,90.37,94.75,4.3799973
2025-05-12 09:00:00,90.32,94.75,4.4300003
2025-05-12 10:00:00,90.32,94.75,4.4300003
2025-05-12 11:00:00,90.3,94.75,4.449997
2025-05-12 12:00:00,90.3,94.75,4.449997
2025-05-12 13:00:00,90.25,94.75,4.5
2025-05-12 14:00:00,90.25,94.75,4.5
2025-05-12 15:00:00,90.16,94.75,4.5899963
2025-05-12 16:00:00,90.16,94.75,4.5899963
2025-05-12 17:00:00,90.1,94.75,4.6500015
2025-05-12 18:00:00,90.1,94.75,4.6500015
2025-05-12 19:00:00,90.03,94.75,4.720001
2025-05-12 20:00:00,90.03,94.75,4.720001
2025-05-12 21:00:00,89.96,94.75,4.790001
2025-05-12 22:00:00,89.96,94.75,4.790001
2025-05-12 23:00:00,89.91,94.75,4.8399963
2025-05-13 00:00:00,89.91,94.75,4.8399963
2025-05-13 01:00:00,89.89,94.75,4.8600006
2025-05-13 02:00:00,89.89,94.75,4.8600006
2025-05-13 03:00:00,89.9,94.75,4.8499985
2025-05-13 04:00:00,89.9,94.75,4.8499985
2025-05-13 05:00:00,89.91,94.75,4.8399963
2025-05-13 06:00:00,89.91,94.75,4.8399963
2025-05-13 07:00:00,89.92,94.75,4.830002
2025-05-13 08:00:00,89.92,94.75,4.830002
2025-05-13 09:00:00,89.92,94.75,4.830002
2025-05-13 10:00:00,89.92,94.75,4.830002
2025-05-13 11:00:00,89.94,94.75,4.8099976
2025-05-13 12:00:00,89.94,94.75,4.8099976
2025-05-13 13:00:00,89.93,94.75,4.8199997
2025-05-13 14:00:00,89.93,94.75,4.8199997
2025-05-13 15:00:00,89.91,94.75,4.8399963
2025-05-13 16:00:00,89.91,94.75,4.8399963
2025-05-13 17:00:00,89.87,94.75,4.8799973
2025-05-13 18:00:00,89.87,94.75,4.8799973
2025-05-13 19:00:00,89.8,94.75,4.949997
2025-05-13 20:00:00,89.8,94.75,4.949997
2025-05-13 21:00:00,89.75,94.75,5.0
2025-05-13 22:00:00,89.75,94.7,4.9375
2025-05-13 23:00:00,89.67,94.7,5.017502
2025-05-14 00:00:00,89.67,94.7,5.017502
2025-05-14 01:00:00,89.62,94.7,5.0674973
2025-05-14 02:00:00,89.62,94.75,5.1299973
2025-05-14 03:00:00,89.57,94.7,5.1175003
2025-05-14 04:00:00,89.57,94.75,5.1800003
2025-05-14 05:00:00,89.5,94.75,5.25
2025-05-14 06:00:00,89.5,94.75,5.25
2025-05-14 07:00:00,89.45,94.75,5.300003
2025-05-14 08:00:00,89.45,94.75,5.300003
2025-05-14 09:00:00,89.41,94.75,5.3399963
2025-05-14 10:00:00,89.41,94.75,5.3399963
2025-05-14 11:00:00,89.39,94.75,5.3600006
2025-05-14 12:00:00,89.39,94.75,5.3600006
2025-05-14 13:00:00,89.38,94.75,5.3700027
2025-05-14 14:00:00,89.38,94.7,5.3075027
2025-05-14 15:00:00,89.33,94.7,5.357498
2025-05-14 16:00:00,89.33,94.7,5.357498
2025-05-14 17:00:00,89.25,94.7,5.4375
2025-05-14 18:00:00,89.25,94.7,5.4375
2025-05-14 19:00:00,89.17,94.7,5.517502
2025-05-14 20:00:00,89.17,94.7,5.517502
2025-05-14 21:00:00,89.1,94.7,5.5875015
2025-05-14 22:00:00,89.1,94.7,5.5875015
2025-05-14 23:00:00,89.01,94.7,5.677498
2025-05-15 00:00:00,89.01,94.7,5.677498
2025-05-15 01:00:00,88.95,94.7,5.737503
2025-05-15 02:00:00,88.95,94.7,5.737503
2025-05-15 03:00:00,88.92,94.7,5.767502
2025-05-15 04:00:00,88.92,94.7,5.767502
2025-05-15 05:00:00,88.9,94.7,5.7874985
2025-05-15 06:00:00,88.9,94.7,5.7874985
2025-05-15 07:00:00,88.89,94.7,5.7975006
2025-05-15 08:00:00,88.89,94.7,5.7975006
2025-05-15 09:00:00,88.89,94.7,5.7975006
2025-05-15 10:00:00,88.89,94.7,5.7975006
2025-05-15 11:00:00,88.9,94.7,5.7874985
2025-05-15 12:00:00,88.9,94.7,5.7874985
2025-05-15 13:00:00,88.93,94.7,5.7574997
2025-05-15 14:00:00,88.93,94.7,5.7574997
2025-05-15 15:00:00,88.9,94.7,5.7874985
2025-05-15 16:00:00,88.9,94.7,5.7874985
2025-05-15 17:00:00,88.83,94.7,5.857498
2025-05-15 18:00:00,88.83,94.7,5.857498
2025-05-15 19:00:00,88.83,94.7,5.857498
2025-05-15 20:00:00,88.83,94.7,5.857498
2025-05-15 21:00:00,88.85,94.7,5.8375015
2025-05-15 22:00:00,88.85,94.7,5.8375015
2025-05-15 23:00:00,88.86,94.7,5.8274994
2025-05-16 00:00:00,88.86,94.7,5.8274994
2025-05-16 01:00:00,88.86,94.7,5.8274994
2025-05-16 02:00:00,88.86,94.7,5.8274994
2025-05-16 03:00:00,88.9,94.7,5.7874985
2025-05-16 04:00:00,88.9,94.7,5.7874985
2025-05-16 05:00:00,88.91,94.7,5.7774963
2025-05-16 06:00:00,88.91,94.7,5.7774963
2025-05-16 07:00:00,88.91,94.7,5.7774963
2025-05-16 08:00:00,88.91,94.7,5.7774963
2025-05-16 09:00:00,88.91,94.7,5.7774963
2025-05-16 10:00:00,88.91,94.7,5.7774963
2025-05-16 11:00:00,88.93,94.7,5.7574997
2025-05-16 12:00:00,88.93,94.7,5.7574997
2025-05-16 13:00:00,88.92,94.7,5.767502
2025-05-16 14:00:00,88.92,94.7,5.767502
2025-05-16 15:00:00,88.9,94.7,5.7874985
2025-05-16 16:00:00,88.9,94.7,5.7874985
2025-05-16 17:00:00,88.87,94.7,5.8174973
2025-05-16 18:00:00,88.87,94.7,5.8174973
2025-05-16 19:00:00,88.84,94.7,5.8475037
2025-05-16 20:00:00,88.84,94.7,5.8475037
2025-05-16 21:00:00,88.83,94.7,5.857498
2025-05-16 22:00:00,88.83,94.7,5.857498
2025-05-16 23:00:00,88.86,94.7,5.8274994
2025-05-17 00:00:00,88.86,94.7,5.8274994
2025-05-17 01:00:00,88.86,94.7,5.8274994
2025-05-17 02:00:00,88.86,94.7,5.8274994
2025-05-17 03:00:00,88.86,94.7,5.8274994
2025-05-17 04:00:00,88.86,94.7,5.8274994
2025-05-17 05:00:00,88.86,94.7,5.8274994
2025-05-17 06:00:00,88.86,94.7,5.8274994
2025-05-17 07:00:00,88.86,94.7,5.8274994
2025-05-17 08:00:00,88.86,94.7,5.8274994
2025-05-17 09:00:00,88.86,94.7,5.8274994
2025-05-17 10:00:00,88.86,94.7,5.8274994
2025-05-17 11:00:00,88.86,94.7,5.8274994
2025-05-17 12:00:00,88.86,94.7,5.8274994
2025-05-17 13:00:00,88.86,94.7,5.8274994
2025-05-17 14:00:00,88.86,94.7,5.8274994
2025-05-17 15:00:00,88.86,94.7,5.8274994
2025-05-17 16:00:00,88.86,94.75,5.8899994
2025-05-17 17:00:00,88.86,94.75,5.8899994
2025-05-17 18:00:00,88.86,94.7,5.8274994
2025-05-17 19:00:00,88.86,94.7,5.8274994
2025-05-17 20:00:00,88.86,94.7,5.8274994
2025-05-17 21:00:00,88.86,94.7,5.8274994
2025-05-17 22:00:00,88.86,94.7,5.8274994
2025-05-17 23:00:00,88.86,94.7,5.8274994
2025-05-18 00:00:00,88.86,94.7,5.8274994
2025-05-18 01:00:00,88.96,94.7,5.727501
2025-05-18 02:00:00,88.96,94.7,5.727501
2025-05-18 03:00:00,88.95,94.7,5.737503
2025-05-18 04:00:00,88.95,94.7,5.737503
2025-05-18 05:00:00,88.94,94.7,5.7474976
2025-05-18 06:00:00,88.94,94.7,5.7474976
2025-05-18 07:00:00,88.94,94.7,5.7474976
2025-05-18 08:00:00,88.94,94.7,5.7474976
2025-05-18 09:00:00,88.93,94.7,5.7574997
2025-05-18 10:00:00,88.93,94.7,5.7574997
2025-05-18 11:00:00,88.93,94.7,5.7574997
2025-05-18 12:00:00,88.93,94.7,5.7574997
2025-05-18 13:00:00,88.92,94.7,5.767502
2025-05-18 14:00:00,88.92,94.7,5.767502
2025-05-18 15:00:00,88.94,94.7,5.7474976
2025-05-18 16:00:00,88.94,94.7,5.7474976
2025-05-18 17:00:00,88.95,94.7,5.737503
2025-05-18 18:00:00,88.95,94.7,5.737503
2025-05-18 19:00:00,88.95,94.7,5.737503
2025-05-18 20:00:00,88.95,94.7,5.737503
2025-05-18 21:00:00,88.9,94.7,5.7874985
2025-05-18 22:00:00,88.9,94.7,5.7874985
2025-05-18 23:00:00,88.86,94.7,5.8274994
2025-05-19 00:00:00,88.86,94.7,5.8274994
2025-05-19 01:00:00,88.85,94.7,5.8375015
2025-05-19 02:00:00,88.85,94.7,5.8375015
2025-05-19 03:00:00,88.85,94.7,5.8375015
2025-05-19 04:00:00,88.85,94.7,5.8375015
2025-05-19 05:00:00,88.87,94.7,5.8174973
2025-05-19 06:00:00,88.87,94.7,5.8174973
2025-05-19 07:00:00,88.89,94.7,5.7975006
2025-05-19 08:00:00,88.89,94.7,5.7975006
2025-05-19 09:00:00,88.9,94.7,5.7874985
2025-05-19 10:00:00,88.9,94.7,5.7874985
2025-05-19 11:00:00,88.92,94.7,5.767502
2025-05-19 12:00:00,88.92,94.7,5.767502
2025-05-19 13:00:00,88.95,94.7,5.737503
2025-05-19 14:00:00,88.95,94.7,5.737503
2025-05-19 15:00:00,88.93,94.7,5.7574997
2025-05-19 16:00:00,88.93,94.7,5.7574997
2025-05-19 17:00:00,88.9,94.7,5.7874985
2025-05-19 18:00:00,88.9,94.7,5.7874985
2025-05-19 19:00:00,88.88,94.7,5.8075027
2025-05-19 20:00:00,88.88,94.7,5.8075027
2025-05-19 21:00:00,88.89,94.7,5.7975006
2025-05-19 22:00:00,88.89,94.7,5.7975006
2025-05-19 23:00:00,88.92,94.7,5.767502
2025-05-20 00:00:00,88.92,94.7,5.767502
2025-05-20 01:00:00,88.95,94.7,5.737503
2025-05-20 02:00:00,88.95,94.7,5.737503
2025-05-20 03:00:00,88.98,94.7,5.7074966
2025-05-20 04:00:00,88.98,94.7,5.7074966
2025-05-20 05:00:00,88.98,94.7,5.7074966
2025-05-20 06:00:00,88.98,94.7,5.7074966
2025-05-20 07:00:00,88.97,94.7,5.717499
2025-05-20 08:00:00,88.97,94.7,5.717499
2025-05-20 09:00:00,88.95,94.7,5.737503
2025-05-20 10:00:00,88.95,94.7,5.737503
2025-05-20 11:00:00,88.93,94.7,5.7574997
2025-05-20 12:00:00,88.93,94.75,5.8199997
2025-05-20 13:00:00,88.9,94.7,5.7874985
2025-05-20 14:00:00,88.9,94.7,5.7874985
2025-05-20 15:00:00,88.88,94.7,5.8075027
2025-05-20 16:00:00,88.88,94.7,5.8075027
2025-05-20 17:00:00,88.86,94.7,5.8274994
2025-05-20 18:00:00,88.86,94.7,5.8274994
2025-05-20 19:00:00,88.85,94.7,5.8375015
2025-05-20 20:00:00,88.85,94.7,5.8375015
2025-05-20 21:00:00,88.83,94.7,5.857498
2025-05-20 22:00:00,88.83,94.7,5.857498
2025-05-20 23:00:00,88.8,94.7,5.887497
2025-05-21 00:00:00,88.8,94.7,5.887497
2025-05-21 01:00:00,88.79,94.7,5.897499
2025-05-21 02:00:00,88.79,94.7,5.897499
2025-05-21 03:00:00,88.81,94.7,5.8775024
2025-05-21 04:00:00,88.81,94.7,5.8775024
2025-05-21 05:00:00,88.86,94.7,5.8274994
2025-05-21 06:00:00,88.86,94.7,5.8274994
2025-05-21 07:00:00,88.92,94.7,5.767502
2025-05-21 08:00:00,88.92,94.7,5.767502
2025-05-21 09:00:00,88.96,94.7,5.727501
2025-05-21 10:00:00,88.96,94.7,5.727501
2025-05-21 11:00:00,88.96,94.7,5.727501
2025-05-21 12:00:00,88.96,94.7,5.727501
2025-05-21 13:00:00,88.96,94.7,5.727501
2025-05-21 14:00:00,88.96,94.7,5.727501
2025-05-21 15:00:00,88.96,94.7,5.727501
2025-05-21 16:00:00,88.96,94.7,5.727501
2025-05-21 17:00:00,88.96,94.7,5.727501
2025-05-21 18:00:00,88.95,94.7,5.737503
2025-05-21 19:00:00,88.94,94.7,5.7474976
2025-05-21 20:00:00,88.93,94.7,5.7574997
2025-05-21 21:00:00,88.92,94.7,5.767502
2025-05-21 22:00:00,88.92,94.7,5.767502
2025-05-21 23:00:00,88.91,94.7,5.7774963
2025-05-22 00:00:00,88.9,94.7,5.7874985
2025-05-22 01:00:00,88.9,94.7,5.7874985
2025-05-22 02:00:00,88.89,94.7,5.7975006
2025-05-22 03:00:00,88.88,94.7,5.8075027
2025-05-22 04:00:00,88.88,94.7,5.8075027
2025-05-22 05:00:00,88.88,94.7,5.8075027
2025-05-22 06:00:00,88.88,94.7,5.8075027
2025-05-22 07:00:00,88.88,94.7,5.8075027
2025-05-22 08:00:00,88.88,94.7,5.8075027
2025-05-22 09:00:00,88.88,94.7,5.8075027
2025-05-22 10:00:00,88.88,94.7,5.8075027
2025-05-22 11:00:00,88.88,94.7,5.8075027
2025-05-22 12:00:00,88.88,94.7,5.8075027
2025-05-22 13:00:00,88.87,94.7,5.8174973
2025-05-22 14:00:00,88.87,94.7,5.8174973
2025-05-22 15:00:00,88.86,94.7,5.8274994
2025-05-22 16:00:00,88.86,94.7,5.8274994
2025-05-22 17:00:00,88.85,94.7,5.8375015
2025-05-22 18:00:00,88.85,94.7,5.8375015
2025-05-22 19:00:00,88.85,94.7,5.8375015
2025-05-22 20:00:00,88.85,94.7,5.8375015
2025-05-22 21:00:00,88.86,94.7,5.8274994
2025-05-22 22:00:00,88.86,94.7,5.8274994
2025-05-22 23:00:00,88.86,94.7,5.8274994
2025-05-23 00:00:00,88.86,94.7,5.8274994
2025-05-23 01:00:00,88.86,94.7,5.8274994
2025-05-23 02:00:00,88.86,94.7,5.8274994
2025-05-23 03:00:00,88.87,94.7,5.8174973
2025-05-23 04:00:00,88.87,94.7,5.8174973
2025-05-23 05:00:00,88.88,94.7,5.8075027
2025-05-23 06:00:00,88.88,94.7,5.8075027
2025-05-23 07:00:00,88.89,94.7,5.7975006
2025-05-23 08:00:00,88.89,94.7,5.7975006
2025-05-23 09:00:00,88.9,94.7,5.7874985
2025-05-23 10:00:00,88.9,94.7,5.7874985
2025-05-23 11:00:00,88.9,94.7,5.7874985
2025-05-23 12:00:00,88.9,94.7,5.7874985
2025-05-23 13:00:00,88.88,94.7,5.8075027
2025-05-23 14:00:00,88.88,94.7,5.8075027
2025-05-23 15:00:00,88.87,94.7,5.8174973
2025-05-23 16:00:00,88.87,94.7,5.8174973
2025-05-23 17:00:00,88.85,94.7,5.8375015
2025-05-23 18:00:00,88.85,94.7,5.8375015
2025-05-23 19:00:00,88.82,94.7,5.8675003
2025-05-23 20:00:00,88.82,94.7,5.8675003
2025-05-23 21:00:00,88.77,94.7,5.9175034
2025-05-23 22:00:00,88.77,94.7,5.9175034
2025-05-23 23:00:00,88.76,94.7,5.927498
2025-05-24 00:00:00,88.76,94.7,5.927498
2025-05-24 01:00:00,88.74,94.7,5.947502
2025-05-24 02:00:00,88.74,94.7,5.947502
2025-05-24 03:00:00,88.74,94.7,5.947502
2025-05-24 04:00:00,88.74,94.7,5.947502
2025-05-24 05:00:00,88.74,94.7,5.947502
2025-05-24 06:00:00,88.74,94.7,5.947502
2025-05-24 07:00:00,88.74,94.7,5.947502
2025-05-24 08:00:00,88.74,94.7,5.947502
2025-05-24 09:00:00,88.74,94.7,5.947502
2025-05-24 10:00:00,88.74,94.7,5.947502
2025-05-24 11:00:00,88.74,94.7,5.947502
2025-05-24 12:00:00,88.74,94.7,5.947502
2025-05-24 13:00:00,88.74,94.7,5.947502
2025-05-24 14:00:00,88.74,94.7,5.947502
2025-05-24 15:00:00,88.74,94.7,5.947502
2025-05-24 16:00:00,88.74,94.7,5.947502
2025-05-24 17:00:00,88.74,94.7,5.947502
2025-05-24 18:00:00,88.74,94.7,5.947502
2025-05-24 19:00:00,88.74,94.7,5.947502
2025-05-24 20:00:00,88.74,94.7,5.947502
2025-05-24 21:00:00,88.74,94.7,5.947502
2025-05-24 22:00:00,88.74,94.7,5.947502
2025-05-24 23:00:00,88.74,94.7,5.947502
2025-05-25 00:00:00,88.74,94.7,5.947502
2025-05-25 01:00:00,88.74,94.7,5.947502
2025-05-25 02:00:00,88.74,94.7,5.947502
2025-05-25 03:00:00,88.74,94.7,5.947502
2025-05-25 04:00:00,88.74,94.7,5.947502
2025-05-25 05:00:00,88.74,94.7,5.947502
2025-05-25 06:00:00,88.74,94.7,5.947502
2025-05-25 07:00:00,88.74,94.7,5.947502
2025-05-25 08:00:00,88.74,94.7,5.947502
2025-05-25 09:00:00,88.74,94.7,5.947502
2025-05-25 10:00:00,88.74,94.7,5.947502
2025-05-25 11:00:00,88.74,94.7,5.947502
2025-05-25 12:00:00,88.74,94.75,6.010002
2025-05-25 13:00:00,88.74,94.75,6.010002
2025-05-25 14:00:00,88.74,94.75,6.010002
2025-05-25 15:00:00,88.74,94.75,6.010002
2025-05-25 16:00:00,88.74,94.7,5.947502
2025-05-25 17:00:00,88.74,94.75,6.010002
2025-05-25 18:00:00,88.74,94.7,5.947502
2025-05-25 19:00:00,88.74,94.7,5.947502
2025-05-25 20:00:00,88.74,94.7,5.947502
2025-05-25 21:00:00,88.74,94.7,5.947502
2025-05-25 22:00:00,88.74,94.7,5.947502
2025-05-25 23:00:00,88.74,94.7,5.947502
2025-05-26 00:00:00,88.74,94.7,5.947502
2025-05-26 01:00:00,88.3,94.7,6.387497
2025-05-26 02:00:00,88.3,94.7,6.387497
2025-05-26 03:00:00,88.23,94.7,6.4574966
2025-05-26 04:00:00,88.23,94.7,6.4574966
2025-05-26 05:00:00,88.19,94.7,6.4974976
2025-05-26 06:00:00,88.19,94.7,6.4974976
2025-05-26 07:00:00,88.14,94.7,6.5475006
2025-05-26 08:00:00,88.14,94.7,6.5475006
2025-05-26 09:00:00,88.12,94.7,6.5674973
2025-05-26 10:00:00,88.12,94.7,6.5674973
2025-05-26 11:00:00,88.08,94.7,6.607498
2025-05-26 12:00:00,88.08,94.7,6.607498
2025-05-26 13:00:00,88.04,94.7,6.647499
2025-05-26 14:00:00,88.04,94.7,6.647499
2025-05-26 15:00:00,87.98,94.7,6.7074966
2025-05-26 16:00:00,87.98,94.7,6.7074966
2025-05-26 17:00:00,87.92,94.7,6.767502
2025-05-26 18:00:00,87.92,94.7,6.767502
2025-05-26 19:00:00,87.88,94.7,6.8075027
2025-05-26 20:00:00,87.88,94.7,6.8075027
2025-05-26 21:00:00,87.84,94.7,6.8475037
2025-05-26 22:00:00,87.84,94.7,6.8475037
2025-05-26 23:00:00,87.79,94.7,6.897499
2025-05-27 00:00:00,87.79,94.7,6.897499
2025-05-27 01:00:00,87.74,94.7,6.947502
2025-05-27 02:00:00,87.74,94.7,6.947502
2025-05-27 03:00:00,87.69,94.7,6.9974976
2025-05-27 04:00:00,87.69,94.7,6.9974976
2025-05-27 05:00:00,87.64,94.7,7.0475006
2025-05-27 06:00:00,87.64,94.7,7.0475006
2025-05-27 07:00:00,87.6,94.7,7.0875015
2025-05-27 08:00:00,87.6,94.7,7.0875015
2025-05-27 09:00:00,87.55,94.7,7.137497
2025-05-27 10:00:00,87.55,94.7,7.137497
2025-05-27 11:00:00,87.5,94.7,7.1875
2025-05-27 12:00:00,87.5,94.7,7.1875
2025-05-27 13:00:00,87.46,94.7,7.227501
2025-05-27 14:00:00,87.46,94.7,7.227501
2025-05-27 15:00:00,87.42,94.7,7.267502
2025-05-27 16:00:00,87.42,94.7,7.267502
2025-05-27 17:00:00,87.38,94.7,7.3075027
2025-05-27 18:00:00,87.38,94.7,7.3075027
2025-05-27 19:00:00,87.34,94.7,7.3475037
2025-05-27 20:00:00,87.34,94.7,7.3475037
2025-05-27 21:00:00,87.3,94.7,7.387497
2025-05-27 22:00:00,87.3,94.7,7.387497
2025-05-27 23:00:00,87.27,94.7,7.4175034
2025-05-28 00:00:00,87.27,94.7,7.4175034
2025-05-28 01:00:00,87.25,94.7,7.4375
2025-05-28 02:00:00,87.25,94.7,7.4375
2025-05-28 03:00:00,87.24,94.7,7.447502
2025-05-28 04:00:00,87.24,94.7,7.447502
2025-05-28 05:00:00,87.23,94.7,7.4574966
2025-05-28 06:00:00,87.23,94.7,7.4574966
2025-05-28 07:00:00,87.23,94.7,7.4574966
2025-05-28 08:00:00,87.23,94.7,7.4574966
2025-05-28 09:00:00,87.23,94.7,7.4574966
2025-05-28 10:00:00,87.23,94.7,7.4574966
2025-05-28 11:00:00,87.23,94.7,7.4574966
2025-05-28 12:00:00,87.23,94.7,7.4574966
2025-05-28 13:00:00,87.23,94.7,7.4574966
2025-05-28 14:00:00,87.23,94.7,7.4574966
2025-05-28 15:00:00,87.23,94.7,7.4574966
2025-05-28 16:00:00,87.23,94.7,7.4574966
2025-05-28 17:00:00,87.23,94.7,7.4574966
2025-05-28 18:00:00,87.23,94.7,7.4574966
2025-05-28 19:00:00,87.23,94.7,7.4574966
2025-05-28 20:00:00,87.23,94.7,7.4574966
2025-05-28 21:00:00,87.23,94.7,7.4574966
2025-05-28 22:00:00,87.23,94.7,7.4574966
2025-05-28 23:00:00,87.23,94.7,7.4574966
2025-05-29 00:00:00,87.23,94.7,7.4574966
2025-05-29 01:00:00,87.23,94.7,7.4574966
2025-05-29 02:00:00,87.23,94.7,7.4574966
2025-05-29 03:00:00,87.22,94.7,7.467499
2025-05-29 04:00:00,87.22,94.7,7.467499
2025-05-29 05:00:00,87.22,94.7,7.467499
2025-05-29 06:00:00,87.22,94.7,7.467499
2025-05-29 07:00:00,87.23,94.7,7.4574966
2025-05-29 08:00:00,87.23,94.7,7.4574966
2025-05-29 09:00:00,87.24,94.7,7.447502
2025-05-29 10:00:00,87.24,94.7,7.447502
2025-05-29 11:00:00,87.25,94.7,7.4375
2025-05-29 12:00:00,87.25,94.7,7.4375
2025-05-29 13:00:00,87.24,94.7,7.447502
2025-05-29 14:00:00,87.24,94.7,7.447502
2025-05-29 15:00:00,87.23,94.7,7.4574966
2025-05-29 16:00:00,87.23,94.7,7.4574966
2025-05-29 17:00:00,87.23,94.7,7.4574966
2025-05-29 18:00:00,87.23,94.7,7.4574966
2025-05-29 19:00:00,87.22,94.7,7.467499
2025-05-29 20:00:00,87.22,94.7,7.467499
2025-05-29 21:00:00,87.2,94.7,7.487503
2025-05-29 22:00:00,87.2,94.7,7.487503
2025-05-29 23:00:00,87.18,94.7,7.5074997
2025-05-30 00:00:00,87.18,94.7,7.5074997
2025-05-30 01:00:00,87.13,94.7,7.5575027
2025-05-30 02:00:00,87.13,94.7,7.5575027
2025-05-30 03:00:00,87.11,94.7,7.5774994
2025-05-30 04:00:00,87.11,94.7,7.5774994
2025-05-30 05:00:00,87.12,94.7,7.5674973
2025-05-30 06:00:00,87.12,94.7,7.5674973
2025-05-30 07:00:00,87.12,94.7,7.5674973
2025-05-30 08:00:00,87.12,94.7,7.5674973
2025-05-30 09:00:00,87.1,94.7,7.5875015
2025-05-30 10:00:00,87.1,94.7,7.5875015
2025-05-30 11:00:00,87.08,94.7,7.607498
2025-05-30 12:00:00,87.08,94.7,7.607498
2025-05-30 13:00:00,87.04,94.7,7.647499
2025-05-30 14:00:00,87.04,94.7,7.647499
2025-05-30 15:00:00,87.0,94.7,7.6875
2025-05-30 16:00:00,87.0,94.7,7.6875
2025-05-30 17:00:00,86.94,94.7,7.7474976
2025-05-30 18:00:00,86.94,94.7,7.7474976
2025-05-30 19:00:00,86.87,94.7,7.8174973
2025-05-30 20:00:00,86.87,94.7,7.8174973
2025-05-30 21:00:00,86.84,94.7,7.8475037
2025-05-30 22:00:00,86.84,94.7,7.8475037
2025-05-30 23:00:00,86.81,94.7,7.8775024
2025-05-31 00:00:00,86.81,94.7,7.8775024
2025-05-31 01:00:00,86.78,94.7,7.907501
2025-05-31 02:00:00,86.78,94.7,7.907501
2025-05-31 03:00:00,86.77,94.7,7.9175034
2025-05-31 04:00:00,86.77,94.7,7.9175034
2025-05-31 05:00:00,86.76,94.7,7.927498
2025-05-31 06:00:00,86.76,94.7,7.927498
2025-05-31 07:00:00,86.72,94.7,7.967499
2025-05-31 08:00:00,86.72,94.7,7.967499
2025-05-31 09:00:00,86.69,94.7,7.9974976
2025-05-31 10:00:00,86.69,94.7,7.9974976
2025-05-31 11:00:00,86.66,94.7,8.027496
2025-05-31 12:00:00,86.66,94.7,8.027496
2025-05-31 13:00:00,86.63,94.7,8.057503
2025-05-31 14:00:00,86.63,94.7,8.057503
2025-05-31 15:00:00,86.59,94.7,8.097504
2025-05-31 16:00:00,86.59,94.7,8.097504
2025-05-31 17:00:00,86.55,94.7,8.137497
2025-05-31 18:00:00,86.55,94.7,8.137497
2025-05-31 19:00:00,86.53,94.7,8.157501
2025-05-31 20:00:00,86.53,94.7,8.157501
2025-05-31 21:00:00,86.52,94.7,8.167503
2025-05-31 22:00:00,86.52,94.7,8.167503
2025-05-31 23:00:00,86.5,94.7,8.1875
2025-06-01 00:00:00,86.5,94.7,8.1875
2025-06-01 01:00:00,86.47,94.7,8.217499
2025-06-01 02:00:00,86.47,94.7,8.217499
2025-06-01 03:00:00,86.44,94.7,8.247498
2025-06-01 04:00:00,86.44,94.7,8.247498
2025-06-01 05:00:00,86.42,94.7,8.267502
2025-06-01 06:00:00,86.42,94.7,8.267502
2025-06-01 07:00:00,86.43,94.7,8.2575
2025-06-01 08:00:00,86.43,94.7,8.2575
2025-06-01 09:00:00,86.43,94.7,8.2575
2025-06-01 10:00:00,86.43,94.7,8.2575
2025-06-01 11:00:00,86.43,94.7,8.2575
2025-06-01 12:00:00,86.43,94.7,8.2575
2025-06-01 13:00:00,86.4,94.7,8.287498
2025-06-01 14:00:00,86.4,94.7,8.287498
2025-06-01 15:00:00,86.36,94.7,8.327499
2025-06-01 16:00:00,86.36,94.7,8.327499
2025-06-01 17:00:00,86.3,94.7,8.387497
2025-06-01 18:00:00,86.3,94.7,8.387497
2025-06-01 19:00:00,86.23,94.7,8.457497
2025-06-01 20:00:00,86.23,94.7,8.457497
2025-06-01 21:00:00,86.15,94.7,8.537498
2025-06-01 22:00:00,86.15,94.6,8.474998
2025-06-01 23:00:00,86.07,94.7,8.6175
2025-06-02 00:00:00,86.07,94.7,8.6175
2025-06-02 01:00:00,85.99,94.7,8.697502
2025-06-02 02:00:00,85.99,94.6,8.635002
2025-06-02 03:00:00,85.92,94.7,8.767502
2025-06-02 04:00:00,85.92,94.7,8.767502
2025-06-02 05:00:00,85.88,94.7,8.807503
2025-06-02 06:00:00,85.88,94.7,8.807503
2025-06-02 07:00:00,85.87,94.7,8.817497
2025-06-02 08:00:00,85.87,94.7,8.817497
2025-06-02 09:00:00,85.86,94.7,8.827499
2025-06-02 10:00:00,85.86,94.7,8.827499
2025-06-02 11:00:00,85.81,94.7,8.877502
2025-06-02 12:00:00,85.81,94.7,8.877502
2025-06-02 13:00:00,85.74,94.7,8.947502
2025-06-02 14:00:00,85.74,94.7,8.947502
2025-06-02 15:00:00,85.69,94.7,8.997498
2025-06-02 16:00:00,85.69,94.7,8.997498
2025-06-02 17:00:00,85.7,94.7,8.987503
2025-06-02 18:00:00,85.7,94.6,8.925003
2025-06-02 19:00:00,85.66,94.7,9.027496
2025-06-02 20:00:00,85.66,94.7,9.027496
2025-06-02 21:00:00,85.64,94.7,9.047501
2025-06-02 22:00:00,85.64,94.7,9.047501
2025-06-02 23:00:00,85.58,94.7,9.107498
2025-06-03 00:00:00,85.58,94.7,9.107498
2025-06-03 01:00:00,85.57,94.7,9.1175
2025-06-03 02:00:00,85.57,94.7,9.1175
2025-06-03 03:00:00,85.57,94.7,9.1175
2025-06-03 04:00:00,85.57,94.7,9.1175
2025-06-03 05:00:00,85.57,94.7,9.1175
2025-06-03 06:00:00,85.57,94.7,9.1175
2025-06-03 07:00:00,85.57,94.7,9.1175
2025-06-03 08:00:00,85.57,94.7,9.1175
2025-06-03 09:00:00,85.57,94.7,9.1175
2025-06-03 10:00:00,85.57,94.7,9.1175
2025-06-03 11:00:00,85.57,94.7,9.1175
2025-06-03 12:00:00,85.57,94.7,9.1175
2025-06-03 13:00:00,85.57,94.7,9.1175
2025-06-03 14:00:00,85.57,94.7,9.1175
2025-06-03 15:00:00,85.57,94.7,9.1175
2025-06-03 16:00:00,85.57,94.7,9.1175
2025-06-03 17:00:00,85.57,94.7,9.1175
2025-06-03 18:00:00,85.57,94.7,9.1175
2025-06-03 19:00:00,85.57,94.7,9.1175
2025-06-03 20:00:00,85.57,94.7,9.1175
2025-06-03 21:00:00,85.57,94.7,9.1175
2025-06-03 22:00:00,85.57,94.7,9.1175
2025-06-03 23:00:00,85.57,94.7,9.1175
2025-06-04 00:00:00,85.57,94.7,9.1175
2025-06-04 01:00:00,85.49,94.7,9.197502
2025-06-04 02:00:00,85.49,94.7,9.197502
2025-06-04 03:00:00,85.51,94.7,9.177498
2025-06-04 04:00:00,85.51,94.7,9.177498
2025-06-04 05:00:00,85.57,94.7,9.1175
2025-06-04 06:00:00,85.57,94.7,9.1175
2025-06-04 07:00:00,85.64,94.7,9.047501
2025-06-04 08:00:00,85.64,94.7,9.047501
2025-06-04 09:00:00,85.66,94.7,9.027496
2025-06-04 10:00:00,85.66,94.7,9.027496
2025-06-04 11:00:00,85.62,94.7,9.067497
2025-06-04 12:00:00,85.62,94.7,9.067497
2025-06-04 13:00:00,85.58,94.7,9.107498
2025-06-04 14:00:00,85.58,94.7,9.107498
2025-06-04 15:00:00,85.52,94.7,9.167503
2025-06-04 16:00:00,85.52,94.7,9.167503
2025-06-04 17:00:00,85.43,94.7,9.2575
2025-06-04 18:00:00,85.43,94.7,9.2575
2025-06-04 19:00:00,85.34,94.7,9.347504
2025-06-04 20:00:00,85.34,94.7,9.347504
2025-06-04 21:00:00,85.28,94.7,9.407501
2025-06-04 22:00:00,85.28,94.7,9.407501
2025-06-04 23:00:00,85.25,94.7,9.4375
2025-06-05 00:00:00,85.25,94.7,9.4375
2025-06-05 01:00:00,85.22,94.7,9.467499
2025-06-05 02:00:00,85.22,94.7,9.467499
2025-06-05 03:00:00,85.14,94.7,9.547501
2025-06-05 04:00:00,85.14,94.7,9.547501
2025-06-05 05:00:00,85.05,94.7,9.637497
2025-06-05 06:00:00,85.05,94.7,9.637497
2025-06-05 07:00:00,84.98,94.7,9.707497
2025-06-05 08:00:00,84.98,94.7,9.707497
2025-06-05 09:00:00,84.96,94.7,9.727501
2025-06-05 10:00:00,84.96,94.7,9.727501
2025-06-05 11:00:00,84.95,94.7,9.737503
2025-06-05 12:00:00,84.95,94.7,9.737503
2025-06-05 13:00:00,84.89,94.7,9.797501
2025-06-05 14:00:00,84.89,94.7,9.797501
2025-06-05 15:00:00,84.84,94.7,9.847504
2025-06-05 16:00:00,84.84,94.7,9.847504
2025-06-05 17:00:00,84.84,94.7,9.847504
2025-06-05 18:00:00,84.84,94.7,9.847504
2025-06-05 19:00:00,84.84,94.7,9.847504
2025-06-05 20:00:00,84.84,94.7,9.847504
2025-06-05 21:00:00,84.84,94.7,9.847504
2025-06-05 22:00:00,84.84,94.7,9.847504
2025-06-05 23:00:00,84.84,94.7,9.847504
2025-06-06 00:00:00,84.84,94.7,9.847504
2025-06-06 01:00:00,84.84,94.7,9.847504
2025-06-06 02:00:00,84.84,94.7,9.847504
2025-06-06 03:00:00,84.84,94.7,9.847504
2025-06-06 04:00:00,84.84,94.7,9.847504
2025-06-06 05:00:00,84.84,94.7,9.847504
2025-06-06 06:00:00,84.84,94.7,9.847504
2025-06-06 07:00:00,84.84,94.7,9.847504
2025-06-06 08:00:00,84.84,94.7,9.847504
2025-06-06 09:00:00,84.84,94.7,9.847504
2025-06-06 10:00:00,84.84,94.7,9.847504
2025-06-06 11:00:00,84.84,94.7,9.847504
2025-06-06 12:00:00,84.84,94.7,9.847504
2025-06-06 13:00:00,84.84,94.7,9.847504
2025-06-06 14:00:00,84.84,94.7,9.847504
2025-06-06 15:00:00,84.84,94.7,9.847504
2025-06-06 16:00:00,84.84,94.7,9.847504
2025-06-06 17:00:00,84.84,94.7,9.847504
2025-06-06 18:00:00,84.84,94.7,9.847504
2025-06-06 19:00:00,84.84,94.7,9.847504
2025-06-06 20:00:00,84.84,94.7,9.847504
2025-06-06 21:00:00,84.84,94.7,9.847504
2025-06-06 22:00:00,84.84,94.7,9.847504
2025-06-06 23:00:00,84.84,94.7,9.847504
2025-06-07 00:00:00,84.84,94.7,9.847504
2025-06-07 01:00:00,84.84,94.7,9.847504
2025-06-07 02:00:00,84.84,94.7,9.847504
2025-06-07 03:00:00,84.84,94.7,9.847504
2025-06-07 04:00:00,84.84,94.7,9.847504
2025-06-07 05:00:00,84.84,94.7,9.847504
2025-06-07 06:00:00,84.84,94.7,9.847504
2025-06-07 07:00:00,84.84,94.7,9.847504
2025-06-07 08:00:00,84.84,94.7,9.847504
2025-06-07 09:00:00,84.84,94.7,9.847504
2025-06-07 10:00:00,84.84,94.7,9.847504
2025-06-07 11:00:00,84.84,94.7,9.847504
2025-06-07 12:00:00,84.84,94.7,9.847504
2025-06-07 13:00:00,84.84,94.7,9.847504
2025-06-07 14:00:00,84.84,94.7,9.847504
2025-06-07 15:00:00,84.84,94.7,9.847504
2025-06-07 16:00:00,84.84,94.7,9.847504
2025-06-07 17:00:00,84.84,94.7,9.847504
2025-06-07 18:00:00,84.84,94.7,9.847504
2025-06-07 19:00:00,84.84,94.7,9.847504
2025-06-07 20:00:00,84.84,94.7,9.847504
2025-06-07 21:00:00,84.84,94.7,9.847504
2025-06-07 22:00:00,84.84,94.7,9.847504
2025-06-07 23:00:00,84.84,94.7,9.847504
2025-06-08 00:00:00,84.84,94.7,9.847504
2025-06-08 01:00:00,85.05,94.7,9.637497
2025-06-08 02:00:00,85.05,94.7,9.637497
2025-06-08 03:00:00,85.02,94.7,9.667503
2025-06-08 04:00:00,85.02,94.7,9.667503
2025-06-08 05:00:00,85.02,94.7,9.667503
2025-06-08 06:00:00,85.02,94.7,9.667503
2025-06-08 07:00:00,85.05,94.7,9.637497
2025-06-08 08:00:00,85.05,94.7,9.637497
2025-06-08 09:00:00,85.06,94.7,9.627502
2025-06-08 10:00:00,85.06,94.7,9.627502
2025-06-08 11:00:00,85.04,94.7,9.647499
2025-06-08 12:00:00,85.04,94.7,9.647499
2025-06-08 13:00:00,84.99,94.7,9.697502
2025-06-08 14:00:00,84.99,94.7,9.697502
2025-06-08 15:00:00,84.95,94.7,9.737503
2025-06-08 16:00:00,84.95,94.7,9.737503
2025-06-08 17:00:00,84.91,94.7,9.777496
2025-06-08 18:00:00,84.91,94.7,9.777496
2025-06-08 19:00:00,84.84,94.7,9.847504
2025-06-08 20:00:00,84.84,94.7,9.847504
2025-06-08 21:00:00,84.78,94.7,9.907501
2025-06-08 22:00:00,84.78,94.7,9.907501
2025-06-08 23:00:00,84.71,94.7,9.977501
2025-06-09 00:00:00,84.71,94.7,9.977501
2025-06-09 01:00:00,84.69,94.7,9.997498
2025-06-09 02:00:00,84.69,94.7,9.997498
2025-06-09 03:00:00,84.71,94.7,9.977501
2025-06-09 04:00:00,84.71,94.7,9.977501
2025-06-09 05:00:00,84.78,94.7,9.907501
2025-06-09 06:00:00,84.78,94.7,9.907501
2025-06-09 07:00:00,84.86,94.7,9.827499
2025-06-09 08:00:00,84.86,94.7,9.827499
2025-06-09 09:00:00,84.94,94.7,9.747498
2025-06-09 10:00:00,84.94,94.7,9.747498
2025-06-09 11:00:00,84.96,94.7,9.727501
2025-06-09 12:00:00,84.96,94.7,9.727501
2025-06-09 13:00:00,84.94,94.7,9.747498
2025-06-09 14:00:00,84.94,94.7,9.747498
2025-06-09 15:00:00,84.9,94.7,9.787498
2025-06-09 16:00:00,84.9,94.7,9.787498
2025-06-09 17:00:00,84.84,94.7,9.847504
2025-06-09 18:00:00,84.84,94.7,9.847504
2025-06-09 19:00:00,84.78,94.7,9.907501
2025-06-09 20:00:00,84.78,94.7,9.907501
2025-06-09 21:00:00,84.8,94.7,9.887497
2025-06-09 22:00:00,84.8,94.7,9.887497
2025-06-09 23:00:00,84.78,94.7,9.907501
2025-06-10 00:00:00,84.78,94.7,9.907501
2025-06-10 01:00:00,84.81,94.7,9.877502
2025-06-10 02:00:00,84.81,94.7,9.877502
2025-06-10 03:00:00,84.86,94.7,9.827499
2025-06-10 04:00:00,84.86,94.7,9.827499
2025-06-10 05:00:00,84.94,94.7,9.747498
2025-06-10 06:00:00,84.94,94.7,9.747498
2025-06-10 07:00:00,84.99,94.7,9.697502
2025-06-10 08:00:00,84.99,94.7,9.697502
2025-06-10 09:00:00,85.0,94.7,9.6875
2025-06-10 10:00:00,85.0,94.7,9.6875
2025-06-10 11:00:00,85.01,94.7,9.677498
2025-06-10 12:00:00,85.01,94.7,9.677498
2025-06-10 13:00:00,85.01,94.7,9.677498
2025-06-10 14:00:00,85.01,94.7,9.677498
2025-06-10 15:00:00,85.01,94.7,9.677498
2025-06-10 16:00:00,85.01,94.7,9.677498
2025-06-10 17:00:00,84.99,94.7,9.697502
2025-06-10 18:00:00,84.98,94.7,9.707497
2025-06-10 19:00:00,84.97,94.7,9.717499
2025-06-10 20:00:00,84.95,94.7,9.737503
2025-06-10 21:00:00,84.94,94.7,9.747498
2025-06-10 22:00:00,84.94,94.7,9.747498
2025-06-10 23:00:00,84.92,94.7,9.767502
2025-06-11 00:00:00,84.92,94.7,9.767502
2025-06-11 01:00:00,84.9,94.7,9.787498
2025-06-11 02:00:00,84.9,94.7,9.787498
2025-06-11 03:00:00,84.89,94.7,9.797501
2025-06-11 04:00:00,84.89,94.7,9.797501
2025-06-11 05:00:00,84.89,94.7,9.797501
2025-06-11 06:00:00,84.89,94.7,9.797501
2025-06-11 07:00:00,84.9,94.7,9.787498
2025-06-11 08:00:00,84.9,94.7,9.787498
2025-06-11 09:00:00,84.88,94.7,9.807503
2025-06-11 10:00:00,84.88,94.7,9.807503
2025-06-11 11:00:00,84.83,94.7,9.857498
2025-06-11 12:00:00,84.83,94.7,9.857498
2025-06-11 13:00:00,84.79,94.7,9.897499
2025-06-11 14:00:00,84.79,94.7,9.897499
2025-06-11 15:00:00,84.77,94.7,9.917503
2025-06-11 16:00:00,84.77,94.7,9.917503
2025-06-11 17:00:00,84.76,94.7,9.927498
2025-06-11 18:00:00,84.76,94.7,9.927498
2025-06-11 19:00:00,84.75,94.7,9.9375
2025-06-11 20:00:00,84.75,94.7,9.9375
2025-06-11 21:00:00,84.74,94.7,9.947502
2025-06-11 22:00:00,84.74,94.7,9.947502
2025-06-11 23:00:00,84.74,94.7,9.947502
2025-06-12 00:00:00,84.74,94.7,9.947502
2025-06-12 01:00:00,84.75,94.7,9.9375
2025-06-12 02:00:00,84.75,94.7,9.9375
2025-06-12 03:00:00,84.76,94.7,9.927498
2025-06-12 04:00:00,84.76,94.7,9.927498
2025-06-12 05:00:00,84.81,94.7,9.877502
2025-06-12 06:00:00,84.81,94.7,9.877502
2025-06-12 07:00:00,84.85,94.7,9.837502
2025-06-12 08:00:00,84.85,94.7,9.837502
2025-06-12 09:00:00,84.81,94.7,9.877502
2025-06-12 10:00:00,84.81,94.7,9.877502
2025-06-12 11:00:00,84.74,94.7,9.947502
2025-06-12 12:00:00,84.74,94.7,9.947502
2025-06-12 13:00:00,84.64,94.7,10.047501
2025-06-12 14:00:00,84.64,94.7,10.047501
2025-06-12 15:00:00,84.53,94.7,10.157501
2025-06-12 16:00:00,84.53,94.7,10.157501
2025-06-12 17:00:00,84.42,94.7,10.267502
2025-06-12 18:00:00,84.42,94.7,10.267502
2025-06-12 19:00:00,84.32,94.7,10.3675
2025-06-12 20:00:00,84.32,94.7,10.3675
2025-06-12 21:00:00,84.32,94.7,10.3675
2025-06-12 22:00:00,84.32,94.7,10.3675
2025-06-12 23:00:00,84.27,94.7,10.417503
2025-06-13 00:00:00,84.27,94.7,10.417503
2025-06-13 01:00:00,84.24,94.7,10.447502
2025-06-13 02:00:00,84.24,94.7,10.447502
2025-06-13 03:00:00,84.24,94.7,10.447502
2025-06-13 04:00:00,84.24,94.7,10.447502
2025-06-13 05:00:00,84.27,94.7,10.417503
2025-06-13 06:00:00,84.27,94.7,10.417503
2025-06-13 07:00:00,84.28,94.7,10.407501
2025-06-13 08:00:00,84.28,94.7,10.407501
2025-06-13 09:00:00,84.27,94.7,10.417503
2025-06-13 10:00:00,84.27,94.7,10.417503
2025-06-13 11:00:00,84.27,94.7,10.417503
2025-06-13 12:00:00,84.27,94.7,10.417503
2025-06-13 13:00:00,84.27,94.7,10.417503
2025-06-13 14:00:00,84.27,94.7,10.417503
2025-06-13 15:00:00,84.26,94.7,10.427498
2025-06-13 16:00:00,84.26,94.7,10.427498
2025-06-13 17:00:00,84.24,94.7,10.447502
2025-06-13 18:00:00,84.24,94.7,10.447502
2025-06-13 19:00:00,84.23,94.7,10.457497
2025-06-13 20:00:00,84.23,94.7,10.457497
2025-06-13 21:00:00,84.21,94.7,10.477501
2025-06-13 22:00:00,84.21,94.7,10.477501
2025-06-13 23:00:00,84.25,94.7,10.4375
2025-06-14 00:00:00,84.25,94.7,10.4375
2025-06-14 01:00:00,84.29,94.7,10.397499
2025-06-14 02:00:00,84.29,94.7,10.397499
2025-06-14 03:00:00,84.35,94.7,10.337502
2025-06-14 04:00:00,84.35,94.7,10.337502
2025-06-14 05:00:00,84.41,94.7,10.277496
2025-06-14 06:00:00,84.41,94.7,10.277496
2025-06-14 07:00:00,84.46,94.7,10.227501
2025-06-14 08:00:00,84.46,94.7,10.227501
2025-06-14 09:00:00,84.52,94.7,10.167503
2025-06-14 10:00:00,84.52,94.7,10.167503
2025-06-14 11:00:00,84.58,94.7,10.107498
2025-06-14 12:00:00,84.58,94.7,10.107498
2025-06-14 13:00:00,84.64,94.7,10.047501
2025-06-14 14:00:00,84.64,94.7,10.047501
2025-06-14 15:00:00,84.7,94.7,9.987503
2025-06-14 16:00:00,84.7,94.7,9.987503
2025-06-14 17:00:00,84.76,94.7,9.927498
2025-06-14 18:00:00,84.76,94.7,9.927498
2025-06-14 19:00:00,84.83,94.7,9.857498
2025-06-14 20:00:00,84.83,94.7,9.857498
2025-06-14 21:00:00,84.9,94.7,9.787498
2025-06-14 22:00:00,84.9,94.7,9.787498
2025-06-14 23:00:00,84.99,94.7,9.697502
2025-06-15 00:00:00,84.99,94.7,9.697502
2025-06-15 01:00:00,85.08,94.7,9.607498
2025-06-15 02:00:00,85.08,94.7,9.607498
2025-06-15 03:00:00,85.17,94.7,9.517502
2025-06-15 04:00:00,85.17,94.7,9.517502
2025-06-15 05:00:00,85.24,94.7,9.447502
2025-06-15 06:00:00,85.24,94.7,9.447502
2025-06-15 07:00:00,85.35,94.7,9.337502
2025-06-15 08:00:00,85.35,94.7,9.337502
2025-06-15 09:00:00,85.49,94.7,9.197502
2025-06-15 10:00:00,85.49,94.7,9.197502
2025-06-15 11:00:00,85.6,94.7,9.087502
2025-06-15 12:00:00,85.6,94.7,9.087502
2025-06-15 13:00:00,85.68,94.7,9.0075
2025-06-15 14:00:00,85.68,94.7,9.0075
2025-06-15 15:00:00,85.76,94.7,8.927498
2025-06-15 16:00:00,85.76,94.7,8.927498
2025-06-15 17:00:00,85.83,94.7,8.857498
2025-06-15 18:00:00,85.83,94.7,8.857498
2025-06-15 19:00:00,85.9,94.7,8.787498
2025-06-15 20:00:00,85.9,94.7,8.787498
2025-06-15 21:00:00,86.0,94.7,8.6875
2025-06-15 22:00:00,86.0,94.6,8.625
2025-06-15 23:00:00,86.1,94.6,8.525002
2025-06-16 00:00:00,86.1,94.6,8.525002
2025-06-16 01:00:00,86.2,94.7,8.487503
2025-06-16 02:00:00,86.26,94.7,8.427498
2025-06-16 03:00:00,86.32,94.7,8.3675
2025-06-16 04:00:00,86.38,94.7,8.307503
2025-06-16 05:00:00,86.44,94.7,8.247498
2025-06-16 06:00:00,86.51,94.7,8.177498
2025-06-16 07:00:00,86.58,94.7,8.107498
2025-06-16 08:00:00,86.63,94.7,8.057503
2025-06-16 09:00:00,86.68,94.7,8.0075
2025-06-16 10:00:00,86.71,94.7,7.977501
2025-06-16 11:00:00,86.74,94.7,7.947502
2025-06-16 12:00:00,86.76,94.7,7.927498
2025-06-16 13:00:00,86.77,94.7,7.9175034
2025-06-16 14:00:00,86.78,94.7,7.907501
2025-06-16 15:00:00,86.8,94.7,7.887497
2025-06-16 16:00:00,86.82,94.7,7.8675003
2025-06-16 17:00:00,86.85,94.7,7.8375015
2025-06-16 18:00:00,86.89,94.7,7.7975006
2025-06-16 19:00:00,86.93,94.7,7.7574997
2025-06-16 20:00:00,86.97,94.6,7.654999
2025-06-16 21:00:00,87.01,94.7,7.677498
2025-06-16 22:00:00,87.05,94.7,7.637497
2025-06-16 23:00:00,87.09,94.7,7.5975037
2025-06-17 00:00:00,87.14,94.7,7.5475006
2025-06-17 01:00:00,87.2,94.7,7.487503
2025-06-17 02:00:00,87.26,94.7,7.427498
2025-06-17 03:00:00,87.33,94.7,7.357498
2025-06-17 04:00:00,87.39,94.7,7.2975006
2025-06-17 05:00:00,87.45,94.7,7.237503
2025-06-17 06:00:00,87.52,94.7,7.1675034
2025-06-17 07:00:00,87.59,94.7,7.0975037
2025-06-17 08:00:00,87.63,94.7,7.0575027
2025-06-17 09:00:00,87.69,94.7,6.9974976
2025-06-17 10:00:00,87.74,94.7,6.947502
2025-06-17 11:00:00,87.79,94.7,6.897499
2025-06-17 12:00:00,87.84,94.7,6.8475037
2025-06-17 13:00:00,87.9,94.7,6.7874985
2025-06-17 14:00:00,87.94,94.7,6.7474976
2025-06-17 15:00:00,87.97,94.7,6.717499
2025-06-17 16:00:00,88.0,94.7,6.6875
2025-06-17 17:00:00,88.04,94.7,6.647499
2025-06-17 18:00:00,88.07,94.7,6.6175003
2025-06-17 19:00:00,88.1,94.7,6.5875015
2025-06-17 20:00:00,88.14,94.7,6.5475006
2025-06-17 21:00:00,88.18,94.7,6.5074997
2025-06-17 22:00:00,88.21,94.7,6.477501
2025-06-17 23:00:00,88.26,94.7,6.427498
2025-06-18 00:00:00,88.32,94.7,6.3675003
2025-06-18 01:00:00,88.38,94.7,6.3075027
2025-06-18 02:00:00,88.44,94.7,6.2474976
2025-06-18 03:00:00,88.49,94.7,6.197502
2025-06-18 04:00:00,88.55,94.7,6.137497
2025-06-18 05:00:00,88.61,94.7,6.0774994
2025-06-18 06:00:00,88.68,94.7,6.0074997
2025-06-18 07:00:00,88.74,94.7,5.947502
2025-06-18 08:00:00,88.78,94.7,5.907501
2025-06-18 09:00:00,88.82,94.7,5.8675003
2025-06-18 10:00:00,88.86,94.7,5.8274994
2025-06-18 11:00:00,88.9,94.7,5.7874985
2025-06-18 12:00:00,88.95,94.7,5.737503
2025-06-18 13:00:00,88.99,94.7,5.697502
2025-06-18 14:00:00,89.03,94.7,5.657501
2025-06-18 15:00:00,89.07,94.7,5.6175003
2025-06-18 16:00:00,89.11,94.7,5.5774994
2025-06-18 17:00:00,89.14,94.75,5.6100006
2025-06-18 18:00:00,89.16,94.7,5.5274963
2025-06-18 19:00:00,89.2,94.7,5.487503
2025-06-18 20:00:00,89.24,94.7,5.447502
2025-06-18 21:00:00,89.28,94.7,5.407501
2025-06-18 22:00:00,89.31,94.7,5.3775024
2025-06-18 23:00:00,89.35,94.7,5.3375015
2025-06-19 00:00:00,89.4,94.7,5.2874985
2025-06-19 01:00:00,89.45,94.75,5.300003
2025-06-19 02:00:00,89.5,94.75,5.25
2025-06-19 03:00:00,89.55,94.75,5.199997
2025-06-19 04:00:00,89.61,94.75,5.1399994
2025-06-19 05:00:00,89.68,94.75,5.0699997
2025-06-19 06:00:00,89.75,94.75,5.0
2025-06-19 07:00:00,89.81,94.75,4.9400024
2025-06-19 08:00:00,89.85,94.75,4.9000015
2025-06-19 09:00:00,89.89,94.75,4.8600006
2025-06-19 10:00:00,89.93,94.75,4.8199997
2025-06-19 11:00:00,89.97,94.75,4.779999
2025-06-19 12:00:00,90.01,94.75,4.739998
2025-06-19 13:00:00,90.04,94.75,4.709999
2025-06-19 14:00:00,90.07,94.75,4.6800003
2025-06-19 15:00:00,90.1,94.75,4.6500015
2025-06-19 16:00:00,90.13,94.8,4.6825027
2025-06-19 17:00:00,90.16,94.8,4.6524963
2025-06-19 18:00:00,90.2,94.8,4.612503
2025-06-19 19:00:00,90.23,94.8,4.5824966
2025-06-19 20:00:00,90.27,94.8,4.5425034
2025-06-19 21:00:00,90.31,94.8,4.5025024
2025-06-19 22:00:00,90.35,94.8,4.4625015
2025-06-19 23:00:00,90.37,94.8,4.4424973
2025-06-20 00:00:00,90.4,94.8,4.4124985
2025-06-20 01:00:00,90.44,94.8,4.3724976
2025-06-20 02:00:00,90.47,94.8,4.342499
2025-06-20 03:00:00,90.51,94.8,4.302498
2025-06-20 04:00:00,90.54,94.8,4.272499
2025-06-20 05:00:00,90.57,94.8,4.2425003
2025-06-20 06:00:00,90.61,94.8,4.2024994
2025-06-20 07:00:00,90.65,94.8,4.1624985
2025-06-20 08:00:00,90.68,94.8,4.1324997
2025-06-20 09:00:00,90.71,94.8,4.102501
2025-06-20 10:00:00,90.73,94.8,4.0824966
2025-06-20 11:00:00,90.75,94.8,4.0625
2025-06-20 12:00:00,90.79,94.9,4.084999
2025-06-20 13:00:00,90.83,94.9,4.044998
2025-06-20 14:00:00,90.87,94.9,4.0049973
2025-06-20 15:00:00,90.91,94.9,3.9649963
2025-06-20 16:00:00,90.95,94.9,3.925003
2025-06-20 17:00:00,90.99,94.9,3.8850021
2025-06-20 18:00:00,91.02,94.9,3.8550034
2025-06-20 19:00:00,91.06,94.9,3.8150024
2025-06-20 20:00:00,91.1,94.9,3.7750015
2025-06-20 21:00:00,91.14,94.9,3.7350006
2025-06-20 22:00:00,91.18,94.9,3.6949997
2025-06-20 23:00:00,91.22,94.9,3.6549988
2025-06-21 00:00:00,91.26,94.9,3.6149979
2025-06-21 01:00:00,91.3,94.9,3.574997
2025-06-21 02:00:00,91.34,94.9,3.5350037
2025-06-21 03:00:00,91.38,94.9,3.4950027
2025-06-21 04:00:00,91.42,94.9,3.4550018
2025-06-21 05:00:00,91.46,94.9,3.415001
2025-06-21 06:00:00,91.5,94.9,3.375
2025-06-21 07:00:00,91.55,94.94,3.387497
2025-06-21 08:00:00,91.59,94.9,3.2850037
2025-06-21 09:00:00,91.63,94.94,3.3075027
2025-06-21 10:00:00,91.67,94.9,3.2050018
2025-06-21 11:00:00,91.72,94.94,3.2174988
2025-06-21 12:00:00,91.77,94.94,3.1675034
2025-06-21 13:00:00,91.82,94.94,3.1175003
2025-06-21 14:00:00,91.86,94.94,3.0774994
2025-06-21 15:00:00,91.89,94.94,3.0475006
2025-06-21 16:00:00,91.92,94.94,3.0175018
2025-06-21 17:00:00,91.96,94.94,2.977501
2025-06-21 18:00:00,91.99,94.94,2.9475021
2025-06-21 19:00:00,92.02,94.94,2.9175034
2025-06-21 20:00:00,92.05,94.94,2.887497
2025-06-21 21:00:00,92.09,94.94,2.8475037
2025-06-21 22:00:00,92.12,94.94,2.8174973
2025-06-21 23:00:00,92.16,95.0,2.8399963
2025-06-22 00:00:00,92.19,95.0,2.8099976
2025-06-22 01:00:00,92.23,95.0,2.7699966
2025-06-22 02:00:00,92.27,95.0,2.7300034
2025-06-22 03:00:00,92.31,95.0,2.6900024
2025-06-22 04:00:00,92.36,95.0,2.6399994
2025-06-22 05:00:00,92.42,95.06,2.6425018
2025-06-22 06:00:00,92.49,95.06,2.5725021
2025-06-22 07:00:00,92.56,95.06,2.5025024
2025-06-22 08:00:00,92.64,95.06,2.4225006
2025-06-22 09:00:00,92.72,95.06,2.3424988
2025-06-22 10:00:00,92.8,95.1,2.324997
2025-06-22 11:00:00,92.89,95.1,2.2350006
2025-06-22 12:00:00,92.98,95.1,2.1449966
2025-06-22 13:00:00,93.07,95.2,2.1175003
2025-06-22 14:00:00,93.17,95.2,2.0175018
2025-06-22 15:00:00,93.25,95.2,1.9375
2025-06-22 16:00:00,93.33,95.25,1.9199982
2025-06-22 17:00:00,93.4,95.25,1.8499985
2025-06-22 18:00:00,93.46,95.25,1.7900009
2025-06-22 19:00:00,93.5,95.25,1.75
2025-06-22 20:00:00,93.54,95.3,1.7724991
2025-06-22 21:00:00,93.59,95.3,1.7225037
2025-06-22 22:00:00,93.63,95.3,1.6825027
2025-06-22 23:00:00,93.69,95.3,1.6224976
2025-06-23 00:00:00,93.74,95.4,1.6350021
2025-06-23 01:00:00,93.8,95.4,1.574997
2025-06-23 02:00:00,93.86,95.4,1.5149994
2025-06-23 03:00:00,93.93,95.4,1.4449997
2025-06-23 04:00:00,94.0,95.4,1.375
2025-06-23 05:00:00,94.06,95.4,1.3150024
2025-06-23 06:00:00,94.13,95.44,1.3075027
2025-06-23 07:00:00,94.2,95.44,1.237503
2025-06-23 08:00:00,94.25,95.44,1.1875
2025-06-23 09:00:00,94.3,95.5,1.199997
2025-06-23 10:00:00,94.34,95.5,1.1600037
2025-06-23 11:00:00,94.38,95.56,1.1825027
2025-06-23 12:00:00,94.42,95.56,1.1425018
2025-06-23 13:00:00,94.46,95.56,1.1025009
2025-06-23 14:00:00,94.5,95.6,1.125
2025-06-23 15:00:00,94.54,95.6,1.0849991
2025-06-23 16:00:00,94.59,95.7,1.0975037
2025-06-23 17:00:00,94.64,95.7,1.0475006
2025-06-23 18:00:00,94.68,95.7,1.0074997
2025-06-23 19:00:00,94.73,95.75,1.0199966
2025-06-23 20:00:00,94.78,95.7,0.9075012
2025-06-23 21:00:00,94.83,95.6,0.79499817
2025-06-23 22:00:00,94.88,95.6,0.74500275
2025-06-23 23:00:00,94.93,95.75,0.8199997
2025-06-24 00:00:00,94.99,95.7,0.69750214
2025-06-24 01:00:00,95.05,95.75,0.69999695
2025-06-24 02:00:00,95.1,95.75,0.6500015
2025-06-24 03:00:00,95.14,95.9,0.7350006
2025-06-24 04:00:00,95.18,95.8,0.6324997
2025-06-24 05:00:00,95.22,95.9,0.6549988
2025-06-24 06:00:00,95.27,95.9,0.60500336
2025-06-24 07:00:00,95.33,96.0,0.66999817
2025-06-24 08:00:00,95.38,95.94,0.55750275
2025-06-24 09:00:00,95.43,96.0,0.5699997
2025-06-24 10:00:00,95.48,96.0,0.51999664
2025-06-24 11:00:00,95.53,96.1,0.5950012
2025-06-24 12:00:00,95.57,96.1,0.5550003
2025-06-24 13:00:00,95.6,96.2,0.5875015
2025-06-24 14:00:00,95.63,96.25,0.62000275
2025-06-24 15:00:00,95.66,96.3,0.65249634
2025-06-24 16:00:00,95.69,96.2,0.49749756
2025-06-24 17:00:00,95.72,96.25,0.5299988
2025-06-24 18:00:00,95.77,96.2,0.41750336
2025-06-24 19:00:00,95.81,96.2,0.37750244
2025-06-24 20:00:00,95.85,96.1,0.27500153
2025-06-24 21:00:00,95.9,96.3,0.41249847
2025-06-24 22:00:00,95.94,96.2,0.24749756
2025-06-24 23:00:00,95.94,96.25,0.30999756
2025-06-25 00:00:00,96.03,96.25,0.22000122
2025-06-25 01:00:00,96.07,96.4,0.3050003
2025-06-25 02:00:00,96.11,96.3,0.20249939
2025-06-25 03:00:00,96.16,96.4,0.21499634
2025-06-25 04:00:00,96.21,96.4,0.16500092
2025-06-25 05:00:00,96.25,96.5,0.25
2025-06-25 06:00:00,96.3,96.5,0.19999695
2025-06-25 07:00:00,96.34,96.56,0.22250366
2025-06-25 08:00:00,96.38,96.56,0.18250275
2025-06-25 09:00:00,96.41,96.6,0.21499634
2025-06-25 10:00:00,96.45,96.6,0.17500305
2025-06-25 11:00:00,96.48,96.7,0.20749664
2025-06-25 12:00:00,96.5,96.7,0.1875
2025-06-25 13:00:00,96.53,96.8,0.28250122
2025-06-25 14:00:00,96.56,96.8,0.25250244
2025-06-25 15:00:00,96.6,96.8,0.21250153
2025-06-25 16:00:00,96.63,96.8,0.18250275
2025-06-25 17:00:00,96.67,96.9,0.20500183
2025-06-25 18:00:00,96.71,96.9,0.16500092
2025-06-25 19:00:00,96.75,96.9,0.125
2025-06-25 20:00:00,96.8,96.8,0.012496948
2025-06-25 21:00:00,96.83,96.9,0.04499817
2025-06-25 22:00:00,96.85,96.9,0.025001526
2025-06-25 23:00:00,96.86,96.9,0.01499939
2025-06-26 00:00:00,96.87,96.9,0.0049972534
2025-06-26 01:00:00,96.88,96.94,0.057502747
2025-06-26 02:00:00,96.9,96.9,0.025001526
2025-06-26 03:00:00,96.92,96.94,0.017501831
2025-06-26 04:00:00,96.94,96.9,0.06500244
2025-06-26 05:00:00,96.96,96.94,0.022499084
2025-06-26 06:00:00,96.98,96.94,0.042503357
2025-06-26 07:00:00,97.0,97.06,0.0625
2025-06-26 08:00:00,97.02,97.0,0.019996643
2025-06-26 09:00:00,97.04,97.0,0.040000916
2025-06-26 10:00:00,97.07,96.9,0.1949997
2025-06-26 11:00:00,97.1,97.0,0.099998474
2025-06-26 12:00:00,97.13,97.0,0.12999725
2025-06-26 13:00:00,97.15,97.06,0.087501526
2025-06-26 14:00:00,97.17,97.0,0.16999817
2025-06-26 15:00:00,97.19,97.06,0.12750244
2025-06-26 16:00:00,97.2,97.06,0.13749695
2025-06-26 17:00:00,97.22,97.1,0.09500122
2025-06-26 18:00:00,97.24,97.1,0.114997864
2025-06-26 19:00:00,97.26,97.1,0.13500214
2025-06-26 20:00:00,97.28,97.1,0.15499878
2025-06-26 21:00:00,97.3,97.06,0.23750305
2025-06-26 22:00:00,97.32,97.06,0.2574997
2025-06-26 23:00:00,97.33,97.06,0.26750183
2025-06-27 00:00:00,97.35,97.2,0.16249847
2025-06-27 01:00:00,97.37,97.1,0.24500275
2025-06-27 02:00:00,97.39,97.1,0.2649994
2025-06-27 03:00:00,97.41,97.1,0.28500366
2025-06-27 04:00:00,97.43,97.25,0.1800003
2025-06-27 05:00:00,97.45,97.25,0.19999695
2025-06-27 06:00:00,97.47,97.3,0.15750122
2025-06-27 07:00:00,97.5,97.3,0.1875
2025-06-27 08:00:00,97.52,97.44,0.08249664
2025-06-27 09:00:00,97.54,97.4,0.16500092
2025-06-27 10:00:00,97.56,97.44,0.12249756
2025-06-27 11:00:00,97.58,97.4,0.20500183
2025-06-27 12:00:00,97.6,97.5,0.099998474
2025-06-27 13:00:00,97.62,97.44,0.18250275
2025-06-27 14:00:00,97.64,97.6,0.01499939
2025-06-27 15:00:00,97.66,97.56,0.09750366
2025-06-27 16:00:00,97.68,97.7,0.007499695
2025-06-27 17:00:00,97.71,97.56,0.14749908
2025-06-27 18:00:00,97.74,97.75,0.010002136
2025-06-27 19:00:00,97.77,97.5,0.26999664
2025-06-27 20:00:00,97.81,97.6,0.18499756
2025-06-27 21:00:00,97.85,97.44,0.41249847
2025-06-27 22:00:00,97.88,97.56,0.31749725
2025-06-27 23:00:00,97.91,97.3,0.59750366
2025-06-28 00:00:00,97.94,97.6,0.31500244
2025-06-28 01:00:00,97.97,97.44,0.5325012
2025-06-28 02:00:00,98.0,97.7,0.3125
2025-06-28 03:00:00,98.03,97.44,0.5924988
2025-06-28 04:00:00,98.06,97.8,0.24749756
2025-06-28 05:00:00,98.09,97.6,0.46499634
2025-06-28 06:00:00,98.12,97.9,0.24500275
2025-06-28 07:00:00,98.16,97.7,0.47250366
2025-06-28 08:00:00,98.19,98.06,0.12750244
2025-06-28 09:00:00,98.22,97.9,0.34500122
2025-06-28 10:00:00,98.25,98.06,0.1875
2025-06-28 11:00:00,98.28,97.94,0.34249878
2025-06-28 12:00:00,98.32,98.1,0.1949997
2025-06-28 13:00:00,98.36,98.06,0.2975006
2025-06-28 14:00:00,98.39,98.25,0.13999939
2025-06-28 15:00:00,98.42,98.2,0.23249817
2025-06-28 16:00:00,98.45,98.4,0.07499695
2025-06-28 17:00:00,98.48,98.25,0.23000336
2025-06-28 18:00:00,98.51,98.25,0.26000214
2025-06-28 19:00:00,98.54,98.3,0.22750092
2025-06-28 20:00:00,98.58,98.25,0.33000183
2025-06-28 21:00:00,98.62,98.1,0.49500275
2025-06-28 22:00:00,98.66,98.06,0.59750366
2025-06-28 23:00:00,98.7,98.25,0.44999695
2025-06-29 00:00:00,98.74,98.2,0.55249786
2025-06-29 01:00:00,98.77,98.3,0.45749664
2025-06-29 02:00:00,98.81,98.25,0.55999756
2025-06-29 03:00:00,98.85,98.44,0.41249847
2025-06-29 04:00:00,98.89,98.44,0.4524994
2025-06-29 05:00:00,98.92,98.56,0.35749817
2025-06-29 06:00:00,98.96,98.56,0.39749908
2025-06-29 07:00:00,99.02,98.75,0.26999664
2025-06-29 08:00:00,99.1,98.75,0.34999847
2025-06-29 09:00:00,99.18,98.8,0.3675003
2025-06-29 10:00:00,99.25,98.9,0.375
2025-06-29 11:00:00,99.32,99.0,0.3199997
2025-06-29 12:00:00,99.4,99.06,0.33750153
2025-06-29 13:00:00,99.45,99.06,0.38749695
2025-06-29 14:00:00,99.48,99.06,0.41750336
2025-06-29 15:00:00,99.49,99.06,0.42749786
2025-06-29 16:00:00,99.48,99.2,0.29250336
2025-06-29 17:00:00,99.46,99.06,0.39749908
2025-06-29 18:00:00,99.43,99.06,0.3675003
2025-06-29 19:00:00,99.4,98.94,0.46250153
2025-06-29 20:00:00,99.36,98.94,0.4225006
2025-06-29 21:00:00,99.34,98.7,0.65249634
2025-06-29 22:00:00,99.34,98.75,0.58999634
2025-06-29 23:00:00,99.35,98.6,0.7249985
2025-06-30 00:00:00,99.36,98.6,0.7350006
2025-06-30 01:00:00,99.37,98.56,0.80750275
2025-06-30 02:00:00,99.38,98.6,0.75499725
2025-06-30 03:00:00,99.39,98.7,0.7024994
2025-06-30 04:00:00,99.4,98.75,0.6500015
2025-06-30 05:00:00,99.42,98.6,0.79499817
2025-06-30 06:00:00,99.44,98.75,0.69000244
2025-06-30 07:00:00,99.47,98.9,0.5950012
2025-06-30 08:00:00,99.5,98.94,0.5625
2025-06-30 09:00:00,99.53,98.94,0.5924988
2025-06-30 10:00:00,99.57,99.0,0.5699997
2025-06-30 11:00:00,99.6,99.06,0.5374985
2025-06-30 12:00:00,99.62,99.1,0.49500275
2025-06-30 13:00:00,99.64,99.1,0.5149994
2025-06-30 14:00:00,99.66,99.25,0.41000366
2025-06-30 15:00:00,99.69,99.25,0.44000244
2025-06-30 16:00:00,99.71,99.2,0.5224991
2025-06-30 17:00:00,99.73,99.25,0.48000336
2025-06-30 18:00:00,99.75,99.2,0.5625
2025-06-30 19:00:00,99.77,99.2,0.58249664
2025-06-30 20:00:00,99.79,99.1,0.6650009
2025-06-30 21:00:00,99.81,99.25,0.55999756
2025-06-30 22:00:00,99.83,99.2,0.64250183
2025-06-30 23:00:00,99.83,99.3,0.51750183
2025-07-01 00:00:00,99.88,99.25,0.62999725
2025-07-01 01:00:00,99.91,99.3,0.59750366
2025-07-01 02:00:00,99.94,99.4,0.56500244
2025-07-01 03:00:00,99.97,99.4,0.5950012
2025-07-01 04:00:00,100.0,99.6,0.375
2025-07-01 05:00:00,100.03,99.56,0.46749878
2025-07-01 06:00:00,100.06,99.75,0.30999756
2025-07-01 07:00:00,100.09,99.7,0.40249634
2025-07-01 08:00:00,100.12,99.75,0.37000275
2025-07-01 09:00:00,100.15,99.75,0.40000153
2025-07-01 10:00:00,100.18,99.75,0.4300003
2025-07-01 11:00:00,100.21,99.8,0.39749908
2025-07-01 12:00:00,100.24,99.7,0.55249786
2025-07-01 13:00:00,100.27,99.8,0.45749664
2025-07-01 14:00:00,100.3,99.75,0.55000305
2025-07-01 15:00:00,100.33,99.8,0.51750183
2025-07-01 16:00:00,100.37,99.5,0.87000275
2025-07-01 17:00:00,100.41,99.8,0.59750366
2025-07-01 18:00:00,100.45,99.6,0.82499695
2025-07-01 19:00:00,100.49,99.8,0.67749786
2025-07-01 20:00:00,100.53,99.56,0.9674988
2025-07-01 21:00:00,100.57,99.8,0.7574997
2025-07-01 22:00:00,100.61,99.8,0.7975006
2025-07-01 23:00:00,100.65,99.9,0.7750015
2025-07-02 00:00:00,100.69,99.75,0.94000244
2025-07-02 01:00:00,100.73,99.9,0.85500336
2025-07-02 02:00:00,100.76,100.06,0.69750214
2025-07-02 03:00:00,100.79,100.1,0.6650009
2025-07-02 04:00:00,100.81,100.1,0.68499756
2025-07-02 05:00:00,100.84,100.1,0.71499634
2025-07-02 06:00:00,100.87,100.4,0.49500275
2025-07-02 07:00:00,100.9,100.3,0.5875015
2025-07-02 08:00:00,100.94,100.44,0.50250244
2025-07-02 09:00:00,100.98,100.4,0.60500336
2025-07-02 10:00:00,101.01,100.6,0.38500214
2025-07-02 11:00:00,101.04,100.6,0.41500092
2025-07-02 12:00:00,101.07,100.75,0.3199997
2025-07-02 13:00:00,101.09,100.8,0.27749634
2025-07-02 14:00:00,101.12,100.94,0.18250275
2025-07-02 15:00:00,101.15,100.94,0.21250153
2025-07-02 16:00:00,101.18,101.0,0.1800003
2025-07-02 17:00:00,101.21,100.94,0.27249908
2025-07-02 18:00:00,101.24,100.94,0.30249786
2025-07-02 19:00:00,101.27,100.8,0.45749664
2025-07-02 20:00:00,101.3,101.06,0.23750305
2025-07-02 21:00:00,101.33,100.9,0.45500183
2025-07-02 22:00:00,101.36,100.9,0.4850006
2025-07-02 23:00:00,101.39,100.7,0.7024994
2025-07-03 00:00:00,101.42,101.06,0.35749817
2025-07-03 01:00:00,101.45,100.9,0.57499695
2025-07-03 02:00:00,101.48,101.06,0.41750336
2025-07-03 03:00:00,101.51,100.94,0.57250214
2025-07-03 04:00:00,101.54,101.2,0.35250092
2025-07-03 05:00:00,101.57,101.2,0.3824997
2025-07-03 06:00:00,101.59,101.25,0.33999634
2025-07-03 07:00:00,101.61,101.25,0.3600006
2025-07-03 08:00:00,101.64,101.4,0.2649994
2025-07-03 09:00:00,101.67,101.44,0.23249817
2025-07-03 10:00:00,101.7,101.44,0.26249695
2025-07-03 11:00:00,101.73,101.44,0.29250336
2025-07-03 12:00:00,101.77,101.56,0.20749664
2025-07-03 13:00:00,101.81,101.6,0.18499756
2025-07-03 14:00:00,101.84,101.7,0.15249634
2025-07-03 15:00:00,101.87,101.7,0.18250275
2025-07-03 16:00:00,101.9,101.4,0.5250015
2025-07-03 17:00:00,101.93,101.56,0.3675003
2025-07-03 18:00:00,101.95,101.44,0.51249695
2025-07-03 19:00:00,101.97,101.4,0.5950012
2025-07-03 20:00:00,102.0,101.2,0.8125
2025-07-03 21:00:00,102.03,101.56,0.46749878
2025-07-03 22:00:00,102.06,101.4,0.68499756
2025-07-03 23:00:00,102.09,101.5,0.58999634
2025-07-04 00:00:00,102.12,101.4,0.74500275
2025-07-04 01:00:00,102.14,101.6,0.5149994
2025-07-04 02:00:00,102.17,101.56,0.60749817
2025-07-04 03:00:00,102.19,101.75,0.44000244
2025-07-04 04:00:00,102.21,101.7,0.5224991
2025-07-04 05:00:00,102.23,101.9,0.35500336
2025-07-04 06:00:00,102.26,101.9,0.38500214
2025-07-04 07:00:00,102.29,102.0,0.29000092
2025-07-04 08:00:00,102.33,101.94,0.39250183
2025-07-04 09:00:00,102.37,102.1,0.24500275
2025-07-04 10:00:00,102.41,102.1,0.28500366
2025-07-04 11:00:00,102.44,102.25,0.19000244
2025-07-04 12:00:00,102.47,102.2,0.28250122
2025-07-04 13:00:00,102.5,102.4,0.125
2025-07-04 14:00:00,102.52,102.4,0.14499664
2025-07-04 15:00:00,102.54,102.4,0.16500092
2025-07-04 16:00:00,102.56,102.44,0.12249756
2025-07-04 17:00:00,102.59,102.5,0.08999634
2025-07-04 18:00:00,102.61,102.56,0.04750061
2025-07-04 19:00:00,102.64,102.44,0.20249939
2025-07-04 20:00:00,102.67,102.44,0.23249817
2025-07-04 21:00:00,102.7,102.4,0.32499695
2025-07-04 22:00:00,102.72,102.44,0.28250122
2025-07-04 23:00:00,102.75,102.4,0.375
2025-07-05 00:00:00,102.78,102.44,0.34249878
2025-07-05 01:00:00,102.81,102.4,0.43499756
2025-07-05 02:00:00,102.84,102.44,0.40249634
2025-07-05 03:00:00,102.86,102.44,0.4225006
2025-07-05 04:00:00,102.88,102.6,0.25499725
2025-07-05 05:00:00,102.9,102.6,0.27500153
2025-07-05 06:00:00,102.93,102.6,0.3050003
2025-07-05 07:00:00,102.95,102.6,0.32499695
2025-07-05 08:00:00,102.97,102.8,0.15750122
2025-07-05 09:00:00,103.0,102.8,0.1875
2025-07-05 10:00:00,103.02,102.6,0.39499664
2025-07-05 11:00:00,103.05,102.56,0.48750305
2025-07-05 12:00:00,103.08,102.8,0.26750183
2025-07-05 13:00:00,103.1,102.8,0.28749847
2025-07-05 14:00:00,103.13,102.8,0.31749725
2025-07-05 15:00:00,103.15,102.9,0.27500153
2025-07-05 16:00:00,103.18,103.06,0.117500305
2025-07-05 17:00:00,103.2,103.2,0.012496948
2025-07-05 18:00:00,103.22,103.06,0.15750122
2025-07-05 19:00:00,103.25,103.06,0.1875
2025-07-05 20:00:00,103.28,103.1,0.15499878
2025-07-05 21:00:00,103.31,103.06,0.24749756
2025-07-05 22:00:00,103.35,102.94,0.41249847
2025-07-05 23:00:00,103.39,102.94,0.4524994
2025-07-06 00:00:00,103.44,103.0,0.44000244
2025-07-06 01:00:00,103.49,103.0,0.48999786
2025-07-06 02:00:00,103.55,103.0,0.55000305
2025-07-06 03:00:00,103.61,103.06,0.5475006
2025-07-06 04:00:00,103.67,103.2,0.48249817
2025-07-06 05:00:00,103.73,103.25,0.48000336
2025-07-06 06:00:00,103.79,103.25,0.5400009
2025-07-06 07:00:00,103.85,103.3,0.5374985
2025-07-06 08:00:00,103.91,103.4,0.53500366
2025-07-06 09:00:00,103.96,103.5,0.45999908
2025-07-06 10:00:00,103.99,103.56,0.42749786
2025-07-06 11:00:00,104.02,103.7,0.33249664
2025-07-06 12:00:00,104.04,103.75,0.29000092
2025-07-06 13:00:00,104.06,103.8,0.24749756
2025-07-06 14:00:00,104.08,103.94,0.14250183
2025-07-06 15:00:00,104.1,104.06,0.037498474
2025-07-06 16:00:00,104.12,104.06,0.057502747
2025-07-06 17:00:00,104.15,104.06,0.087501526
2025-07-06 18:00:00,104.17,104.06,0.10749817
2025-07-06 19:00:00,104.2,104.06,0.13749695
2025-07-06 20:00:00,104.23,104.1,0.10500336
2025-07-06 21:00:00,104.26,104.06,0.19750214
2025-07-06 22:00:00,104.31,104.06,0.24749756
2025-07-06 23:00:00,104.37,104.06,0.30750275
2025-07-07 00:00:00,104.43,104.06,0.3675003
2025-07-07 01:00:00,104.49,104.1,0.36499786
2025-07-07 02:00:00,104.55,103.94,0.61250305
2025-07-07 03:00:00,104.6,104.06,0.5374985
2025-07-07 04:00:00,104.6,104.2,0.41249847
2025-07-07 05:00:00,104.6,104.44,0.16249847
2025-07-07 06:00:00,104.61,104.25,0.3600006
2025-07-07 07:00:00,104.66,104.3,0.34750366
2025-07-07 08:00:00,104.7,104.1,0.57499695
2025-07-07 09:00:00,104.74,104.2,0.55249786
2025-07-07 10:00:00,104.78,104.3,0.46749878
2025-07-07 11:00:00,104.81,104.44,0.37249756
2025-07-07 12:00:00,104.83,104.3,0.51750183
2025-07-07 13:00:00,104.85,104.6,0.22499847
2025-07-07 14:00:00,104.88,104.56,0.31749725
2025-07-07 15:00:00,104.9,104.7,0.21250153
2025-07-07 16:00:00,104.92,104.44,0.48249817
2025-07-07 17:00:00,104.95,104.7,0.26249695
2025-07-07 18:00:00,104.98,104.7,0.29250336
2025-07-07 19:00:00,105.01,104.7,0.32250214
2025-07-07 20:00:00,105.04,104.5,0.5400009
2025-07-07 21:00:00,105.07,104.7,0.3824997
2025-07-07 22:00:00,105.11,104.6,0.4850006
2025-07-07 23:00:00,105.14,104.7,0.4524994
2025-07-08 00:00:00,105.17,104.7,0.48249817
2025-07-08 01:00:00,105.2,104.94,0.26249695
2025-07-08 02:00:00,105.23,104.9,0.35500336
2025-07-08 03:00:00,105.26,105.0,0.26000214
2025-07-08 04:00:00,105.29,105.06,0.22750092
2025-07-08 05:00:00,105.32,105.25,0.069999695
2025-07-08 06:00:00,105.35,105.25,0.099998474
2025-07-08 07:00:00,105.37,105.4,0.0049972534
2025-07-08 08:00:00,105.39,105.44,0.04750061
2025-07-08 09:00:00,105.41,105.2,0.22250366
2025-07-08 10:00:00,105.43,105.3,0.117500305
2025-07-08 11:00:00,105.45,105.3,0.13749695
2025-07-08 12:00:00,105.47,105.44,0.03250122
2025-07-08 13:00:00,105.49,105.4,0.114997864
2025-07-08 14:00:00,105.52,105.5,0.019996643
2025-07-08 15:00:00,105.54,105.6,0.084999084
2025-07-08 16:00:00,105.56,105.7,0.12750244
2025-07-08 17:00:00,105.58,105.6,0.04499817
2025-07-08 18:00:00,105.6,105.75,0.15000153
2025-07-08 19:00:00,105.62,105.6,0.0049972534
2025-07-08 20:00:00,105.64,105.56,0.07749939
2025-07-08 21:00:00,105.66,105.44,0.22250366
2025-07-08 22:00:00,105.68,105.56,0.117500305
2025-07-08 23:00:00,105.71,105.56,0.14749908
2025-07-09 00:00:00,105.74,105.56,0.17749786
2025-07-09 01:00:00,105.77,105.4,0.39499664
2025-07-09 02:00:00,105.8,105.6,0.17500305
2025-07-09 03:00:00,105.83,105.5,0.33000183
2025-07-09 04:00:00,105.85,105.7,0.16249847
2025-07-09 05:00:00,105.88,105.6,0.25499725
2025-07-09 06:00:00,105.91,105.8,0.09750366
2025-07-09 07:00:00,105.94,105.75,0.19000244
2025-07-09 08:00:00,105.97,106.0,0.02999878
2025-07-09 09:00:00,105.99,106.0,0.010002136
2025-07-09 10:00:00,106.01,106.06,0.052497864
2025-07-09 11:00:00,106.03,106.06,0.03250122
2025-07-09 12:00:00,106.05,106.25,0.19999695
2025-07-09 13:00:00,106.07,106.2,0.117500305
2025-07-09 14:00:00,106.1,106.25,0.15000153
2025-07-09 15:00:00,106.13,106.2,0.057502747
2025-07-09 16:00:00,106.14,106.2,0.04750061
2025-07-09 17:00:00,106.13,106.1,0.0049972534
2025-07-09 18:00:00,106.11,106.1,0.01499939
2025-07-09 19:00:00,106.1,106.1,0.025001526
2025-07-09 20:00:00,106.08,106.1,0.04499817
2025-07-09 21:00:00,106.08,106.06,0.017501831
2025-07-09 22:00:00,106.09,106.1,0.035003662
2025-07-09 23:00:00,106.08,106.06,0.017501831
2025-07-10 00:00:00,106.06,106.2,0.12750244
2025-07-10 01:00:00,106.04,106.1,0.084999084
2025-07-10 02:00:00,106.03,106.2,0.15750122
2025-07-10 03:00:00,106.02,106.2,0.16750336
2025-07-10 04:00:00,106.01,106.1,0.114997864
2025-07-10 05:00:00,106.01,106.1,0.114997864
2025-07-10 06:00:00,106.01,106.2,0.17749786
2025-07-10 07:00:00,106.01,106.2,0.17749786
2025-07-10 08:00:00,106.01,106.2,0.17749786
2025-07-10 09:00:00,106.01,106.2,0.17749786
2025-07-10 10:00:00,106.01,106.25,0.23999786
2025-07-10 11:00:00,106.0,106.3,0.3125
2025-07-10 12:00:00,105.99,106.3,0.32250214
2025-07-10 13:00:00,105.98,106.4,0.39499664
2025-07-10 14:00:00,105.98,106.3,0.33249664
2025-07-10 15:00:00,105.97,106.3,0.34249878
2025-07-10 16:00:00,105.97,106.25,0.27999878
2025-07-10 17:00:00,105.96,106.2,0.22750092
2025-07-10 18:00:00,105.96,105.94,0.022499084
2025-07-10 19:00:00,105.96,106.1,0.16500092
2025-07-10 20:00:00,105.96,105.94,0.022499084
2025-07-10 21:00:00,105.96,105.94,0.022499084
2025-07-10 22:00:00,105.96,105.75,0.20999908
2025-07-10 23:00:00,105.96,106.0,0.040000916
2025-07-11 00:00:00,105.96,105.9,0.084999084
2025-07-11 01:00:00,105.96,105.94,0.022499084
2025-07-11 02:00:00,105.96,105.8,0.14749908
2025-07-11 03:00:00,105.96,106.0,0.040000916
2025-07-11 04:00:00,105.96,105.9,0.084999084
2025-07-11 05:00:00,105.96,106.1,0.16500092
2025-07-11 06:00:00,105.95,106.0,0.05000305
2025-07-11 07:00:00,105.94,106.25,0.30999756
2025-07-11 08:00:00,105.94,106.1,0.18499756
2025-07-11 09:00:00,105.95,106.2,0.23750305
2025-07-11 10:00:00,105.96,106.2,0.22750092
2025-07-11 11:00:00,105.97,106.2,0.21749878
2025-07-11 12:00:00,105.97,106.2,0.21749878
2025-07-11 13:00:00,105.97,106.1,0.15499878
2025-07-11 14:00:00,105.98,106.25,0.26999664
2025-07-11 15:00:00,105.99,106.25,0.26000214
2025-07-11 16:00:00,105.98,106.2,0.20749664
2025-07-11 17:00:00,105.97,106.2,0.21749878
2025-07-11 18:00:00,105.97,106.2,0.21749878
2025-07-11 19:00:00,105.98,106.2,0.20749664
2025-07-11 20:00:00,105.99,106.1,0.13500214
2025-07-11 21:00:00,106.0,106.1,0.125
2025-07-11 22:00:00,106.0,106.1,0.125
2025-07-11 23:00:00,106.0,106.1,0.125
2025-07-12 00:00:00,106.0,106.06,0.0625
2025-07-12 01:00:00,106.0,106.06,0.0625
2025-07-12 02:00:00,106.0,106.1,0.125
2025-07-12 03:00:00,106.0,106.06,0.0625
2025-07-12 04:00:00,106.0,106.06,0.0625
2025-07-12 05:00:00,106.01,106.06,0.052497864
2025-07-12 06:00:00,106.01,106.25,0.23999786
2025-07-12 07:00:00,106.02,106.1,0.10500336
2025-07-12 08:00:00,106.03,106.2,0.15750122
2025-07-12 09:00:00,106.03,106.2,0.15750122
2025-07-12 10:00:00,106.03,106.4,0.34500122
2025-07-12 11:00:00,106.04,106.3,0.27249908
2025-07-12 12:00:00,106.04,106.44,0.39749908
2025-07-12 13:00:00,106.04,106.3,0.27249908
2025-07-12 14:00:00,106.04,106.5,0.45999908
2025-07-12 15:00:00,106.04,106.4,0.33499908
2025-07-12 16:00:00,106.03,106.44,0.40750122
2025-07-12 17:00:00,106.03,106.3,0.28250122
2025-07-12 18:00:00,106.03,106.4,0.34500122
2025-07-12 19:00:00,106.03,106.3,0.28250122
2025-07-12 20:00:00,106.03,106.25,0.22000122
2025-07-12 21:00:00,106.02,106.25,0.23000336
2025-07-12 22:00:00,106.01,106.3,0.30249786
2025-07-12 23:00:00,106.01,106.56,0.55249786
2025-07-13 00:00:00,106.01,106.44,0.42749786
2025-07-13 01:00:00,106.01,106.56,0.55249786
2025-07-13 02:00:00,106.01,106.5,0.48999786
2025-07-13 03:00:00,106.01,106.56,0.55249786
2025-07-13 04:00:00,106.01,106.3,0.30249786
2025-07-13 05:00:00,106.01,106.56,0.55249786
2025-07-13 06:00:00,106.01,106.2,0.17749786
2025-07-13 07:00:00,106.01,106.56,0.55249786
2025-07-13 08:00:00,106.01,106.3,0.30249786
2025-07-13 09:00:00,106.01,106.4,0.36499786
2025-07-13 10:00:00,106.01,106.25,0.23999786
2025-07-13 11:00:00,106.01,106.44,0.42749786
2025-07-13 12:00:00,106.01,106.4,0.36499786
2025-07-13 13:00:00,105.98,106.25,0.26999664
2025-07-13 14:00:00,105.93,106.25,0.3199997
2025-07-13 15:00:00,105.87,106.4,0.50499725
2025-07-13 16:00:00,105.82,106.3,0.4925003
2025-07-13 17:00:00,105.76,106.25,0.48999786
2025-07-13 18:00:00,105.75,106.2,0.4375
2025-07-13 19:00:00,105.75,106.2,0.4375
2025-07-13 20:00:00,105.75,106.1,0.375
2025-07-13 21:00:00,105.76,106.0,0.23999786
2025-07-13 22:00:00,105.76,105.94,0.17749786
2025-07-13 23:00:00,105.76,105.94,0.17749786
2025-07-14 00:00:00,105.77,105.9,0.10500336
2025-07-14 01:00:00,105.77,105.8,0.042503357
2025-07-14 02:00:00,105.78,105.8,0.03250122
2025-07-14 03:00:00,105.78,105.7,0.09249878
2025-07-14 04:00:00,105.78,105.9,0.09500122
2025-07-14 05:00:00,105.78,105.94,0.15750122
2025-07-14 06:00:00,105.77,106.0,0.23000336
2025-07-14 07:00:00,105.76,105.94,0.17749786
2025-07-14 08:00:00,105.76,106.0,0.23999786
2025-07-14 09:00:00,105.76,106.0,0.23999786
2025-07-14 10:00:00,105.75,106.06,0.3125
2025-07-14 11:00:00,105.74,106.06,0.32250214
2025-07-14 12:00:00,105.74,106.2,0.44750214
2025-07-14 13:00:00,105.74,106.06,0.32250214
2025-07-14 14:00:00,105.74,106.0,0.26000214
2025-07-14 15:00:00,105.73,105.9,0.14499664
2025-07-14 16:00:00,105.73,106.1,0.39499664
2025-07-14 17:00:00,105.73,105.94,0.20749664
2025-07-14 18:00:00,105.74,106.06,0.32250214
2025-07-14 19:00:00,105.74,106.0,0.26000214
2025-07-14 20:00:00,105.74,105.9,0.13500214
2025-07-14 21:00:00,105.74,105.75,0.010002136
2025-07-14 22:00:00,105.75,105.9,0.125
2025-07-14 23:00:00,105.76,105.8,0.052497864
2025-07-15 00:00:00,105.76,105.9,0.114997864
2025-07-15 01:00:00,105.76,105.75,0.010002136
2025-07-15 02:00:00,105.76,105.9,0.114997864
2025-07-15 03:00:00,105.76,105.9,0.114997864
2025-07-15 04:00:00,105.77,105.94,0.16750336
2025-07-15 05:00:00,105.76,105.56,0.19750214
2025-07-15 06:00:00,105.76,105.94,0.17749786
2025-07-15 07:00:00,105.76,105.8,0.052497864
2025-07-15 08:00:00,105.76,106.0,0.23999786
2025-07-15 09:00:00,105.76,105.8,0.052497864
2025-07-15 10:00:00,105.76,106.0,0.23999786
2025-07-15 11:00:00,105.76,105.94,0.17749786
2025-07-15 12:00:00,105.76,106.1,0.36499786
2025-07-15 13:00:00,105.76,106.0,0.23999786
2025-07-15 14:00:00,105.76,106.06,0.30249786
2025-07-15 15:00:00,105.75,106.1,0.375
2025-07-15 16:00:00,105.73,106.2,0.45749664
2025-07-15 17:00:00,105.69,105.94,0.24749756
2025-07-15 18:00:00,105.65,106.06,0.41249847
2025-07-15 19:00:00,105.61,105.8,0.20249939
2025-07-15 20:00:00,105.59,105.9,0.28500366
2025-07-15 21:00:00,105.57,105.7,0.117500305
2025-07-15 22:00:00,105.54,105.75,0.20999908
2025-07-15 23:00:00,105.51,105.6,0.114997864
2025-07-16 00:00:00,105.48,105.8,0.33249664
2025-07-16 01:00:00,105.46,105.56,0.102500916
2025-07-16 02:00:00,105.44,105.6,0.18499756
2025-07-16 03:00:00,105.41,105.5,0.08999634
2025-07-16 04:00:00,105.38,105.6,0.24500275
2025-07-16 05:00:00,105.35,105.7,0.33750153
2025-07-16 06:00:00,105.31,105.6,0.31500244
2025-07-16 07:00:00,105.28,105.56,0.28250122
2025-07-16 08:00:00,105.24,105.7,0.44750214
2025-07-16 09:00:00,105.2,105.6,0.42500305
2025-07-16 10:00:00,105.18,105.6,0.4449997
2025-07-16 11:00:00,105.15,105.6,0.47499847
2025-07-16 12:00:00,105.12,105.5,0.37999725
2025-07-16 13:00:00,105.08,105.56,0.48249817
2025-07-16 14:00:00,105.06,105.44,0.37750244
2025-07-16 15:00:00,105.03,105.6,0.5950012
2025-07-16 16:00:00,105.0,105.56,0.5625
2025-07-16 17:00:00,104.97,105.56,0.5924988
2025-07-16 18:00:00,104.94,105.44,0.49749756
2025-07-16 19:00:00,104.91,105.44,0.52749634
2025-07-16 20:00:00,104.88,105.4,0.49500275
2025-07-16 21:00:00,104.85,105.4,0.5250015
2025-07-16 22:00:00,104.82,105.2,0.3675003
2025-07-16 23:00:00,104.79,105.2,0.39749908
2025-07-17 00:00:00,104.76,105.0,0.23999786
2025-07-17 01:00:00,104.74,105.1,0.38500214
2025-07-17 02:00:00,104.72,104.9,0.15499878
2025-07-17 03:00:00,104.69,105.0,0.30999756
2025-07-17 04:00:00,104.66,104.75,0.08999634
2025-07-17 05:00:00,104.63,104.94,0.30750275
2025-07-17 06:00:00,104.6,104.7,0.087501526
2025-07-17 07:00:00,104.57,104.8,0.2425003
2025-07-17 08:00:00,104.54,104.44,0.102500916
2025-07-17 09:00:00,104.51,104.56,0.052497864
2025-07-17 10:00:00,104.48,104.56,0.08249664
2025-07-17 11:00:00,104.45,104.8,0.36250305
2025-07-17 12:00:00,104.41,104.5,0.08999634
2025-07-17 13:00:00,104.38,104.6,0.24500275
2025-07-17 14:00:00,104.35,104.3,0.037498474
2025-07-17 15:00:00,104.3,104.75,0.44999695
2025-07-17 16:00:00,104.24,104.56,0.32250214
2025-07-17 17:00:00,104.18,104.7,0.5074997
2025-07-17 18:00:00,104.11,104.3,0.20249939
2025-07-17 19:00:00,104.05,104.4,0.32499695
2025-07-17 20:00:00,103.99,104.1,0.13500214
2025-07-17 21:00:00,103.93,104.25,0.3199997
2025-07-17 22:00:00,103.87,104.25,0.37999725
2025-07-17 23:00:00,103.81,104.06,0.25250244
2025-07-18 00:00:00,103.75,104.0,0.25
2025-07-18 01:00:00,103.69,103.8,0.12249756
2025-07-18 02:00:00,103.63,103.8,0.18250275
2025-07-18 03:00:00,103.57,103.7,0.117500305
2025-07-18 04:00:00,103.51,103.7,0.17749786
2025-07-18 05:00:00,103.45,103.6,0.17500305
2025-07-18 06:00:00,103.39,103.6,0.23500061
2025-07-18 07:00:00,103.33,103.5,0.16999817
2025-07-18 08:00:00,103.26,103.4,0.114997864
2025-07-18 09:00:00,103.2,103.25,0.05000305
2025-07-18 10:00:00,103.14,103.6,0.4850006
2025-07-18 11:00:00,103.08,103.5,0.41999817
2025-07-18 12:00:00,103.01,103.4,0.36499786
2025-07-18 13:00:00,102.94,103.2,0.24749756
2025-07-18 14:00:00,102.87,103.4,0.50499725
2025-07-18 15:00:00,102.8,103.4,0.57499695
2025-07-18 16:00:00,102.73,103.3,0.58249664
2025-07-18 17:00:00,102.67,103.2,0.51750183
2025-07-18 18:00:00,102.6,103.3,0.7125015
2025-07-18 19:00:00,102.53,103.2,0.6575012
2025-07-18 20:00:00,102.46,103.06,0.6025009
2025-07-18 21:00:00,102.4,102.94,0.5374985
2025-07-18 22:00:00,102.34,102.8,0.47250366
2025-07-18 23:00:00,102.28,102.7,0.40750122
2025-07-19 00:00:00,102.22,102.56,0.34249878
2025-07-19 01:00:00,102.16,102.44,0.27749634
2025-07-19 02:00:00,102.1,102.5,0.40000153
2025-07-19 03:00:00,102.04,102.44,0.39749908
2025-07-19 04:00:00,101.98,102.44,0.45749664
2025-07-19 05:00:00,101.92,102.4,0.45500183
2025-07-19 06:00:00,101.86,102.44,0.5774994
2025-07-19 07:00:00,101.8,102.4,0.57499695
2025-07-19 08:00:00,101.74,102.4,0.63500214
2025-07-19 09:00:00,101.68,102.3,0.6324997
2025-07-19 10:00:00,101.61,102.3,0.7024994
2025-07-19 11:00:00,101.55,102.25,0.69999695
2025-07-19 12:00:00,101.49,102.25,0.76000214
2025-07-19 13:00:00,101.43,102.25,0.8199997
2025-07-19 14:00:00,101.37,102.25,0.87999725
2025-07-19 15:00:00,101.31,102.2,0.87750244
2025-07-19 16:00:00,101.26,102.2,0.92749786
2025-07-19 17:00:00,101.24,102.2,0.94750214
2025-07-19 18:00:00,101.24,101.56,0.32250214
2025-07-19 19:00:00,101.2,101.9,0.67500305
2025-07-19 20:00:00,101.16,101.44,0.27749634
2025-07-19 21:00:00,101.13,101.7,0.55750275
2025-07-19 22:00:00,101.09,101.06,0.027496338
2025-07-19 23:00:00,101.07,101.44,0.3675003
2025-07-20 00:00:00,101.04,101.0,0.040000916
2025-07-20 01:00:00,101.01,101.25,0.23999786
2025-07-20 02:00:00,100.97,100.75,0.22000122
2025-07-20 03:00:00,100.94,101.1,0.18499756
2025-07-20 04:00:00,100.91,100.94,0.027496338
2025-07-20 05:00:00,100.88,101.2,0.30750275
2025-07-20 06:00:00,100.85,100.8,0.037498474
2025-07-20 07:00:00,100.83,101.1,0.29499817
2025-07-20 08:00:00,100.83,101.0,0.16999817
2025-07-20 09:00:00,100.83,101.2,0.35749817
2025-07-20 10:00:00,100.83,100.94,0.10749817
2025-07-20 11:00:00,100.83,101.06,0.23249817
2025-07-20 12:00:00,100.81,100.94,0.12750244
2025-07-20 13:00:00,100.78,101.2,0.40750122
2025-07-20 14:00:00,100.74,100.94,0.19750214
2025-07-20 15:00:00,100.69,101.1,0.43499756
2025-07-20 16:00:00,100.63,101.1,0.49500275
2025-07-20 17:00:00,100.59,101.2,0.59750366
2025-07-20 18:00:00,100.55,100.94,0.38749695
2025-07-20 19:00:00,100.53,100.9,0.34500122
2025-07-20 20:00:00,100.53,100.7,0.15750122
2025-07-20 21:00:00,100.53,100.56,0.03250122
2025-07-20 22:00:00,100.53,100.44,0.09249878
2025-07-20 23:00:00,100.53,100.44,0.09249878
2025-07-21 00:00:00,100.52,100.44,0.08249664
2025-07-21 01:00:00,100.52,100.44,0.08249664
2025-07-21 02:00:00,100.52,100.44,0.08249664
2025-07-21 03:00:00,100.52,100.44,0.08249664
2025-07-21 04:00:00,100.52,100.5,0.019996643
2025-07-21 05:00:00,100.52,100.56,0.042503357
2025-07-21 06:00:00,100.52,100.6,0.10500336
2025-07-21 07:00:00,100.52,100.6,0.10500336
2025-07-21 08:00:00,100.52,100.6,0.10500336
2025-07-21 09:00:00,100.52,100.6,0.10500336
2025-07-21 10:00:00,100.52,100.7,0.16750336
2025-07-21 11:00:00,100.52,100.7,0.16750336
2025-07-21 12:00:00,100.51,100.7,0.17749786
2025-07-21 13:00:00,100.51,100.6,0.114997864
2025-07-21 14:00:00,100.5,100.56,0.0625
2025-07-21 15:00:00,100.49,100.56,0.072502136
2025-07-21 16:00:00,100.49,100.44,0.052497864
2025-07-21 17:00:00,100.49,100.44,0.052497864
2025-07-21 18:00:00,100.48,100.4,0.10500336
2025-07-21 19:00:00,100.47,100.4,0.09500122
2025-07-21 20:00:00,100.47,100.56,0.09249878
2025-07-21 21:00:00,100.47,100.5,0.02999878
2025-07-21 22:00:00,100.47,100.5,0.02999878
2025-07-21 23:00:00,100.47,100.44,0.03250122
2025-07-22 00:00:00,100.47,100.44,0.03250122
2025-07-22 01:00:00,100.47,100.44,0.03250122
2025-07-22 02:00:00,100.47,100.56,0.09249878
2025-07-22 03:00:00,100.47,100.4,0.09500122
2025-07-22 04:00:00,100.47,100.44,0.03250122
2025-07-22 05:00:00,100.46,100.44,0.022499084
2025-07-22 06:00:00,100.45,100.4,0.07499695
2025-07-22 07:00:00,100.43,100.25,0.1800003
2025-07-22 08:00:00,100.41,100.4,0.035003662
2025-07-22 09:00:00,100.39,100.25,0.13999939
2025-07-22 10:00:00,100.36,100.25,0.11000061
2025-07-22 11:00:00,100.33,99.94,0.39250183
2025-07-22 12:00:00,100.31,100.1,0.18499756
2025-07-22 13:00:00,100.29,99.9,0.41500092
2025-07-22 14:00:00,100.29,100.0,0.29000092
2025-07-22 15:00:00,100.31,99.8,0.49749756
2025-07-22 16:00:00,100.32,100.06,0.2574997
2025-07-22 17:00:00,100.3,99.9,0.42500305
2025-07-22 18:00:00,100.27,100.06,0.20749664
2025-07-22 19:00:00,100.25,99.94,0.3125
2025-07-22 20:00:00,100.26,100.06,0.19750214
2025-07-22 21:00:00,100.29,99.94,0.35250092
2025-07-22 22:00:00,100.32,100.06,0.2574997
2025-07-22 23:00:00,100.35,100.0,0.34999847
2025-07-23 00:00:00,100.37,100.1,0.24500275
2025-07-23 01:00:00,100.39,100.1,0.2649994
2025-07-23 02:00:00,100.41,100.25,0.16000366
2025-07-23 03:00:00,100.42,100.25,0.16999817
2025-07-23 04:00:00,100.43,100.4,0.055000305
2025-07-23 05:00:00,100.43,100.44,0.007499695
2025-07-23 06:00:00,100.42,100.5,0.08000183
2025-07-23 07:00:00,100.4,100.5,0.099998474
2025-07-23 08:00:00,100.38,100.5,0.12000275
2025-07-23 09:00:00,100.37,100.56,0.19249725
2025-07-23 10:00:00,100.35,100.5,0.15000153
2025-07-23 11:00:00,100.33,100.44,0.10749817
2025-07-23 12:00:00,100.32,100.5,0.1800003
2025-07-23 13:00:00,100.32,100.5,0.1800003
2025-07-23 14:00:00,100.33,100.56,0.23249817
2025-07-23 15:00:00,100.34,100.5,0.16000366
2025-07-23 16:00:00,100.35,100.6,0.27500153
2025-07-23 17:00:00,100.35,100.6,0.27500153
2025-07-23 18:00:00,100.35,100.56,0.21250153
2025-07-23 19:00:00,100.36,100.2,0.17250061
2025-07-23 20:00:00,100.37,100.4,0.0049972534
2025-07-23 21:00:00,100.39,100.2,0.20249939
2025-07-23 22:00:00,100.41,100.2,0.22250366
2025-07-23 23:00:00,100.42,99.94,0.48249817
2025-07-24 00:00:00,100.44,100.3,0.12750244
2025-07-24 01:00:00,100.46,100.1,0.33499908
2025-07-24 02:00:00,100.49,100.2,0.30249786
2025-07-24 03:00:00,100.52,99.94,0.58249664
2025-07-24 04:00:00,100.55,100.3,0.23750305
2025-07-24 05:00:00,100.57,100.1,0.4449997
2025-07-24 06:00:00,100.57,100.3,0.2574997
2025-07-24 07:00:00,100.56,100.06,0.49749756
2025-07-24 08:00:00,100.53,100.5,0.02999878
2025-07-24 09:00:00,100.5,100.3,0.1875
2025-07-24 10:00:00,100.45,100.44,0.012496948
2025-07-24 11:00:00,100.4,100.06,0.33750153
2025-07-24 12:00:00,100.37,100.3,0.057502747
2025-07-24 13:00:00,100.37,99.94,0.43250275
2025-07-24 14:00:00,100.38,100.1,0.25499725
2025-07-24 15:00:00,100.39,100.6,0.23500061
2025-07-24 16:00:00,100.4,100.44,0.037498474
2025-07-24 17:00:00,100.41,100.4,0.035003662
2025-07-24 18:00:00,100.42,100.44,0.017501831
2025-07-24 19:00:00,100.43,100.44,0.007499695
2025-07-24 20:00:00,100.44,100.1,0.31500244
2025-07-24 21:00:00,100.45,100.3,0.13749695
2025-07-24 22:00:00,100.46,100.06,0.39749908
2025-07-24 23:00:00,100.47,100.2,0.28250122
2025-07-25 00:00:00,100.48,99.9,0.60500336
2025-07-25 01:00:00,100.5,100.25,0.25
2025-07-25 02:00:00,100.51,100.2,0.32250214
2025-07-25 03:00:00,100.53,100.4,0.15499878
2025-07-25 04:00:00,100.54,100.2,0.35250092
2025-07-25 05:00:00,100.56,100.44,0.12249756
2025-07-25 06:00:00,100.58,100.4,0.20500183
2025-07-25 07:00:00,100.6,100.56,0.037498474
2025-07-25 08:00:00,100.62,100.44,0.18250275
2025-07-25 09:00:00,100.64,100.7,0.04750061
2025-07-25 10:00:00,100.67,100.7,0.017501831
2025-07-25 11:00:00,100.69,100.8,0.12249756
2025-07-25 12:00:00,100.71,100.8,0.102500916
2025-07-25 13:00:00,100.73,101.0,0.26999664
2025-07-25 14:00:00,100.75,100.94,0.1875
2025-07-25 15:00:00,100.77,101.0,0.23000336
2025-07-25 16:00:00,100.79,101.0,0.20999908
2025-07-25 17:00:00,100.81,101.06,0.25250244
2025-07-25 18:00:00,100.82,101.06,0.2425003
2025-07-25 19:00:00,100.83,101.0,0.16999817
2025-07-25 20:00:00,100.85,101.06,0.21250153
2025-07-25 21:00:00,100.86,101.0,0.13999939
2025-07-25 22:00:00,100.88,101.1,0.24500275
2025-07-25 23:00:00,100.9,101.06,0.16249847
2025-07-26 00:00:00,100.92,101.1,0.20500183
2025-07-26 01:00:00,100.94,101.06,0.12249756
2025-07-26 02:00:00,100.96,101.2,0.22750092
2025-07-26 03:00:00,100.98,101.1,0.14499664
2025-07-26 04:00:00,101.0,101.1,0.125
2025-07-26 05:00:00,101.01,101.1,0.114997864
2025-07-26 06:00:00,101.02,101.2,0.16750336
2025-07-26 07:00:00,101.03,101.25,0.22000122
2025-07-26 08:00:00,101.04,101.2,0.14749908
2025-07-26 09:00:00,101.05,101.1,0.07499695
2025-07-26 10:00:00,101.06,101.1,0.06500244
2025-07-26 11:00:00,101.06,101.06,0.0025024414
2025-07-26 12:00:00,101.07,101.1,0.055000305
2025-07-26 13:00:00,101.08,101.0,0.08000183
2025-07-26 14:00:00,101.09,101.25,0.16000366
2025-07-26 15:00:00,101.1,101.25,0.15000153
2025-07-26 16:00:00,101.11,101.44,0.3274994
2025-07-26 17:00:00,101.12,100.8,0.30750275
2025-07-26 18:00:00,101.13,101.2,0.057502747
2025-07-26 19:00:00,101.14,100.9,0.2649994
2025-07-26 20:00:00,101.16,101.0,0.16000366
2025-07-26 21:00:00,101.17,100.44,0.73249817
2025-07-26 22:00:00,101.18,101.06,0.117500305
2025-07-26 23:00:00,101.19,100.7,0.50250244
2025-07-27 00:00:00,101.2,101.06,0.13749695
2025-07-27 01:00:00,101.21,100.6,0.5849991
2025-07-27 02:00:00,101.21,101.1,0.084999084
2025-07-27 03:00:00,101.21,101.0,0.20999908
2025-07-27 04:00:00,101.22,101.2,0.03250122
2025-07-27 05:00:00,101.23,101.0,0.23000336
2025-07-27 06:00:00,101.24,101.25,0.010002136
2025-07-27 07:00:00,101.24,101.2,0.052497864
2025-07-27 08:00:00,101.24,101.3,0.072502136
2025-07-27 09:00:00,101.24,101.25,0.010002136
2025-07-27 10:00:00,101.23,101.4,0.14499664
2025-07-27 11:00:00,101.22,101.3,0.09249878
2025-07-27 12:00:00,101.21,101.44,0.22750092
2025-07-27 13:00:00,101.19,101.2,0.0025024414
2025-07-27 14:00:00,101.15,101.25,0.099998474
2025-07-27 15:00:00,101.1,101.2,0.087501526
2025-07-27 16:00:00,101.04,101.3,0.27249908
2025-07-27 17:00:00,100.98,101.25,0.26999664
2025-07-27 18:00:00,100.93,101.25,0.3199997
2025-07-27 19:00:00,100.88,101.2,0.30750275
2025-07-27 20:00:00,100.83,101.1,0.29499817
2025-07-27 21:00:00,100.78,101.0,0.22000122
2025-07-27 22:00:00,100.74,101.0,0.26000214
2025-07-27 23:00:00,100.71,100.94,0.22750092
2025-07-28 00:00:00,100.7,100.8,0.11250305
2025-07-28 01:00:00,100.7,100.6,0.07499695
2025-07-28 02:00:00,100.7,100.56,0.13749695
2025-07-28 03:00:00,100.7,100.56,0.13749695
2025-07-28 04:00:00,100.71,100.44,0.27249908
2025-07-28 05:00:00,100.71,100.56,0.14749908
2025-07-28 06:00:00,100.71,100.44,0.27249908
2025-07-28 07:00:00,100.71,100.5,0.20999908
2025-07-28 08:00:00,100.7,100.4,0.32499695
2025-07-28 09:00:00,100.7,100.44,0.26249695
2025-07-28 10:00:00,100.7,100.4,0.32499695
2025-07-28 11:00:00,100.7,100.4,0.32499695
2025-07-28 12:00:00,100.69,100.3,0.37750244
2025-07-28 13:00:00,100.69,100.44,0.25250244
2025-07-28 14:00:00,100.69,100.5,0.19000244
2025-07-28 15:00:00,100.69,100.6,0.06500244
2025-07-28 16:00:00,100.68,100.5,0.1800003
2025-07-28 17:00:00,100.67,100.7,0.017501831
2025-07-28 18:00:00,100.66,100.75,0.08999634
2025-07-28 19:00:00,100.66,100.7,0.027496338
2025-07-28 20:00:00,100.65,100.7,0.037498474
2025-07-28 21:00:00,100.65,100.6,0.025001526
2025-07-28 22:00:00,100.65,100.5,0.15000153
2025-07-28 23:00:00,100.65,100.44,0.21250153
2025-07-29 00:00:00,100.65,100.3,0.33750153
2025-07-29 01:00:00,100.65,100.3,0.33750153
2025-07-29 02:00:00,100.65,100.3,0.33750153
2025-07-29 03:00:00,100.65,100.3,0.33750153
2025-07-29 04:00:00,100.65,100.3,0.33750153
2025-07-29 05:00:00,100.65,100.3,0.33750153
2025-07-29 06:00:00,100.64,100.44,0.20249939
2025-07-29 07:00:00,100.63,100.44,0.19249725
2025-07-29 08:00:00,100.62,100.5,0.12000275
2025-07-29 09:00:00,100.62,100.3,0.30750275
2025-07-29 10:00:00,100.62,100.44,0.18250275
2025-07-29 11:00:00,100.62,100.4,0.24500275
2025-07-29 12:00:00,100.62,100.5,0.12000275
2025-07-29 13:00:00,100.61,100.4,0.23500061
2025-07-29 14:00:00,100.6,100.56,0.037498474
2025-07-29 15:00:00,100.58,100.56,0.017501831
2025-07-29 16:00:00,100.55,100.75,0.19999695
2025-07-29 17:00:00,100.53,100.56,0.03250122
2025-07-29 18:00:00,100.53,100.7,0.15750122
2025-07-29 19:00:00,100.53,100.6,0.09500122
2025-07-29 20:00:00,100.53,100.6,0.09500122
2025-07-29 21:00:00,100.53,100.44,0.09249878
2025-07-29 22:00:00,100.53,100.44,0.09249878
2025-07-29 23:00:00,100.52,100.4,0.14499664
2025-07-30 00:00:00,100.51,100.4,0.13500214
2025-07-30 01:00:00,100.51,100.3,0.19750214
2025-07-30 02:00:00,100.5,100.3,0.1875
2025-07-30 03:00:00,100.49,100.3,0.17749786
2025-07-30 04:00:00,100.49,100.4,0.114997864
2025-07-30 05:00:00,100.48,100.4,0.10500336
2025-07-30 06:00:00,100.47,100.44,0.03250122
2025-07-30 07:00:00,100.46,100.4,0.084999084
2025-07-30 08:00:00,100.46,100.4,0.084999084
2025-07-30 09:00:00,100.45,100.4,0.07499695
2025-07-30 10:00:00,100.44,100.44,0.0025024414
2025-07-30 11:00:00,100.44,100.4,0.06500244
2025-07-30 12:00:00,100.44,100.5,0.05999756
2025-07-30 13:00:00,100.43,100.44,0.007499695
2025-07-30 14:00:00,100.42,100.6,0.20500183
2025-07-30 15:00:00,100.41,100.56,0.15249634
2025-07-30 16:00:00,100.4,100.75,0.34999847
2025-07-30 17:00:00,100.39,100.6,0.23500061
2025-07-30 18:00:00,100.39,100.75,0.3600006
2025-07-30 19:00:00,100.38,100.6,0.24500275
2025-07-30 20:00:00,100.37,100.6,0.25499725
2025-07-30 21:00:00,100.35,100.56,0.21250153
2025-07-30 22:00:00,100.35,100.5,0.15000153
2025-07-30 23:00:00,100.35,100.4,0.025001526
2025-07-31 00:00:00,100.34,100.3,0.027496338
2025-07-31 01:00:00,100.34,100.4,0.035003662
2025-07-31 02:00:00,100.34,100.3,0.027496338
2025-07-31 03:00:00,100.34,100.25,0.08999634
2025-07-31 04:00:00,100.33,100.06,0.26750183
2025-07-31 05:00:00,100.32,100.2,0.1324997
2025-07-31 06:00:00,100.31,100.2,0.12249756
2025-07-31 07:00:00,100.3,100.25,0.05000305
2025-07-31 08:00:00,100.26,100.06,0.19750214
2025-07-31 09:00:00,100.21,100.1,0.084999084
2025-07-31 10:00:00,100.14,100.06,0.07749939
2025-07-31 11:00:00,100.07,100.1,0.055000305
2025-07-31 12:00:00,99.99,100.06,0.072502136
2025-07-31 13:00:00,99.91,100.2,0.27749634
2025-07-31 14:00:00,99.86,100.1,0.2649994
2025-07-31 15:00:00,99.84,100.2,0.34750366
2025-07-31 16:00:00,99.83,100.2,0.35749817
2025-07-31 17:00:00,99.84,100.1,0.28500366
2025-07-31 18:00:00,99.87,99.9,0.0049972534
2025-07-31 19:00:00,99.9,99.94,0.037498474
2025-07-31 20:00:00,99.93,99.7,0.2425003
2025-07-31 21:00:00,99.96,99.6,0.33499908
2025-07-31 22:00:00,100.0,99.44,0.5625
2025-07-31 23:00:00,100.03,99.6,0.40499878
2025-08-01 00:00:00,100.06,99.4,0.68499756
2025-08-01 01:00:00,100.09,99.56,0.52749634
2025-08-01 02:00:00,100.13,99.44,0.69249725
2025-08-01 03:00:00,100.17,99.75,0.41999817
2025-08-01 04:00:00,100.21,99.6,0.5849991
2025-08-01 05:00:00,100.25,99.7,0.5625
2025-08-01 06:00:00,100.28,99.7,0.5924988
2025-08-01 07:00:00,100.31,99.9,0.43499756
2025-08-01 08:00:00,100.3,99.9,0.42500305
2025-08-01 09:00:00,100.3,99.8,0.48750305
2025-08-01 10:00:00,100.28,99.9,0.40499878
2025-08-01 11:00:00,100.26,99.94,0.32250214
2025-08-01 12:00:00,100.24,99.9,0.36499786
2025-08-01 13:00:00,100.22,99.8,0.40750122
2025-08-01 14:00:00,100.2,99.9,0.32499695
2025-08-01 15:00:00,100.17,99.8,0.35749817
2025-08-01 16:00:00,100.15,99.8,0.33750153
2025-08-01 17:00:00,100.13,99.8,0.31749725
2025-08-01 18:00:00,100.1,99.8,0.28749847
2025-08-01 19:00:00,100.12,99.75,0.37000275
2025-08-01 20:00:00,100.15,99.7,0.46250153
2025-08-01 21:00:00,100.19,99.5,0.69000244
2025-08-01 22:00:00,100.22,99.56,0.6575012
2025-08-01 23:00:00,100.25,99.5,0.75
2025-08-02 00:00:00,100.28,99.4,0.9049988
2025-08-02 01:00:00,100.31,99.3,0.99749756
2025-08-02 02:00:00,100.34,99.4,0.96499634
2025-08-02 03:00:00,100.37,99.5,0.87000275
2025-08-02 04:00:00,100.4,99.56,0.8375015
2025-08-02 05:00:00,100.43,99.5,0.9300003
2025-08-02 06:00:00,100.46,99.56,0.8974991
2025-08-02 07:00:00,100.49,99.56,0.92749786
2025-08-02 08:00:00,100.52,99.75,0.76999664
2025-08-02 09:00:00,100.53,99.7,0.8424988
2025-08-02 10:00:00,100.52,99.8,0.70749664
2025-08-02 11:00:00,100.52,99.8,0.70749664
2025-08-02 12:00:00,100.52,99.94,0.58249664
2025-08-02 13:00:00,100.51,99.94,0.57250214
2025-08-02 14:00:00,100.5,100.0,0.5
2025-08-02 15:00:00,100.5,100.06,0.4375
2025-08-02 16:00:00,100.49,100.06,0.42749786
2025-08-02 17:00:00,100.49,99.94,0.55249786
2025-08-02 18:00:00,100.49,100.06,0.42749786
2025-08-02 19:00:00,100.49,100.0,0.48999786
2025-08-02 20:00:00,100.5,100.0,0.5
2025-08-02 21:00:00,100.52,99.94,0.58249664
2025-08-02 22:00:00,100.54,100.0,0.5400009
2025-08-02 23:00:00,100.55,99.94,0.61250305
2025-08-03 00:00:00,100.57,99.94,0.6324997
2025-08-03 01:00:00,100.59,100.0,0.58999634
2025-08-03 02:00:00,100.62,100.0,0.62000275
2025-08-03 03:00:00,100.64,100.0,0.6399994
2025-08-03 04:00:00,100.66,100.06,0.59750366
2025-08-03 05:00:00,100.68,100.1,0.5550003
2025-08-03 06:00:00,100.7,100.2,0.51249695
2025-08-03 07:00:00,100.72,100.25,0.47000122
2025-08-03 08:00:00,100.73,100.25,0.48000336
2025-08-03 09:00:00,100.75,100.3,0.4375
2025-08-03 10:00:00,100.79,100.3,0.47750092
2025-08-03 11:00:00,100.82,100.4,0.4449997
2025-08-03 12:00:00,100.84,100.3,0.52749634
2025-08-03 13:00:00,100.84,100.4,0.46499634
2025-08-03 14:00:00,100.82,100.5,0.3199997
2025-08-03 15:00:00,100.81,100.56,0.24749756
2025-08-03 16:00:00,100.81,100.5,0.30999756
2025-08-03 17:00:00,100.8,100.44,0.36250305
2025-08-03 18:00:00,100.79,100.4,0.41500092
2025-08-03 19:00:00,100.8,100.3,0.48750305
2025-08-03 20:00:00,100.82,100.25,0.5699997
2025-08-03 21:00:00,100.84,100.3,0.52749634
2025-08-03 22:00:00,100.86,100.4,0.4850006
2025-08-03 23:00:00,100.87,100.3,0.55750275
2025-08-04 00:00:00,100.88,100.2,0.69249725
2025-08-04 01:00:00,100.9,100.2,0.7125015
2025-08-04 02:00:00,100.92,100.4,0.54499817
2025-08-04 03:00:00,100.94,100.3,0.62750244
2025-08-04 04:00:00,100.95,100.4,0.57499695
2025-08-04 05:00:00,100.96,100.4,0.5849991
2025-08-04 06:00:00,100.97,100.56,0.40750122
2025-08-04 07:00:00,101.0,100.56,0.4375
2025-08-04 08:00:00,101.03,100.6,0.40499878
2025-08-04 09:00:00,101.06,100.5,0.55999756
2025-08-04 10:00:00,101.08,100.7,0.39250183
2025-08-04 11:00:00,101.11,100.7,0.4225006
2025-08-04 12:00:00,101.14,100.75,0.3899994
2025-08-04 13:00:00,101.16,100.8,0.34750366
2025-08-04 14:00:00,101.19,100.94,0.25250244
2025-08-04 15:00:00,101.21,101.1,0.084999084
2025-08-04 16:00:00,101.23,101.2,0.042503357
2025-08-04 17:00:00,101.25,101.1,0.125
2025-08-04 18:00:00,101.27,101.25,0.019996643
2025-08-04 19:00:00,101.29,101.25,0.040000916
2025-08-04 20:00:00,101.29,101.25,0.040000916
2025-08-04 21:00:00,101.29,101.2,0.102500916
2025-08-04 22:00:00,101.3,101.2,0.11250305
2025-08-04 23:00:00,101.32,101.0,0.3199997
2025-08-05 00:00:00,101.33,101.0,0.33000183
2025-08-05 01:00:00,101.35,100.8,0.5374985
2025-08-05 02:00:00,101.36,101.0,0.3600006
2025-08-05 03:00:00,101.37,100.8,0.55750275
2025-08-05 04:00:00,101.38,101.0,0.37999725
2025-08-05 05:00:00,101.38,100.94,0.44249725
2025-08-05 06:00:00,101.39,101.06,0.3274994
2025-08-05 07:00:00,101.41,101.0,0.41000366
2025-08-05 08:00:00,101.43,101.1,0.3050003
2025-08-05 09:00:00,101.45,101.06,0.38749695
2025-08-05 10:00:00,101.47,101.06,0.40750122
2025-08-05 11:00:00,101.49,101.1,0.36499786
2025-08-05 12:00:00,101.51,101.2,0.32250214
2025-08-05 13:00:00,101.53,101.25,0.27999878
2025-08-05 14:00:00,101.55,101.4,0.17500305
2025-08-05 15:00:00,101.56,101.5,0.05999756
2025-08-05 16:00:00,101.56,101.5,0.05999756
2025-08-05 17:00:00,101.55,101.44,0.11250305
2025-08-05 18:00:00,101.54,101.44,0.102500916
2025-08-05 19:00:00,101.54,101.44,0.102500916
2025-08-05 20:00:00,101.54,101.25,0.29000092
2025-08-05 21:00:00,101.55,101.25,0.30000305
2025-08-05 22:00:00,101.56,101.1,0.43499756
2025-08-05 23:00:00,101.57,101.1,0.4449997
2025-08-06 00:00:00,101.58,101.06,0.51750183
2025-08-06 01:00:00,101.58,101.06,0.51750183
2025-08-06 02:00:00,101.58,101.06,0.51750183
2025-08-06 03:00:00,101.59,101.06,0.52749634
2025-08-06 04:00:00,101.6,101.06,0.5374985
2025-08-06 05:00:00,101.62,101.1,0.49500275
2025-08-06 06:00:00,101.64,101.2,0.4524994
2025-08-06 07:00:00,101.66,101.2,0.47250366
2025-08-06 08:00:00,101.68,101.3,0.3675003
2025-08-06 09:00:00,101.7,101.3,0.38749695
2025-08-06 10:00:00,101.72,101.3,0.40750122
2025-08-06 11:00:00,101.74,101.44,0.30249786
2025-08-06 12:00:00,101.76,101.4,0.38500214
2025-08-06 13:00:00,101.78,101.44,0.34249878
2025-08-06 14:00:00,101.8,101.5,0.30000305
2025-08-06 15:00:00,101.82,101.5,0.3199997
2025-08-06 16:00:00,101.84,101.6,0.21499634
2025-08-06 17:00:00,101.86,101.7,0.17250061
2025-08-06 18:00:00,101.87,101.7,0.18250275
2025-08-06 19:00:00,101.88,101.75,0.12999725
2025-08-06 20:00:00,101.9,101.8,0.087501526
2025-08-06 21:00:00,101.93,101.75,0.1800003
2025-08-06 22:00:00,101.95,101.5,0.44999695
2025-08-06 23:00:00,101.97,101.7,0.28250122
2025-08-07 00:00:00,101.99,101.6,0.36499786
2025-08-07 01:00:00,102.01,101.56,0.44750214
2025-08-07 02:00:00,102.03,101.44,0.5924988
2025-08-07 03:00:00,102.05,101.7,0.36250305
2025-08-07 04:00:00,102.07,101.56,0.5074997
2025-08-07 05:00:00,102.09,101.7,0.40249634
2025-08-07 06:00:00,102.12,101.56,0.55750275
2025-08-07 07:00:00,102.14,101.8,0.3274994
2025-08-07 08:00:00,102.16,101.8,0.34750366
2025-08-07 09:00:00,102.18,101.9,0.3050003
2025-08-07 10:00:00,102.2,101.8,0.38749695
2025-08-07 11:00:00,102.21,102.0,0.20999908
2025-08-07 12:00:00,102.24,101.94,0.30249786
2025-08-07 13:00:00,102.26,102.06,0.19750214
2025-08-07 14:00:00,102.27,102.0,0.26999664
2025-08-07 15:00:00,102.27,102.1,0.14499664
2025-08-07 16:00:00,102.27,102.1,0.14499664
2025-08-07 17:00:00,102.24,102.25,0.010002136
2025-08-07 18:00:00,102.21,102.2,0.022499084
2025-08-07 19:00:00,102.22,102.2,0.03250122
2025-08-07 20:00:00,102.23,102.06,0.16750336
2025-08-07 21:00:00,102.25,102.0,0.25
2025-08-07 22:00:00,102.27,101.94,0.33249664
2025-08-07 23:00:00,102.3,101.9,0.42500305
2025-08-08 00:00:00,102.33,101.94,0.39250183
2025-08-08 01:00:00,102.36,101.75,0.6100006
2025-08-08 02:00:00,102.39,101.7,0.7024994
2025-08-08 03:00:00,102.41,101.75,0.66000366
2025-08-08 04:00:00,102.44,101.8,0.62750244
2025-08-08 05:00:00,102.47,101.9,0.5950012
2025-08-08 06:00:00,102.5,101.8,0.6875
2025-08-08 07:00:00,102.52,101.94,0.58249664
2025-08-08 08:00:00,102.54,101.9,0.6650009
2025-08-08 09:00:00,102.56,101.9,0.68499756
2025-08-08 10:00:00,102.58,101.9,0.70500183
2025-08-08 11:00:00,102.6,101.94,0.6624985
2025-08-08 12:00:00,102.62,102.0,0.62000275
2025-08-08 13:00:00,102.64,102.06,0.5774994
2025-08-08 14:00:00,102.66,102.1,0.53500366
2025-08-08 15:00:00,102.67,102.4,0.29499817
2025-08-08 16:00:00,102.68,102.44,0.2425003
2025-08-08 17:00:00,102.69,102.5,0.19000244
2025-08-08 18:00:00,102.7,102.6,0.07499695
2025-08-08 19:00:00,102.71,102.5,0.20999908
2025-08-08 20:00:00,102.72,102.4,0.34500122
2025-08-08 21:00:00,102.73,102.44,0.29250336
2025-08-08 22:00:00,102.74,102.3,0.42749786
2025-08-08 23:00:00,102.75,102.4,0.375
2025-08-09 00:00:00,102.77,102.2,0.58249664
2025-08-09 01:00:00,102.79,102.2,0.6025009
2025-08-09 02:00:00,102.81,102.2,0.62249756
2025-08-09 03:00:00,102.83,102.25,0.58000183
2025-08-09 04:00:00,102.85,102.3,0.5374985
2025-08-09 05:00:00,102.87,102.4,0.49500275
2025-08-09 06:00:00,102.9,102.4,0.5250015
2025-08-09 07:00:00,102.92,102.44,0.48249817
2025-08-09 08:00:00,102.94,102.56,0.37750244
2025-08-09 09:00:00,102.96,102.4,0.5849991
2025-08-09 10:00:00,102.98,102.3,0.66750336
2025-08-09 11:00:00,102.99,102.44,0.55249786
2025-08-09 12:00:00,103.0,102.56,0.4375
2025-08-09 13:00:00,103.02,102.7,0.33249664
2025-08-09 14:00:00,103.04,102.75,0.29000092
2025-08-09 15:00:00,103.06,102.9,0.18499756
2025-08-09 16:00:00,103.08,102.94,0.14250183
2025-08-09 17:00:00,103.09,102.94,0.15249634
2025-08-09 18:00:00,103.1,102.94,0.16249847
2025-08-09 19:00:00,103.11,102.9,0.23500061
2025-08-09 20:00:00,103.12,102.9,0.24500275
2025-08-09 21:00:00,103.14,102.8,0.3274994
2025-08-09 22:00:00,103.15,102.56,0.5875015
2025-08-09 23:00:00,103.17,102.56,0.60749817
2025-08-10 00:00:00,103.19,102.44,0.75250244
2025-08-10 01:00:00,103.2,102.56,0.63749695
2025-08-10 02:00:00,103.22,102.56,0.6575012
2025-08-10 03:00:00,103.24,102.6,0.61499786
2025-08-10 04:00:00,103.25,102.5,0.75
2025-08-10 05:00:00,103.26,102.7,0.57250214
2025-08-10 06:00:00,103.28,102.7,0.5924988
2025-08-10 07:00:00,103.31,102.75,0.55999756
2025-08-10 08:00:00,103.35,102.75,0.5999985
2025-08-10 09:00:00,103.39,102.75,0.6399994
2025-08-10 10:00:00,103.42,102.8,0.60749817
2025-08-10 11:00:00,103.44,102.94,0.50250244
2025-08-10 12:00:00,103.38,102.94,0.44249725
2025-08-10 13:00:00,103.31,102.9,0.43499756
2025-08-10 14:00:00,103.25,102.9,0.375
2025-08-10 15:00:00,103.22,102.8,0.40750122
2025-08-10 16:00:00,103.2,102.6,0.57499695
2025-08-10 17:00:00,103.2,102.75,0.44999695
2025-08-10 18:00:00,103.21,102.5,0.7099991
2025-08-10 19:00:00,103.2,102.6,0.57499695
2025-08-10 20:00:00,103.16,102.5,0.66000366
2025-08-10 21:00:00,103.13,102.6,0.50499725
2025-08-10 22:00:00,103.13,102.5,0.62999725
2025-08-10 23:00:00,103.15,102.44,0.7125015
2025-08-11 00:00:00,103.19,102.4,0.81500244
2025-08-11 01:00:00,103.22,102.5,0.7200012
2025-08-11 02:00:00,103.24,102.44,0.80249786
2025-08-11 03:00:00,103.25,102.44,0.8125
2025-08-11 04:00:00,103.26,102.56,0.69750214
2025-08-11 05:00:00,103.27,102.4,0.89499664
2025-08-11 06:00:00,103.28,102.44,0.8424988
2025-08-11 07:00:00,103.28,102.4,0.9049988
2025-08-11 08:00:00,103.27,102.56,0.70749664
2025-08-11 09:00:00,103.25,102.56,0.6875
2025-08-11 10:00:00,103.22,102.44,0.7825012
2025-08-11 11:00:00,103.19,102.5,0.69000244
2025-08-11 12:00:00,103.17,102.5,0.66999817
2025-08-11 13:00:00,103.16,102.5,0.66000366
2025-08-11 14:00:00,103.16,102.6,0.53500366
2025-08-11 15:00:00,103.17,102.7,0.48249817
2025-08-11 16:00:00,103.18,102.75,0.4300003
2025-08-11 17:00:00,103.17,102.7,0.48249817
2025-08-11 18:00:00,103.17,102.56,0.60749817
2025-08-11 19:00:00,103.17,102.6,0.54499817
2025-08-11 20:00:00,103.19,102.7,0.50250244
2025-08-11 21:00:00,103.24,102.56,0.67749786
2025-08-11 22:00:00,103.3,102.56,0.73750305
2025-08-11 23:00:00,103.36,102.5,0.8600006
2025-08-12 00:00:00,103.42,102.7,0.73249817
2025-08-12 01:00:00,103.48,102.7,0.79250336
2025-08-12 02:00:00,103.54,102.75,0.7900009
2025-08-12 03:00:00,103.59,102.9,0.71499634
2025-08-12 04:00:00,103.64,103.0,0.6399994
2025-08-12 05:00:00,103.7,103.2,0.51249695
2025-08-12 06:00:00,103.76,103.25,0.51000214
2025-08-12 07:00:00,103.82,103.3,0.5074997
2025-08-12 08:00:00,103.87,103.44,0.43250275
2025-08-12 09:00:00,103.93,103.6,0.3050003
2025-08-12 10:00:00,103.99,103.8,0.17749786
2025-08-12 11:00:00,104.05,103.9,0.17500305
2025-08-12 12:00:00,104.1,103.9,0.22499847
2025-08-12 13:00:00,104.16,103.94,0.22250366
2025-08-12 14:00:00,104.21,104.06,0.14749908
2025-08-12 15:00:00,104.26,104.06,0.19750214
2025-08-12 16:00:00,104.31,104.0,0.30999756
2025-08-12 17:00:00,104.36,104.06,0.2975006
2025-08-12 18:00:00,104.41,104.06,0.34750366
2025-08-12 19:00:00,104.47,104.1,0.34500122
2025-08-12 20:00:00,104.51,104.1,0.38500214
2025-08-12 21:00:00,104.54,104.2,0.35250092
2025-08-12 22:00:00,104.56,104.1,0.43499756
2025-08-12 23:00:00,104.58,104.2,0.39250183
2025-08-13 00:00:00,104.59,104.3,0.27749634
2025-08-13 01:00:00,104.61,104.25,0.3600006
2025-08-13 02:00:00,104.63,104.3,0.31749725
2025-08-13 03:00:00,104.66,104.4,0.28500366
2025-08-13 04:00:00,104.69,104.56,0.12750244
2025-08-13 05:00:00,104.71,104.56,0.14749908
2025-08-13 06:00:00,104.73,104.6,0.10500336
2025-08-13 07:00:00,104.75,104.5,0.25
2025-08-13 08:00:00,104.78,104.75,0.02999878
2025-08-13 09:00:00,104.81,104.75,0.05999756
2025-08-13 10:00:00,104.84,104.9,0.035003662
2025-08-13 11:00:00,104.87,104.8,0.057502747
2025-08-13 12:00:00,104.91,105.06,0.15249634
2025-08-13 13:00:00,104.94,105.0,0.05999756
2025-08-13 14:00:00,104.97,105.1,0.15499878
2025-08-13 15:00:00,105.0,105.06,0.0625
2025-08-13 16:00:00,105.02,105.1,0.10500336
2025-08-13 17:00:00,105.04,105.06,0.022499084
2025-08-13 18:00:00,105.07,105.25,0.1800003
2025-08-13 19:00:00,105.1,104.9,0.22499847
2025-08-13 20:00:00,105.1,105.2,0.087501526
2025-08-13 21:00:00,105.09,105.0,0.08999634
2025-08-13 22:00:00,105.08,105.1,0.04499817
2025-08-13 23:00:00,105.07,104.94,0.1324997
2025-08-14 00:00:00,105.07,105.2,0.117500305
2025-08-14 01:00:00,105.07,105.1,0.055000305
2025-08-14 02:00:00,105.07,105.2,0.117500305
2025-08-14 03:00:00,105.07,105.1,0.055000305
2025-08-14 04:00:00,105.06,105.3,0.25250244
2025-08-14 05:00:00,105.06,105.3,0.25250244
2025-08-14 06:00:00,105.05,105.4,0.32499695
2025-08-14 07:00:00,105.06,105.3,0.25250244
2025-08-14 08:00:00,105.06,105.44,0.37750244
2025-08-14 09:00:00,105.06,105.44,0.37750244
2025-08-14 10:00:00,105.07,105.5,0.4300003
2025-08-14 11:00:00,105.08,105.5,0.41999817
2025-08-14 12:00:00,105.09,105.56,0.47250366
2025-08-14 13:00:00,105.09,105.5,0.41000366
2025-08-14 14:00:00,105.09,105.56,0.47250366
2025-08-14 15:00:00,105.08,105.5,0.41999817
2025-08-14 16:00:00,105.07,105.56,0.4925003
2025-08-14 17:00:00,105.07,105.5,0.4300003
2025-08-14 18:00:00,105.06,105.44,0.37750244
2025-08-14 19:00:00,105.05,105.25,0.19999695
2025-08-14 20:00:00,105.04,105.44,0.39749908
2025-08-14 21:00:00,105.03,105.25,0.22000122
2025-08-14 22:00:00,105.03,105.3,0.28250122
2025-08-14 23:00:00,105.03,105.06,0.03250122
2025-08-15 00:00:00,105.03,105.3,0.28250122
2025-08-15 01:00:00,105.03,105.2,0.15750122
2025-08-15 02:00:00,105.03,105.25,0.22000122
2025-08-15 03:00:00,105.04,105.1,0.084999084
2025-08-15 04:00:00,105.05,105.25,0.19999695
2025-08-15 05:00:00,105.05,105.2,0.13749695
2025-08-15 06:00:00,105.04,105.25,0.20999908
2025-08-15 07:00:00,105.04,105.3,0.27249908
2025-08-15 08:00:00,105.04,105.4,0.33499908
2025-08-15 09:00:00,105.04,105.3,0.27249908
2025-08-15 10:00:00,105.04,105.4,0.33499908
2025-08-15 11:00:00,105.04,105.44,0.39749908
2025-08-15 12:00:00,105.04,105.5,0.45999908
2025-08-15 13:00:00,105.03,105.5,0.47000122
2025-08-15 14:00:00,105.03,105.5,0.47000122
2025-08-15 15:00:00,105.02,105.56,0.54250336
2025-08-15 16:00:00,105.02,105.25,0.23000336
2025-08-15 17:00:00,105.02,105.5,0.48000336
2025-08-15 18:00:00,105.01,105.3,0.30249786
2025-08-15 19:00:00,105.01,105.44,0.42749786
2025-08-15 20:00:00,105.01,105.3,0.30249786
2025-08-15 21:00:00,105.01,105.4,0.36499786
2025-08-15 22:00:00,105.01,105.3,0.30249786
2025-08-15 23:00:00,105.01,105.25,0.23999786
2025-08-16 00:00:00,105.01,105.25,0.23999786
2025-08-16 01:00:00,105.01,105.3,0.30249786
2025-08-16 02:00:00,105.01,105.3,0.30249786
2025-08-16 03:00:00,105.0,105.3,0.3125
2025-08-16 04:00:00,105.0,105.3,0.3125
2025-08-16 05:00:00,105.0,105.4,0.375
2025-08-16 06:00:00,105.0,105.4,0.375
2025-08-16 07:00:00,105.0,105.3,0.3125
2025-08-16 08:00:00,105.01,105.4,0.36499786
2025-08-16 09:00:00,105.02,105.4,0.35500336
2025-08-16 10:00:00,105.03,105.44,0.40750122
2025-08-16 11:00:00,105.03,105.4,0.34500122
2025-08-16 12:00:00,105.04,105.44,0.39749908
2025-08-16 13:00:00,105.05,105.44,0.38749695
2025-08-16 14:00:00,105.05,105.5,0.44999695
2025-08-16 15:00:00,105.05,105.44,0.38749695
2025-08-16 16:00:00,105.05,105.5,0.44999695
2025-08-16 17:00:00,105.05,105.44,0.38749695
2025-08-16 18:00:00,105.05,105.3,0.26249695
2025-08-16 19:00:00,105.05,105.3,0.26249695
2025-08-16 20:00:00,105.05,105.25,0.19999695
2025-08-16 21:00:00,105.05,105.3,0.26249695
2025-08-16 22:00:00,105.06,105.25,0.19000244
2025-08-16 23:00:00,105.07,105.25,0.1800003
2025-08-17 00:00:00,105.06,105.25,0.19000244
2025-08-17 01:00:00,105.04,105.3,0.27249908
2025-08-17 02:00:00,105.01,105.3,0.30249786
2025-08-17 03:00:00,104.97,105.3,0.34249878
2025-08-17 04:00:00,104.93,105.4,0.4449997
2025-08-17 05:00:00,104.89,105.3,0.4225006
2025-08-17 06:00:00,104.85,105.4,0.5250015
2025-08-17 07:00:00,104.8,105.3,0.51249695
2025-08-17 08:00:00,104.75,105.25,0.5
2025-08-17 09:00:00,104.7,105.2,0.48750305
2025-08-17 10:00:00,104.64,105.25,0.6100006
2025-08-17 11:00:00,104.59,105.0,0.41000366
2025-08-17 12:00:00,104.51,105.0,0.48999786
2025-08-17 13:00:00,104.42,104.7,0.26750183
2025-08-17 14:00:00,104.32,104.6,0.3050003
2025-08-17 15:00:00,104.22,104.44,0.21749878
2025-08-17 16:00:00,104.1,104.56,0.46250153
2025-08-17 17:00:00,103.99,104.25,0.26000214
2025-08-17 18:00:00,103.88,104.4,0.49500275
2025-08-17 19:00:00,103.79,103.94,0.14749908
2025-08-17 20:00:00,103.7,104.0,0.30000305
2025-08-17 21:00:00,103.64,103.75,0.11000061
2025-08-17 22:00:00,103.61,103.75,0.13999939
2025-08-17 23:00:00,103.57,103.5,0.069999695
2025-08-18 00:00:00,103.52,103.5,0.019996643
2025-08-18 01:00:00,103.46,103.56,0.102500916
2025-08-18 02:00:00,103.4,103.5,0.099998474
2025-08-18 03:00:00,103.33,103.44,0.10749817
2025-08-18 04:00:00,103.25,103.4,0.125
2025-08-18 05:00:00,103.16,103.1,0.035003662
2025-08-18 06:00:00,103.06,103.06,0.0025024414
2025-08-18 07:00:00,102.96,102.8,0.14749908
2025-08-18 08:00:00,102.85,102.8,0.037498474
2025-08-18 09:00:00,102.74,102.5,0.23999786
2025-08-18 10:00:00,102.63,102.6,0.0049972534
2025-08-18 11:00:00,102.53,102.5,0.02999878
2025-08-18 12:00:00,102.45,102.4,0.07499695
2025-08-18 13:00:00,102.39,102.3,0.07749939
2025-08-18 14:00:00,102.33,102.1,0.20500183
2025-08-18 15:00:00,102.29,102.25,0.040000916
2025-08-18 16:00:00,102.23,102.3,0.08249664
2025-08-18 17:00:00,102.15,102.25,0.099998474
2025-08-18 18:00:00,102.07,102.06,0.007499695
2025-08-18 19:00:00,102.01,101.94,0.072502136
2025-08-18 20:00:00,101.96,102.0,0.040000916
2025-08-18 21:00:00,101.92,101.6,0.29499817
2025-08-18 22:00:00,101.91,101.7,0.22250366
2025-08-18 23:00:00,101.88,101.3,0.56749725
2025-08-19 00:00:00,101.84,101.5,0.33999634
2025-08-19 01:00:00,101.79,101.25,0.5400009
2025-08-19 02:00:00,101.74,101.44,0.30249786
2025-08-19 03:00:00,101.68,101.2,0.4925003
2025-08-19 04:00:00,101.62,101.4,0.24500275
2025-08-19 05:00:00,101.55,101.06,0.48750305
2025-08-19 06:00:00,101.48,101.2,0.29250336
2025-08-19 07:00:00,101.41,101.0,0.41000366
2025-08-19 08:00:00,101.33,101.0,0.33000183
2025-08-19 09:00:00,101.25,100.9,0.375
2025-08-19 10:00:00,101.18,100.9,0.3050003
2025-08-19 11:00:00,101.12,100.9,0.24500275
2025-08-19 12:00:00,101.06,100.8,0.24749756
2025-08-19 13:00:00,101.0,100.7,0.3125
2025-08-19 14:00:00,100.94,100.6,0.31500244
2025-08-19 15:00:00,100.88,100.56,0.31749725
2025-08-19 16:00:00,100.83,100.5,0.33000183
2025-08-19 17:00:00,100.78,100.44,0.34249878
2025-08-19 18:00:00,100.75,100.44,0.3125
2025-08-19 19:00:00,100.71,100.4,0.33499908
2025-08-19 20:00:00,100.67,100.3,0.35749817
2025-08-19 21:00:00,100.64,100.25,0.3899994
2025-08-19 22:00:00,100.63,100.2,0.44249725
2025-08-19 23:00:00,100.61,100.06,0.5475006
2025-08-20 00:00:00,100.6,100.06,0.5374985
2025-08-20 01:00:00,100.58,99.94,0.64250183
2025-08-20 02:00:00,100.56,99.94,0.62249756
2025-08-20 03:00:00,100.54,99.75,0.7900009
2025-08-20 04:00:00,100.51,99.8,0.69750214
2025-08-20 05:00:00,100.48,99.7,0.79250336
2025-08-20 06:00:00,100.45,99.75,0.69999695
2025-08-20 07:00:00,100.43,99.5,0.9300003
2025-08-20 08:00:00,100.41,99.5,0.91000366
2025-08-20 09:00:00,100.39,99.44,0.9524994
2025-08-20 10:00:00,100.38,99.4,1.0049973
2025-08-20 11:00:00,100.37,99.44,0.93250275
2025-08-20 12:00:00,100.36,99.44,0.9225006
2025-08-20 13:00:00,100.35,99.44,0.9124985
2025-08-20 14:00:00,100.33,99.44,0.89250183
2025-08-20 15:00:00,100.3,99.56,0.73750305
2025-08-20 16:00:00,100.3,99.5,0.80000305
2025-08-20 17:00:00,100.31,99.5,0.80999756
2025-08-20 18:00:00,100.32,99.5,0.8199997
2025-08-20 19:00:00,100.33,99.5,0.83000183
2025-08-20 20:00:00,100.34,99.5,0.83999634
2025-08-20 21:00:00,100.35,99.44,0.9124985
2025-08-20 22:00:00,100.36,99.6,0.7350006
2025-08-20 23:00:00,100.35,99.5,0.8499985
2025-08-21 00:00:00,100.34,99.6,0.71499634
2025-08-21 01:00:00,100.34,99.5,0.83999634
2025-08-21 02:00:00,100.34,99.6,0.71499634
2025-08-21 03:00:00,100.34,99.56,0.77749634
2025-08-21 04:00:00,100.34,99.6,0.71499634
2025-08-21 05:00:00,100.34,99.56,0.77749634
2025-08-21 06:00:00,100.34,99.75,0.58999634
2025-08-21 07:00:00,100.33,99.7,0.64250183
2025-08-21 08:00:00,100.32,99.75,0.5699997
2025-08-21 09:00:00,100.32,99.75,0.5699997
2025-08-21 10:00:00,100.32,99.8,0.5074997
2025-08-21 11:00:00,100.32,99.75,0.5699997
2025-08-21 12:00:00,100.32,99.8,0.5074997
2025-08-21 13:00:00,100.32,99.75,0.5699997
2025-08-21 14:00:00,100.33,99.9,0.45500183
2025-08-21 15:00:00,100.34,99.8,0.52749634
2025-08-21 16:00:00,100.32,99.56,0.7574997
2025-08-21 17:00:00,100.29,99.6,0.6650009
2025-08-21 18:00:00,100.27,99.44,0.83249664
2025-08-21 19:00:00,100.26,99.44,0.82250214
2025-08-21 20:00:00,100.25,99.2,1.0625
2025-08-21 21:00:00,100.25,99.44,0.8125
2025-08-21 22:00:00,100.26,99.25,1.0100021
2025-08-21 23:00:00,100.26,99.4,0.88500214
2025-08-22 00:00:00,100.26,99.25,1.0100021
2025-08-22 01:00:00,100.26,99.44,0.82250214
2025-08-22 02:00:00,100.25,99.4,0.875
2025-08-22 03:00:00,100.24,99.44,0.80249786
2025-08-22 04:00:00,100.24,99.4,0.86499786
2025-08-22 05:00:00,100.25,99.5,0.75
2025-08-22 06:00:00,100.26,99.44,0.82250214
2025-08-22 07:00:00,100.27,99.56,0.70749664
2025-08-22 08:00:00,100.27,99.5,0.76999664
2025-08-22 09:00:00,100.26,99.56,0.69750214
2025-08-22 10:00:00,100.26,99.56,0.69750214
2025-08-22 11:00:00,100.27,99.6,0.64499664
2025-08-22 12:00:00,100.27,99.56,0.70749664
2025-08-22 13:00:00,100.26,99.7,0.57250214
2025-08-22 14:00:00,100.26,99.7,0.57250214
2025-08-22 15:00:00,100.26,99.75,0.51000214
2025-08-22 16:00:00,100.24,99.75,0.48999786
2025-08-22 17:00:00,100.22,99.7,0.5325012
2025-08-22 18:00:00,100.21,99.7,0.5224991
2025-08-22 19:00:00,100.19,99.7,0.50250244
2025-08-22 20:00:00,100.17,99.56,0.60749817
2025-08-22 21:00:00,100.17,99.6,0.54499817
2025-08-22 22:00:00,100.17,99.56,0.60749817
2025-08-22 23:00:00,100.17,99.56,0.60749817
2025-08-23 00:00:00,100.17,99.5,0.66999817
2025-08-23 01:00:00,100.17,99.56,0.60749817
2025-08-23 02:00:00,100.17,99.56,0.60749817
2025-08-23 03:00:00,100.17,99.56,0.60749817
2025-08-23 04:00:00,100.17,99.6,0.54499817
2025-08-23 05:00:00,100.17,99.6,0.54499817
2025-08-23 06:00:00,100.18,99.7,0.4925003
2025-08-23 07:00:00,100.18,99.7,0.4925003
2025-08-23 08:00:00,100.17,99.7,0.48249817
2025-08-23 09:00:00,100.14,99.6,0.5149994
2025-08-23 10:00:00,100.12,99.56,0.55750275
2025-08-23 11:00:00,100.11,99.6,0.4850006
2025-08-23 12:00:00,100.11,99.56,0.5475006
2025-08-23 13:00:00,100.1,99.4,0.7249985
2025-08-23 14:00:00,100.08,99.44,0.64250183
2025-08-23 15:00:00,100.05,99.25,0.80000305
2025-08-23 16:00:00,100.04,99.3,0.7275009
2025-08-23 17:00:00,100.03,99.2,0.8424988
2025-08-23 18:00:00,100.0,99.4,0.625
2025-08-23 19:00:00,99.98,99.2,0.79250336
2025-08-23 20:00:00,99.97,99.3,0.6575012
2025-08-23 21:00:00,99.97,99.2,0.7825012
2025-08-23 22:00:00,99.97,99.25,0.7200012
2025-08-23 23:00:00,99.97,99.1,0.8450012
2025-08-24 00:00:00,99.97,99.2,0.7825012
2025-08-24 01:00:00,99.97,99.1,0.8450012
2025-08-24 02:00:00,99.95,99.1,0.82499695
2025-08-24 03:00:00,99.95,99.0,0.94999695
2025-08-24 04:00:00,99.95,99.1,0.82499695
2025-08-24 05:00:00,99.94,99.06,0.87750244
2025-08-24 06:00:00,99.93,99.1,0.8050003
2025-08-24 07:00:00,99.92,99.0,0.91999817
2025-08-24 08:00:00,99.92,98.94,0.98249817
2025-08-24 09:00:00,99.92,98.94,0.98249817
2025-08-24 10:00:00,99.92,98.9,1.0449982
2025-08-24 11:00:00,99.9,98.9,1.0250015
2025-08-24 12:00:00,99.88,98.9,1.0049973
2025-08-24 13:00:00,99.87,98.94,0.93250275
2025-08-24 14:00:00,99.84,98.94,0.90249634
2025-08-24 15:00:00,99.8,98.9,0.92500305
2025-08-24 16:00:00,99.76,98.9,0.88500214
2025-08-24 17:00:00,99.72,98.75,0.9700012
2025-08-24 18:00:00,99.69,98.7,1.0025024
2025-08-24 19:00:00,99.65,98.5,1.1500015
2025-08-24 20:00:00,99.62,98.5,1.1200027
2025-08-24 21:00:00,99.59,98.5,1.0899963
2025-08-24 22:00:00,99.59,98.5,1.0899963
2025-08-24 23:00:00,99.61,98.4,1.2350006
2025-08-25 00:00:00,99.64,98.4,1.2649994
2025-08-25 01:00:00,99.67,98.5,1.1699982
2025-08-25 02:00:00,99.69,98.56,1.1275024
2025-08-25 03:00:00,99.71,98.5,1.2099991
2025-08-25 04:00:00,99.72,98.56,1.1575012
2025-08-25 05:00:00,99.72,98.44,1.2825012
2025-08-25 06:00:00,99.71,98.7,1.0224991
2025-08-25 07:00:00,99.69,98.44,1.2525024
2025-08-25 08:00:00,99.65,98.7,0.9625015
2025-08-25 09:00:00,99.62,98.25,1.3700027
2025-08-25 10:00:00,99.59,98.56,1.0274963
2025-08-25 11:00:00,99.56,98.25,1.3099976
2025-08-25 12:00:00,99.54,98.44,1.1025009
2025-08-25 13:00:00,99.52,98.2,1.3324966
2025-08-25 14:00:00,99.51,98.44,1.0725021
2025-08-25 15:00:00,99.51,98.1,1.3850021
2025-08-25 16:00:00,99.51,98.4,1.1350021
2025-08-25 17:00:00,99.51,98.3,1.1975021
2025-08-25 18:00:00,99.51,98.7,0.82250214
2025-08-25 19:00:00,99.52,98.5,1.0199966
2025-08-25 20:00:00,99.54,98.75,0.7900009
2025-08-25 21:00:00,99.58,98.75,0.83000183
2025-08-25 22:00:00,99.63,98.9,0.75499725
2025-08-25 23:00:00,99.69,98.8,0.87750244
2025-08-26 00:00:00,99.76,99.06,0.69750214
2025-08-26 01:00:00,99.83,99.1,0.70500183
2025-08-26 02:00:00,99.89,99.3,0.5774994
2025-08-26 03:00:00,99.95,99.3,0.63749695
2025-08-26 04:00:00,100.01,99.56,0.44750214
2025-08-26 05:00:00,100.07,99.56,0.5074997
2025-08-26 06:00:00,100.13,99.9,0.25499725
2025-08-26 07:00:00,100.2,99.7,0.51249695
2025-08-26 08:00:00,100.27,100.0,0.26999664
2025-08-26 09:00:00,100.34,99.94,0.40249634
2025-08-26 10:00:00,100.4,100.2,0.21250153
2025-08-26 11:00:00,100.47,100.1,0.34500122
2025-08-26 12:00:00,100.55,100.1,0.42500305
2025-08-26 13:00:00,100.63,100.2,0.44249725
2025-08-26 14:00:00,100.71,100.2,0.5224991
2025-08-26 15:00:00,100.79,100.25,0.5400009
2025-08-26 16:00:00,100.87,100.2,0.68250275
2025-08-26 17:00:00,100.96,100.44,0.5224991
2025-08-26 18:00:00,101.05,100.44,0.61250305
2025-08-26 19:00:00,101.14,100.6,0.5149994
2025-08-26 20:00:00,101.24,100.75,0.48999786
2025-08-26 21:00:00,101.34,101.06,0.27749634
2025-08-26 22:00:00,101.44,100.75,0.69000244
2025-08-26 23:00:00,101.54,101.3,0.22750092
2025-08-27 00:00:00,101.62,101.2,0.43250275
2025-08-27 01:00:00,101.68,101.4,0.3050003
2025-08-27 02:00:00,101.76,101.3,0.44750214
2025-08-27 03:00:00,101.83,101.44,0.39250183
2025-08-27 04:00:00,101.88,101.5,0.37999725
2025-08-27 05:00:00,101.93,101.5,0.4300003
2025-08-27 06:00:00,101.98,101.44,0.54250336
2025-08-27 07:00:00,102.03,101.44,0.5924988
2025-08-27 08:00:00,102.09,101.56,0.52749634
2025-08-27 09:00:00,102.14,101.75,0.3899994
2025-08-27 10:00:00,102.2,101.75,0.44999695
2025-08-27 11:00:00,102.25,101.8,0.4375
2025-08-27 12:00:00,102.31,101.9,0.43499756
2025-08-27 13:00:00,102.36,102.0,0.3600006
2025-08-27 14:00:00,102.4,102.06,0.33750153
2025-08-27 15:00:00,102.43,102.2,0.2425003
2025-08-27 16:00:00,102.47,102.25,0.22000122
2025-08-27 17:00:00,102.49,102.4,0.114997864
2025-08-27 18:00:00,102.49,102.4,0.114997864
2025-08-27 19:00:00,102.48,102.44,0.042503357
2025-08-27 20:00:00,102.51,102.4,0.13500214
2025-08-27 21:00:00,102.54,102.4,0.16500092
2025-08-27 22:00:00,102.58,102.25,0.33000183
2025-08-27 23:00:00,102.63,102.4,0.25499725
2025-08-28 00:00:00,102.68,102.2,0.4925003
2025-08-28 01:00:00,102.74,102.3,0.42749786
2025-08-28 02:00:00,102.8,102.3,0.48750305
2025-08-28 03:00:00,102.85,102.3,0.5374985
2025-08-28 04:00:00,102.9,102.4,0.5250015
2025-08-28 05:00:00,102.94,102.44,0.50250244
2025-08-28 06:00:00,102.95,102.5,0.44999695
2025-08-28 07:00:00,102.96,102.56,0.39749908
2025-08-28 08:00:00,102.98,102.56,0.41750336
2025-08-28 09:00:00,103.0,102.5,0.5
2025-08-28 10:00:00,103.03,102.5,0.5299988
2025-08-28 11:00:00,103.06,102.5,0.55999756
2025-08-28 12:00:00,103.11,102.6,0.4850006
2025-08-28 13:00:00,103.16,102.56,0.59750366
2025-08-28 14:00:00,103.19,102.6,0.56500244
2025-08-28 15:00:00,103.19,102.7,0.50250244
2025-08-28 16:00:00,103.17,102.56,0.60749817
2025-08-28 17:00:00,103.15,102.56,0.5875015
2025-08-28 18:00:00,103.12,102.6,0.49500275
2025-08-28 19:00:00,103.08,102.5,0.58000183
2025-08-28 20:00:00,103.1,102.3,0.7874985
2025-08-28 21:00:00,103.12,102.4,0.74500275
2025-08-28 22:00:00,103.15,102.2,0.9625015
2025-08-28 23:00:00,103.19,102.4,0.81500244
2025-08-29 00:00:00,103.23,102.06,1.1675034
2025-08-29 01:00:00,103.24,102.56,0.67749786
2025-08-29 02:00:00,103.29,102.5,0.7900009
2025-08-29 03:00:00,103.34,102.44,0.90249634
2025-08-29 04:00:00,103.38,102.3,1.0674973
2025-08-29 05:00:00,103.43,102.6,0.8050003
2025-08-29 06:00:00,103.45,102.56,0.88749695
2025-08-29 07:00:00,103.47,102.6,0.8450012
2025-08-29 08:00:00,103.48,102.5,0.98000336
2025-08-29 09:00:00,103.49,102.75,0.73999786
2025-08-29 10:00:00,103.5,102.44,1.0625
2025-08-29 11:00:00,103.52,102.6,0.89499664
2025-08-29 12:00:00,103.55,102.5,1.050003
2025-08-29 13:00:00,103.59,102.94,0.65249634
2025-08-29 14:00:00,103.61,102.6,0.9850006
2025-08-29 15:00:00,103.61,102.94,0.6725006
2025-08-29 16:00:00,103.6,102.8,0.7874985
2025-08-29 17:00:00,103.58,103.25,0.33000183
2025-08-29 18:00:00,103.56,103.0,0.55999756
2025-08-29 19:00:00,103.56,103.1,0.43499756
2025-08-29 20:00:00,103.59,102.94,0.65249634
2025-08-29 21:00:00,103.63,103.1,0.50499725
2025-08-29 22:00:00,103.67,103.0,0.66999817
2025-08-29 23:00:00,103.7,103.2,0.51249695
2025-08-30 00:00:00,103.73,103.1,0.60500336
2025-08-30 01:00:00,103.75,103.4,0.375
2025-08-30 02:00:00,103.77,103.25,0.51999664
2025-08-30 03:00:00,103.79,103.4,0.41500092
2025-08-30 04:00:00,103.82,103.3,0.5074997
2025-08-30 05:00:00,103.84,103.44,0.40249634
2025-08-30 06:00:00,103.85,103.3,0.5374985
2025-08-30 07:00:00,103.85,103.4,0.47499847
2025-08-30 08:00:00,103.84,103.2,0.65249634
2025-08-30 09:00:00,103.81,103.3,0.49749756
2025-08-30 10:00:00,103.79,103.06,0.7275009
2025-08-30 11:00:00,103.78,103.2,0.5924988
2025-08-30 12:00:00,103.8,103.06,0.73750305
2025-08-30 13:00:00,103.83,103.3,0.51750183
2025-08-30 14:00:00,103.86,103.25,0.6100006
2025-08-30 15:00:00,103.9,103.3,0.5875015
2025-08-30 16:00:00,103.93,104.06,0.1324997
2025-08-30 17:00:00,103.94,104.2,0.24749756
2025-08-30 18:00:00,103.93,103.94,0.007499695
2025-08-30 19:00:00,103.93,103.94,0.007499695
2025-08-30 20:00:00,103.95,103.94,0.012496948
2025-08-30 21:00:00,103.99,103.75,0.23999786
2025-08-30 22:00:00,104.04,103.5,0.5400009
2025-08-30 23:00:00,104.08,103.75,0.33000183
2025-08-31 00:00:00,104.12,103.5,0.62000275
2025-08-31 01:00:00,104.16,103.25,0.91000366
2025-08-31 02:00:00,104.22,103.4,0.8450012
2025-08-31 03:00:00,104.27,103.6,0.64499664
2025-08-31 04:00:00,104.32,104.3,0.007499695
2025-08-31 05:00:00,104.36,103.6,0.7350006
2025-08-31 06:00:00,104.41,104.0,0.41000366
2025-08-31 07:00:00,104.47,103.9,0.5950012
2025-08-31 08:00:00,104.52,104.3,0.20749664
2025-08-31 09:00:00,104.57,103.5,1.0699997
2025-08-31 10:00:00,104.62,103.94,0.68250275
2025-08-31 11:00:00,104.66,103.7,0.97250366
2025-08-31 12:00:00,104.69,103.9,0.81500244
2025-08-31 13:00:00,104.71,103.5,1.2099991
2025-08-31 14:00:00,104.74,103.94,0.80249786
2025-08-31 15:00:00,104.78,103.75,1.0299988
2025-08-31 16:00:00,104.82,104.06,0.7574997
2025-08-31 17:00:00,104.86,103.56,1.2975006
2025-08-31 18:00:00,104.87,103.94,0.93250275
2025-08-31 19:00:00,104.87,103.8,1.0575027
2025-08-31 20:00:00,104.89,104.3,0.5774994
2025-08-31 21:00:00,104.93,103.6,1.3050003
2025-08-31 22:00:00,104.98,104.06,0.91750336
2025-08-31 23:00:00,105.04,103.94,1.1025009
2025-09-01 00:00:00,105.09,104.3,0.77749634
2025-09-01 01:00:00,105.13,104.1,1.0049973
2025-09-01 02:00:00,105.17,104.56,0.60749817
2025-09-01 03:00:00,105.2,104.5,0.69999695
2025-09-01 04:00:00,105.23,104.8,0.41750336
2025-09-01 05:00:00,105.25,104.7,0.5625
2025-09-01 06:00:00,105.27,104.8,0.45749664
2025-09-01 07:00:00,105.29,104.94,0.35250092
2025-09-01 08:00:00,105.31,105.0,0.30999756
2025-09-01 09:00:00,105.34,104.94,0.40249634
2025-09-01 10:00:00,105.36,104.94,0.4225006
2025-09-01 11:00:00,105.38,105.1,0.25499725
2025-09-01 12:00:00,105.39,105.06,0.3274994
2025-09-01 13:00:00,105.39,105.1,0.2649994
2025-09-01 14:00:00,105.38,105.0,0.37999725
2025-09-01 15:00:00,105.37,105.06,0.30750275
2025-09-01 16:00:00,105.35,105.2,0.16249847
2025-09-01 17:00:00,105.34,105.06,0.27749634
2025-09-01 18:00:00,105.33,105.1,0.20500183
2025-09-01 19:00:00,105.33,105.0,0.33000183
2025-09-01 20:00:00,105.34,105.2,0.15249634
2025-09-01 21:00:00,105.35,105.1,0.22499847
2025-09-01 22:00:00,105.37,105.2,0.18250275
2025-09-01 23:00:00,105.39,105.1,0.2649994
2025-09-02 00:00:00,105.41,105.3,0.09750366
2025-09-02 01:00:00,105.42,105.25,0.16999817
2025-09-02 02:00:00,105.42,105.2,0.23249817
2025-09-02 03:00:00,105.42,105.1,0.29499817
2025-09-02 04:00:00,105.42,104.9,0.54499817
2025-09-02 05:00:00,105.43,105.1,0.3050003
2025-09-02 06:00:00,105.43,105.0,0.4300003
2025-09-02 07:00:00,105.43,105.1,0.3050003
2025-09-02 08:00:00,105.44,105.0,0.44000244
2025-09-02 09:00:00,105.45,105.2,0.26249695
2025-09-02 10:00:00,105.47,104.94,0.5325012
2025-09-02 11:00:00,105.49,104.94,0.55249786
2025-09-02 12:00:00,105.51,104.9,0.63500214
2025-09-02 13:00:00,105.53,105.1,0.40499878
2025-09-02 14:00:00,105.54,105.06,0.47750092
2025-09-02 15:00:00,105.56,104.94,0.62249756
2025-09-02 16:00:00,105.56,105.06,0.49749756
2025-09-02 17:00:00,105.54,105.25,0.29000092
2025-09-02 18:00:00,105.53,105.2,0.34249878
2025-09-02 19:00:00,105.51,105.2,0.32250214
2025-09-02 20:00:00,105.5,105.2,0.3125
2025-09-02 21:00:00,105.5,105.2,0.3125
2025-09-02 22:00:00,105.51,105.06,0.44750214
2025-09-02 23:00:00,105.51,105.1,0.38500214
2025-09-03 00:00:00,105.52,105.06,0.45749664
2025-09-03 01:00:00,105.55,105.06,0.48750305
2025-09-03 02:00:00,105.56,105.0,0.55999756
2025-09-03 03:00:00,105.57,105.0,0.5699997
2025-09-03 04:00:00,105.57,105.0,0.5699997
2025-09-03 05:00:00,105.56,105.2,0.37249756
2025-09-03 06:00:00,105.55,105.25,0.30000305
2025-09-03 07:00:00,105.55,105.06,0.48750305
2025-09-03 08:00:00,105.54,105.1,0.41500092
2025-09-03 09:00:00,105.53,105.1,0.40499878
2025-09-03 10:00:00,105.52,105.2,0.33249664
2025-09-03 11:00:00,105.51,105.06,0.44750214
2025-09-03 12:00:00,105.51,105.06,0.44750214
2025-09-03 13:00:00,105.52,105.0,0.51999664
2025-09-03 14:00:00,105.54,105.3,0.22750092
2025-09-03 15:00:00,105.56,105.4,0.18499756
2025-09-03 16:00:00,105.58,105.44,0.14250183
2025-09-03 17:00:00,105.59,105.25,0.33999634
2025-09-03 18:00:00,105.61,105.44,0.17250061
2025-09-03 19:00:00,105.62,105.44,0.18250275
2025-09-03 20:00:00,105.62,105.3,0.30750275
2025-09-03 21:00:00,105.64,105.44,0.20249939
2025-09-03 22:00:00,105.65,105.3,0.33750153
2025-09-03 23:00:00,105.65,105.44,0.21250153
2025-09-04 00:00:00,105.64,105.4,0.2649994
2025-09-04 01:00:00,105.63,105.5,0.12999725
2025-09-04 02:00:00,105.63,105.2,0.44249725
2025-09-04 03:00:00,105.63,105.44,0.19249725
2025-09-04 04:00:00,105.63,105.06,0.56749725
2025-09-04 05:00:00,105.62,105.4,0.24500275
2025-09-04 06:00:00,105.6,105.3,0.28749847
2025-09-04 07:00:00,105.61,105.56,0.04750061
2025-09-04 08:00:00,105.62,105.56,0.057502747
2025-09-04 09:00:00,105.62,105.5,0.12000275
2025-09-04 10:00:00,105.62,105.4,0.24500275
2025-09-04 11:00:00,105.62,105.7,0.06749725
2025-09-04 12:00:00,105.61,105.5,0.11000061
2025-09-04 13:00:00,105.6,105.56,0.037498474
2025-09-04 14:00:00,105.59,105.4,0.21499634
2025-09-04 15:00:00,105.59,105.5,0.08999634
2025-09-04 16:00:00,105.6,105.6,0.025001526
2025-09-04 17:00:00,105.61,105.6,0.01499939
2025-09-04 18:00:00,105.62,105.5,0.12000275
2025-09-04 19:00:00,105.62,105.56,0.057502747
2025-09-04 20:00:00,105.63,105.56,0.06749725
2025-09-04 21:00:00,105.64,105.5,0.13999939
2025-09-04 22:00:00,105.64,105.4,0.2649994
2025-09-04 23:00:00,105.63,105.44,0.19249725
2025-09-05 00:00:00,105.62,105.5,0.12000275
2025-09-05 01:00:00,105.61,105.5,0.11000061
2025-09-05 02:00:00,105.6,105.44,0.16249847
2025-09-05 03:00:00,105.6,105.5,0.099998474
2025-09-05 04:00:00,105.6,105.5,0.099998474
2025-09-05 05:00:00,105.6,105.56,0.037498474
2025-09-05 06:00:00,105.59,105.56,0.027496338
2025-09-05 07:00:00,105.57,105.5,0.069999695
2025-09-05 08:00:00,105.55,105.56,0.012496948
2025-09-05 09:00:00,105.53,105.44,0.09249878
2025-09-05 10:00:00,105.5,105.4,0.125
2025-09-05 11:00:00,105.5,105.2,0.3125
2025-09-05 12:00:00,105.49,105.4,0.114997864
2025-09-05 13:00:00,105.48,105.25,0.23000336
2025-09-05 14:00:00,105.46,105.4,0.084999084
2025-09-05 15:00:00,105.45,105.4,0.07499695
2025-09-05 16:00:00,105.44,105.56,0.12249756
2025-09-05 17:00:00,105.43,105.5,0.069999695
2025-09-05 18:00:00,105.43,105.44,0.007499695
2025-09-05 19:00:00,105.45,105.44,0.012496948
2025-09-05 20:00:00,105.48,105.44,0.042503357
2025-09-05 21:00:00,105.5,105.44,0.0625
2025-09-05 22:00:00,105.5,105.5,0.0
2025-09-05 23:00:00,105.48,105.5,0.019996643
2025-09-06 00:00:00,105.46,105.44,0.022499084
2025-09-06 01:00:00,105.44,105.5,0.05999756
2025-09-06 02:00:00,105.42,105.25,0.16999817
2025-09-06 03:00:00,105.42,105.3,0.10749817
2025-09-06 04:00:00,105.41,105.1,0.28500366
2025-09-06 05:00:00,105.39,105.25,0.13999939
2025-09-06 06:00:00,105.37,105.1,0.24500275
2025-09-06 07:00:00,105.35,105.25,0.099998474
2025-09-06 08:00:00,105.33,105.2,0.14250183
2025-09-06 09:00:00,105.32,105.06,0.2574997
2025-09-06 10:00:00,105.32,105.06,0.2574997
2025-09-06 11:00:00,105.31,105.2,0.12249756
2025-09-06 12:00:00,105.31,105.06,0.24749756
2025-09-06 13:00:00,105.31,105.1,0.18499756
2025-09-06 14:00:00,105.3,105.25,0.05000305
2025-09-06 15:00:00,105.28,105.3,0.03250122
2025-09-06 16:00:00,105.25,105.4,0.125
2025-09-06 17:00:00,105.21,105.3,0.102500916
2025-09-06 18:00:00,105.2,105.4,0.17500305
2025-09-06 19:00:00,105.21,105.44,0.22750092
2025-09-06 20:00:00,105.23,105.25,0.019996643
2025-09-06 21:00:00,105.23,105.06,0.16750336
2025-09-06 22:00:00,105.23,104.8,0.41750336
2025-09-06 23:00:00,105.23,105.0,0.23000336
2025-09-07 00:00:00,105.22,104.9,0.34500122
2025-09-07 01:00:00,105.21,104.7,0.5224991
2025-09-07 02:00:00,105.21,104.75,0.45999908
2025-09-07 03:00:00,105.21,104.56,0.6474991
2025-09-07 04:00:00,105.22,104.7,0.5325012
2025-09-07 05:00:00,105.23,104.8,0.41750336
2025-09-07 06:00:00,105.24,104.94,0.30249786
2025-09-07 07:00:00,105.25,104.94,0.3125
2025-09-07 08:00:00,105.27,105.06,0.20749664
2025-09-07 09:00:00,105.3,104.75,0.55000305
2025-09-07 10:00:00,105.32,104.94,0.3824997
2025-09-07 11:00:00,105.32,104.94,0.3824997
2025-09-07 12:00:00,105.31,105.0,0.30999756
2025-09-07 13:00:00,105.29,104.8,0.47750092
2025-09-07 14:00:00,105.26,105.06,0.19750214
2025-09-07 15:00:00,105.23,104.9,0.35500336
2025-09-07 16:00:00,105.23,105.06,0.16750336
2025-09-07 17:00:00,105.24,105.1,0.114997864
2025-09-07 18:00:00,105.25,105.1,0.125
2025-09-07 19:00:00,105.25,104.94,0.3125
2025-09-07 20:00:00,105.26,105.1,0.13500214
2025-09-07 21:00:00,105.27,104.94,0.33249664
2025-09-07 22:00:00,105.28,104.94,0.34249878
2025-09-07 23:00:00,105.3,104.8,0.48750305
2025-09-08 00:00:00,105.32,104.94,0.3824997
2025-09-08 01:00:00,105.34,104.7,0.65249634
2025-09-08 02:00:00,105.37,104.75,0.62000275
2025-09-08 03:00:00,105.4,104.75,0.6500015
2025-09-08 04:00:00,105.41,104.8,0.59750366
2025-09-08 05:00:00,105.42,104.9,0.54499817
2025-09-08 06:00:00,105.44,105.06,0.37750244
2025-09-08 07:00:00,105.47,105.06,0.40750122
2025-09-08 08:00:00,105.5,105.25,0.25
2025-09-08 09:00:00,105.52,105.25,0.26999664
2025-09-08 10:00:00,105.53,105.4,0.15499878
2025-09-08 11:00:00,105.54,105.44,0.102500916
2025-09-08 12:00:00,105.55,105.4,0.17500305
2025-09-08 13:00:00,105.55,105.4,0.17500305
2025-09-08 14:00:00,105.53,105.5,0.02999878
2025-09-08 15:00:00,105.51,105.75,0.23999786
2025-09-08 16:00:00,105.5,105.6,0.125
2025-09-08 17:00:00,105.5,105.56,0.0625
2025-09-08 18:00:00,105.51,105.6,0.114997864
2025-09-08 19:00:00,105.53,105.56,0.03250122
2025-09-08 20:00:00,105.55,105.6,0.07499695
2025-09-08 21:00:00,105.57,105.5,0.069999695
2025-09-08 22:00:00,105.59,105.56,0.027496338
2025-09-08 23:00:00,105.61,105.5,0.11000061
2025-09-09 00:00:00,105.62,105.6,0.0049972534
2025-09-09 01:00:00,105.62,105.56,0.057502747
2025-09-09 02:00:00,105.64,105.6,0.01499939
2025-09-09 03:00:00,105.65,105.6,0.025001526
2025-09-09 04:00:00,105.66,105.6,0.035003662
2025-09-09 05:00:00,105.67,105.7,0.017501831
2025-09-09 06:00:00,105.68,105.6,0.055000305
2025-09-09 07:00:00,105.69,105.7,0.0025024414
2025-09-09 08:00:00,105.7,105.6,0.07499695
2025-09-09 09:00:00,105.72,105.6,0.09500122
2025-09-09 10:00:00,105.73,105.7,0.042503357
2025-09-09 11:00:00,105.72,105.7,0.03250122
2025-09-09 12:00:00,105.71,105.6,0.084999084
2025-09-09 13:00:00,105.71,105.7,0.022499084
2025-09-09 14:00:00,105.72,105.8,0.09249878
2025-09-09 15:00:00,105.73,105.75,0.019996643
2025-09-09 16:00:00,105.74,105.8,0.072502136
2025-09-09 17:00:00,105.75,105.8,0.0625
2025-09-09 18:00:00,105.75,105.94,0.1875
2025-09-09 19:00:00,105.76,105.94,0.17749786
2025-09-09 20:00:00,105.79,105.94,0.14749908
2025-09-09 21:00:00,105.82,105.94,0.117500305
2025-09-09 22:00:00,105.85,105.9,0.025001526
2025-09-09 23:00:00,105.88,105.9,0.0049972534
2025-09-10 00:00:00,105.92,105.9,0.04499817
2025-09-10 01:00:00,105.96,105.9,0.084999084
2025-09-10 02:00:00,106.0,105.9,0.125
2025-09-10 03:00:00,106.04,105.9,0.16500092
2025-09-10 04:00:00,106.08,105.94,0.14250183
2025-09-10 05:00:00,106.13,106.0,0.12999725
2025-09-10 06:00:00,106.18,106.0,0.1800003
2025-09-10 07:00:00,106.23,106.0,0.23000336
2025-09-10 08:00:00,106.26,106.1,0.13500214
2025-09-10 09:00:00,106.28,106.2,0.09249878
2025-09-10 10:00:00,106.3,106.25,0.05000305
2025-09-10 11:00:00,106.32,106.3,0.007499695
2025-09-10 12:00:00,106.33,106.3,0.017501831
2025-09-10 13:00:00,106.35,106.3,0.037498474
2025-09-10 14:00:00,106.35,106.44,0.087501526
2025-09-10 15:00:00,106.35,106.6,0.27500153
2025-09-10 16:00:00,106.34,106.5,0.16000366
2025-09-10 17:00:00,106.34,106.4,0.035003662
2025-09-10 18:00:00,106.35,106.4,0.025001526
2025-09-10 19:00:00,106.37,106.4,0.0049972534
2025-09-10 20:00:00,106.39,106.3,0.07749939
2025-09-10 21:00:00,106.42,106.25,0.16999817
2025-09-10 22:00:00,106.44,106.3,0.12750244
2025-09-10 23:00:00,106.46,106.3,0.14749908
2025-09-11 00:00:00,106.48,106.3,0.16750336
2025-09-11 01:00:00,106.51,106.3,0.19750214
2025-09-11 02:00:00,106.55,106.44,0.11250305
2025-09-11 03:00:00,106.59,106.4,0.21499634
2025-09-11 04:00:00,106.63,106.44,0.19249725
2025-09-11 05:00:00,106.68,106.5,0.1800003
2025-09-11 06:00:00,106.73,106.56,0.16750336
2025-09-11 07:00:00,106.78,106.56,0.21749878
2025-09-11 08:00:00,106.82,106.6,0.1949997
2025-09-11 09:00:00,106.85,106.75,0.099998474
2025-09-11 10:00:00,106.86,106.8,0.04750061
2025-09-11 11:00:00,106.87,106.8,0.057502747
2025-09-11 12:00:00,106.87,106.75,0.12000275
2025-09-11 13:00:00,106.88,106.8,0.06749725
2025-09-11 14:00:00,106.88,106.75,0.12999725
2025-09-11 15:00:00,106.88,106.94,0.057502747
2025-09-11 16:00:00,106.87,106.75,0.12000275
2025-09-11 17:00:00,106.86,106.9,0.01499939
2025-09-11 18:00:00,106.86,106.8,0.04750061
2025-09-11 19:00:00,106.87,106.94,0.06749725
2025-09-11 20:00:00,106.89,106.75,0.13999939
2025-09-11 21:00:00,106.91,106.9,0.035003662
2025-09-11 22:00:00,106.92,106.8,0.10749817
2025-09-11 23:00:00,106.93,106.9,0.055000305
2025-09-12 00:00:00,106.94,106.94,0.0025024414
2025-09-12 01:00:00,106.96,106.94,0.022499084
2025-09-12 02:00:00,106.99,106.94,0.052497864
2025-09-12 03:00:00,107.02,106.94,0.08249664
2025-09-12 04:00:00,107.06,107.0,0.05999756
2025-09-12 05:00:00,107.11,107.0,0.11000061
2025-09-12 06:00:00,107.16,106.94,0.22250366
2025-09-12 07:00:00,107.2,106.9,0.32499695
2025-09-12 08:00:00,107.22,107.06,0.15750122
2025-09-12 09:00:00,107.23,107.1,0.10500336
2025-09-12 10:00:00,107.24,107.25,0.010002136
2025-09-12 11:00:00,107.25,107.3,0.0625
2025-09-12 12:00:00,107.27,107.25,0.019996643
2025-09-12 13:00:00,107.3,107.3,0.012496948
2025-09-12 14:00:00,107.31,107.44,0.12750244
2025-09-12 15:00:00,107.32,107.4,0.055000305
2025-09-12 16:00:00,107.33,107.3,0.017501831
2025-09-12 17:00:00,107.33,107.1,0.20500183
2025-09-12 18:00:00,107.34,107.25,0.08999634
2025-09-12 19:00:00,107.35,107.25,0.099998474
2025-09-12 20:00:00,107.36,107.2,0.17250061
2025-09-12 21:00:00,107.37,107.2,0.18250275
2025-09-12 22:00:00,107.37,107.25,0.12000275
2025-09-12 23:00:00,107.39,107.2,0.20249939
2025-09-13 00:00:00,107.41,107.2,0.22250366
2025-09-13 01:00:00,107.44,107.1,0.31500244
2025-09-13 02:00:00,107.48,107.1,0.35500336
2025-09-13 03:00:00,107.51,107.3,0.19750214
2025-09-13 04:00:00,107.54,107.44,0.102500916
2025-09-13 05:00:00,107.56,107.44,0.12249756
2025-09-13 06:00:00,107.57,107.4,0.1949997
2025-09-13 07:00:00,107.58,107.5,0.08000183
2025-09-13 08:00:00,107.59,107.56,0.027496338
2025-09-13 09:00:00,107.6,107.56,0.037498474
2025-09-13 10:00:00,107.61,107.5,0.11000061
2025-09-13 11:00:00,107.62,107.5,0.12000275
2025-09-13 12:00:00,107.64,107.56,0.07749939
2025-09-13 13:00:00,107.66,107.6,0.035003662
2025-09-13 14:00:00,107.65,107.7,0.037498474
2025-09-13 15:00:00,107.63,107.75,0.12000275
2025-09-13 16:00:00,107.6,107.7,0.087501526
2025-09-13 17:00:00,107.59,107.75,0.16000366
2025-09-13 18:00:00,107.58,107.7,0.10749817
2025-09-13 19:00:00,107.58,107.75,0.16999817
2025-09-13 20:00:00,107.58,107.7,0.10749817
2025-09-13 21:00:00,107.59,107.6,0.035003662
2025-09-13 22:00:00,107.6,107.75,0.15000153
2025-09-13 23:00:00,107.62,107.7,0.06749725
2025-09-14 00:00:00,107.64,107.7,0.04750061
2025-09-14 01:00:00,107.67,107.75,0.08000183
2025-09-14 02:00:00,107.7,107.7,0.012496948
2025-09-14 03:00:00,107.74,107.75,0.010002136
2025-09-14 04:00:00,107.77,107.7,0.08249664
2025-09-14 05:00:00,107.8,107.75,0.05000305
2025-09-14 06:00:00,107.83,107.75,0.08000183
2025-09-14 07:00:00,107.86,107.9,0.01499939
2025-09-14 08:00:00,107.89,107.8,0.07749939
2025-09-14 09:00:00,107.91,107.94,0.027496338
2025-09-14 10:00:00,107.92,107.94,0.017501831
2025-09-14 11:00:00,107.92,108.0,0.08000183
2025-09-14 12:00:00,107.91,108.0,0.08999634
2025-09-14 13:00:00,107.9,108.06,0.16249847
2025-09-14 14:00:00,107.89,108.06,0.17250061
2025-09-14 15:00:00,107.89,108.06,0.17250061
2025-09-14 16:00:00,107.89,108.06,0.17250061
2025-09-14 17:00:00,107.87,108.1,0.25499725
2025-09-14 18:00:00,107.84,108.1,0.28500366
2025-09-14 19:00:00,107.82,108.06,0.2425003
2025-09-14 20:00:00,107.81,108.1,0.31500244
2025-09-14 21:00:00,107.82,108.0,0.1800003
2025-09-14 22:00:00,107.84,108.0,0.16000366
2025-09-14 23:00:00,107.86,107.94,0.07749939
2025-09-15 00:00:00,107.88,108.2,0.30750275
2025-09-15 01:00:00,107.9,108.1,0.22499847
2025-09-15 02:00:00,107.92,108.1,0.20500183
2025-09-15 03:00:00,107.94,108.2,0.24749756
2025-09-15 04:00:00,107.96,108.1,0.16500092
2025-09-15 05:00:00,107.99,108.1,0.13500214
2025-09-15 06:00:00,108.02,108.0,0.019996643
2025-09-15 07:00:00,108.05,108.2,0.13749695
2025-09-15 08:00:00,108.06,108.1,0.06500244
2025-09-15 09:00:00,108.06,108.2,0.12750244
2025-09-15 10:00:00,108.07,108.06,0.007499695
2025-09-15 11:00:00,108.08,108.2,0.10749817
2025-09-15 12:00:00,108.09,108.06,0.027496338
2025-09-15 13:00:00,108.1,108.1,0.025001526
2025-09-15 14:00:00,108.1,108.06,0.037498474
2025-09-15 15:00:00,108.09,108.06,0.027496338
2025-09-15 16:00:00,108.08,108.06,0.017501831
2025-09-15 17:00:00,108.08,108.06,0.017501831
2025-09-15 18:00:00,108.09,108.2,0.09750366
2025-09-15 19:00:00,108.11,108.0,0.11000061
2025-09-15 20:00:00,108.14,108.25,0.11000061
2025-09-15 21:00:00,108.17,108.2,0.017501831
2025-09-15 22:00:00,108.19,108.3,0.12249756
2025-09-15 23:00:00,108.21,108.2,0.022499084
2025-09-16 00:00:00,108.22,108.3,0.09249878
2025-09-16 01:00:00,108.24,108.25,0.010002136
2025-09-16 02:00:00,108.26,108.44,0.17749786
2025-09-16 03:00:00,108.29,108.4,0.084999084
2025-09-16 04:00:00,108.32,108.25,0.069999695
2025-09-16 05:00:00,108.35,108.4,0.025001526
2025-09-16 06:00:00,108.39,108.3,0.07749939
2025-09-16 07:00:00,108.42,108.44,0.017501831
2025-09-16 08:00:00,108.44,108.4,0.06500244
2025-09-16 09:00:00,108.45,108.7,0.23750305
2025-09-16 10:00:00,108.46,108.5,0.040000916
2025-09-16 11:00:00,108.46,108.5,0.040000916
2025-09-16 12:00:00,108.47,108.4,0.09500122
2025-09-16 13:00:00,108.47,108.56,0.09249878
2025-09-16 14:00:00,108.47,108.6,0.15499878
2025-09-16 15:00:00,108.47,108.5,0.02999878
2025-09-16 16:00:00,108.46,108.56,0.102500916
2025-09-16 17:00:00,108.46,108.5,0.040000916
2025-09-16 18:00:00,108.47,108.6,0.15499878
2025-09-16 19:00:00,108.48,108.75,0.26999664
2025-09-16 20:00:00,108.49,108.75,0.26000214
2025-09-16 21:00:00,108.52,108.8,0.29250336
2025-09-16 22:00:00,108.54,108.7,0.14749908
2025-09-16 23:00:00,108.56,109.0,0.44000244
2025-09-17 00:00:00,108.58,108.94,0.35749817
2025-09-17 01:00:00,108.6,108.94,0.33750153
2025-09-17 02:00:00,108.63,108.8,0.18250275
2025-09-17 03:00:00,108.66,109.0,0.33999634
2025-09-17 04:00:00,108.69,108.94,0.24749756
2025-09-17 05:00:00,108.71,109.0,0.29000092
2025-09-17 06:00:00,108.73,108.94,0.20749664
2025-09-17 07:00:00,108.74,109.2,0.44750214
2025-09-17 08:00:00,108.75,109.2,0.4375
2025-09-17 09:00:00,108.76,109.06,0.30249786
2025-09-17 10:00:00,108.78,109.0,0.22000122
2025-09-17 11:00:00,108.8,109.0,0.19999695
2025-09-17 12:00:00,108.82,109.06,0.2425003
2025-09-17 13:00:00,108.84,108.94,0.09750366
2025-09-17 14:00:00,108.85,109.06,0.21250153
2025-09-17 15:00:00,108.84,109.06,0.22250366
2025-09-17 16:00:00,108.82,109.1,0.3050003
2025-09-17 17:00:00,108.8,109.06,0.26249695
2025-09-17 18:00:00,108.79,108.9,0.084999084
2025-09-17 19:00:00,108.8,109.0,0.19999695
2025-09-17 20:00:00,108.82,109.06,0.2425003
2025-09-17 21:00:00,108.84,109.0,0.16000366
2025-09-17 22:00:00,108.88,109.06,0.18250275
2025-09-17 23:00:00,108.9,109.1,0.22499847
2025-09-18 00:00:00,108.9,109.2,0.28749847
2025-09-18 01:00:00,108.91,109.2,0.27749634
2025-09-18 02:00:00,108.92,109.25,0.33000183
2025-09-18 03:00:00,108.94,109.2,0.24749756
2025-09-18 04:00:00,108.98,109.3,0.33249664
2025-09-18 05:00:00,109.02,109.1,0.10500336
2025-09-18 06:00:00,109.06,109.3,0.25250244
2025-09-18 07:00:00,109.1,109.1,0.025001526
2025-09-18 08:00:00,109.13,109.06,0.06749725
2025-09-18 09:00:00,109.15,109.06,0.087501526
2025-09-18 10:00:00,109.17,109.4,0.20500183
2025-09-18 11:00:00,109.19,109.6,0.43499756
2025-09-18 12:00:00,109.2,109.6,0.42500305
2025-09-18 13:00:00,109.21,109.3,0.102500916
2025-09-18 14:00:00,109.21,109.56,0.35250092
2025-09-18 15:00:00,109.21,109.56,0.35250092
2025-09-18 16:00:00,109.22,109.44,0.21749878
2025-09-18 17:00:00,109.23,109.3,0.08249664
2025-09-18 18:00:00,109.25,109.5,0.25
2025-09-18 19:00:00,109.28,109.44,0.15750122
2025-09-18 20:00:00,109.3,109.5,0.19999695
2025-09-18 21:00:00,109.32,109.5,0.1800003
2025-09-18 22:00:00,109.35,109.6,0.27500153
2025-09-18 23:00:00,109.37,109.6,0.25499725
2025-09-19 00:00:00,109.4,109.75,0.34999847
2025-09-19 01:00:00,109.43,109.7,0.2574997
2025-09-19 02:00:00,109.46,109.75,0.29000092
2025-09-19 03:00:00,109.49,109.75,0.26000214
2025-09-19 04:00:00,109.54,109.75,0.20999908
2025-09-19 05:00:00,109.59,109.7,0.09750366
2025-09-19 06:00:00,109.63,109.75,0.12000275
2025-09-19 07:00:00,109.65,109.8,0.16249847
2025-09-19 08:00:00,109.67,109.8,0.14250183
2025-09-19 09:00:00,109.69,109.9,0.18499756
2025-09-19 10:00:00,109.71,109.9,0.16500092
2025-09-19 11:00:00,109.74,109.9,0.13500214
2025-09-19 12:00:00,109.76,109.8,0.052497864
2025-09-19 13:00:00,109.77,109.9,0.10500336
2025-09-19 14:00:00,109.78,109.75,0.02999878
2025-09-19 15:00:00,109.8,109.94,0.13749695
2025-09-19 16:00:00,109.82,109.9,0.055000305
2025-09-19 17:00:00,109.84,110.06,0.22250366
2025-09-19 18:00:00,109.86,109.94,0.07749939
2025-09-19 19:00:00,109.88,110.06,0.18250275
2025-09-19 20:00:00,109.91,109.94,0.027496338
2025-09-19 21:00:00,109.93,110.0,0.069999695
2025-09-19 22:00:00,109.95,110.0,0.05000305
2025-09-19 23:00:00,109.97,110.06,0.09249878
2025-09-20 00:00:00,109.98,110.06,0.08249664
2025-09-20 01:00:00,109.99,110.1,0.13500214
2025-09-20 02:00:00,110.01,110.1,0.114997864
2025-09-20 03:00:00,110.03,110.2,0.15750122
2025-09-20 04:00:00,110.06,110.1,0.06500244
2025-09-20 05:00:00,110.08,110.2,0.10749817
2025-09-20 06:00:00,110.1,110.2,0.087501526
2025-09-20 07:00:00,110.12,110.2,0.06749725
2025-09-20 08:00:00,110.13,110.25,0.12000275
2025-09-20 09:00:00,110.16,110.2,0.027496338
2025-09-20 10:00:00,110.18,110.25,0.069999695
2025-09-20 11:00:00,110.2,110.3,0.11250305
2025-09-20 12:00:00,110.21,110.3,0.102500916
2025-09-20 13:00:00,110.23,110.3,0.08249664
2025-09-20 14:00:00,110.25,110.4,0.125
2025-09-20 15:00:00,110.27,110.44,0.16750336
2025-09-20 16:00:00,110.29,110.5,0.20999908
2025-09-20 17:00:00,110.32,110.44,0.117500305
2025-09-20 18:00:00,110.34,110.44,0.09750366
2025-09-20 19:00:00,110.36,110.44,0.07749939
2025-09-20 20:00:00,110.38,110.44,0.057502747
2025-09-20 21:00:00,110.39,110.4,0.01499939
2025-09-20 22:00:00,110.38,110.44,0.057502747
2025-09-20 23:00:00,110.39,110.5,0.11000061
2025-09-21 00:00:00,110.4,110.44,0.037498474
2025-09-21 01:00:00,110.4,110.5,0.099998474
2025-09-21 02:00:00,110.4,110.56,0.16249847
2025-09-21 03:00:00,110.41,110.5,0.08999634
2025-09-21 04:00:00,110.42,110.5,0.08000183
2025-09-21 05:00:00,110.44,110.44,0.0025024414
2025-09-21 06:00:00,110.46,110.44,0.022499084
2025-09-21 07:00:00,110.49,110.44,0.052497864
2025-09-21 08:00:00,110.52,110.5,0.019996643
2025-09-21 09:00:00,110.55,110.56,0.012496948
2025-09-21 10:00:00,110.57,110.56,0.007499695
2025-09-21 11:00:00,110.58,110.6,0.04499817
2025-09-21 12:00:00,110.59,110.7,0.09750366
2025-09-21 13:00:00,110.6,110.75,0.15000153
2025-09-21 14:00:00,110.62,110.8,0.19249725
2025-09-21 15:00:00,110.64,110.8,0.17250061
2025-09-21 16:00:00,110.66,110.75,0.08999634
2025-09-21 17:00:00,110.68,110.8,0.1324997
2025-09-21 18:00:00,110.7,110.6,0.07499695
2025-09-21 19:00:00,110.72,110.75,0.02999878
2025-09-21 20:00:00,110.74,110.6,0.114997864
2025-09-21 21:00:00,110.76,110.75,0.010002136
2025-09-21 22:00:00,110.78,110.6,0.15499878
2025-09-21 23:00:00,110.78,110.7,0.09249878
2025-09-22 00:00:00,110.8,110.7,0.11250305
2025-09-22 01:00:00,110.81,110.6,0.18499756
2025-09-22 02:00:00,110.81,110.75,0.05999756
2025-09-22 03:00:00,110.82,110.75,0.069999695
2025-09-22 04:00:00,110.83,110.9,0.04499817
2025-09-22 05:00:00,110.85,110.8,0.037498474
2025-09-22 06:00:00,110.87,110.8,0.057502747
2025-09-22 07:00:00,110.9,110.8,0.087501526
2025-09-22 08:00:00,110.93,110.9,0.055000305
2025-09-22 09:00:00,110.96,110.94,0.022499084
2025-09-22 10:00:00,110.98,110.9,0.10500336
2025-09-22 11:00:00,110.99,110.94,0.052497864
2025-09-22 12:00:00,111.01,110.9,0.13500214
2025-09-22 13:00:00,111.03,111.0,0.02999878
2025-09-22 14:00:00,111.04,110.94,0.102500916
2025-09-22 15:00:00,111.05,111.06,0.012496948
2025-09-22 16:00:00,111.05,111.06,0.012496948
2025-09-22 17:00:00,111.06,110.94,0.12249756
2025-09-22 18:00:00,111.07,111.1,0.055000305
2025-09-22 19:00:00,111.08,111.0,0.08000183
2025-09-22 20:00:00,111.1,111.1,0.025001526
2025-09-22 21:00:00,111.11,111.0,0.11000061
2025-09-22 22:00:00,111.12,111.0,0.12000275
2025-09-22 23:00:00,111.14,111.2,0.04750061
2025-09-23 00:00:00,111.17,111.1,0.04499817
2025-09-23 01:00:00,111.2,111.1,0.07499695
2025-09-23 02:00:00,111.24,111.1,0.114997864
2025-09-23 03:00:00,111.27,111.25,0.019996643
2025-09-23 04:00:00,111.3,111.1,0.17500305
2025-09-23 05:00:00,111.33,111.3,0.017501831
2025-09-23 06:00:00,111.37,111.3,0.057502747
2025-09-23 07:00:00,111.4,111.44,0.037498474
2025-09-23 08:00:00,111.42,111.44,0.017501831
2025-09-23 09:00:00,111.43,111.4,0.055000305
2025-09-23 10:00:00,111.45,111.4,0.07499695
2025-09-23 11:00:00,111.48,111.44,0.042503357
2025-09-23 12:00:00,111.51,111.44,0.072502136
2025-09-23 13:00:00,111.54,111.44,0.102500916
2025-09-23 14:00:00,111.56,111.5,0.05999756
2025-09-23 15:00:00,111.56,111.56,0.0025024414
2025-09-23 16:00:00,111.56,111.56,0.0025024414
2025-09-23 17:00:00,111.56,111.56,0.0025024414
2025-09-23 18:00:00,111.57,111.7,0.117500305
2025-09-23 19:00:00,111.59,111.6,0.035003662
2025-09-23 20:00:00,111.6,111.7,0.087501526
2025-09-23 21:00:00,111.61,111.6,0.01499939
2025-09-23 22:00:00,111.63,111.6,0.0049972534
2025-09-23 23:00:00,111.64,111.6,0.01499939
2025-09-24 00:00:00,111.65,111.75,0.099998474
2025-09-24 01:00:00,111.66,111.7,0.027496338
2025-09-24 02:00:00,111.68,111.7,0.007499695
2025-09-24 03:00:00,111.71,111.6,0.084999084
2025-09-24 04:00:00,111.74,111.75,0.010002136
2025-09-24 05:00:00,111.76,111.75,0.010002136
2025-09-24 06:00:00,111.79,111.8,0.022499084
2025-09-24 07:00:00,111.82,111.8,0.007499695
2025-09-24 08:00:00,111.85,111.8,0.037498474
2025-09-24 09:00:00,111.87,111.8,0.057502747
2025-09-24 10:00:00,111.9,111.9,0.025001526
2025-09-24 11:00:00,111.92,111.94,0.017501831
2025-09-24 12:00:00,111.95,112.06,0.11250305
2025-09-24 13:00:00,111.98,112.1,0.14499664
2025-09-24 14:00:00,112.01,112.2,0.17749786
2025-09-24 15:00:00,112.04,112.2,0.14749908
2025-09-24 16:00:00,112.06,112.2,0.12750244
2025-09-24 17:00:00,112.08,112.3,0.23249817
2025-09-24 18:00:00,112.1,112.2,0.087501526
2025-09-24 19:00:00,112.12,112.25,0.12999725
2025-09-24 20:00:00,112.15,112.2,0.037498474
2025-09-24 21:00:00,112.17,112.3,0.14250183
2025-09-24 22:00:00,112.19,112.3,0.12249756
2025-09-24 23:00:00,112.21,112.3,0.102500916
2025-09-25 00:00:00,112.23,112.25,0.019996643
2025-09-25 01:00:00,112.26,112.25,0.010002136
2025-09-25 02:00:00,112.3,112.3,0.012496948
2025-09-25 03:00:00,112.34,112.25,0.08999634
2025-09-25 04:00:00,112.37,112.3,0.057502747
2025-09-25 05:00:00,112.4,112.4,0.025001526
2025-09-25 06:00:00,112.43,112.3,0.117500305
2025-09-25 07:00:00,112.46,112.3,0.14749908
2025-09-25 08:00:00,112.49,112.4,0.114997864
2025-09-25 09:00:00,112.52,112.4,0.14499664
2025-09-25 10:00:00,112.54,112.44,0.102500916
2025-09-25 11:00:00,112.57,112.44,0.1324997
2025-09-25 12:00:00,112.59,112.44,0.15249634
2025-09-25 13:00:00,112.61,112.44,0.17250061
2025-09-25 14:00:00,112.63,112.5,0.12999725
2025-09-25 15:00:00,112.65,112.56,0.087501526
2025-09-25 16:00:00,112.67,112.56,0.10749817
2025-09-25 17:00:00,112.69,112.6,0.06500244
2025-09-25 18:00:00,112.71,112.6,0.084999084
2025-09-25 19:00:00,112.73,112.7,0.042503357
2025-09-25 20:00:00,112.76,112.7,0.072502136
2025-09-25 21:00:00,112.79,112.7,0.102500916
2025-09-25 22:00:00,112.82,112.7,0.1324997
2025-09-25 23:00:00,112.85,112.75,0.099998474
2025-09-26 00:00:00,112.85,112.75,0.099998474
2025-09-26 01:00:00,112.85,112.75,0.099998474
2025-09-26 02:00:00,112.85,112.8,0.037498474
2025-09-26 03:00:00,112.85,112.8,0.037498474
2025-09-26 04:00:00,112.85,112.8,0.037498474
2025-09-26 05:00:00,112.85,112.9,0.025001526
2025-09-26 06:00:00,112.85,112.8,0.037498474
2025-09-26 07:00:00,112.85,112.9,0.025001526
2025-09-26 08:00:00,112.85,112.8,0.037498474
2025-09-26 09:00:00,112.85,112.9,0.025001526
2025-09-26 10:00:00,112.85,112.9,0.025001526
2025-09-26 11:00:00,112.85,112.9,0.025001526
2025-09-26 12:00:00,112.85,112.9,0.025001526
2025-09-26 13:00:00,112.85,112.94,0.087501526
2025-09-26 14:00:00,112.85,112.94,0.087501526
2025-09-26 15:00:00,112.85,112.94,0.087501526
2025-09-26 16:00:00,112.85,112.94,0.087501526
2025-09-26 17:00:00,112.85,112.94,0.087501526
2025-09-26 18:00:00,112.85,112.94,0.087501526
2025-09-26 19:00:00,112.85,112.9,0.025001526
2025-09-26 20:00:00,112.85,112.9,0.025001526
2025-09-26 21:00:00,112.85,112.94,0.087501526
2025-09-26 22:00:00,112.85,112.9,0.025001526
2025-09-26 23:00:00,112.85,112.9,0.025001526
2025-09-27 00:00:00,113.47,112.9,0.5950012
2025-09-27 01:00:00,113.51,112.9,0.63500214
2025-09-27 02:00:00,113.56,112.94,0.62249756
2025-09-27 03:00:00,113.61,112.94,0.6725006
2025-09-27 04:00:00,113.65,113.3,0.33750153
2025-09-27 05:00:00,113.68,113.2,0.4925003
2025-09-27 06:00:00,113.71,113.3,0.39749908
2025-09-27 07:00:00,113.74,113.44,0.30249786
2025-09-27 08:00:00,113.76,113.7,0.072502136
2025-09-27 09:00:00,113.78,113.6,0.15499878
2025-09-27 10:00:00,113.81,113.7,0.12249756
2025-09-27 11:00:00,113.83,113.94,0.10749817
2025-09-27 12:00:00,113.86,114.0,0.13999939
2025-09-27 13:00:00,113.89,113.94,0.04750061
2025-09-27 14:00:00,113.91,114.44,0.52749634
2025-09-27 15:00:00,113.93,114.4,0.4449997
2025-09-27 16:00:00,113.93,114.2,0.2574997
2025-09-27 17:00:00,113.94,114.3,0.37249756
2025-09-27 18:00:00,113.96,114.44,0.47750092
2025-09-27 19:00:00,113.97,114.25,0.27999878
2025-09-27 20:00:00,113.96,114.25,0.29000092
2025-09-27 21:00:00,113.94,114.44,0.49749756
2025-09-27 22:00:00,113.94,114.5,0.55999756
2025-09-27 23:00:00,113.93,114.4,0.4449997
2025-09-28 00:00:00,113.9,114.3,0.41249847
2025-09-28 01:00:00,113.88,114.4,0.49500275
2025-09-28 02:00:00,113.86,114.4,0.5149994
2025-09-28 03:00:00,113.85,114.44,0.5875015
2025-09-28 04:00:00,113.84,114.25,0.41000366
2025-09-28 05:00:00,113.82,114.3,0.4925003
2025-09-28 06:00:00,113.79,114.2,0.39749908
2025-09-28 07:00:00,113.76,114.4,0.61499786
2025-09-28 08:00:00,113.75,114.06,0.3125
2025-09-28 09:00:00,113.75,114.1,0.375
2025-09-28 10:00:00,113.77,114.1,0.35500336
2025-09-28 11:00:00,113.8,114.25,0.44999695
2025-09-28 12:00:00,113.81,113.9,0.06500244
2025-09-28 13:00:00,113.82,114.06,0.2425003
2025-09-28 14:00:00,113.81,114.0,0.19000244
2025-09-28 15:00:00,113.79,114.2,0.39749908
2025-09-28 16:00:00,113.76,114.1,0.36499786
2025-09-28 17:00:00,113.73,113.94,0.20749664
2025-09-28 18:00:00,113.7,114.1,0.42500305
2025-09-28 19:00:00,113.73,114.0,0.26999664
2025-09-28 20:00:00,113.77,113.75,0.019996643
2025-09-28 21:00:00,113.8,113.8,0.012496948
2025-09-28 22:00:00,113.79,114.06,0.27249908
2025-09-28 23:00:00,113.77,114.0,0.23000336
2025-09-29 00:00:00,113.77,114.06,0.29250336
2025-09-29 01:00:00,113.78,114.06,0.28250122
2025-09-29 02:00:00,113.79,114.25,0.45999908
2025-09-29 03:00:00,113.8,114.06,0.26249695
2025-09-29 04:00:00,113.81,114.25,0.44000244
2025-09-29 05:00:00,113.83,113.9,0.04499817
2025-09-29 06:00:00,113.85,114.0,0.15000153
2025-09-29 07:00:00,113.85,113.75,0.099998474
2025-09-29 08:00:00,113.88,113.9,0.0049972534
2025-09-29 09:00:00,113.9,113.7,0.21250153
2025-09-29 10:00:00,113.97,113.8,0.15750122
2025-09-29 11:00:00,114.12,113.7,0.43250275
2025-09-29 12:00:00,114.27,113.75,0.51999664
2025-09-29 13:00:00,114.41,113.6,0.78500366
2025-09-29 14:00:00,114.53,113.94,0.5924988
2025-09-29 15:00:00,114.64,113.75,0.8899994
2025-09-29 16:00:00,114.75,114.06,0.6875
2025-09-29 17:00:00,114.86,114.0,0.8600006
2025-09-29 18:00:00,114.98,114.3,0.66750336
2025-09-29 19:00:00,115.12,114.5,0.62000275
2025-09-29 20:00:00,115.26,114.6,0.63500214
2025-09-29 21:00:00,115.39,114.8,0.5774994
2025-09-29 22:00:00,115.52,114.8,0.70749664
2025-09-29 23:00:00,115.62,115.0,0.62000275
2025-09-30 00:00:00,115.65,115.1,0.5250015
2025-09-30 01:00:00,115.66,115.25,0.41000366
2025-09-30 02:00:00,115.68,115.3,0.3675003
2025-09-30 03:00:00,115.69,115.4,0.31500244
2025-09-30 04:00:00,115.71,115.56,0.14749908
2025-09-30 05:00:00,115.71,115.6,0.084999084
2025-09-30 06:00:00,115.7,115.7,0.012496948
2025-09-30 07:00:00,115.68,115.75,0.069999695
2025-09-30 08:00:00,115.65,115.8,0.16249847
2025-09-30 09:00:00,115.62,115.9,0.25499725
2025-09-30 10:00:00,115.59,115.94,0.34750366
2025-09-30 11:00:00,115.55,115.94,0.38749695
2025-09-30 12:00:00,115.51,115.94,0.42749786
2025-09-30 13:00:00,115.47,116.0,0.5299988
2025-09-30 14:00:00,115.43,116.0,0.5699997
2025-09-30 15:00:00,115.39,116.0,0.6100006
2025-09-30 16:00:00,115.33,116.0,0.66999817
2025-09-30 17:00:00,115.3,116.0,0.69999695
2025-09-30 18:00:00,115.29,116.0,0.7099991
2025-09-30 19:00:00,115.29,116.0,0.7099991
2025-09-30 20:00:00,115.32,116.0,0.6800003
2025-09-30 21:00:00,115.35,115.9,0.5250015
2025-09-30 22:00:00,115.37,115.94,0.56749725
2025-09-30 23:00:00,115.34,115.9,0.53500366
2025-10-01 00:00:00,115.33,115.9,0.54499817
2025-10-01 01:00:00,115.33,115.9,0.54499817
2025-10-01 02:00:00,115.34,115.9,0.53500366
2025-10-01 03:00:00,115.36,115.9,0.5149994
2025-10-01 04:00:00,115.33,115.94,0.60749817
2025-10-01 05:00:00,115.28,115.9,0.5950012
2025-10-01 06:00:00,115.22,115.9,0.6549988
2025-10-01 07:00:00,115.16,116.0,0.83999634
2025-10-01 08:00:00,115.12,115.94,0.81749725
2025-10-01 09:00:00,115.07,115.94,0.8675003
2025-10-01 10:00:00,115.03,115.9,0.8450012
2025-10-01 11:00:00,115.03,115.94,0.9075012
2025-10-01 12:00:00,115.04,115.8,0.7724991
2025-10-01 13:00:00,115.06,115.75,0.69000244
2025-10-01 14:00:00,115.08,115.6,0.54499817
2025-10-01 15:00:00,115.1,115.7,0.5875015
2025-10-01 16:00:00,115.09,115.56,0.47250366
2025-10-01 17:00:00,115.07,115.56,0.4925003
2025-10-01 18:00:00,115.06,115.56,0.50250244
2025-10-01 19:00:00,115.07,115.6,0.5550003
2025-10-01 20:00:00,115.1,115.56,0.46250153
2025-10-01 21:00:00,115.12,115.56,0.44249725
2025-10-01 22:00:00,115.14,115.5,0.3600006
2025-10-01 23:00:00,115.14,115.5,0.3600006
2025-10-02 00:00:00,115.12,115.5,0.37999725
2025-10-02 01:00:00,115.12,115.5,0.37999725
2025-10-02 02:00:00,115.11,115.5,0.3899994
2025-10-02 03:00:00,115.13,115.5,0.37000275
2025-10-02 04:00:00,115.13,115.5,0.37000275
2025-10-02 05:00:00,115.12,115.5,0.37999725
2025-10-02 06:00:00,115.1,115.5,0.40000153
2025-10-02 07:00:00,115.07,115.44,0.3675003
2025-10-02 08:00:00,115.05,115.5,0.44999695
2025-10-02 09:00:00,115.03,115.5,0.47000122
2025-10-02 10:00:00,115.02,115.44,0.41750336
2025-10-02 11:00:00,115.03,115.44,0.40750122
2025-10-02 12:00:00,115.05,115.44,0.38749695
2025-10-02 13:00:00,115.06,115.44,0.37750244
2025-10-02 14:00:00,115.04,115.4,0.33499908
2025-10-02 15:00:00,115.02,115.4,0.35500336
2025-10-02 16:00:00,114.98,115.44,0.45749664
2025-10-02 17:00:00,114.95,115.44,0.48750305
2025-10-02 18:00:00,114.95,115.44,0.48750305
2025-10-02 19:00:00,114.96,115.44,0.47750092
2025-10-02 20:00:00,114.98,115.4,0.39499664
2025-10-02 21:00:00,115.01,115.3,0.30249786
2025-10-02 22:00:00,115.02,115.25,0.23000336
2025-10-02 23:00:00,115.02,115.4,0.35500336
2025-10-03 00:00:00,115.04,115.3,0.27249908
2025-10-03 01:00:00,115.08,115.44,0.35749817
2025-10-03 02:00:00,115.13,115.3,0.18250275
2025-10-03 03:00:00,115.19,115.44,0.24749756
2025-10-03 04:00:00,115.24,115.44,0.19750214
2025-10-03 05:00:00,115.29,115.44,0.14749908
2025-10-03 06:00:00,115.3,115.44,0.13749695
2025-10-03 07:00:00,115.31,115.56,0.25250244
2025-10-03 08:00:00,115.31,115.56,0.25250244
2025-10-03 09:00:00,115.32,115.56,0.2425003
2025-10-03 10:00:00,115.34,115.56,0.22250366
2025-10-03 11:00:00,115.37,115.56,0.19249725
2025-10-03 12:00:00,115.43,115.6,0.1949997
2025-10-03 13:00:00,115.5,115.6,0.125
2025-10-03 14:00:00,115.57,115.7,0.117500305
2025-10-03 15:00:00,115.63,115.7,0.057502747
2025-10-03 16:00:00,115.69,115.75,0.05999756
2025-10-03 17:00:00,115.75,115.8,0.0625
2025-10-03 18:00:00,115.79,115.94,0.14749908
2025-10-03 19:00:00,115.82,115.94,0.117500305
2025-10-03 20:00:00,115.85,116.0,0.15000153
2025-10-03 21:00:00,115.88,116.06,0.18250275
2025-10-03 22:00:00,115.91,116.1,0.21499634
2025-10-03 23:00:00,115.93,116.1,0.1949997
2025-10-04 00:00:00,115.92,116.2,0.26750183
2025-10-04 01:00:00,115.91,116.2,0.27749634
2025-10-04 02:00:00,115.91,116.25,0.33999634
2025-10-04 03:00:00,115.91,116.25,0.33999634
2025-10-04 04:00:00,115.91,116.25,0.33999634
2025-10-04 05:00:00,115.91,116.3,0.40249634
2025-10-04 06:00:00,115.91,116.4,0.46499634
2025-10-04 07:00:00,115.91,116.44,0.52749634
2025-10-04 08:00:00,115.91,116.44,0.52749634
2025-10-04 09:00:00,115.9,116.44,0.5374985
2025-10-04 10:00:00,115.89,116.44,0.5475006
2025-10-04 11:00:00,115.88,116.5,0.62000275
2025-10-04 12:00:00,115.88,116.56,0.68250275
2025-10-04 13:00:00,115.87,116.56,0.69249725
2025-10-04 14:00:00,115.87,116.56,0.69249725
2025-10-04 15:00:00,115.86,116.56,0.7024994
2025-10-04 16:00:00,115.85,116.6,0.7750015
2025-10-04 17:00:00,115.84,116.6,0.78500366
2025-10-04 18:00:00,115.83,116.6,0.79499817
2025-10-04 19:00:00,115.83,116.6,0.79499817
2025-10-04 20:00:00,115.82,116.6,0.8050003
2025-10-04 21:00:00,115.81,116.7,0.87750244
2025-10-04 22:00:00,115.8,116.6,0.82499695
2025-10-04 23:00:00,115.8,116.7,0.88749695
2025-10-05 00:00:00,115.8,116.7,0.88749695
2025-10-05 01:00:00,115.8,116.75,0.94999695
2025-10-05 02:00:00,115.8,116.7,0.88749695
2025-10-05 03:00:00,115.8,116.75,0.94999695
2025-10-05 04:00:00,115.79,116.6,0.8349991
2025-10-05 05:00:00,115.78,116.7,0.9075012
2025-10-05 06:00:00,115.77,116.6,0.85500336
2025-10-05 07:00:00,115.76,116.7,0.92749786
2025-10-05 08:00:00,115.75,116.6,0.875
2025-10-05 09:00:00,115.73,116.7,0.95749664
2025-10-05 10:00:00,115.69,116.56,0.87249756
2025-10-05 11:00:00,115.62,116.6,1.0049973
2025-10-05 12:00:00,115.54,116.6,1.0849991
2025-10-05 13:00:00,115.46,116.7,1.2275009
2025-10-05 14:00:00,115.4,116.6,1.2249985
2025-10-05 15:00:00,115.35,116.6,1.2750015
2025-10-05 16:00:00,115.3,116.56,1.262497
2025-10-05 17:00:00,115.25,116.5,1.25
2025-10-05 18:00:00,115.21,116.44,1.2275009
2025-10-05 19:00:00,115.17,116.4,1.2050018
2025-10-05 20:00:00,115.13,116.25,1.1200027
2025-10-05 21:00:00,115.1,116.2,1.0875015
2025-10-05 22:00:00,115.07,116.06,0.9925003
2025-10-05 23:00:00,115.04,116.1,1.0849991
2025-10-06 00:00:00,115.0,115.94,0.9375
2025-10-06 01:00:00,114.95,115.94,0.98750305
2025-10-06 02:00:00,114.91,115.9,0.96499634
2025-10-06 03:00:00,114.86,115.94,1.0774994
2025-10-06 04:00:00,114.78,115.8,1.0325012
2025-10-06 05:00:00,114.69,115.8,1.1224976
2025-10-06 06:00:00,114.6,115.8,1.2125015
2025-10-06 07:00:00,114.51,115.8,1.3024979
2025-10-06 08:00:00,114.45,115.75,1.300003
2025-10-06 09:00:00,114.4,115.56,1.1624985
2025-10-06 10:00:00,114.35,115.56,1.2125015
2025-10-06 11:00:00,114.3,115.5,1.199997
2025-10-06 12:00:00,114.26,115.3,1.0524979
2025-10-06 13:00:00,114.22,115.2,0.9674988
2025-10-06 14:00:00,114.14,115.1,0.9850006
2025-10-06 15:00:00,114.05,115.1,1.074997
2025-10-06 16:00:00,113.96,114.94,0.9775009
2025-10-06 17:00:00,113.87,114.9,1.0049973
2025-10-06 18:00:00,113.83,114.9,1.0449982
2025-10-06 19:00:00,113.85,114.8,0.9625015
2025-10-06 20:00:00,113.87,114.75,0.87999725
2025-10-06 21:00:00,113.89,114.56,0.6725006
2025-10-06 22:00:00,113.91,114.56,0.65249634
2025-10-06 23:00:00,113.92,114.6,0.70500183
2025-10-07 00:00:00,113.92,114.5,0.58000183
2025-10-07 01:00:00,113.91,114.44,0.52749634
2025-10-07 02:00:00,113.91,114.3,0.40249634
2025-10-07 03:00:00,113.91,114.44,0.52749634
2025-10-07 04:00:00,113.91,114.3,0.40249634
2025-10-07 05:00:00,113.91,114.3,0.40249634
2025-10-07 06:00:00,113.91,114.3,0.40249634
2025-10-07 07:00:00,113.91,114.44,0.52749634
2025-10-07 08:00:00,113.92,114.25,0.33000183
2025-10-07 09:00:00,113.92,114.44,0.51750183
2025-10-07 10:00:00,113.91,114.3,0.40249634
2025-10-07 11:00:00,113.9,114.44,0.5374985
2025-10-07 12:00:00,113.88,114.25,0.37000275
2025-10-07 13:00:00,113.85,114.5,0.6500015
2025-10-07 14:00:00,113.79,114.3,0.5224991
2025-10-07 15:00:00,113.72,114.5,0.7799988
2025-10-07 16:00:00,113.65,114.4,0.7249985
2025-10-07 17:00:00,113.56,114.4,0.81500244
2025-10-07 18:00:00,113.48,114.44,0.95749664
2025-10-07 19:00:00,113.47,114.4,0.9049988
2025-10-07 20:00:00,113.47,114.4,0.9049988
2025-10-07 21:00:00,113.45,114.3,0.86250305
2025-10-07 22:00:00,113.4,114.25,0.8499985
2025-10-07 23:00:00,113.34,114.2,0.84750366
2025-10-08 00:00:00,113.28,114.3,1.0325012
2025-10-08 01:00:00,113.23,114.1,0.89499664
2025-10-08 02:00:00,113.2,114.06,0.86250305
2025-10-08 03:00:00,113.16,114.06,0.90249634
2025-10-08 04:00:00,113.12,114.0,0.87999725
2025-10-08 05:00:00,113.08,113.94,0.85749817
2025-10-08 06:00:00,113.05,113.8,0.76249695
2025-10-08 07:00:00,113.01,113.7,0.67749786
2025-10-08 08:00:00,112.97,113.6,0.6549988
2025-10-08 09:00:00,112.93,113.56,0.6324997
2025-10-08 10:00:00,112.89,113.44,0.5475006
2025-10-08 11:00:00,112.86,113.4,0.5149994
2025-10-08 12:00:00,112.83,113.3,0.48249817
2025-10-08 13:00:00,112.8,113.3,0.51249695
2025-10-08 14:00:00,112.77,113.2,0.41750336
2025-10-08 15:00:00,112.74,113.25,0.51000214
2025-10-08 16:00:00,112.71,113.2,0.47750092
2025-10-08 17:00:00,112.68,113.2,0.5074997
2025-10-08 18:00:00,112.65,113.1,0.47499847
2025-10-08 19:00:00,112.65,113.06,0.41249847
2025-10-08 20:00:00,112.66,113.06,0.40249634
2025-10-08 21:00:00,112.67,113.06,0.39250183
2025-10-08 22:00:00,112.68,112.94,0.2574997
2025-10-08 23:00:00,112.7,113.0,0.30000305
2025-10-09 00:00:00,112.71,112.94,0.22750092
2025-10-09 01:00:00,112.72,113.0,0.27999878
2025-10-09 02:00:00,112.74,112.94,0.19750214
2025-10-09 03:00:00,112.76,112.8,0.052497864
2025-10-09 04:00:00,112.78,113.0,0.22000122
2025-10-09 05:00:00,112.8,112.94,0.13749695
2025-10-09 06:00:00,112.83,113.0,0.16999817
2025-10-09 07:00:00,112.84,112.8,0.027496338
2025-10-09 08:00:00,112.85,113.06,0.21250153
2025-10-09 09:00:00,112.86,113.06,0.20249939
2025-10-09 10:00:00,112.87,113.2,0.31749725
2025-10-09 11:00:00,112.89,113.1,0.23500061
2025-10-09 12:00:00,112.91,113.2,0.27749634
2025-10-09 13:00:00,112.94,113.1,0.18499756
2025-10-09 14:00:00,112.98,113.25,0.26999664
2025-10-09 15:00:00,113.03,113.2,0.15750122
2025-10-09 16:00:00,113.08,113.25,0.16999817
2025-10-09 17:00:00,113.13,113.25,0.12000275
2025-10-09 18:00:00,113.18,113.4,0.1949997
2025-10-09 19:00:00,113.23,113.3,0.08249664
2025-10-09 20:00:00,113.28,113.4,0.09500122
2025-10-09 21:00:00,113.33,113.4,0.04499817
2025-10-09 22:00:00,113.37,113.44,0.06749725
2025-10-09 23:00:00,113.43,113.44,0.007499695
2025-10-10 00:00:00,113.5,113.56,0.0625
2025-10-10 01:00:00,113.57,113.6,0.055000305
2025-10-10 02:00:00,113.64,113.75,0.11000061
2025-10-10 03:00:00,113.71,113.75,0.040000916
2025-10-10 04:00:00,113.78,113.75,0.02999878
2025-10-10 05:00:00,113.85,113.75,0.099998474
2025-10-10 06:00:00,113.92,113.9,0.04499817
2025-10-10 07:00:00,113.98,113.9,0.10500336
2025-10-10 08:00:00,114.04,113.94,0.102500916
2025-10-10 09:00:00,114.08,113.94,0.14250183
2025-10-10 10:00:00,114.12,114.06,0.057502747
2025-10-10 11:00:00,114.16,114.06,0.09750366
2025-10-10 12:00:00,114.21,114.25,0.040000916
2025-10-10 13:00:00,114.27,114.3,0.042503357
2025-10-10 14:00:00,114.32,114.4,0.055000305
2025-10-10 15:00:00,114.36,114.44,0.07749939
2025-10-10 16:00:00,114.4,114.5,0.099998474
2025-10-10 17:00:00,114.44,114.56,0.12249756
2025-10-10 18:00:00,114.45,114.6,0.17500305
2025-10-10 19:00:00,114.46,114.75,0.29000092
2025-10-10 20:00:00,114.46,114.8,0.35250092
2025-10-10 21:00:00,114.47,114.9,0.40499878
2025-10-10 22:00:00,114.48,114.8,0.33249664
2025-10-10 23:00:00,114.49,114.94,0.44750214
2025-10-11 00:00:00,114.51,114.9,0.36499786
2025-10-11 01:00:00,114.53,114.9,0.34500122
2025-10-11 02:00:00,114.55,114.9,0.32499695
2025-10-11 03:00:00,114.57,114.94,0.3675003
2025-10-11 04:00:00,114.59,114.9,0.28500366
2025-10-11 05:00:00,114.61,114.94,0.3274994
2025-10-11 06:00:00,114.64,114.94,0.2975006
2025-10-11 07:00:00,114.66,114.94,0.27749634
2025-10-11 08:00:00,114.68,114.9,0.1949997
2025-10-11 09:00:00,114.69,114.9,0.18499756
2025-10-11 10:00:00,114.7,114.94,0.23750305
2025-10-11 11:00:00,114.72,114.94,0.21749878
2025-10-11 12:00:00,114.73,114.94,0.20749664
2025-10-11 13:00:00,114.74,115.0,0.26000214
2025-10-11 14:00:00,114.75,115.06,0.3125
2025-10-11 15:00:00,114.76,115.1,0.36499786
2025-10-11 16:00:00,114.77,115.06,0.29250336
2025-10-11 17:00:00,114.78,115.06,0.28250122
2025-10-11 18:00:00,114.79,115.06,0.27249908
2025-10-11 19:00:00,114.81,115.1,0.31500244
2025-10-11 20:00:00,114.83,115.0,0.16999817
2025-10-11 21:00:00,114.85,115.06,0.21250153
2025-10-11 22:00:00,114.86,115.0,0.13999939
2025-10-11 23:00:00,114.88,115.06,0.18250275
2025-10-12 00:00:00,114.91,115.0,0.08999634
2025-10-12 01:00:00,114.94,115.0,0.05999756
2025-10-12 02:00:00,114.97,115.06,0.09249878
2025-10-12 03:00:00,115.0,115.1,0.125
2025-10-12 04:00:00,115.04,115.2,0.14749908
2025-10-12 05:00:00,115.06,115.1,0.06500244
2025-10-12 06:00:00,115.1,115.25,0.15000153
2025-10-12 07:00:00,115.14,115.3,0.17250061
2025-10-12 08:00:00,115.17,115.3,0.14250183
2025-10-12 09:00:00,115.2,115.5,0.30000305
2025-10-12 10:00:00,115.23,115.44,0.20749664
2025-10-12 11:00:00,115.25,115.56,0.3125
2025-10-12 12:00:00,115.28,115.56,0.28250122
2025-10-12 13:00:00,115.31,115.75,0.44000244
2025-10-12 14:00:00,115.34,115.7,0.34750366
2025-10-12 15:00:00,115.37,115.75,0.37999725
2025-10-12 16:00:00,115.39,115.75,0.3600006
2025-10-12 17:00:00,115.4,115.8,0.41249847
2025-10-12 18:00:00,115.41,115.75,0.33999634
2025-10-12 19:00:00,115.43,115.9,0.4449997
2025-10-12 20:00:00,115.45,115.8,0.36250305
2025-10-12 21:00:00,115.47,115.8,0.34249878
2025-10-12 22:00:00,115.5,115.8,0.3125
2025-10-12 23:00:00,115.53,115.9,0.34500122
2025-10-13 00:00:00,115.56,115.9,0.31500244
2025-10-13 01:00:00,115.59,115.8,0.22250366
2025-10-13 02:00:00,115.63,115.8,0.18250275
2025-10-13 03:00:00,115.67,115.9,0.20500183
2025-10-13 04:00:00,115.71,115.8,0.102500916
2025-10-13 05:00:00,115.74,115.9,0.13500214
2025-10-13 06:00:00,115.77,115.94,0.16750336
2025-10-13 07:00:00,115.8,115.94,0.13749695
2025-10-13 08:00:00,115.83,116.0,0.16999817
2025-10-13 09:00:00,115.85,116.0,0.15000153
2025-10-13 10:00:00,115.87,116.0,0.12999725
2025-10-13 11:00:00,115.89,116.06,0.17250061
2025-10-13 12:00:00,115.92,116.06,0.14250183
2025-10-13 13:00:00,115.95,116.06,0.11250305
2025-10-13 14:00:00,115.97,116.1,0.15499878
2025-10-13 15:00:00,115.98,116.1,0.14499664
2025-10-13 16:00:00,115.99,116.1,0.13500214
2025-10-13 17:00:00,116.0,116.1,0.125
2025-10-13 18:00:00,116.01,116.1,0.114997864
2025-10-13 19:00:00,116.02,116.1,0.10500336
2025-10-13 20:00:00,116.04,116.1,0.084999084
2025-10-13 21:00:00,116.06,116.1,0.06500244
2025-10-13 22:00:00,116.08,116.2,0.10749817
2025-10-13 23:00:00,116.1,116.1,0.025001526
2025-10-14 00:00:00,116.12,116.25,0.12999725
2025-10-14 01:00:00,116.15,116.2,0.037498474
2025-10-14 02:00:00,116.18,116.25,0.069999695
2025-10-14 03:00:00,116.22,116.25,0.02999878
2025-10-14 04:00:00,116.25,116.3,0.0625
2025-10-14 05:00:00,116.28,116.3,0.03250122
2025-10-14 06:00:00,116.32,116.4,0.055000305
2025-10-14 07:00:00,116.36,116.3,0.04750061
2025-10-14 08:00:00,116.4,116.4,0.025001526
2025-10-14 09:00:00,116.43,116.4,0.055000305
2025-10-14 10:00:00,116.46,116.4,0.084999084
2025-10-14 11:00:00,116.49,116.5,0.010002136
2025-10-14 12:00:00,116.53,116.7,0.15750122
2025-10-14 13:00:00,116.57,116.7,0.117500305
2025-10-14 14:00:00,116.6,116.56,0.037498474
2025-10-14 15:00:00,116.6,116.6,0.025001526
2025-10-14 16:00:00,116.59,116.7,0.09750366
2025-10-14 17:00:00,116.57,116.7,0.117500305
2025-10-14 18:00:00,116.55,116.6,0.07499695
2025-10-14 19:00:00,116.54,116.8,0.27249908
2025-10-14 20:00:00,116.53,116.8,0.28250122
2025-10-14 21:00:00,116.53,116.8,0.28250122
2025-10-14 22:00:00,116.53,116.75,0.22000122
2025-10-14 23:00:00,116.52,116.8,0.29250336
2025-10-15 00:00:00,116.51,116.8,0.30249786
2025-10-15 01:00:00,116.5,116.8,0.3125
2025-10-15 02:00:00,116.49,116.75,0.26000214
2025-10-15 03:00:00,116.48,116.8,0.33249664
2025-10-15 04:00:00,116.47,116.75,0.27999878
2025-10-15 05:00:00,116.45,116.8,0.36250305
2025-10-15 06:00:00,116.42,116.7,0.26750183
2025-10-15 07:00:00,116.39,116.75,0.3600006
2025-10-15 08:00:00,116.36,116.7,0.3274994
2025-10-15 09:00:00,116.32,116.7,0.3675003
2025-10-15 10:00:00,116.28,116.7,0.40750122
2025-10-15 11:00:00,116.24,116.7,0.44750214
2025-10-15 12:00:00,116.21,116.6,0.41500092
2025-10-15 13:00:00,116.18,116.7,0.5074997
2025-10-15 14:00:00,116.15,116.6,0.47499847
2025-10-15 15:00:00,116.12,116.6,0.50499725
2025-10-15 16:00:00,116.07,116.56,0.4925003
2025-10-15 17:00:00,116.02,116.6,0.60500336
2025-10-15 18:00:00,116.01,116.56,0.55249786
2025-10-15 19:00:00,116.0,116.56,0.5625
2025-10-15 20:00:00,116.0,116.5,0.5
2025-10-15 21:00:00,116.0,116.56,0.5625
2025-10-15 22:00:00,116.0,116.5,0.5
2025-10-15 23:00:00,115.99,116.56,0.57250214
2025-10-16 00:00:00,115.97,116.5,0.5299988
2025-10-16 01:00:00,115.95,116.6,0.67500305
2025-10-16 02:00:00,115.94,116.56,0.62249756
2025-10-16 03:00:00,115.93,116.56,0.6324997
2025-10-16 04:00:00,115.9,116.5,0.5999985
2025-10-16 05:00:00,115.85,116.56,0.7125015
2025-10-16 06:00:00,115.79,116.44,0.6474991
2025-10-16 07:00:00,115.72,116.5,0.7799988
2025-10-16 08:00:00,115.65,116.44,0.7874985
2025-10-16 09:00:00,115.58,116.5,0.91999817
2025-10-16 10:00:00,115.51,116.4,0.86499786
2025-10-16 11:00:00,115.47,116.4,0.9049988
2025-10-16 12:00:00,115.44,116.25,0.80999756
2025-10-16 13:00:00,115.42,116.25,0.83000183
2025-10-16 14:00:00,115.38,116.1,0.74500275
2025-10-16 15:00:00,115.34,116.1,0.78500366
2025-10-16 16:00:00,115.3,116.06,0.76249695
2025-10-16 17:00:00,115.3,116.1,0.82499695
2025-10-16 18:00:00,115.3,116.0,0.69999695
2025-10-16 19:00:00,115.32,116.0,0.6800003
2025-10-16 20:00:00,115.33,115.9,0.54499817
2025-10-16 21:00:00,115.34,115.94,0.59750366
2025-10-16 22:00:00,115.35,115.9,0.5250015
2025-10-16 23:00:00,115.36,115.9,0.5149994
2025-10-17 00:00:00,115.38,115.75,0.37000275
2025-10-17 01:00:00,115.42,115.8,0.39250183
2025-10-17 02:00:00,115.46,115.8,0.35250092
2025-10-17 03:00:00,115.5,115.94,0.4375
2025-10-17 04:00:00,115.54,115.8,0.27249908
2025-10-17 05:00:00,115.58,115.94,0.35749817
2025-10-17 06:00:00,115.62,115.9,0.25499725
2025-10-17 07:00:00,115.65,115.94,0.28749847
2025-10-17 08:00:00,115.68,115.94,0.2574997
2025-10-17 09:00:00,115.71,116.0,0.29000092
2025-10-17 10:00:00,115.74,116.06,0.32250214
2025-10-17 11:00:00,115.76,116.06,0.30249786
2025-10-17 12:00:00,115.77,116.2,0.41750336
2025-10-17 13:00:00,115.78,116.2,0.40750122
2025-10-17 14:00:00,115.78,116.25,0.47000122
2025-10-17 15:00:00,115.77,116.2,0.41750336
2025-10-17 16:00:00,115.76,116.25,0.48999786
2025-10-17 17:00:00,115.75,116.2,0.4375
2025-10-17 18:00:00,115.75,116.25,0.5
2025-10-17 19:00:00,115.75,116.25,0.5
2025-10-17 20:00:00,115.75,116.1,0.375
2025-10-17 21:00:00,115.75,116.1,0.375
2025-10-17 22:00:00,115.76,116.1,0.36499786
2025-10-17 23:00:00,115.77,116.2,0.41750336
