Tên hồ,Thời điểm,Htl,Hdbt,Hc,Qve,ΣQx,Qxt,Qxm,Ncxs,Ncxm
Chú thích ký hiệu,Chú thích ký hiệu,Mực nước  thượng lưu (m),Mực nước  dâng bình thường (m),Mực nước  chết (m),Lưu lượng  đến hồ  (m3/s),Tổng lượng xả  (m3/s),Tổng lượng xả  qua đập  tràn (m3/s),Tổng lượng xả  qua nhà  máy (m3/s),Số cửa  xả sâu,Số cửa  xả mặt
Hòa Bình,18/10/2025 00:00,115.77,117,80,2863,2291,0,2291,0,0
Sông Ba Hạ,18/10/2025 00:00,102.93,105,101,740,700,300,400,0,4
Trị An,18/10/2025 00:00,61.39,62,50,650,914,160,754,0,1
Hòa Bình,18/10/2025 01:00,115.77,117,80,2863,2291,0,2291,0,0
Sông Ba Hạ,18/10/2025 01:00,102.93,105,101,740,700,300,400,0,4
Trị An,18/10/2025 01:00,61.39,62,50,650,914,160,754,0,1
Hòa Bình,18/10/2025 02:00,115.77,117,80,2863,2291,0,2291,0,0
Sông Ba Hạ,18/10/2025 02:00,102.93,105,101,740,700,300,400,0,4
Trị An,18/10/2025 02:00,61.39,62,50,650,914,160,754,0,1
Hòa Bình,18/10/2025 03:00,115.77,117,80,2863,2291,0,2291,0,0
Sông Ba Hạ,18/10/2025 03:00,102.93,105,101,740,700,300,400,0,4
Trị An,18/10/2025 03:00,61.39,62,50,650,914,160,754,0,1
Hòa Bình,18/10/2025 04:00,115.77,117,80,2863,2291,0,2291,0,0
Sông Ba Hạ,18/10/2025 04:00,102.93,105,101,740,700,300,400,0,4
Trị An,18/10/2025 04:00,61.39,62,50,650,914,160,754,0,1
Hòa Bình,18/10/2025 05:00,115.77,117,80,2863,2291,0,2291,0,0
Sông Ba Hạ,18/10/2025 05:00,102.93,105,101,740,700,300,400,0,4
Trị An,18/10/2025 05:00,61.39,62,50,650,914,160,754,0,1
Hòa Bình,18/10/2025 06:00,115.77,117,80,2863,2291,0,2291,0,0
Sông Ba Hạ,18/10/2025 06:00,102.93,105,101,740,700,300,400,0,4
Trị An,18/10/2025 06:00,61.39,62,50,650,914,160,754,0,1
Hòa Bình,18/10/2025 07:00,115.77,117,80,2863,2291,0,2291,0,0
Sông Ba Hạ,18/10/2025 07:00,102.93,105,101,740,700,300,400,0,4
Trị An,18/10/2025 07:00,61.39,62,50,650,914,160,754,0,1
Hòa Bình,18/10/2025 08:00,115.77,117,80,2863,2291,0,2291,0,0
Sông Ba Hạ,18/10/2025 08:00,102.93,105,101,740,700,300,400,0,4
Trị An,18/10/2025 08:00,61.39,62,50,650,914,160,754,0,1
Hòa Bình,18/10/2025 09:00,115.77,117,80,2863,2291,0,2291,0,0
Sông Ba Hạ,18/10/2025 09:00,102.93,105,101,740,700,300,400,0,4
Trị An,18/10/2025 09:00,61.39,62,50,650,914,160,754,0,1
Hòa Bình,18/10/2025 10:00,115.77,117,80,2863,2291,0,2291,0,0
Sông Ba Hạ,18/10/2025 10:00,102.93,105,101,740,700,300,400,0,4
Trị An,18/10/2025 10:00,61.39,62,50,650,914,160,754,0,1
Hòa Bình,18/10/2025 11:00,115.77,117,80,2863,2291,0,2291,0,0
Sông Ba Hạ,18/10/2025 11:00,102.93,105,101,740,700,300,400,0,4
Trị An,18/10/2025 11:00,61.39,62,50,650,914,160,754,0,1
Hòa Bình,18/10/2025 12:00,115.77,117,80,2863,2291,0,2291,0,0
Sông Ba Hạ,18/10/2025 12:00,102.93,105,101,740,700,300,400,0,4
Trị An,18/10/2025 12:00,61.39,62,50,650,914,160,754,0,1
Hòa Bình,18/10/2025 13:00,115.77,117,80,2863,2291,0,2291,0,0
Sông Ba Hạ,18/10/2025 13:00,102.93,105,101,740,700,300,400,0,4
Trị An,18/10/2025 13:00,61.39,62,50,650,914,160,754,0,1
Hòa Bình,18/10/2025 14:00,115.77,117,80,2863,2291,0,2291,0,0
Sông Ba Hạ,18/10/2025 14:00,102.93,105,101,740,700,300,400,0,4
Trị An,18/10/2025 14:00,61.39,62,50,650,914,160,754,0,1
Hòa Bình,18/10/2025 15:00,115.77,117,80,2863,2291,0,2291,0,0
Sông Ba Hạ,18/10/2025 15:00,102.93,105,101,740,700,300,400,0,4
Trị An,18/10/2025 15:00,61.39,62,50,650,914,160,754,0,1
Hòa Bình,18/10/2025 16:00,115.77,117,80,2863,2291,0,2291,0,0
Sông Ba Hạ,18/10/2025 16:00,102.93,105,101,740,700,300,400,0,4
Trị An,18/10/2025 16:00,61.39,62,50,650,914,160,754,0,1
Hòa Bình,18/10/2025 17:00,115.77,117,80,2863,2291,0,2291,0,0
Sông Ba Hạ,18/10/2025 17:00,102.93,105,101,740,700,300,400,0,4
Trị An,18/10/2025 17:00,61.39,62,50,650,914,160,754,0,1
Hòa Bình,18/10/2025 18:00,115.77,117,80,2863,2291,0,2291,0,0
Sông Ba Hạ,18/10/2025 18:00,102.93,105,101,740,700,300,400,0,4
Trị An,18/10/2025 18:00,61.39,62,50,650,914,160,754,0,1
Hòa Bình,18/10/2025 19:00,115.77,117,80,2863,2291,0,2291,0,0
Sông Ba Hạ,18/10/2025 19:00,102.93,105,101,740,700,300,400,0,4
Trị An,18/10/2025 19:00,61.39,62,50,650,914,160,754,0,1
Hòa Bình,18/10/2025 20:00,115.77,117,80,2863,2291,0,2291,0,0
Sông Ba Hạ,18/10/2025 20:00,102.93,105,101,740,700,300,400,0,4
Trị An,18/10/2025 20:00,61.39,62,50,650,914,160,754,0,1
Hòa Bình,18/10/2025 21:00,115.77,117,80,2863,2291,0,2291,0,0
Sông Ba Hạ,18/10/2025 21:00,102.93,105,101,740,700,300,400,0,4
Trị An,18/10/2025 21:00,61.39,62,50,650,914,160,754,0,1
Hòa Bình,18/10/2025 22:00,115.77,117,80,2863,2291,0,2291,0,0
Sông Ba Hạ,18/10/2025 22:00,102.93,105,101,740,700,300,400,0,4
Trị An,18/10/2025 22:00,61.39,62,50,650,914,160,754,0,1
Hòa Bình,18/10/2025 23:00,115.77,117,80,2863,2291,0,2291,0,0
Sông Ba Hạ,18/10/2025 23:00,102.93,105,101,740,700,300,400,0,4
Trị An,18/10/2025 23:00,61.39,62,50,650,914,160,754,0,1
Hòa Bình,19/10/2025 00:00,116,117,80,2652,1505,0,1505,0,0
Sông Ba Hạ,19/10/2025 00:00,102.97,105,101,530,500,100,400,0,1
Trị An,19/10/2025 00:00,61.31,62,50,770,914,160,754,0,1
Hòa Bình,19/10/2025 01:00,116.03,117,80,2595,1049,0,1049,0,0
Sông Ba Hạ,19/10/2025 01:00,102.97,105,101,480,500,100,400,0,1
Trị An,19/10/2025 01:00,61.31,62,50,770,914,160,754,0,1
Hòa Bình,19/10/2025 02:00,116.06,117,80,2476,759,0,759,0,0
Sông Ba Hạ,19/10/2025 02:00,102.97,105,101,460,500,100,400,0,1
Trị An,19/10/2025 02:00,61.31,62,50,800,914,160,754,0,1
Hòa Bình,19/10/2025 03:00,116.09,117,80,2480,763,0,763,0,0
Sông Ba Hạ,19/10/2025 03:00,102.96,105,101,470,500,100,400,0,1
Trị An,19/10/2025 03:00,61.31,62,50,830,917,160,757,0,1
Hòa Bình,19/10/2025 04:00,116.12,117,80,2464,747,0,747,0,0
Sông Ba Hạ,19/10/2025 04:00,102.96,105,101,460,500,100,400,0,1
Trị An,19/10/2025 04:00,61.31,62,50,860,917,160,757,0,1
Hòa Bình,19/10/2025 05:00,116.14,117,80,1786,729,0,729,0,0
Sông Ba Hạ,19/10/2025 05:00,102.95,105,101,480,500,100,400,0,1
Trị An,19/10/2025 05:00,61.31,62,50,860,920,160,760,0,1
Hòa Bình,19/10/2025 06:00,116.15,117,80,1363,729,0,729,0,0
Sông Ba Hạ,19/10/2025 06:00,102.95,105,101,470,500,100,400,0,1
Trị An,19/10/2025 06:00,61.31,62,50,830,920,160,760,0,1
Hòa Bình,19/10/2025 07:00,116.16,117,80,1308,732,0,732,0,0
Sông Ba Hạ,19/10/2025 07:00,102.95,105,101,480,500,100,400,0,1
Trị An,19/10/2025 07:00,61.31,62,50,860,920,160,760,0,1
Hòa Bình,19/10/2025 08:00,116.17,117,80,1311,734,0,734,0,0
Sông Ba Hạ,19/10/2025 08:00,102.94,105,101,470,500,100,400,0,1
Trị An,19/10/2025 08:00,61.3,62,50,800,920,160,760,0,1
Hòa Bình,19/10/2025 09:00,116.17,117,80,740,733,0,733,0,0
Sông Ba Hạ,19/10/2025 09:00,102.94,105,101,480,500,100,400,0,1
Trị An,19/10/2025 09:00,61.31,62,50,790,370,0,370,0,0
Hòa Bình,19/10/2025 10:00,116.17,117,80,827,820,0,820,0,0
Sông Ba Hạ,19/10/2025 10:00,102.93,105,101,460,500,100,400,0,1
Trị An,19/10/2025 10:00,61.31,62,50,790,370,0,370,0,0
Hòa Bình,19/10/2025 11:00,116.17,117,80,921,914,0,914,0,0
Sông Ba Hạ,19/10/2025 11:00,102.92,105,101,470,500,100,400,0,1
Trị An,19/10/2025 11:00,61.33,62,50,820,0,0,0,0,0
Hòa Bình,19/10/2025 12:00,116.19,117,80,2067,920,0,920,0,0
Sông Ba Hạ,19/10/2025 12:00,102.91,105,101,460,500,100,400,0,1
Trị An,19/10/2025 12:00,61.33,62,50,820,0,0,0,0,0
Hòa Bình,19/10/2025 13:00,116.21,117,80,1987,841,0,841,0,0
Sông Ba Hạ,19/10/2025 13:00,102.89,105,101,460,500,100,400,0,1
Trị An,19/10/2025 13:00,61.35,62,50,810,0,0,0,0,0
Hòa Bình,19/10/2025 14:00,116.24,117,80,2524,807,0,807,0,0
Sông Ba Hạ,19/10/2025 14:00,102.87,105,101,470,500,100,400,0,1
Trị An,19/10/2025 14:00,61.35,62,50,810,0,0,0,0,0
Hòa Bình,19/10/2025 15:00,116.28,117,80,2910,851,0,851,0,0
Sông Ba Hạ,19/10/2025 15:00,102.86,105,101,460,500,100,400,0,1
Trị An,19/10/2025 15:00,61.36,62,50,810,0,0,0,0,0
Hòa Bình,19/10/2025 16:00,116.31,117,80,3013,1296,0,1296,0,0
Sông Ba Hạ,19/10/2025 16:00,102.85,105,101,460,500,100,400,0,1
Trị An,19/10/2025 16:00,61.36,62,50,810,0,0,0,0,0
Hòa Bình,19/10/2025 17:00,116.33,117,80,3044,1897,0,1897,0,0
Sông Ba Hạ,19/10/2025 17:00,102.84,105,101,470,500,100,400,0,1
Trị An,19/10/2025 17:00,61.37,62,50,700,754,0,754,0,0
Hòa Bình,19/10/2025 18:00,116.35,117,80,3078,2045,0,2045,0,0
Sông Ba Hạ,19/10/2025 18:00,102.84,105,101,470,500,100,400,0,1
Trị An,19/10/2025 18:00,61.37,62,50,700,754,0,754,0,0
Hòa Bình,19/10/2025 19:00,116.36,117,80,2776,2085,0,2085,0,0
Sông Ba Hạ,19/10/2025 19:00,102.83,105,101,460,500,100,400,0,1
Trị An,19/10/2025 19:00,61.37,62,50,700,757,0,757,0,0
Hòa Bình,19/10/2025 20:00,116.38,117,80,2911,1765,0,1765,0,0
Sông Ba Hạ,19/10/2025 20:00,102.82,105,101,460,500,100,400,0,1
Trị An,19/10/2025 20:00,61.37,62,50,700,757,0,757,0,0
Hòa Bình,19/10/2025 21:00,116.42,117,80,3193,1191,0,1191,0,0
Sông Ba Hạ,19/10/2025 21:00,102.82,105,101,470,500,100,400,0,1
Trị An,19/10/2025 21:00,61.37,62,50,870,757,0,757,0,0
Hòa Bình,19/10/2025 22:00,116.46,117,80,3139,967,0,967,0,0
Sông Ba Hạ,19/10/2025 22:00,102.81,105,101,480,500,100,400,0,1
Trị An,19/10/2025 22:00,61.37,62,50,870,757,0,757,0,0
Hòa Bình,19/10/2025 23:00,116.5,117,80,3129,842,0,842,0,0
Sông Ba Hạ,19/10/2025 23:00,102.81,105,101,470,500,100,400,0,1
Trị An,19/10/2025 23:00,61.38,62,50,960,754,0,754,0,0
Hòa Bình,20/10/2025 00:00,116.55,117,80,3363,734,0,734,0,0
Sông Ba Hạ,20/10/2025 00:00,102.8,105,101,460,500,100,400,0,1
Trị An,20/10/2025 00:00,61.38,62,50,960,754,0,754,0,0
Hòa Bình,20/10/2025 01:00,116.6,117,80,3362,733,0,733,0,0
Sông Ba Hạ,20/10/2025 01:00,102.8,105,101,480,500,100,400,0,1
Trị An,20/10/2025 01:00,61.39,62,50,850,0,0,0,0,0
Hòa Bình,20/10/2025 02:00,116.65,117,80,3361,732,0,732,0,0
Sông Ba Hạ,20/10/2025 02:00,102.79,105,101,470,500,100,400,0,1
Trị An,20/10/2025 02:00,61.39,62,50,850,0,0,0,0,0
Hòa Bình,20/10/2025 03:00,116.69,117,80,3018,732,0,732,0,0
Sông Ba Hạ,20/10/2025 03:00,102.79,105,101,460,500,100,400,0,1
Trị An,20/10/2025 03:00,61.41,62,50,810,0,0,0,0,0
Hòa Bình,20/10/2025 04:00,116.72,117,80,2677,732,0,732,0,0
Sông Ba Hạ,20/10/2025 04:00,102.79,105,101,460,500,100,400,0,1
Trị An,20/10/2025 04:00,61.41,62,50,810,0,0,0,0,0
Hòa Bình,20/10/2025 05:00,116.76,117,80,3081,794,0,794,0,0
Sông Ba Hạ,20/10/2025 05:00,102.78,105,101,470,500,100,400,0,1
Trị An,20/10/2025 05:00,61.43,62,50,730,0,0,0,0,0
Hòa Bình,20/10/2025 06:00,116.8,117,80,3296,1010,0,1010,0,0
Sông Ba Hạ,20/10/2025 06:00,102.78,105,101,480,500,100,400,0,1
Trị An,20/10/2025 06:00,61.43,62,50,730,0,0,0,0,0
Hòa Bình,20/10/2025 07:00,116.84,117,80,3244,957,0,957,0,0
Sông Ba Hạ,20/10/2025 07:00,102.78,105,101,460,500,100,400,0,1
Trị An,20/10/2025 07:00,61.44,62,50,830,0,0,0,0,0
Hòa Bình,20/10/2025 08:00,116.87,117,80,2693,976,0,976,0,0
Sông Ba Hạ,20/10/2025 08:00,102.77,105,101,470,500,100,400,0,1
Trị An,20/10/2025 08:00,61.44,62,50,830,0,0,0,0,0
Hòa Bình,20/10/2025 09:00,116.9,117,80,2922,1205,0,1205,0,0
Sông Ba Hạ,20/10/2025 09:00,102.77,105,101,460,500,100,400,0,1
Trị An,20/10/2025 09:00,61.45,62,50,690,0,0,0,0,0
Hòa Bình,20/10/2025 10:00,116.92,117,80,2573,1427,0,1427,0,0
Sông Ba Hạ,20/10/2025 10:00,102.76,105,101,470,500,100,400,0,1
Trị An,20/10/2025 10:00,61.45,62,50,690,0,0,0,0,0
Hòa Bình,20/10/2025 11:00,116.91,117,80,2241,3519,1770,1749,1,0
Sông Ba Hạ,20/10/2025 11:00,102.76,105,101,480,500,100,400,0,1
Trị An,20/10/2025 11:00,61.46,62,50,730,0,0,0,0,0
Hòa Bình,20/10/2025 12:00,116.88,117,80,2204,3911,1777,2134,1,0
Sông Ba Hạ,20/10/2025 12:00,102.75,105,101,470,500,100,400,0,1
Trị An,20/10/2025 12:00,61.46,62,50,730,0,0,0,0,0
Hòa Bình,20/10/2025 13:00,116.85,117,80,2489,4192,1777,2415,1,0
Sông Ba Hạ,20/10/2025 13:00,102.75,105,101,460,500,100,400,0,1
Trị An,20/10/2025 13:00,61.48,62,50,760,0,0,0,0,0
Hòa Bình,20/10/2025 14:00,116.82,117,80,2467,4171,1777,2394,1,0
Sông Ba Hạ,20/10/2025 14:00,102.74,105,101,460,500,100,400,0,1
Trị An,20/10/2025 14:00,61.48,62,50,760,0,0,0,0,0
Hòa Bình,20/10/2025 15:00,116.8,117,80,3042,4175,1777,2398,1,0
Sông Ba Hạ,20/10/2025 15:00,102.73,105,101,470,500,100,400,0,1
Trị An,20/10/2025 15:00,61.49,62,50,880,749,0,749,0,0
Hòa Bình,20/10/2025 16:00,116.78,117,80,3069,4202,1777,2425,1,0
Sông Ba Hạ,20/10/2025 16:00,102.72,105,101,480,500,100,400,0,1
Trị An,20/10/2025 16:00,61.49,62,50,880,749,0,749,0,0
Hòa Bình,20/10/2025 17:00,116.76,117,80,3068,4201,1777,2424,1,0
Sông Ba Hạ,20/10/2025 17:00,102.7,105,101,460,500,100,400,0,1
Trị An,20/10/2025 17:00,61.49,62,50,980,754,0,754,0,0
Hòa Bình,20/10/2025 18:00,116.74,117,80,3068,4201,1777,2424,1,0
Sông Ba Hạ,20/10/2025 18:00,102.69,105,101,460,500,100,400,0,1
Trị An,20/10/2025 18:00,61.49,62,50,980,754,0,754,0,0
Hòa Bình,20/10/2025 19:00,116.72,117,80,3038,4170,1776,2394,1,0
Sông Ba Hạ,20/10/2025 19:00,102.68,105,101,480,500,100,400,0,1
Trị An,20/10/2025 19:00,61.49,62,50,930,754,0,754,0,0
Hòa Bình,20/10/2025 20:00,116.7,117,80,3018,4151,1776,2375,1,0
Sông Ba Hạ,20/10/2025 20:00,102.67,105,101,470,500,100,400,0,1
Trị An,20/10/2025 20:00,61.49,62,50,930,754,0,754,0,0
Hòa Bình,20/10/2025 21:00,116.68,117,80,3016,4149,1775,2374,1,0
Sông Ba Hạ,20/10/2025 21:00,102.66,105,101,460,500,100,400,0,1
Trị An,20/10/2025 21:00,61.5,62,50,900,752,0,752,0,0
Hòa Bình,20/10/2025 22:00,116.66,117,80,3012,4146,1775,2371,1,0
Sông Ba Hạ,20/10/2025 22:00,102.65,105,101,470,500,100,400,0,1
Trị An,20/10/2025 22:00,61.5,62,50,900,752,0,752,0,0
Hòa Bình,20/10/2025 23:00,116.64,117,80,3048,4181,1775,2406,1,0
Sông Ba Hạ,20/10/2025 23:00,102.64,105,101,480,500,100,400,0,1
Trị An,20/10/2025 23:00,61.5,62,50,810,752,0,752,0,0
Hòa Bình,21/10/2025 00:00,116.62,117,80,2938,4071,1775,2296,1,0
Sông Ba Hạ,21/10/2025 00:00,102.64,105,101,470,500,100,400,0,1
Trị An,21/10/2025 00:00,61.5,62,50,810,752,0,752,0,0
Hòa Bình,21/10/2025 01:00,116.6,117,80,2939,4072,1774,2298,1,0
Sông Ba Hạ,21/10/2025 01:00,102.63,105,101,480,500,100,400,0,1
Trị An,21/10/2025 01:00,61.5,62,50,890,554,0,554,0,0
Hòa Bình,21/10/2025 02:00,116.58,117,80,3072,4205,1774,2431,1,0
Sông Ba Hạ,21/10/2025 02:00,102.63,105,101,470,500,100,400,0,1
Trị An,21/10/2025 02:00,61.5,62,50,890,554,0,554,0,0
Hòa Bình,21/10/2025 03:00,116.56,117,80,3068,4201,1774,2427,1,0
Sông Ba Hạ,21/10/2025 03:00,102.62,105,101,460,500,100,400,0,1
Trị An,21/10/2025 03:00,61.52,62,50,810,0,0,0,0,0
Hòa Bình,21/10/2025 04:00,116.54,117,80,3060,4193,1774,2419,1,0
Sông Ba Hạ,21/10/2025 04:00,102.61,105,101,460,500,100,400,0,1
Trị An,21/10/2025 04:00,61.52,62,50,810,0,0,0,0,0
Hòa Bình,21/10/2025 05:00,116.52,117,80,3046,4179,1773,2406,1,0
Sông Ba Hạ,21/10/2025 05:00,102.61,105,101,470,500,100,400,0,1
Trị An,21/10/2025 05:00,61.53,62,50,770,297,0,297,0,0
Hòa Bình,21/10/2025 06:00,116.5,117,80,3057,4190,1773,2417,1,0
Sông Ba Hạ,21/10/2025 06:00,102.6,105,101,480,500,100,400,0,1
Trị An,21/10/2025 06:00,61.53,62,50,770,297,0,297,0,0
Hòa Bình,21/10/2025 07:00,116.48,117,80,3076,4208,1772,2436,1,0
Sông Ba Hạ,21/10/2025 07:00,102.59,105,101,460,500,100,400,0,1
Trị An,21/10/2025 07:00,61.53,62,50,690,752,0,752,0,0
Hòa Bình,21/10/2025 08:00,116.46,117,80,3049,4183,1772,2411,1,0
Sông Ba Hạ,21/10/2025 08:00,102.58,105,101,470,500,100,400,0,1
Trị An,21/10/2025 08:00,61.53,62,50,690,752,0,752,0,0
Hòa Bình,21/10/2025 09:00,116.44,117,80,2869,4002,1772,2230,1,0
Sông Ba Hạ,21/10/2025 09:00,102.57,105,101,460,500,100,400,0,1
Trị An,21/10/2025 09:00,61.52,62,50,660,752,0,752,0,0
Hòa Bình,21/10/2025 10:00,116.42,117,80,2759,3892,1771,2121,1,0
Sông Ba Hạ,21/10/2025 10:00,102.56,105,101,460,500,100,400,0,1
Trị An,21/10/2025 10:00,61.52,62,50,660,752,0,752,0,0
Hòa Bình,21/10/2025 11:00,116.39,117,80,2189,3892,1770,2122,1,0
Sông Ba Hạ,21/10/2025 11:00,102.55,105,101,470,500,100,400,0,1
Trị An,21/10/2025 11:00,61.53,62,50,630,0,0,0,0,0
Hòa Bình,21/10/2025 12:00,116.36,117,80,2189,3892,1770,2122,1,0
Sông Ba Hạ,21/10/2025 12:00,102.54,105,101,470,500,100,400,0,1
Trị An,21/10/2025 12:00,61.53,62,50,630,0,0,0,0,0
Hòa Bình,21/10/2025 13:00,116.33,117,80,2232,3935,1769,2166,1,0
Sông Ba Hạ,21/10/2025 13:00,102.53,105,101,460,500,100,400,0,1
Trị An,21/10/2025 13:00,61.55,62,50,610,0,0,0,0,0
Hòa Bình,21/10/2025 14:00,116.29,117,80,1793,4066,1768,2298,1,0
Sông Ba Hạ,21/10/2025 14:00,102.52,105,101,470,500,100,400,0,1
Trị An,21/10/2025 14:00,61.55,62,50,610,0,0,0,0,0
Hòa Bình,21/10/2025 15:00,116.24,117,80,1360,4203,1768,2435,1,0
Sông Ba Hạ,21/10/2025 15:00,102.51,105,101,480,500,100,400,0,1
Trị An,21/10/2025 15:00,61.55,62,50,700,901,160,741,0,1
Hòa Bình,21/10/2025 16:00,116.17,117,80,507,4211,1768,2443,1,0
Sông Ba Hạ,21/10/2025 16:00,102.5,105,101,470,500,100,400,0,1
Trị An,21/10/2025 16:00,61.55,62,50,740,906,160,746,0,1
Hòa Bình,21/10/2025 17:00,116.11,117,80,800,4213,1766,2447,1,0
Sông Ba Hạ,21/10/2025 17:00,102.49,105,101,460,500,100,400,0,1
Trị An,21/10/2025 17:00,61.45,62,50,760,909,160,749,0,1
Hòa Bình,21/10/2025 18:00,116.06,117,80,1373,4216,1766,2450,1,0
Sông Ba Hạ,21/10/2025 18:00,102.48,105,101,470,500,100,400,0,1
Trị An,21/10/2025 18:00,61.54,62,50,700,912,160,752,0,1
Hòa Bình,21/10/2025 19:00,116.03,117,80,2517,4221,1766,2455,1,0
Sông Ba Hạ,21/10/2025 19:00,102.47,105,101,480,500,100,400,0,1
Trị An,21/10/2025 19:00,61.54,62,50,680,914,160,754,0,1
Hòa Bình,21/10/2025 20:00,116.01,117,80,3087,4220,1766,2454,1,0
Sông Ba Hạ,21/10/2025 20:00,102.46,105,101,460,500,100,400,0,1
Trị An,21/10/2025 20:00,61.54,62,50,680,917,160,757,0,1
Hòa Bình,21/10/2025 21:00,115.99,117,80,3098,4222,1766,2456,1,0
Sông Ba Hạ,21/10/2025 21:00,102.45,105,101,470,500,100,400,0,1
Trị An,21/10/2025 21:00,61.53,62,50,650,917,160,757,0,1
Hòa Bình,21/10/2025 22:00,115.97,117,80,3094,4217,1765,2452,1,0
Sông Ba Hạ,21/10/2025 22:00,102.44,105,101,480,500,100,400,0,1
Trị An,21/10/2025 22:00,61.53,62,50,650,917,160,757,0,1
Hòa Bình,21/10/2025 23:00,115.95,117,80,3089,4211,1764,2447,1,0
Sông Ba Hạ,21/10/2025 23:00,102.43,105,101,470,500,100,400,0,1
Trị An,21/10/2025 23:00,61.53,62,50,620,914,160,754,0,1
Hòa Bình,22/10/2025 00:00,115.92,117,80,2235,4205,1763,2442,1,0
Sông Ba Hạ,22/10/2025 00:00,102.42,105,101,460,500,100,400,0,1
Trị An,22/10/2025 00:00,61.52,62,50,590,914,160,754,0,1
Hòa Bình,22/10/2025 01:00,115.88,117,80,1953,4206,1762,2444,1,0
Sông Ba Hạ,22/10/2025 01:00,102.41,105,101,480,500,100,400,0,1
Trị An,22/10/2025 01:00,61.52,62,50,620,914,160,754,0,1
Hòa Bình,22/10/2025 02:00,115.84,117,80,1961,4214,1762,2452,1,0
Sông Ba Hạ,22/10/2025 02:00,102.4,105,101,470,500,100,400,0,1
Trị An,22/10/2025 02:00,61.52,62,50,680,912,160,752,0,1
Hòa Bình,22/10/2025 03:00,115.8,117,80,1958,4211,1762,2449,1,0
Sông Ba Hạ,22/10/2025 03:00,102.39,105,101,460,500,100,400,0,1
Trị An,22/10/2025 03:00,61.52,62,50,740,914,160,754,0,1
Hòa Bình,22/10/2025 04:00,115.74,117,80,1042,4198,1760,2438,1,0
Sông Ba Hạ,22/10/2025 04:00,102.38,105,101,470,500,100,400,0,1
Trị An,22/10/2025 04:00,61.51,62,50,710,914,160,754,0,1
Hòa Bình,22/10/2025 05:00,115.69,117,80,1158,4202,1760,2442,1,0
Sông Ba Hạ,22/10/2025 05:00,102.37,105,101,480,500,100,400,0,1
Trị An,22/10/2025 05:00,61.51,62,50,680,914,160,754,0,1
Hòa Bình,22/10/2025 06:00,115.61,117,80,490,4211,1758,2453,1,0
Sông Ba Hạ,22/10/2025 06:00,102.36,105,101,470,500,100,400,0,1
Trị An,22/10/2025 06:00,61.51,62,50,590,917,160,757,0,1
Hòa Bình,22/10/2025 07:00,115.54,117,80,484,4206,1757,2449,1,0
Sông Ba Hạ,22/10/2025 07:00,102.34,105,101,460,500,100,400,0,1
Trị An,22/10/2025 07:00,61.5,62,50,620,917,160,757,0,1
Hòa Bình,22/10/2025 08:00,115.48,117,80,544,3927,1757,2170,1,0
Sông Ba Hạ,22/10/2025 08:00,102.33,105,101,450,450,50,400,0,1
Trị An,22/10/2025 08:00,61.5,62,50,630,735,160,575,0,1
Hòa Bình,22/10/2025 09:00,115.43,117,80,1111,3929,1757,2172,1,0
Sông Ba Hạ,22/10/2025 09:00,102.32,105,101,420,450,50,400,0,1
Trị An,22/10/2025 09:00,61.5,62,50,710,914,160,754,0,1
Hòa Bình,22/10/2025 10:00,115.38,117,80,1117,3935,1757,2178,1,0
Sông Ba Hạ,22/10/2025 10:00,102.32,105,101,380,304,50,254,0,1
Trị An,22/10/2025 10:00,61.5,62,50,680,914,160,754,0,1
Hòa Bình,22/10/2025 11:00,115.35,117,80,1095,2175,0,2175,0,0
Sông Ba Hạ,22/10/2025 11:00,102.32,105,101,370,304,50,254,0,1
Trị An,22/10/2025 11:00,61.49,62,50,680,914,160,754,0,1
Hòa Bình,22/10/2025 12:00,115.34,117,80,900,1458,0,1458,0,0
Sông Ba Hạ,22/10/2025 12:00,102.32,105,101,380,304,50,254,0,1
Trị An,22/10/2025 12:00,61.49,62,50,650,912,160,752,0,1
Hòa Bình,22/10/2025 13:00,115.34,117,80,751,744,0,744,0,0
Sông Ba Hạ,22/10/2025 13:00,102.32,105,101,360,304,50,254,0,1
Trị An,22/10/2025 13:00,61.49,62,50,680,912,160,752,0,1
Hòa Bình,22/10/2025 14:00,115.33,117,80,271,830,0,830,0,0
Sông Ba Hạ,22/10/2025 14:00,102.33,105,101,370,304,50,254,0,1
Trị An,22/10/2025 14:00,61.49,62,50,710,912,160,752,0,1
Hòa Bình,22/10/2025 15:00,115.34,117,80,1503,931,0,931,0,0
Sông Ba Hạ,22/10/2025 15:00,102.33,105,101,390,450,50,400,0,1
Trị An,22/10/2025 15:00,61.48,62,50,740,912,160,752,0,1
Hòa Bình,22/10/2025 16:00,115.34,117,80,1296,1289,0,1289,0,0
Sông Ba Hạ,22/10/2025 16:00,102.32,105,101,370,450,50,400,0,1
Trị An,22/10/2025 16:00,61.48,62,50,710,912,160,752,0,1
Hòa Bình,22/10/2025 17:00,115.33,117,80,1211,1770,0,1770,0,0
Sông Ba Hạ,22/10/2025 17:00,102.3,105,101,340,450,50,400,0,1
Trị An,22/10/2025 17:00,61.48,62,50,650,914,160,754,0,1
Hòa Bình,22/10/2025 18:00,115.33,117,80,1848,1841,0,1841,0,0
Sông Ba Hạ,22/10/2025 18:00,102.29,105,101,330,450,50,400,0,1
Trị An,22/10/2025 18:00,61.48,62,50,650,914,160,754,0,1
Hòa Bình,22/10/2025 19:00,115.34,117,80,2466,1894,0,1894,0,0
Sông Ba Hạ,22/10/2025 19:00,102.27,105,101,340,450,50,400,0,1
Trị An,22/10/2025 19:00,61.47,62,50,680,917,160,757,0,1
Hòa Bình,22/10/2025 20:00,115.36,117,80,3216,2079,0,2079,0,0
Sông Ba Hạ,22/10/2025 20:00,102.26,105,101,350,450,50,400,0,1
Trị An,22/10/2025 20:00,61.47,62,50,800,917,160,757,0,1
Hòa Bình,22/10/2025 21:00,115.39,117,80,3208,1706,0,1706,0,0
Sông Ba Hạ,22/10/2025 21:00,102.25,105,101,340,450,50,400,0,1
Trị An,22/10/2025 21:00,61.47,62,50,890,917,160,757,0,1
Hòa Bình,22/10/2025 22:00,115.42,117,80,2704,1002,0,1002,0,0
Sông Ba Hạ,22/10/2025 22:00,102.23,105,101,330,450,50,400,0,1
Trị An,22/10/2025 22:00,61.48,62,50,1000,917,160,757,0,1
Hòa Bình,22/10/2025 23:00,115.46,117,80,2891,738,0,738,0,0
Sông Ba Hạ,22/10/2025 23:00,102.23,105,101,320,304,50,254,0,1
Trị An,22/10/2025 23:00,61.48,62,50,1060,917,160,757,0,1
Hòa Bình,23/10/2025 00:00,115.49,117,80,2440,738,0,738,0,0
Sông Ba Hạ,23/10/2025 00:00,102.23,105,101,330,304,50,254,0,1
Trị An,23/10/2025 00:00,61.48,62,50,1060,914,160,754,0,1
Hòa Bình,23/10/2025 01:00,115.5,117,80,1309,737,0,737,0,0
Sông Ba Hạ,23/10/2025 01:00,102.23,105,101,320,304,50,254,0,1
Trị An,23/10/2025 01:00,61.48,62,50,1030,914,160,754,0,1
Hòa Bình,23/10/2025 02:00,115.5,117,80,742,735,0,735,0,0
Sông Ba Hạ,23/10/2025 02:00,102.23,105,101,310,304,50,254,0,1
Trị An,23/10/2025 02:00,61.48,62,50,1030,914,160,754,0,1
Hòa Bình,23/10/2025 03:00,115.51,117,80,1308,736,0,736,0,0
Sông Ba Hạ,23/10/2025 03:00,102.23,105,101,320,304,50,254,0,1
Trị An,23/10/2025 03:00,61.48,62,50,1000,914,160,754,0,1
Hòa Bình,23/10/2025 04:00,115.52,117,80,1309,737,0,737,0,0
Sông Ba Hạ,23/10/2025 04:00,102.23,105,101,300,304,50,254,0,1
Trị An,23/10/2025 04:00,61.48,62,50,940,917,160,757,0,1
Hòa Bình,23/10/2025 05:00,115.53,117,80,1252,737,0,737,0,0
Sông Ba Hạ,23/10/2025 05:00,102.23,105,101,310,304,50,254,0,1
Trị An,23/10/2025 05:00,61.48,62,50,860,922,160,762,0,1
Hòa Bình,23/10/2025 06:00,115.54,117,80,1082,736,0,736,0,0
Sông Ba Hạ,23/10/2025 06:00,102.23,105,101,330,304,50,254,0,1
Trị An,23/10/2025 06:00,61.48,62,50,830,925,160,765,0,1
Hòa Bình,23/10/2025 07:00,115.55,117,80,1305,734,0,734,0,0
Sông Ba Hạ,23/10/2025 07:00,102.23,105,101,290,304,50,254,0,1
Trị An,23/10/2025 07:00,61.48,62,50,870,925,160,765,0,1
Hòa Bình,23/10/2025 08:00,115.56,117,80,1437,865,0,865,0,0
Sông Ba Hạ,23/10/2025 08:00,102.22,105,101,280,304,50,254,0,1
Trị An,23/10/2025 08:00,61.48,62,50,870,928,160,768,0,1
Hòa Bình,23/10/2025 09:00,115.58,117,80,2137,1001,0,1001,0,0
Sông Ba Hạ,23/10/2025 09:00,102.21,105,101,270,304,50,254,0,1
Trị An,23/10/2025 09:00,61.48,62,50,870,928,160,768,0,1
Hòa Bình,23/10/2025 10:00,115.61,117,80,2704,1002,0,1002,0,0
Sông Ba Hạ,23/10/2025 10:00,102.21,105,101,280,304,50,254,0,1
Trị An,23/10/2025 10:00,61.48,62,50,840,928,160,768,0,1
Hòa Bình,23/10/2025 11:00,115.63,117,80,2174,1038,0,1038,0,0
Sông Ba Hạ,23/10/2025 11:00,102.2,105,101,280,304,50,254,0,1
Trị An,23/10/2025 11:00,61.48,62,50,870,928,160,768,0,1
Hòa Bình,23/10/2025 12:00,115.64,117,80,1605,1033,0,1033,0,0
Sông Ba Hạ,23/10/2025 12:00,102.2,105,101,300,304,50,254,0,1
Trị An,23/10/2025 12:00,61.48,62,50,870,925,160,765,0,1
Hòa Bình,23/10/2025 13:00,115.65,117,80,1530,958,0,958,0,0
Sông Ba Hạ,23/10/2025 13:00,102.19,105,101,280,304,50,254,0,1
Trị An,23/10/2025 13:00,61.48,62,50,900,925,160,765,0,1
Hòa Bình,23/10/2025 14:00,115.65,117,80,1008,1001,0,1001,0,0
Sông Ba Hạ,23/10/2025 14:00,102.19,105,101,290,304,50,254,0,1
Trị An,23/10/2025 14:00,61.47,62,50,870,925,160,765,0,1
Hòa Bình,23/10/2025 15:00,115.65,117,80,1008,1001,0,1001,0,0
Sông Ba Hạ,23/10/2025 15:00,102.18,105,101,310,450,50,400,0,1
Trị An,23/10/2025 15:00,61.47,62,50,870,925,160,765,0,1
Hòa Bình,23/10/2025 16:00,115.65,117,80,1203,1196,0,1196,0,0
Sông Ba Hạ,23/10/2025 16:00,102.17,105,101,320,450,50,400,0,1
Trị An,23/10/2025 16:00,61.47,62,50,870,925,160,765,0,1
Hòa Bình,23/10/2025 17:00,115.64,117,80,1344,1902,0,1902,0,0
Sông Ba Hạ,23/10/2025 17:00,102.17,105,101,350,450,50,400,0,1
Trị An,23/10/2025 17:00,61.47,62,50,930,928,160,768,0,1
Hòa Bình,23/10/2025 18:00,115.64,117,80,2317,2310,0,2310,0,0
Sông Ba Hạ,23/10/2025 18:00,102.16,105,101,360,450,50,400,0,1
Trị An,23/10/2025 18:00,61.48,62,50,990,928,160,768,0,1
Hòa Bình,23/10/2025 19:00,115.66,117,80,3155,2019,0,2019,0,0
Sông Ba Hạ,23/10/2025 19:00,102.16,105,101,350,450,50,400,0,1
Trị An,23/10/2025 19:00,61.48,62,50,990,931,160,771,0,1
Hòa Bình,23/10/2025 20:00,115.68,117,80,2944,1807,0,1807,0,0
Sông Ba Hạ,23/10/2025 20:00,102.15,105,101,340,450,50,400,0,1
Trị An,23/10/2025 20:00,61.48,62,50,990,931,160,771,0,1
Hòa Bình,23/10/2025 21:00,115.7,117,80,2909,1722,0,1722,0,0
Sông Ba Hạ,23/10/2025 21:00,102.16,105,101,300,170,50,120,0,1
Trị An,23/10/2025 21:00,61.48,62,50,1020,931,160,771,0,1
Hòa Bình,23/10/2025 22:00,115.72,117,80,2569,1432,0,1432,0,0
Sông Ba Hạ,23/10/2025 22:00,102.17,105,101,310,170,50,120,0,1
Trị An,23/10/2025 22:00,61.48,62,50,1050,931,160,771,0,1
Hòa Bình,23/10/2025 23:00,115.74,117,80,2112,976,0,976,0,0
Sông Ba Hạ,23/10/2025 23:00,102.18,105,101,290,170,50,120,0,1
Trị An,23/10/2025 23:00,61.48,62,50,1020,931,160,771,0,1
Hòa Bình,24/10/2025 00:00,115.76,117,80,1868,731,0,731,0,0
Sông Ba Hạ,24/10/2025 00:00,102.19,105,101,300,170,50,120,0,1
Trị An,24/10/2025 00:00,61.48,62,50,990,931,160,771,0,1
Hòa Bình,24/10/2025 01:00,115.78,117,80,1750,614,0,614,0,0
Sông Ba Hạ,24/10/2025 01:00,102.2,105,101,290,170,50,120,0,1
Trị An,24/10/2025 01:00,61.48,62,50,960,931,160,771,0,1
Hòa Bình,24/10/2025 02:00,115.79,117,80,1391,706,0,706,0,0
Sông Ba Hạ,24/10/2025 02:00,102.21,105,101,280,170,50,120,0,1
Trị An,24/10/2025 02:00,61.48,62,50,990,931,160,771,0,1
Hòa Bình,24/10/2025 03:00,115.79,117,80,836,829,0,829,0,0
Sông Ba Hạ,24/10/2025 03:00,102.22,105,101,280,170,50,120,0,1
Trị An,24/10/2025 03:00,61.48,62,50,990,931,160,771,0,1
Hòa Bình,24/10/2025 04:00,115.79,117,80,842,835,0,835,0,0
Sông Ba Hạ,24/10/2025 04:00,102.23,105,101,290,170,50,120,0,1
Trị An,24/10/2025 04:00,61.48,62,50,1020,931,160,771,0,1
Hòa Bình,24/10/2025 05:00,115.79,117,80,1018,1011,0,1011,0,0
Sông Ba Hạ,24/10/2025 05:00,102.24,105,101,300,170,50,120,0,1
Trị An,24/10/2025 05:00,61.48,62,50,990,931,160,771,0,1
Hòa Bình,24/10/2025 06:00,115.78,117,80,1103,1663,0,1663,0,0
Sông Ba Hạ,24/10/2025 06:00,102.25,105,101,310,170,50,120,0,1
Trị An,24/10/2025 06:00,61.48,62,50,930,931,160,771,0,1
Hòa Bình,24/10/2025 07:00,115.78,117,80,1370,1363,0,1363,0,0
Sông Ba Hạ,24/10/2025 07:00,102.25,105,101,270,170,50,120,0,1
Trị An,24/10/2025 07:00,61.48,62,50,900,934,160,774,0,1
Hòa Bình,24/10/2025 08:00,115.79,117,80,1309,737,0,737,0,0
Sông Ba Hạ,24/10/2025 08:00,102.26,105,101,260,170,50,120,0,1
Trị An,24/10/2025 08:00,61.48,62,50,930,934,160,774,0,1
Hòa Bình,24/10/2025 09:00,115.8,117,80,1444,872,0,872,0,0
Sông Ba Hạ,24/10/2025 09:00,102.26,105,101,240,170,50,120,0,1
Trị An,24/10/2025 09:00,61.48,62,50,960,934,160,774,0,1
Hòa Bình,24/10/2025 10:00,115.82,117,80,2112,976,0,976,0,0
Sông Ba Hạ,24/10/2025 10:00,102.27,105,101,250,170,50,120,0,1
Trị An,24/10/2025 10:00,61.48,62,50,930,934,160,774,0,1
Hòa Bình,24/10/2025 11:00,115.83,117,80,1725,1153,0,1153,0,0
Sông Ba Hạ,24/10/2025 11:00,102.27,105,101,230,170,50,120,0,1
Trị An,24/10/2025 11:00,61.48,62,50,880,934,160,774,0,1
Hòa Bình,24/10/2025 12:00,115.84,117,80,1631,1059,0,1059,0,0
Sông Ba Hạ,24/10/2025 12:00,102.28,105,101,240,170,50,120,0,1
Trị An,24/10/2025 12:00,61.48,62,50,820,931,160,771,0,1
Hòa Bình,24/10/2025 13:00,115.86,117,80,2015,878,0,878,0,0
Sông Ba Hạ,24/10/2025 13:00,102.28,105,101,220,170,50,120,0,1
Trị An,24/10/2025 13:00,61.48,62,50,820,931,160,771,0,1
Hòa Bình,24/10/2025 14:00,115.86,117,80,1074,1067,0,1067,0,0
Sông Ba Hạ,24/10/2025 14:00,102.29,105,101,240,170,50,120,0,1
Trị An,24/10/2025 14:00,61.48,62,50,810,931,160,771,0,1
Hòa Bình,24/10/2025 15:00,115.85,117,80,769,1328,0,1328,0,0
Sông Ba Hạ,24/10/2025 15:00,102.29,105,101,230,170,50,120,0,1
Trị An,24/10/2025 15:00,61.48,62,50,810,928,160,768,0,1
Hòa Bình,24/10/2025 16:00,115.83,117,80,369,1492,0,1492,0,0
Sông Ba Hạ,24/10/2025 16:00,102.28,105,101,270,450,50,400,0,1
Trị An,24/10/2025 16:00,61.47,62,50,780,928,160,768,0,1
Hòa Bình,24/10/2025 17:00,115.81,117,80,865,1988,0,1988,0,0
Sông Ba Hạ,24/10/2025 17:00,102.26,105,101,280,450,50,400,0,1
Trị An,24/10/2025 17:00,61.47,62,50,810,928,160,768,0,1
Hòa Bình,24/10/2025 18:00,115.79,117,80,1273,2396,0,2396,0,0
Sông Ba Hạ,24/10/2025 18:00,102.25,105,101,300,450,50,400,0,1
Trị An,24/10/2025 18:00,61.48,62,50,930,928,160,768,0,1
Hòa Bình,24/10/2025 19:00,115.8,117,80,2586,2014,0,2014,0,0
Sông Ba Hạ,24/10/2025 19:00,102.23,105,101,290,450,50,400,0,1
Trị An,24/10/2025 19:00,61.48,62,50,1050,931,160,771,0,1
Hòa Bình,24/10/2025 20:00,115.83,117,80,2990,1515,0,1515,0,0
Sông Ba Hạ,24/10/2025 20:00,102.22,105,101,310,450,50,400,0,1
Trị An,24/10/2025 20:00,61.48,62,50,1080,931,160,771,0,1
Hòa Bình,24/10/2025 21:00,115.86,117,80,3032,1556,0,1556,0,0
Sông Ba Hạ,24/10/2025 21:00,102.21,105,101,320,450,50,400,0,1
Trị An,24/10/2025 21:00,61.48,62,50,1020,934,160,774,0,1
Hòa Bình,24/10/2025 22:00,115.88,117,80,2502,1365,0,1365,0,0
Sông Ba Hạ,24/10/2025 22:00,102.2,105,101,330,450,50,400,0,1
Trị An,24/10/2025 22:00,61.48,62,50,990,934,160,774,0,1
Hòa Bình,24/10/2025 23:00,115.89,117,80,1589,1017,0,1017,0,0
Sông Ba Hạ,24/10/2025 23:00,102.2,105,101,300,170,50,120,0,1
Trị An,24/10/2025 23:00,61.48,62,50,990,934,160,774,0,1
Hòa Bình,25/10/2025 00:00,115.9,117,80,1526,954,0,954,0,0
Sông Ba Hạ,25/10/2025 00:00,102.21,105,101,290,170,50,120,0,1
Trị An,25/10/2025 00:00,61.48,62,50,1020,934,160,774,0,1
Hòa Bình,25/10/2025 01:00,115.91,117,80,1418,847,0,847,0,0
Sông Ba Hạ,25/10/2025 01:00,102.22,105,101,280,170,50,120,0,1
Trị An,25/10/2025 01:00,61.48,62,50,1020,931,160,771,0,1
Hòa Bình,25/10/2025 02:00,115.92,117,80,1374,802,0,802,0,0
Sông Ba Hạ,25/10/2025 02:00,102.23,105,101,270,170,50,120,0,1
Trị An,25/10/2025 02:00,61.48,62,50,1020,931,160,771,0,1
Hòa Bình,25/10/2025 03:00,115.94,117,80,1937,801,0,801,0,0
Sông Ba Hạ,25/10/2025 03:00,102.24,105,101,280,170,50,120,0,1
Trị An,25/10/2025 03:00,61.48,62,50,1020,931,160,771,0,1
Hòa Bình,25/10/2025 04:00,115.97,117,80,2502,800,0,800,0,0
Sông Ba Hạ,25/10/2025 04:00,102.24,105,101,230,170,50,120,0,1
Trị An,25/10/2025 04:00,61.48,62,50,1020,931,160,771,0,1
Hòa Bình,25/10/2025 05:00,115.99,117,80,1937,800,0,800,0,0
Sông Ba Hạ,25/10/2025 05:00,102.24,105,101,200,170,50,120,0,1
Trị An,25/10/2025 05:00,61.49,62,50,1020,931,160,771,0,1
Hòa Bình,25/10/2025 06:00,116,117,80,1377,800,0,800,0,0
Sông Ba Hạ,25/10/2025 06:00,102.24,105,101,190,170,50,120,0,1
Trị An,25/10/2025 06:00,61.49,62,50,1020,931,160,771,0,1
Hòa Bình,25/10/2025 07:00,116,117,80,1368,1361,0,1361,0,0
Sông Ba Hạ,25/10/2025 07:00,102.24,105,101,180,170,50,120,0,1
Trị An,25/10/2025 07:00,61.49,62,50,1020,931,160,771,0,1
Hòa Bình,25/10/2025 08:00,116,117,80,1796,1789,0,1789,0,0
Sông Ba Hạ,25/10/2025 08:00,102.25,105,101,200,170,50,120,0,1
Trị An,25/10/2025 08:00,61.49,62,50,1018,931,160,771,0,1
Hòa Bình,25/10/2025 09:00,116.01,117,80,1447,1785,0,1785,0,0
Sông Ba Hạ,25/10/2025 09:00,102.25,105,101,230,170,50,120,0,1
Trị An,25/10/2025 09:00,61.49,62,50,1020,931,160,771,0,1
Hòa Bình,25/10/2025 10:00,116.03,117,80,2097,1235,0,1235,0,0
Sông Ba Hạ,25/10/2025 10:00,102.25,105,101,210,170,50,120,0,1
Trị An,25/10/2025 10:00,61.49,62,50,960,931,160,771,0,1
Hòa Bình,25/10/2025 11:00,116.05,117,80,2377,1230,0,1230,0,0
Sông Ba Hạ,25/10/2025 11:00,102.23,105,101,240,450,50,400,0,1
Trị An,25/10/2025 11:00,61.49,62,50,900,928,160,768,0,1
Hòa Bình,25/10/2025 12:00,116.07,117,80,2162,1015,0,1015,0,0
Sông Ba Hạ,25/10/2025 12:00,102.2,105,101,210,450,50,400,0,1
Trị An,25/10/2025 12:00,61.49,62,50,840,925,160,765,0,1
Hòa Bình,25/10/2025 13:00,116.1,117,80,2322,833,0,833,0,0
Sông Ba Hạ,25/10/2025 13:00,102.17,105,101,200,450,50,400,0,1
Trị An,25/10/2025 13:00,61.49,62,50,900,925,160,765,0,1
Hòa Bình,25/10/2025 14:00,116.13,117,80,2485,882,0,882,0,0
Sông Ba Hạ,25/10/2025 14:00,102.15,105,101,260,450,50,400,0,1
Trị An,25/10/2025 14:00,61.49,62,50,950,925,160,765,0,1
Hòa Bình,25/10/2025 15:00,116.15,117,80,2604,1457,0,1457,0,0
Sông Ba Hạ,25/10/2025 15:00,102.14,105,101,280,450,50,400,0,1
Trị An,25/10/2025 15:00,61.49,62,50,950,925,160,765,0,1
Hòa Bình,25/10/2025 16:00,116.15,117,80,1778,1771,0,1771,0,0
Sông Ba Hạ,25/10/2025 16:00,102.13,105,101,290,450,50,400,0,1
Trị An,25/10/2025 16:00,61.49,62,50,900,922,160,762,0,1
Hòa Bình,25/10/2025 17:00,116.14,117,80,1037,1600,0,1600,0,0
Sông Ba Hạ,25/10/2025 17:00,102.13,105,101,330,450,50,400,0,1
Trị An,25/10/2025 17:00,61.49,62,50,870,922,160,762,0,1
Hòa Bình,25/10/2025 18:00,116.14,117,80,1909,1902,0,1902,0,0
Sông Ba Hạ,25/10/2025 18:00,102.13,105,101,360,450,50,400,0,1
Trị An,25/10/2025 18:00,61.49,62,50,860,922,160,762,0,1
Hòa Bình,25/10/2025 19:00,116.15,117,80,2391,1814,0,1814,0,0
Sông Ba Hạ,25/10/2025 19:00,102.12,105,101,370,450,50,400,0,1
Trị An,25/10/2025 19:00,61.49,62,50,920,925,160,765,0,1
Hòa Bình,25/10/2025 20:00,116.18,117,80,2931,1385,0,1385,0,0
Sông Ba Hạ,25/10/2025 20:00,102.12,105,101,380,450,50,400,0,1
Trị An,25/10/2025 20:00,61.49,62,50,920,925,160,765,0,1
Hòa Bình,25/10/2025 21:00,116.2,117,80,2637,1491,0,1491,0,0
Sông Ba Hạ,25/10/2025 21:00,102.12,105,101,390,450,50,400,0,1
Trị An,25/10/2025 21:00,61.48,62,50,900,925,160,765,0,1
Hòa Bình,25/10/2025 22:00,116.23,117,80,2968,1531,0,1531,0,0
Sông Ba Hạ,25/10/2025 22:00,102.12,105,101,400,450,50,400,0,1
Trị An,25/10/2025 22:00,61.48,62,50,810,925,160,765,0,1
Hòa Bình,25/10/2025 23:00,116.24,117,80,2083,1336,0,1336,0,0
Sông Ba Hạ,25/10/2025 23:00,102.13,105,101,400,290,50,240,0,1
Trị An,25/10/2025 23:00,61.48,62,50,780,925,160,765,0,1
Hòa Bình,26/10/2025 00:00,116.26,117,80,2097,1121,0,1121,0,0
Sông Ba Hạ,26/10/2025 00:00,102.13,105,101,340,290,50,240,0,1
Trị An,26/10/2025 00:00,61.48,62,50,810,925,160,765,0,1
Hòa Bình,26/10/2025 01:00,116.29,117,80,2640,923,0,923,0,0
Sông Ba Hạ,26/10/2025 01:00,102.13,105,101,300,290,50,240,0,1
Trị An,26/10/2025 01:00,61.48,62,50,870,925,160,765,0,1
Hòa Bình,26/10/2025 02:00,116.32,117,80,2637,921,0,921,0,0
Sông Ba Hạ,26/10/2025 02:00,102.13,105,101,290,290,50,240,0,1
Trị An,26/10/2025 02:00,61.48,62,50,870,922,160,762,0,1
Hòa Bình,26/10/2025 03:00,116.35,117,80,2638,921,0,921,0,0
Sông Ba Hạ,26/10/2025 03:00,102.13,105,101,310,290,50,240,0,1
Trị An,26/10/2025 03:00,61.48,62,50,870,922,160,762,0,1
Hòa Bình,26/10/2025 04:00,116.38,117,80,2637,920,0,920,0,0
Sông Ba Hạ,26/10/2025 04:00,102.13,105,101,300,290,50,240,0,1
Trị An,26/10/2025 04:00,61.48,62,50,860,920,160,760,0,1
Hòa Bình,26/10/2025 05:00,116.4,117,80,2067,920,0,920,0,0
Sông Ba Hạ,26/10/2025 05:00,102.13,105,101,290,290,50,240,0,1
Trị An,26/10/2025 05:00,61.48,62,50,860,920,160,760,0,1
Hòa Bình,26/10/2025 06:00,116.41,117,80,1669,921,0,921,0,0
Sông Ba Hạ,26/10/2025 06:00,102.14,105,101,310,290,50,240,0,1
Trị An,26/10/2025 06:00,61.48,62,50,860,922,160,762,0,1
Hòa Bình,26/10/2025 07:00,116.42,117,80,1672,981,0,981,0,0
Sông Ba Hạ,26/10/2025 07:00,102.14,105,101,320,290,50,240,0,1
Trị An,26/10/2025 07:00,61.48,62,50,860,922,160,762,0,1
Hòa Bình,26/10/2025 08:00,116.44,117,80,1729,981,0,981,0,0
Sông Ba Hạ,26/10/2025 08:00,102.14,105,101,300,290,50,240,0,1
Trị An,26/10/2025 08:00,61.48,62,50,860,922,160,762,0,1
Hòa Bình,26/10/2025 09:00,116.45,117,80,1829,796,0,796,0,0
Sông Ba Hạ,26/10/2025 09:00,102.14,105,101,290,290,50,240,0,1
Trị An,26/10/2025 09:00,61.48,62,50,890,922,160,762,0,1
Hòa Bình,26/10/2025 10:00,116.48,117,80,2412,695,0,695,0,0
Sông Ba Hạ,26/10/2025 10:00,102.14,105,101,310,290,50,240,0,1
Trị An,26/10/2025 10:00,61.48,62,50,860,922,160,762,0,1
Hòa Bình,26/10/2025 11:00,116.5,117,80,1866,720,0,720,0,0
Sông Ba Hạ,26/10/2025 11:00,102.15,105,101,320,290,50,240,0,1
Trị An,26/10/2025 11:00,61.48,62,50,890,922,160,762,0,1
Hòa Bình,26/10/2025 12:00,116.53,117,80,2436,719,0,719,0,0
Sông Ba Hạ,26/10/2025 12:00,102.15,105,101,300,290,50,240,0,1
Trị An,26/10/2025 12:00,61.48,62,50,890,920,160,760,0,1
Hòa Bình,26/10/2025 13:00,116.54,117,80,1410,719,0,719,0,0
Sông Ba Hạ,26/10/2025 13:00,102.15,105,101,310,290,50,240,0,1
Trị An,26/10/2025 13:00,61.47,62,50,890,920,160,760,0,1
Hòa Bình,26/10/2025 14:00,116.54,117,80,726,719,0,719,0,0
Sông Ba Hạ,26/10/2025 14:00,102.15,105,101,320,290,50,240,0,1
Trị An,26/10/2025 14:00,61.47,62,50,860,920,160,760,0,1
Hòa Bình,26/10/2025 15:00,116.54,117,80,726,719,0,719,0,0
Sông Ba Hạ,26/10/2025 15:00,102.15,105,101,280,290,50,240,0,1
Trị An,26/10/2025 15:00,61.47,62,50,800,917,160,757,0,1
Hòa Bình,26/10/2025 16:00,116.53,117,80,218,781,0,781,0,0
Sông Ba Hạ,26/10/2025 16:00,102.14,105,101,270,290,50,240,0,1
Trị An,26/10/2025 16:00,61.47,62,50,770,917,160,757,0,1
Hòa Bình,26/10/2025 17:00,116.51,117,80,142,1275,0,1275,0,0
Sông Ba Hạ,26/10/2025 17:00,102.14,105,101,290,290,50,240,0,1
Trị An,26/10/2025 17:00,61.47,62,50,740,917,160,757,0,1
Hòa Bình,26/10/2025 18:00,116.5,117,80,1355,1919,0,1919,0,0
Sông Ba Hạ,26/10/2025 18:00,102.14,105,101,300,290,50,240,0,1
Trị An,26/10/2025 18:00,61.46,62,50,740,917,160,757,0,1
Hòa Bình,26/10/2025 19:00,116.5,117,80,2136,2129,0,2129,0,0
Sông Ba Hạ,26/10/2025 19:00,102.14,105,101,310,290,50,240,0,1
Trị An,26/10/2025 19:00,61.46,62,50,800,917,160,757,0,1
Hòa Bình,26/10/2025 20:00,116.52,117,80,2908,1762,0,1762,0,0
Sông Ba Hạ,26/10/2025 20:00,102.14,105,101,320,290,50,240,0,1
Trị An,26/10/2025 20:00,61.46,62,50,800,920,160,760,0,1
Hòa Bình,26/10/2025 21:00,116.56,117,80,3040,1266,0,1266,0,0
Sông Ba Hạ,26/10/2025 21:00,102.14,105,101,330,290,50,240,0,1
Trị An,26/10/2025 21:00,61.46,62,50,860,920,160,760,0,1
Hòa Bình,26/10/2025 22:00,116.6,117,80,2959,958,0,958,0,0
Sông Ba Hạ,26/10/2025 22:00,102.14,105,101,310,290,50,240,0,1
Trị An,26/10/2025 22:00,61.46,62,50,860,920,160,760,0,1
Hòa Bình,26/10/2025 23:00,116.61,117,80,1498,921,0,921,0,0
Sông Ba Hạ,26/10/2025 23:00,102.15,105,101,310,290,50,240,0,1
Trị An,26/10/2025 23:00,61.46,62,50,890,920,160,760,0,1
Hòa Bình,27/10/2025 00:00,116.62,117,80,1620,1043,0,1043,0,0
Sông Ba Hạ,27/10/2025 00:00,102.15,105,101,320,290,50,240,0,1
Trị An,27/10/2025 00:00,61.46,62,50,890,920,160,760,0,1
Hòa Bình,27/10/2025 01:00,116.62,117,80,1320,1313,0,1313,0,0
Sông Ba Hạ,27/10/2025 01:00,102.15,105,101,330,290,50,240,0,1
Trị An,27/10/2025 01:00,61.46,62,50,860,920,160,760,0,1
Hòa Bình,27/10/2025 02:00,116.61,117,80,613,1177,0,1177,0,0
Sông Ba Hạ,27/10/2025 02:00,102.15,105,101,340,290,50,240,0,1
Trị An,27/10/2025 02:00,61.46,62,50,860,920,160,760,0,1
Hòa Bình,27/10/2025 03:00,116.6,117,80,210,774,0,774,0,0
Sông Ba Hạ,27/10/2025 03:00,102.15,105,101,320,290,50,240,0,1
Trị An,27/10/2025 03:00,61.46,62,50,830,920,160,760,0,1
Hòa Bình,27/10/2025 04:00,116.6,117,80,885,878,0,878,0,0
Sông Ba Hạ,27/10/2025 04:00,102.15,105,101,310,290,50,240,0,1
Trị An,27/10/2025 04:00,61.46,62,50,830,920,160,760,0,1
Hòa Bình,27/10/2025 05:00,116.61,117,80,1665,1088,0,1088,0,0
Sông Ba Hạ,27/10/2025 05:00,102.15,105,101,300,290,50,240,0,1
Trị An,27/10/2025 05:00,61.46,62,50,830,920,160,760,0,1
Hòa Bình,27/10/2025 06:00,116.61,117,80,1448,1441,0,1441,0,0
Sông Ba Hạ,27/10/2025 06:00,102.16,105,101,340,290,50,240,0,1
Trị An,27/10/2025 06:00,61.46,62,50,830,920,160,760,0,1
Hòa Bình,27/10/2025 07:00,116.6,117,80,862,1425,0,1425,0,0
Sông Ba Hạ,27/10/2025 07:00,102.16,105,101,320,290,50,240,0,1
Trị An,27/10/2025 07:00,61.45,62,50,800,920,160,760,0,1
Hòa Bình,27/10/2025 08:00,116.59,117,80,676,1239,0,1239,0,0
Sông Ba Hạ,27/10/2025 08:00,102.16,105,101,360,290,50,240,0,1
Trị An,27/10/2025 08:00,61.45,62,50,800,920,160,760,0,1
Hòa Bình,27/10/2025 09:00,116.58,117,80,586,1150,0,1150,0,0
Sông Ba Hạ,27/10/2025 09:00,102.17,105,101,540,450,50,400,0,1
Trị An,27/10/2025 09:00,61.45,62,50,770,920,160,760,0,1
Hòa Bình,27/10/2025 10:00,116.59,117,80,1544,967,0,967,0,0
Sông Ba Hạ,27/10/2025 10:00,102.18,105,101,550,450,50,400,0,1
Trị An,27/10/2025 10:00,61.45,62,50,800,920,160,760,0,1
Hòa Bình,27/10/2025 11:00,116.6,117,80,1565,989,0,989,0,0
Sông Ba Hạ,27/10/2025 11:00,102.2,105,101,680,500,100,400,0,1
Trị An,27/10/2025 11:00,61.45,62,50,770,920,160,760,0,1
Hòa Bình,27/10/2025 12:00,116.63,117,80,2574,857,0,857,0,0
Sông Ba Hạ,27/10/2025 12:00,102.22,105,101,680,500,100,400,0,1
Trị An,27/10/2025 12:00,61.45,62,50,770,917,160,757,0,1
Hòa Bình,27/10/2025 13:00,116.66,117,80,2380,663,0,663,0,0
Sông Ba Hạ,27/10/2025 13:00,102.24,105,101,690,500,100,400,0,1
Trị An,27/10/2025 13:00,61.44,62,50,710,917,160,757,0,1
Hòa Bình,27/10/2025 14:00,116.68,117,80,1812,665,0,665,0,0
Sông Ba Hạ,27/10/2025 14:00,102.26,105,101,680,500,100,400,0,1
Trị An,27/10/2025 14:00,61.44,62,50,710,917,160,757,0,1
Hòa Bình,27/10/2025 15:00,116.69,117,80,1695,1119,0,1119,0,0
Sông Ba Hạ,27/10/2025 15:00,102.28,105,101,690,500,100,400,0,1
Trị An,27/10/2025 15:00,61.44,62,50,710,917,160,757,0,1
Hòa Bình,27/10/2025 16:00,116.68,117,80,1143,1535,0,1535,0,0
Sông Ba Hạ,27/10/2025 16:00,102.3,105,101,720,500,100,400,0,1
Trị An,27/10/2025 16:00,61.44,62,50,740,917,160,757,0,1
Hòa Bình,27/10/2025 17:00,116.66,117,80,470,1604,0,1604,0,0
Sông Ba Hạ,27/10/2025 17:00,102.33,105,101,850,600,200,400,0,2
Trị An,27/10/2025 17:00,61.44,62,50,740,917,160,757,0,1
Hòa Bình,27/10/2025 18:00,116.64,117,80,789,1922,0,1922,0,0
Sông Ba Hạ,27/10/2025 18:00,102.36,105,101,870,600,200,400,0,2
Trị An,27/10/2025 18:00,61.43,62,50,740,917,160,757,0,1
Hòa Bình,27/10/2025 19:00,116.64,117,80,1830,1823,0,1823,0,0
Sông Ba Hạ,27/10/2025 19:00,102.39,105,101,860,600,200,400,0,2
Trị An,27/10/2025 19:00,61.43,62,50,740,917,160,757,0,1
Hòa Bình,27/10/2025 20:00,116.66,117,80,2653,1507,0,1507,0,0
Sông Ba Hạ,27/10/2025 20:00,102.43,105,101,880,600,200,400,0,2
Trị An,27/10/2025 20:00,61.43,62,50,740,917,160,757,0,1
Hòa Bình,27/10/2025 21:00,116.68,117,80,2652,1505,0,1505,0,0
Sông Ba Hạ,27/10/2025 21:00,102.46,105,101,870,600,200,400,0,2
Trị An,27/10/2025 21:00,61.43,62,50,740,920,160,760,0,1
Hòa Bình,27/10/2025 22:00,116.7,117,80,2651,1505,0,1505,0,0
Sông Ba Hạ,27/10/2025 22:00,102.49,105,101,860,600,200,400,0,2
Trị An,27/10/2025 22:00,61.42,62,50,740,920,160,760,0,1
Hòa Bình,27/10/2025 23:00,116.7,117,80,1326,1319,0,1319,0,0
Sông Ba Hạ,27/10/2025 23:00,102.53,105,101,880,600,200,400,0,2
Trị An,27/10/2025 23:00,61.42,62,50,740,920,160,760,0,1
Hòa Bình,28/10/2025 00:00,116.69,117,80,795,1130,0,1130,0,0
Sông Ba Hạ,28/10/2025 00:00,102.56,105,101,870,600,200,400,0,2
Trị An,28/10/2025 00:00,61.42,62,50,750,920,160,760,0,1
Hòa Bình,28/10/2025 01:00,116.7,117,80,1659,1082,0,1082,0,0
Sông Ba Hạ,28/10/2025 01:00,102.6,105,101,1100,600,200,400,0,2
Trị An,28/10/2025 01:00,61.42,62,50,720,920,160,760,0,1
Hòa Bình,28/10/2025 02:00,116.69,117,80,476,1039,0,1039,0,0
Sông Ba Hạ,28/10/2025 02:00,102.65,105,101,1200,600,200,400,0,2
Trị An,28/10/2025 02:00,61.42,62,50,690,920,160,760,0,1
Hòa Bình,28/10/2025 03:00,116.68,117,80,474,1037,0,1037,0,0
Sông Ba Hạ,28/10/2025 03:00,102.71,105,101,1370,600,200,400,0,2
Trị An,28/10/2025 03:00,61.41,62,50,690,920,160,760,0,1
Hòa Bình,28/10/2025 04:00,116.67,117,80,360,1038,0,1038,0,0
Sông Ba Hạ,28/10/2025 04:00,102.81,105,101,1770,600,200,400,0,2
Trị An,28/10/2025 04:00,61.41,62,50,690,920,160,760,0,1
Hòa Bình,28/10/2025 05:00,116.66,117,80,306,1041,0,1041,0,0
Sông Ba Hạ,28/10/2025 05:00,102.91,105,101,1850,1000,600,400,0,7
Trị An,28/10/2025 05:00,61.41,62,50,690,920,160,760,0,1
Hòa Bình,28/10/2025 06:00,116.64,117,80,387,1292,0,1292,0,0
Sông Ba Hạ,28/10/2025 06:00,102.96,105,101,1800,1200,800,400,0,10
Trị An,28/10/2025 06:00,61.4,62,50,690,920,160,760,0,1
Hòa Bình,28/10/2025 07:00,116.63,117,80,856,1419,0,1419,0,0
Sông Ba Hạ,28/10/2025 07:00,102.97,105,101,1550,1200,800,400,0,10
Trị An,28/10/2025 07:00,61.4,62,50,720,920,160,760,0,1
Hòa Bình,28/10/2025 08:00,116.62,117,80,954,1517,0,1517,0,0
Sông Ba Hạ,28/10/2025 08:00,102.98,105,101,1520,1200,800,400,0,10
Trị An,28/10/2025 08:00,61.4,62,50,720,920,160,760,0,1
Hòa Bình,28/10/2025 09:00,116.64,117,80,2255,1336,0,1336,0,0
Sông Ba Hạ,28/10/2025 09:00,102.98,105,101,1460,1200,800,400,0,10
Trị An,28/10/2025 09:00,61.4,62,50,690,920,160,760,0,1
Hòa Bình,28/10/2025 10:00,116.67,117,80,2573,856,0,856,0,0
Sông Ba Hạ,28/10/2025 10:00,102.98,105,101,1350,1200,800,400,0,10
Trị An,28/10/2025 10:00,61.4,62,50,690,917,160,757,0,1
Hòa Bình,28/10/2025 11:00,116.71,117,80,2942,940,0,940,0,0
Sông Ba Hạ,28/10/2025 11:00,102.98,105,101,1430,1400,1000,400,0,12
Trị An,28/10/2025 11:00,61.39,62,50,660,917,160,757,0,1
Hòa Bình,28/10/2025 12:00,116.75,117,80,3279,992,0,992,0,0
Sông Ba Hạ,28/10/2025 12:00,102.98,105,101,1410,1400,1000,400,0,12
Trị An,28/10/2025 12:00,61.39,62,50,690,917,160,757,0,1
Hòa Bình,28/10/2025 13:00,116.79,117,80,3192,905,0,905,0,0
Sông Ba Hạ,28/10/2025 13:00,102.98,105,101,1390,1400,1000,400,0,12
Trị An,28/10/2025 13:00,61.39,62,50,690,917,160,757,0,1
Hòa Bình,28/10/2025 14:00,116.81,117,80,2493,1346,0,1346,0,0
Sông Ba Hạ,28/10/2025 14:00,102.97,105,101,1380,1400,1000,400,0,12
Trị An,28/10/2025 14:00,61.38,62,50,710,917,160,757,0,1
Hòa Bình,28/10/2025 15:00,116.81,117,80,1776,1769,0,1769,0,0
Sông Ba Hạ,28/10/2025 15:00,102.97,105,101,1410,1400,1000,400,0,12
Trị An,28/10/2025 15:00,61.38,62,50,660,914,160,754,0,1
Hòa Bình,28/10/2025 16:00,116.8,117,80,1477,1812,0,1812,0,0
Sông Ba Hạ,28/10/2025 16:00,102.97,105,101,1380,1400,1000,400,0,12
Trị An,28/10/2025 16:00,61.38,62,50,650,914,160,754,0,1
Hòa Bình,28/10/2025 17:00,116.8,117,80,1831,1824,0,1824,0,0
Sông Ba Hạ,28/10/2025 17:00,102.96,105,101,1370,1400,1000,400,0,12
Trị An,28/10/2025 17:00,61.38,62,50,710,914,160,754,0,1
Hòa Bình,28/10/2025 18:00,116.8,117,80,1830,1823,0,1823,0,0
Sông Ba Hạ,28/10/2025 18:00,102.96,105,101,1380,1400,1000,400,0,12
Trị An,28/10/2025 18:00,61.38,62,50,800,914,160,754,0,1
Hòa Bình,28/10/2025 19:00,116.8,117,80,1862,1855,0,1855,0,0
Sông Ba Hạ,28/10/2025 19:00,102.96,105,101,1390,1400,1000,400,0,12
Trị An,28/10/2025 19:00,61.38,62,50,860,914,160,754,0,1
Hòa Bình,28/10/2025 20:00,116.8,117,80,1865,1858,0,1858,0,0
Sông Ba Hạ,28/10/2025 20:00,102.95,105,101,1380,1400,1000,400,0,12
Trị An,28/10/2025 20:00,61.38,62,50,860,917,160,757,0,1
Hòa Bình,28/10/2025 21:00,116.79,117,80,1408,1857,0,1857,0,0
Sông Ba Hạ,28/10/2025 21:00,102.95,105,101,1390,1400,1000,400,0,12
Trị An,28/10/2025 21:00,61.38,62,50,890,917,160,757,0,1
Hòa Bình,28/10/2025 22:00,116.79,117,80,1861,1854,0,1854,0,0
Sông Ba Hạ,28/10/2025 22:00,102.94,105,101,1370,1400,1000,400,0,12
Trị An,28/10/2025 22:00,61.38,62,50,890,920,160,760,0,1
Hòa Bình,28/10/2025 23:00,116.78,117,80,1452,1844,0,1844,0,0
Sông Ba Hạ,28/10/2025 23:00,102.94,105,101,1370,1400,1000,400,0,12
Trị An,28/10/2025 23:00,61.38,62,50,950,920,160,760,0,1
Hòa Bình,29/10/2025 00:00,116.79,117,80,2196,1619,0,1619,0,0
Sông Ba Hạ,29/10/2025 00:00,102.93,105,101,1350,1400,1000,400,0,12
Trị An,29/10/2025 00:00,61.38,62,50,950,920,160,760,0,1
Hòa Bình,29/10/2025 01:00,116.8,117,80,1871,1294,0,1294,0,0
Sông Ba Hạ,29/10/2025 01:00,102.93,105,101,1360,1400,1000,400,0,12
Trị An,29/10/2025 01:00,61.38,62,50,950,922,160,762,0,1
Hòa Bình,29/10/2025 02:00,116.82,117,80,2177,1202,0,1202,0,0
Sông Ba Hạ,29/10/2025 02:00,102.92,105,101,1350,1400,1000,400,0,12
Trị An,29/10/2025 02:00,61.38,62,50,920,922,160,762,0,1
Hòa Bình,29/10/2025 03:00,116.84,117,80,2244,1211,0,1211,0,0
Sông Ba Hạ,29/10/2025 03:00,102.92,105,101,1370,1400,1000,400,0,12
Trị An,29/10/2025 03:00,61.38,62,50,890,922,160,762,0,1
Hòa Bình,29/10/2025 04:00,116.83,117,80,620,1354,0,1354,0,0
Sông Ba Hạ,29/10/2025 04:00,102.91,105,101,1360,1400,1000,400,0,12
Trị An,29/10/2025 04:00,61.38,62,50,890,922,160,762,0,1
Hòa Bình,29/10/2025 05:00,116.8,117,80,263,1681,0,1681,0,0
Sông Ba Hạ,29/10/2025 05:00,102.89,105,101,1120,1200,800,400,0,10
Trị An,29/10/2025 05:00,61.37,62,50,860,922,160,762,0,1
Hòa Bình,29/10/2025 06:00,116.77,117,80,156,1859,0,1859,0,0
Sông Ba Hạ,29/10/2025 06:00,102.88,105,101,1030,1000,600,400,0,7
Trị An,29/10/2025 06:00,61.37,62,50,890,922,160,762,0,1
Hòa Bình,29/10/2025 07:00,116.73,117,80,40,1762,0,1762,0,0
Sông Ba Hạ,29/10/2025 07:00,102.88,105,101,1020,1000,600,400,0,7
Trị An,29/10/2025 07:00,61.37,62,50,890,922,160,762,0,1
Hòa Bình,29/10/2025 08:00,116.73,117,80,1474,1437,0,1437,0,0
Sông Ba Hạ,29/10/2025 08:00,102.88,105,101,1010,1000,600,400,0,7
Trị An,29/10/2025 08:00,61.37,62,50,920,922,160,762,0,1
Hòa Bình,29/10/2025 09:00,116.74,117,80,1852,1275,0,1275,0,0
Sông Ba Hạ,29/10/2025 09:00,102.88,105,101,1020,1000,600,400,0,7
Trị An,29/10/2025 09:00,61.37,62,50,860,922,160,762,0,1
Hòa Bình,29/10/2025 10:00,116.76,117,80,2434,1572,0,1572,0,0
Sông Ba Hạ,29/10/2025 10:00,102.88,105,101,1030,1000,600,400,0,7
Trị An,29/10/2025 10:00,61.37,62,50,860,922,160,762,0,1
Hòa Bình,29/10/2025 11:00,116.77,117,80,2514,1937,0,1937,0,0
Sông Ba Hạ,29/10/2025 11:00,102.88,105,101,1020,1000,600,400,0,7
Trị An,29/10/2025 11:00,61.37,62,50,840,922,160,762,0,1
Hòa Bình,29/10/2025 12:00,116.77,117,80,1535,1528,0,1528,0,0
Sông Ba Hạ,29/10/2025 12:00,102.88,105,101,1030,1000,600,400,0,7
Trị An,29/10/2025 12:00,61.37,62,50,840,922,160,762,0,1
Hòa Bình,29/10/2025 13:00,116.78,117,80,1630,1053,0,1053,0,0
Sông Ba Hạ,29/10/2025 13:00,102.88,105,101,1020,1000,600,400,0,7
Trị An,29/10/2025 13:00,61.37,62,50,830,920,160,760,0,1
Hòa Bình,29/10/2025 14:00,116.78,117,80,1334,1327,0,1327,0,0
Sông Ba Hạ,29/10/2025 14:00,102.89,105,101,1040,1000,600,400,0,7
Trị An,29/10/2025 14:00,61.37,62,50,830,920,160,760,0,1
Hòa Bình,29/10/2025 15:00,116.78,117,80,1734,1727,0,1727,0,0
Sông Ba Hạ,29/10/2025 15:00,102.89,105,101,1030,1000,600,400,0,7
Trị An,29/10/2025 15:00,61.37,62,50,860,920,160,760,0,1
Hòa Bình,29/10/2025 16:00,116.77,117,80,1406,1855,0,1855,0,0
Sông Ba Hạ,29/10/2025 16:00,102.89,105,101,1020,1000,600,400,0,7
Trị An,29/10/2025 16:00,61.37,62,50,830,920,160,760,0,1
Hòa Bình,29/10/2025 17:00,116.76,117,80,1348,1855,0,1855,0,0
Sông Ba Hạ,29/10/2025 17:00,102.89,105,101,1120,1100,700,400,0,9
Trị An,29/10/2025 17:00,61.36,62,50,830,920,160,760,0,1
Hòa Bình,29/10/2025 18:00,116.76,117,80,1862,1855,0,1855,0,0
Sông Ba Hạ,29/10/2025 18:00,102.89,105,101,1140,1100,700,400,0,9
Trị An,29/10/2025 18:00,61.36,62,50,860,920,160,760,0,1
Hòa Bình,29/10/2025 19:00,116.77,117,80,2433,1856,0,1856,0,0
Sông Ba Hạ,29/10/2025 19:00,102.89,105,101,1130,1100,700,400,0,9
Trị An,29/10/2025 19:00,61.36,62,50,860,917,160,757,0,1
Hòa Bình,29/10/2025 20:00,116.78,117,80,2434,1857,0,1857,0,0
Sông Ba Hạ,29/10/2025 20:00,102.89,105,101,1120,1100,700,400,0,9
Trị An,29/10/2025 20:00,61.36,62,50,890,920,160,760,0,1
Hòa Bình,29/10/2025 21:00,116.78,117,80,1863,1856,0,1856,0,0
Sông Ba Hạ,29/10/2025 21:00,102.89,105,101,1130,1100,700,400,0,9
Trị An,29/10/2025 21:00,61.36,62,50,890,920,160,760,0,1
Hòa Bình,29/10/2025 22:00,116.77,117,80,1522,1857,0,1857,0,0
Sông Ba Hạ,29/10/2025 22:00,102.9,105,101,1140,1100,700,400,0,9
Trị An,29/10/2025 22:00,61.36,62,50,920,922,160,762,0,1
Hòa Bình,29/10/2025 23:00,116.77,117,80,1864,1857,0,1857,0,0
Sông Ba Hạ,29/10/2025 23:00,102.9,105,101,1130,1100,700,400,0,9
Trị An,29/10/2025 23:00,61.36,62,50,890,922,160,762,0,1
Hòa Bình,30/10/2025 00:00,116.78,117,80,1947,1655,0,1655,0,0
Sông Ba Hạ,30/10/2025 00:00,102.9,105,101,1120,1100,700,400,0,9
Trị An,30/10/2025 00:00,61.36,62,50,890,922,160,762,0,1
Hòa Bình,30/10/2025 01:00,116.79,117,80,1904,1270,0,1270,0,0
Sông Ba Hạ,30/10/2025 01:00,102.9,105,101,1130,1100,700,400,0,9
Trị An,30/10/2025 01:00,61.36,62,50,870,925,160,765,0,1
Hòa Bình,30/10/2025 02:00,116.81,117,80,1887,968,0,968,0,0
Sông Ba Hạ,30/10/2025 02:00,102.9,105,101,1140,1100,700,400,0,9
Trị An,30/10/2025 02:00,61.36,62,50,900,925,160,765,0,1
Hòa Bình,30/10/2025 03:00,116.82,117,80,1508,932,0,932,0,0
Sông Ba Hạ,30/10/2025 03:00,102.91,105,101,1130,1100,700,400,0,9
Trị An,30/10/2025 03:00,61.36,62,50,900,925,160,765,0,1
Hòa Bình,30/10/2025 04:00,116.82,117,80,1097,1090,0,1090,0,0
Sông Ba Hạ,30/10/2025 04:00,102.91,105,101,1120,1100,700,400,0,9
Trị An,30/10/2025 04:00,61.36,62,50,930,925,160,765,0,1
Hòa Bình,30/10/2025 05:00,116.79,117,80,40,1257,0,1257,0,0
Sông Ba Hạ,30/10/2025 05:00,102.91,105,101,1110,1100,700,400,0,9
Trị An,30/10/2025 05:00,61.36,62,50,930,925,160,765,0,1
Hòa Bình,30/10/2025 06:00,116.75,117,80,40,1272,0,1272,0,0
Sông Ba Hạ,30/10/2025 06:00,102.91,105,101,1130,1100,700,400,0,9
Trị An,30/10/2025 06:00,61.36,62,50,930,925,160,765,0,1
Hòa Bình,30/10/2025 07:00,116.73,117,80,75,1208,0,1208,0,0
Sông Ba Hạ,30/10/2025 07:00,102.91,105,101,1120,1100,700,400,0,9
Trị An,30/10/2025 07:00,61.36,62,50,900,925,160,765,0,1
Hòa Bình,30/10/2025 08:00,116.72,117,80,554,1403,0,1403,0,0
Sông Ba Hạ,30/10/2025 08:00,102.91,105,101,1130,1100,700,400,0,9
Trị An,30/10/2025 08:00,61.36,62,50,870,925,160,765,0,1
Hòa Bình,30/10/2025 09:00,116.71,117,80,1023,1586,0,1586,0,0
Sông Ba Hạ,30/10/2025 09:00,102.91,105,101,1110,1100,700,400,0,9
Trị An,30/10/2025 09:00,61.36,62,50,870,925,160,765,0,1
Hòa Bình,30/10/2025 10:00,116.72,117,80,1639,1347,0,1347,0,0
Sông Ba Hạ,30/10/2025 10:00,102.91,105,101,1020,1000,600,400,0,7
Trị An,30/10/2025 10:00,61.36,62,50,870,925,160,765,0,1
Hòa Bình,30/10/2025 11:00,116.73,117,80,1686,1109,0,1109,0,0
Sông Ba Hạ,30/10/2025 11:00,102.91,105,101,1010,1000,600,400,0,7
Trị An,30/10/2025 11:00,61.36,62,50,870,925,160,765,0,1
Hòa Bình,30/10/2025 12:00,116.75,117,80,2195,1048,0,1048,0,0
Sông Ba Hạ,30/10/2025 12:00,102.91,105,101,1020,1000,600,400,0,7
Trị An,30/10/2025 12:00,61.36,62,50,840,925,160,765,0,1
Hòa Bình,30/10/2025 13:00,116.76,117,80,1731,1154,0,1154,0,0
Sông Ba Hạ,30/10/2025 13:00,102.92,105,101,1040,1000,600,400,0,7
Trị An,30/10/2025 13:00,61.36,62,50,840,922,160,762,0,1
Hòa Bình,30/10/2025 14:00,116.76,117,80,1461,1454,0,1454,0,0
Sông Ba Hạ,30/10/2025 14:00,102.92,105,101,1030,1000,600,400,0,7
Trị An,30/10/2025 14:00,61.36,62,50,840,922,160,762,0,1
Hòa Bình,30/10/2025 15:00,116.76,117,80,1595,1588,0,1588,0,0
Sông Ba Hạ,30/10/2025 15:00,102.92,105,101,1040,1000,600,400,0,7
Trị An,30/10/2025 15:00,61.35,62,50,810,922,160,762,0,1
Hòa Bình,30/10/2025 16:00,116.76,117,80,1595,1588,0,1588,0,0
Sông Ba Hạ,30/10/2025 16:00,102.92,105,101,1020,1000,600,400,0,7
Trị An,30/10/2025 16:00,61.35,62,50,810,922,160,762,0,1
Hòa Bình,30/10/2025 17:00,116.75,117,80,1024,1588,0,1588,0,0
Sông Ba Hạ,30/10/2025 17:00,102.93,105,101,1040,1000,600,400,0,7
Trị An,30/10/2025 17:00,61.35,62,50,810,922,160,762,0,1
Hòa Bình,30/10/2025 18:00,116.76,117,80,2284,1707,0,1707,0,0
Sông Ba Hạ,30/10/2025 18:00,102.93,105,101,1030,1000,600,400,0,7
Trị An,30/10/2025 18:00,61.35,62,50,830,920,160,760,0,1
Hòa Bình,30/10/2025 19:00,116.77,117,80,2419,1842,0,1842,0,0
Sông Ba Hạ,30/10/2025 19:00,102.93,105,101,1020,1000,600,400,0,7
Trị An,30/10/2025 19:00,61.35,62,50,860,920,160,760,0,1
Hòa Bình,30/10/2025 20:00,116.78,117,80,2434,1857,0,1857,0,0
Sông Ba Hạ,30/10/2025 20:00,102.93,105,101,1030,1000,600,400,0,7
Trị An,30/10/2025 20:00,61.35,62,50,860,920,160,760,0,1
Hòa Bình,30/10/2025 21:00,116.79,117,80,2471,1894,0,1894,0,0
Sông Ba Hạ,30/10/2025 21:00,102.94,105,101,1040,1000,600,400,0,7
Trị An,30/10/2025 21:00,61.35,62,50,890,920,160,760,0,1
Hòa Bình,30/10/2025 22:00,116.79,117,80,1936,1929,0,1929,0,0
Sông Ba Hạ,30/10/2025 22:00,102.94,105,101,1030,1000,600,400,0,7
Trị An,30/10/2025 22:00,61.35,62,50,890,920,160,760,0,1
Hòa Bình,30/10/2025 23:00,116.78,117,80,1361,1925,0,1925,0,0
Sông Ba Hạ,30/10/2025 23:00,102.94,105,101,1020,1000,600,400,0,7
Trị An,30/10/2025 23:00,61.35,62,50,920,920,160,760,0,1
Hòa Bình,31/10/2025 00:00,116.78,117,80,1688,1681,0,1681,0,0
Sông Ba Hạ,31/10/2025 00:00,102.94,105,101,1040,1000,600,400,0,7
Trị An,31/10/2025 00:00,61.35,62,50,890,920,160,760,0,1
Hòa Bình,31/10/2025 01:00,116.79,117,80,1950,1373,0,1373,0,0
Sông Ba Hạ,31/10/2025 01:00,102.95,105,101,1030,1000,600,400,0,7
Trị An,31/10/2025 01:00,61.35,62,50,890,920,160,760,0,1
Hòa Bình,31/10/2025 02:00,116.8,117,80,1693,1117,0,1117,0,0
Sông Ba Hạ,31/10/2025 02:00,102.95,105,101,1030,1000,600,400,0,7
Trị An,31/10/2025 02:00,61.35,62,50,860,922,160,762,0,1
Hòa Bình,31/10/2025 03:00,116.81,117,80,1496,919,0,919,0,0
Sông Ba Hạ,31/10/2025 03:00,102.95,105,101,1020,1000,600,400,0,7
Trị An,31/10/2025 03:00,61.35,62,50,860,922,160,762,0,1
Hòa Bình,31/10/2025 04:00,116.8,117,80,421,985,0,985,0,0
Sông Ba Hạ,31/10/2025 04:00,102.95,105,101,1010,1000,600,400,0,7
Trị An,31/10/2025 04:00,61.34,62,50,840,922,160,762,0,1
Hòa Bình,31/10/2025 05:00,116.75,117,80,40,1362,0,1362,0,0
Sông Ba Hạ,31/10/2025 05:00,102.95,105,101,1030,1000,600,400,0,7
Trị An,31/10/2025 05:00,61.34,62,50,860,922,160,762,0,1
Hòa Bình,31/10/2025 06:00,116.69,117,80,40,1896,0,1896,0,0
Sông Ba Hạ,31/10/2025 06:00,102.97,105,101,1240,1200,800,400,0,10
Trị An,31/10/2025 06:00,61.34,62,50,890,922,160,762,0,1
Hòa Bình,31/10/2025 07:00,116.63,117,80,40,2002,0,2002,0,0
Sông Ba Hạ,31/10/2025 07:00,102.97,105,101,1230,1200,800,400,0,10
Trị An,31/10/2025 07:00,61.34,62,50,920,922,160,762,0,1
Hòa Bình,31/10/2025 08:00,116.6,117,80,293,1997,0,1997,0,0
Sông Ba Hạ,31/10/2025 08:00,102.97,105,101,1220,1200,800,400,0,10
Trị An,31/10/2025 08:00,61.34,62,50,890,920,160,760,0,1
Hòa Bình,31/10/2025 09:00,116.57,117,80,420,2123,0,2123,0,0
Sông Ba Hạ,31/10/2025 09:00,102.97,105,101,1210,1200,800,400,0,10
Trị An,31/10/2025 09:00,61.34,62,50,890,920,160,760,0,1
Hòa Bình,31/10/2025 10:00,116.56,117,80,1559,2122,0,2122,0,0
Sông Ba Hạ,31/10/2025 10:00,102.96,105,101,1160,1200,800,400,0,10
Trị An,31/10/2025 10:00,61.34,62,50,890,920,160,760,0,1
Hòa Bình,31/10/2025 11:00,116.55,117,80,1418,1982,0,1982,0,0
Sông Ba Hạ,31/10/2025 11:00,102.96,105,101,1180,1200,800,400,0,10
Trị An,31/10/2025 11:00,61.34,62,50,890,920,160,760,0,1
Hòa Bình,31/10/2025 12:00,116.56,117,80,1626,1334,0,1334,0,0
Sông Ba Hạ,31/10/2025 12:00,102.96,105,101,1190,1200,800,400,0,10
Trị An,31/10/2025 12:00,61.34,62,50,860,920,160,760,0,1
Hòa Bình,31/10/2025 13:00,116.57,117,80,1543,967,0,967,0,0
Sông Ba Hạ,31/10/2025 13:00,102.96,105,101,1170,1200,800,400,0,10
Trị An,31/10/2025 13:00,61.34,62,50,830,920,160,760,0,1
Hòa Bình,31/10/2025 14:00,116.57,117,80,1621,1614,0,1614,0,0
Sông Ba Hạ,31/10/2025 14:00,102.96,105,101,1180,1200,800,400,0,10
Trị An,31/10/2025 14:00,61.34,62,50,830,920,160,760,0,1
Hòa Bình,31/10/2025 15:00,116.56,117,80,1550,2113,0,2113,0,0
Sông Ba Hạ,31/10/2025 15:00,102.95,105,101,1160,1200,800,400,0,10
Trị An,31/10/2025 15:00,61.34,62,50,830,920,160,760,0,1
Hòa Bình,31/10/2025 16:00,116.54,117,80,988,2121,0,2121,0,0
Sông Ba Hạ,31/10/2025 16:00,102.95,105,101,1190,1200,800,400,0,10
Trị An,31/10/2025 16:00,61.34,62,50,830,922,160,762,0,1
Hòa Bình,31/10/2025 17:00,116.52,117,80,998,2131,0,2131,0,0
Sông Ba Hạ,31/10/2025 17:00,102.95,105,101,1210,1200,800,400,0,10
Trị An,31/10/2025 17:00,61.34,62,50,830,922,160,762,0,1
Hòa Bình,31/10/2025 18:00,116.52,117,80,2137,2130,0,2130,0,0
Sông Ba Hạ,31/10/2025 18:00,102.95,105,101,1220,1200,800,400,0,10
Trị An,31/10/2025 18:00,61.34,62,50,860,920,160,760,0,1
Hòa Bình,31/10/2025 19:00,116.52,117,80,2134,2127,0,2127,0,0
Sông Ba Hạ,31/10/2025 19:00,102.95,105,101,1210,1200,800,400,0,10
Trị An,31/10/2025 19:00,61.34,62,50,860,920,160,760,0,1
Hòa Bình,31/10/2025 20:00,116.53,117,80,2705,2128,0,2128,0,0
Sông Ba Hạ,31/10/2025 20:00,102.95,105,101,1230,1200,800,400,0,10
Trị An,31/10/2025 20:00,61.34,62,50,890,920,160,760,0,1
Hòa Bình,31/10/2025 21:00,116.55,117,80,3277,2131,0,2131,0,0
Sông Ba Hạ,31/10/2025 21:00,102.95,105,101,1220,1200,800,400,0,10
Trị An,31/10/2025 21:00,61.34,62,50,860,920,160,760,0,1
Hòa Bình,31/10/2025 22:00,116.55,117,80,2138,2131,0,2131,0,0
Sông Ba Hạ,31/10/2025 22:00,102.95,105,101,1230,1200,800,400,0,10
Trị An,31/10/2025 22:00,61.34,62,50,890,920,160,760,0,1
Hòa Bình,31/10/2025 23:00,116.54,117,80,1139,1702,0,1702,0,0
Sông Ba Hạ,31/10/2025 23:00,102.96,105,101,1220,1200,800,400,0,10
Trị An,31/10/2025 23:00,61.34,62,50,920,920,160,760,0,1
Hòa Bình,01/11/2025 00:00,116.55,117,80,1631,1054,0,1054,0,0
Sông Ba Hạ,01/11/2025 00:00,102.96,105,101,1210,1200,800,400,0,10
Trị An,01/11/2025 00:00,61.34,62,50,980,920,160,760,0,1
Hòa Bình,01/11/2025 01:00,116.57,117,80,1904,758,0,758,0,0
Sông Ba Hạ,01/11/2025 01:00,102.96,105,101,1210,1200,800,400,0,10
Trị An,01/11/2025 01:00,61.34,62,50,980,922,160,762,0,1
Hòa Bình,01/11/2025 02:00,116.6,117,80,2156,724,0,724,0,0
Sông Ba Hạ,01/11/2025 02:00,102.96,105,101,1220,1200,800,400,0,10
Trị An,01/11/2025 02:00,61.34,62,50,920,922,160,762,0,1
Hòa Bình,01/11/2025 03:00,116.6,117,80,695,688,0,688,0,0
Sông Ba Hạ,01/11/2025 03:00,102.96,105,101,1210,1200,800,400,0,10
Trị An,01/11/2025 03:00,61.34,62,50,920,922,160,762,0,1
Hòa Bình,01/11/2025 04:00,116.59,117,80,182,745,0,745,0,0
Sông Ba Hạ,01/11/2025 04:00,102.96,105,101,1220,1200,800,400,0,10
Trị An,01/11/2025 04:00,61.34,62,50,860,922,160,762,0,1
Hòa Bình,01/11/2025 05:00,116.55,117,80,40,956,0,956,0,0
Sông Ba Hạ,01/11/2025 05:00,102.97,105,101,1210,1200,800,400,0,10
Trị An,01/11/2025 05:00,61.33,62,50,840,922,160,762,0,1
Hòa Bình,01/11/2025 06:00,116.52,117,80,40,1184,0,1184,0,0
Sông Ba Hạ,01/11/2025 06:00,102.97,105,101,1220,1200,800,400,0,10
Trị An,01/11/2025 06:00,61.33,62,50,780,922,160,762,0,1
Hòa Bình,01/11/2025 07:00,116.48,117,80,40,1416,0,1416,0,0
Sông Ba Hạ,01/11/2025 07:00,102.96,105,101,1150,1200,800,400,0,10
Trị An,01/11/2025 07:00,61.33,62,50,780,920,160,760,0,1
Hòa Bình,01/11/2025 08:00,116.46,117,80,543,1676,0,1676,0,0
Sông Ba Hạ,01/11/2025 08:00,102.96,105,101,1140,1200,800,400,0,10
Trị An,01/11/2025 08:00,61.33,62,50,780,920,160,760,0,1
Hòa Bình,01/11/2025 09:00,116.45,117,80,820,1383,0,1383,0,0
Sông Ba Hạ,01/11/2025 09:00,102.95,105,101,1170,1200,800,400,0,10
Trị An,01/11/2025 09:00,61.33,62,50,750,920,160,760,0,1
Hòa Bình,01/11/2025 10:00,116.46,117,80,1188,783,0,783,0,0
Sông Ba Hạ,01/11/2025 10:00,102.95,105,101,1150,1200,800,400,0,10
Trị An,01/11/2025 10:00,61.32,62,50,750,917,160,757,0,1
Hòa Bình,01/11/2025 11:00,116.47,117,80,1226,649,0,649,0,0
Sông Ba Hạ,01/11/2025 11:00,102.94,105,101,1120,1200,800,400,0,10
Trị An,01/11/2025 11:00,61.32,62,50,740,917,160,757,0,1
Hòa Bình,01/11/2025 12:00,116.5,117,80,2019,587,0,587,0,0
Sông Ba Hạ,01/11/2025 12:00,102.93,105,101,1090,1200,800,400,0,10
Trị An,01/11/2025 12:00,61.32,62,50,740,917,160,757,0,1
Hòa Bình,01/11/2025 13:00,116.52,117,80,1740,593,0,593,0,0
Sông Ba Hạ,01/11/2025 13:00,102.92,105,101,1080,1200,800,400,0,10
Trị An,01/11/2025 13:00,61.32,62,50,740,917,160,757,0,1
Hòa Bình,01/11/2025 14:00,116.53,117,80,1287,710,0,710,0,0
Sông Ba Hạ,01/11/2025 14:00,102.91,105,101,1070,1200,800,400,0,10
Trị An,01/11/2025 14:00,61.32,62,50,740,917,160,757,0,1
Hòa Bình,01/11/2025 15:00,116.51,117,80,259,1051,0,1051,0,0
Sông Ba Hạ,01/11/2025 15:00,102.9,105,101,1080,1200,800,400,0,10
Trị An,01/11/2025 15:00,61.32,62,50,800,917,160,757,0,1
Hòa Bình,01/11/2025 16:00,116.5,117,80,522,1598,0,1598,0,0
Sông Ba Hạ,01/11/2025 16:00,102.89,105,101,1090,1200,800,400,0,10
Trị An,01/11/2025 16:00,61.32,62,50,830,917,160,757,0,1
Hòa Bình,01/11/2025 17:00,116.5,117,80,1837,1830,0,1830,0,0
Sông Ba Hạ,01/11/2025 17:00,102.88,105,101,1070,1200,800,400,0,10
Trị An,01/11/2025 17:00,61.32,62,50,890,917,160,757,0,1
Hòa Bình,01/11/2025 18:00,116.5,117,80,1732,1725,0,1725,0,0
Sông Ba Hạ,01/11/2025 18:00,102.88,105,101,1110,1200,800,400,0,10
Trị An,01/11/2025 18:00,61.32,62,50,920,917,160,757,0,1
Hòa Bình,01/11/2025 19:00,116.52,117,80,2191,1329,0,1329,0,0
Sông Ba Hạ,01/11/2025 19:00,102.87,105,101,1090,1200,800,400,0,10
Trị An,01/11/2025 19:00,61.32,62,50,980,917,160,757,0,1
Hòa Bình,01/11/2025 20:00,116.55,117,80,2259,827,0,827,0,0
Sông Ba Hạ,01/11/2025 20:00,102.87,105,101,1080,1200,800,400,0,10
Trị An,01/11/2025 20:00,61.32,62,50,1000,917,160,757,0,1
Hòa Bình,01/11/2025 21:00,116.57,117,80,1890,744,0,744,0,0
Sông Ba Hạ,01/11/2025 21:00,102.87,105,101,1150,1200,800,400,0,10
Trị An,01/11/2025 21:00,61.32,62,50,1000,917,160,757,0,1
Hòa Bình,01/11/2025 22:00,116.58,117,80,1499,922,0,922,0,0
Sông Ba Hạ,01/11/2025 22:00,102.87,105,101,1170,1200,800,400,0,10
Trị An,01/11/2025 22:00,61.32,62,50,1000,914,160,754,0,1
Hòa Bình,01/11/2025 23:00,116.58,117,80,776,769,0,769,0,0
Sông Ba Hạ,01/11/2025 23:00,102.87,105,101,1210,1200,800,400,0,10
Trị An,01/11/2025 23:00,61.32,62,50,1000,914,160,754,0,1
Hòa Bình,02/11/2025 00:00,116.58,117,80,625,618,0,618,0,0
Sông Ba Hạ,02/11/2025 00:00,102.86,105,101,1150,1200,800,400,0,10
Trị An,02/11/2025 00:00,61.32,62,50,1000,917,160,757,0,1
Hòa Bình,02/11/2025 01:00,116.58,117,80,688,681,0,681,0,0
Sông Ba Hạ,02/11/2025 01:00,102.86,105,101,1140,1200,800,400,0,10
Trị An,02/11/2025 01:00,61.32,62,50,1000,917,160,757,0,1
Hòa Bình,02/11/2025 02:00,116.57,117,80,40,596,0,596,0,0
Sông Ba Hạ,02/11/2025 02:00,102.85,105,101,1090,1200,800,400,0,10
Trị An,02/11/2025 02:00,61.32,62,50,1000,920,160,760,0,1
Hòa Bình,02/11/2025 03:00,116.56,117,80,40,532,0,532,0,0
Sông Ba Hạ,02/11/2025 03:00,102.84,105,101,1070,1200,800,400,0,10
Trị An,02/11/2025 03:00,61.32,62,50,950,922,160,762,0,1
Hòa Bình,02/11/2025 04:00,116.55,117,80,40,532,0,532,0,0
Sông Ba Hạ,02/11/2025 04:00,102.83,105,101,1080,1200,800,400,0,10
Trị An,02/11/2025 04:00,61.32,62,50,920,922,160,762,0,1
Hòa Bình,02/11/2025 05:00,116.54,117,80,40,532,0,532,0,0
Sông Ba Hạ,02/11/2025 05:00,102.82,105,101,1070,1200,800,400,0,10
Trị An,02/11/2025 05:00,61.32,62,50,920,922,160,762,0,1
Hòa Bình,02/11/2025 06:00,116.53,117,80,40,532,0,532,0,0
Sông Ba Hạ,02/11/2025 06:00,102.8,105,101,1120,1200,800,400,0,10
Trị An,02/11/2025 06:00,61.32,62,50,920,922,160,762,0,1
Hòa Bình,02/11/2025 07:00,116.53,117,80,540,533,0,533,0,0
Sông Ba Hạ,02/11/2025 07:00,102.79,105,101,1080,1200,800,400,0,10
Trị An,02/11/2025 07:00,61.32,62,50,920,920,160,760,0,1
Hòa Bình,02/11/2025 08:00,116.53,117,80,540,533,0,533,0,0
Sông Ba Hạ,02/11/2025 08:00,102.77,105,101,1040,1200,800,400,0,10
Trị An,02/11/2025 08:00,61.33,62,50,1010,920,160,760,0,1
Hòa Bình,02/11/2025 09:00,116.53,117,80,502,495,0,495,0,0
Sông Ba Hạ,02/11/2025 09:00,102.75,105,101,1030,1200,800,400,0,10
Trị An,02/11/2025 09:00,61.33,62,50,1040,920,160,760,0,1
Hòa Bình,02/11/2025 10:00,116.54,117,80,1033,456,0,456,0,0
Sông Ba Hạ,02/11/2025 10:00,102.74,105,101,1050,1200,800,400,0,10
Trị An,02/11/2025 10:00,61.33,62,50,1040,920,160,760,0,1
Hòa Bình,02/11/2025 11:00,116.55,117,80,1033,456,0,456,0,0
Sông Ba Hạ,02/11/2025 11:00,102.72,105,101,990,1200,800,400,0,10
Trị An,02/11/2025 11:00,61.33,62,50,1010,917,160,757,0,1
Hòa Bình,02/11/2025 12:00,116.56,117,80,1071,494,0,494,0,0
Sông Ba Hạ,02/11/2025 12:00,102.7,105,101,1020,1200,800,400,0,10
Trị An,02/11/2025 12:00,61.33,62,50,1030,917,160,757,0,1
Hòa Bình,02/11/2025 13:00,116.57,117,80,1109,532,0,532,0,0
Sông Ba Hạ,02/11/2025 13:00,102.68,105,101,1030,1200,800,400,0,10
Trị An,02/11/2025 13:00,61.33,62,50,1000,917,160,757,0,1
Hòa Bình,02/11/2025 14:00,116.59,117,80,1679,532,0,532,0,0
Sông Ba Hạ,02/11/2025 14:00,102.67,105,101,1050,1200,800,400,0,10
Trị An,02/11/2025 14:00,61.33,62,50,1030,920,160,760,0,1
Hòa Bình,02/11/2025 15:00,116.59,117,80,539,532,0,532,0,0
Sông Ba Hạ,02/11/2025 15:00,102.66,105,101,1090,1200,800,400,0,10
Trị An,02/11/2025 15:00,61.33,62,50,1010,920,160,760,0,1
Hòa Bình,02/11/2025 16:00,116.58,117,80,322,714,0,714,0,0
Sông Ba Hạ,02/11/2025 16:00,102.66,105,101,1070,1100,700,400,0,9
Trị An,02/11/2025 16:00,61.33,62,50,1010,922,160,762,0,1
Hòa Bình,02/11/2025 17:00,116.56,117,80,182,1087,0,1087,0,0
Sông Ba Hạ,02/11/2025 17:00,102.65,105,101,1050,1100,700,400,0,9
Trị An,02/11/2025 17:00,61.33,62,50,950,922,160,762,0,1
Hòa Bình,02/11/2025 18:00,116.55,117,80,877,1440,0,1440,0,0
Sông Ba Hạ,02/11/2025 18:00,102.64,105,101,1030,1100,700,400,0,9
Trị An,02/11/2025 18:00,61.34,62,50,950,920,160,760,0,1
Hòa Bình,02/11/2025 19:00,116.56,117,80,1703,1411,0,1411,0,0
Sông Ba Hạ,02/11/2025 19:00,102.63,105,101,1020,1100,700,400,0,9
Trị An,02/11/2025 19:00,61.34,62,50,950,920,160,760,0,1
Hòa Bình,02/11/2025 20:00,116.58,117,80,2367,1221,0,1221,0,0
Sông Ba Hạ,02/11/2025 20:00,102.62,105,101,1010,1100,700,400,0,9
Trị An,02/11/2025 20:00,61.33,62,50,920,920,160,760,0,1
Hòa Bình,02/11/2025 21:00,116.6,117,80,2192,1217,0,1217,0,0
Sông Ba Hạ,02/11/2025 21:00,102.61,105,101,1020,1100,700,400,0,9
Trị An,02/11/2025 21:00,61.33,62,50,860,920,160,760,0,1
Hòa Bình,02/11/2025 22:00,116.63,117,80,2442,896,0,896,0,0
Sông Ba Hạ,02/11/2025 22:00,102.61,105,101,1030,1100,700,400,0,9
Trị An,02/11/2025 22:00,61.33,62,50,830,920,160,760,0,1
Hòa Bình,02/11/2025 23:00,116.66,117,80,2302,585,0,585,0,0
Sông Ba Hạ,02/11/2025 23:00,102.6,105,101,1020,1100,700,400,0,9
Trị An,02/11/2025 23:00,61.33,62,50,860,920,160,760,0,1
Hòa Bình,03/11/2025 00:00,116.67,117,80,1427,622,0,622,0,0
Sông Ba Hạ,03/11/2025 00:00,102.59,105,101,1010,1100,700,400,0,9
Trị An,03/11/2025 00:00,61.33,62,50,890,920,160,760,0,1
Hòa Bình,03/11/2025 01:00,116.67,117,80,895,660,0,660,0,0
Sông Ba Hạ,03/11/2025 01:00,102.59,105,101,950,940,700,240,0,9
Trị An,03/11/2025 01:00,61.33,62,50,920,920,160,760,0,1
Hòa Bình,03/11/2025 02:00,116.66,117,80,447,668,0,668,0,0
Sông Ba Hạ,03/11/2025 02:00,102.58,105,101,890,940,700,240,0,9
Trị An,03/11/2025 02:00,61.33,62,50,950,922,160,762,0,1
Hòa Bình,03/11/2025 03:00,116.65,117,80,109,672,0,672,0,0
Sông Ba Hạ,03/11/2025 03:00,102.57,105,101,870,940,700,240,0,9
Trị An,03/11/2025 03:00,61.34,62,50,1010,925,160,765,0,1
Hòa Bình,03/11/2025 04:00,116.64,117,80,110,673,0,673,0,0
Sông Ba Hạ,03/11/2025 04:00,102.56,105,101,860,940,700,240,0,9
Trị An,03/11/2025 04:00,61.34,62,50,1040,925,160,765,0,1
Hòa Bình,03/11/2025 05:00,116.63,117,80,110,673,0,673,0,0
Sông Ba Hạ,03/11/2025 05:00,102.56,105,101,820,800,400,400,0,5
Trị An,03/11/2025 05:00,61.34,62,50,1010,925,160,765,0,1
Hòa Bình,03/11/2025 06:00,116.63,117,80,678,671,0,671,0,0
Sông Ba Hạ,03/11/2025 06:00,102.56,105,101,810,800,400,400,0,5
Trị An,03/11/2025 06:00,61.34,62,50,930,928,160,768,0,1
Hòa Bình,03/11/2025 07:00,116.63,117,80,606,599,0,599,0,0
Sông Ba Hạ,03/11/2025 07:00,102.56,105,101,820,800,400,400,0,5
Trị An,03/11/2025 07:00,61.34,62,50,900,928,160,768,0,1
Hòa Bình,03/11/2025 08:00,116.62,117,80,266,829,0,829,0,0
Sông Ba Hạ,03/11/2025 08:00,102.56,105,101,690,600,200,400,0,2
Trị An,03/11/2025 08:00,61.34,62,50,930,925,160,765,0,1
Hòa Bình,03/11/2025 09:00,116.61,117,80,321,885,0,885,0,0
Sông Ba Hạ,03/11/2025 09:00,102.56,105,101,630,600,200,400,0,2
Trị An,03/11/2025 09:00,61.34,62,50,980,925,160,765,0,1
Hòa Bình,03/11/2025 10:00,116.62,117,80,1166,589,0,589,0,0
Sông Ba Hạ,03/11/2025 10:00,102.56,105,101,620,600,200,400,0,2
Trị An,03/11/2025 10:00,61.34,62,50,1040,922,160,762,0,1
Hòa Bình,03/11/2025 11:00,116.64,117,80,1679,533,0,533,0,0
Sông Ba Hạ,03/11/2025 11:00,102.56,105,101,620,600,200,400,0,2
Trị An,03/11/2025 11:00,61.34,62,50,1040,922,160,762,0,1
Hòa Bình,03/11/2025 12:00,116.67,117,80,2249,532,0,532,0,0
Sông Ba Hạ,03/11/2025 12:00,102.56,105,101,610,600,200,400,0,2
Trị An,03/11/2025 12:00,61.34,62,50,1070,920,160,760,0,1
Hòa Bình,03/11/2025 13:00,116.69,117,80,1679,532,0,532,0,0
Sông Ba Hạ,03/11/2025 13:00,102.56,105,101,600,600,200,400,0,2
Trị An,03/11/2025 13:00,61.34,62,50,1040,920,160,760,0,1
Hòa Bình,03/11/2025 14:00,116.71,117,80,1679,532,0,532,0,0
Sông Ba Hạ,03/11/2025 14:00,102.56,105,101,590,600,200,400,0,2
Trị An,03/11/2025 14:00,61.34,62,50,1060,920,160,760,0,1
Hòa Bình,03/11/2025 15:00,116.72,117,80,1249,672,0,672,0,0
Sông Ba Hạ,03/11/2025 15:00,102.55,105,101,580,600,200,400,0,2
Trị An,03/11/2025 15:00,61.35,62,50,1120,920,160,760,0,1
Hòa Bình,03/11/2025 16:00,116.71,117,80,565,1129,0,1129,0,0
Sông Ba Hạ,03/11/2025 16:00,102.55,105,101,540,500,100,400,0,1
Trị An,03/11/2025 16:00,61.35,62,50,1180,922,160,762,0,1
Hòa Bình,03/11/2025 17:00,116.7,117,80,1073,1636,0,1636,0,0
Sông Ba Hạ,03/11/2025 17:00,102.55,105,101,530,500,100,400,0,1
Trị An,03/11/2025 17:00,61.35,62,50,1180,922,160,762,0,1
Hòa Bình,03/11/2025 18:00,116.7,117,80,1724,1717,0,1717,0,0
Sông Ba Hạ,03/11/2025 18:00,102.54,105,101,460,500,100,400,0,1
Trị An,03/11/2025 18:00,61.36,62,50,1120,922,160,762,0,1
Hòa Bình,03/11/2025 19:00,116.71,117,80,2111,1534,0,1534,0,0
Sông Ba Hạ,03/11/2025 19:00,102.53,105,101,440,500,100,400,0,1
Trị An,03/11/2025 19:00,61.36,62,50,1100,922,160,762,0,1
Hòa Bình,03/11/2025 20:00,116.74,117,80,2687,1312,0,1312,0,0
Sông Ba Hạ,03/11/2025 20:00,102.52,105,101,430,500,100,400,0,1
Trị An,03/11/2025 20:00,61.36,62,50,1150,920,160,760,0,1
Hòa Bình,03/11/2025 21:00,116.77,117,80,2654,1165,0,1165,0,0
Sông Ba Hạ,03/11/2025 21:00,102.51,105,101,420,500,100,400,0,1
Trị An,03/11/2025 21:00,61.36,62,50,1150,920,160,760,0,1
Hòa Bình,03/11/2025 22:00,116.79,117,80,2040,893,0,893,0,0
Sông Ba Hạ,03/11/2025 22:00,102.5,105,101,430,500,100,400,0,1
Trị An,03/11/2025 22:00,61.37,62,50,1150,920,160,760,0,1
Hòa Bình,03/11/2025 23:00,116.8,117,80,1284,708,0,708,0,0
Sông Ba Hạ,03/11/2025 23:00,102.49,105,101,410,500,100,400,0,1
Trị An,03/11/2025 23:00,61.37,62,50,1090,920,160,760,0,1
Hòa Bình,04/11/2025 00:00,116.81,117,80,1110,533,0,533,0,0
Sông Ba Hạ,04/11/2025 00:00,102.48,105,101,380,340,100,240,0,1
Trị An,04/11/2025 00:00,61.37,62,50,1090,920,160,760,0,1
Hòa Bình,04/11/2025 01:00,116.83,117,80,1679,532,0,532,0,0
Sông Ba Hạ,04/11/2025 01:00,102.48,105,101,370,340,100,240,0,1
Trị An,04/11/2025 01:00,61.37,62,50,1090,920,160,760,0,1
Hòa Bình,04/11/2025 02:00,116.85,117,80,1679,532,0,532,0,0
Sông Ba Hạ,04/11/2025 02:00,102.48,105,101,350,340,100,240,0,1
Trị An,04/11/2025 02:00,61.37,62,50,1090,920,160,760,0,1
Hòa Bình,04/11/2025 03:00,116.86,117,80,1109,532,0,532,0,0
Sông Ba Hạ,04/11/2025 03:00,102.48,105,101,360,340,100,240,0,1
Trị An,04/11/2025 03:00,61.38,62,50,1090,922,160,762,0,1
Hòa Bình,04/11/2025 04:00,116.87,117,80,1108,531,0,531,0,0
Sông Ba Hạ,04/11/2025 04:00,102.48,105,101,340,340,100,240,0,1
Trị An,04/11/2025 04:00,61.38,62,50,1070,922,160,762,0,1
Hòa Bình,04/11/2025 05:00,116.88,117,80,1108,531,0,531,0,0
Sông Ba Hạ,04/11/2025 05:00,102.48,105,101,330,340,100,240,0,1
Trị An,04/11/2025 05:00,61.38,62,50,1010,922,160,762,0,1
Hòa Bình,04/11/2025 06:00,116.89,117,80,1108,531,0,531,0,0
Sông Ba Hạ,04/11/2025 06:00,102.47,105,101,520,700,300,400,0,4
Trị An,04/11/2025 06:00,61.38,62,50,950,922,160,762,0,1
Hòa Bình,04/11/2025 07:00,116.9,117,80,1165,531,0,531,0,0
Sông Ba Hạ,04/11/2025 07:00,102.45,105,101,530,700,300,400,0,4
Trị An,04/11/2025 07:00,61.38,62,50,950,922,160,762,0,1
Hòa Bình,04/11/2025 08:00,116.92,117,80,1567,592,0,592,0,0
Sông Ba Hạ,04/11/2025 08:00,102.43,105,101,510,700,300,400,0,4
Trị An,04/11/2025 08:00,61.38,62,50,920,922,160,762,0,1
Hòa Bình,04/11/2025 09:00,116.93,117,80,1403,712,0,712,0,0
Sông Ba Hạ,04/11/2025 09:00,102.41,105,101,520,700,300,400,0,4
Trị An,04/11/2025 09:00,61.38,62,50,920,922,160,762,0,1
Hòa Bình,04/11/2025 10:00,116.95,117,80,1811,836,0,836,0,0
Sông Ba Hạ,04/11/2025 10:00,102.39,105,101,530,700,300,400,0,4
Trị An,04/11/2025 10:00,61.38,62,50,890,920,160,760,0,1
Hòa Bình,04/11/2025 11:00,116.96,117,80,1529,953,0,953,0,0
Sông Ba Hạ,04/11/2025 11:00,102.37,105,101,510,700,300,400,0,4
Trị An,04/11/2025 11:00,61.38,62,50,950,920,160,760,0,1
Hòa Bình,04/11/2025 12:00,116.97,117,80,1406,829,0,829,0,0
Sông Ba Hạ,04/11/2025 12:00,102.34,105,101,470,700,300,400,0,4
Trị An,04/11/2025 12:00,61.38,62,50,920,917,160,757,0,1
Hòa Bình,04/11/2025 13:00,116.99,117,80,1627,652,0,652,0,0
Sông Ba Hạ,04/11/2025 13:00,102.31,105,101,460,700,300,400,0,4
Trị An,04/11/2025 13:00,61.38,62,50,890,917,160,757,0,1
Hòa Bình,04/11/2025 14:00,117,117,80,1237,650,0,650,0,0
Sông Ba Hạ,04/11/2025 14:00,102.28,105,101,450,700,300,400,0,4
Trị An,04/11/2025 14:00,61.38,62,50,830,917,160,757,0,1
Hòa Bình,04/11/2025 15:00,117.01,117,80,1297,710,0,710,0,0
Sông Ba Hạ,04/11/2025 15:00,102.25,105,101,460,700,300,400,0,4
Trị An,04/11/2025 15:00,61.37,62,50,830,917,160,757,0,1
Hòa Bình,04/11/2025 16:00,117,117,80,525,1099,0,1099,0,0
Sông Ba Hạ,04/11/2025 16:00,102.22,105,101,450,700,300,400,0,4
Trị An,04/11/2025 16:00,61.37,62,50,830,920,160,760,0,1
Hòa Bình,04/11/2025 17:00,116.99,117,80,950,1514,0,1514,0,0
Sông Ba Hạ,04/11/2025 17:00,102.19,105,101,470,600,200,400,0,3
Trị An,04/11/2025 17:00,61.37,62,50,830,920,160,760,0,1
Hòa Bình,04/11/2025 18:00,116.99,117,80,1562,1555,0,1555,0,0
Sông Ba Hạ,04/11/2025 18:00,102.18,105,101,490,600,200,400,0,3
Trị An,04/11/2025 18:00,61.37,62,50,830,920,160,760,0,1
Hòa Bình,04/11/2025 19:00,117,117,80,2013,1426,0,1426,0,0
Sông Ba Hạ,04/11/2025 19:00,102.17,105,101,500,600,200,400,0,3
Trị An,04/11/2025 19:00,61.37,62,50,860,920,160,760,0,1
Hòa Bình,04/11/2025 20:00,117.03,117,80,2634,887,0,887,0,0
Sông Ba Hạ,04/11/2025 20:00,102.16,105,101,510,600,200,400,0,3
Trị An,04/11/2025 20:00,61.37,62,50,890,920,160,760,0,1
Hòa Bình,04/11/2025 21:00,117.05,117,80,2181,1014,0,1014,0,0
Sông Ba Hạ,04/11/2025 21:00,102.15,105,101,500,600,200,400,0,3
Trị An,04/11/2025 21:00,61.37,62,50,950,917,160,757,0,1
Hòa Bình,04/11/2025 22:00,117.05,117,80,1916,2799,1781,1018,1,0
Sông Ba Hạ,04/11/2025 22:00,102.14,105,101,510,600,200,400,0,3
Trị An,04/11/2025 22:00,61.37,62,50,1000,917,160,757,0,1
Hòa Bình,04/11/2025 23:00,117.02,117,80,1369,3102,1779,1323,1,0
Sông Ba Hạ,04/11/2025 23:00,102.13,105,101,520,600,200,400,0,3
Trị An,04/11/2025 23:00,61.38,62,50,1090,917,160,757,0,1
Hòa Bình,05/11/2025 00:00,116.98,117,80,1370,3643,1779,1864,1,0
Sông Ba Hạ,05/11/2025 00:00,102.12,105,101,510,600,200,400,0,3
Trị An,05/11/2025 00:00,61.38,62,50,1150,917,160,757,0,1
Hòa Bình,05/11/2025 01:00,116.93,117,80,802,3644,1778,1866,1,0
Sông Ba Hạ,05/11/2025 01:00,102.12,105,101,460,400,200,200,0,3
Trị An,05/11/2025 01:00,61.38,62,50,1150,917,160,757,0,1
Hòa Bình,05/11/2025 02:00,116.89,117,80,1383,3656,1778,1878,1,0
Sông Ba Hạ,05/11/2025 02:00,102.12,105,101,440,400,200,200,0,3
Trị An,05/11/2025 02:00,61.38,62,50,1150,920,160,760,0,1
Hòa Bình,05/11/2025 03:00,116.87,117,80,2524,3658,1779,1879,1,0
Sông Ba Hạ,05/11/2025 03:00,102.12,105,101,430,400,200,200,0,3
Trị An,05/11/2025 03:00,61.39,62,50,1150,920,160,760,0,1
Hòa Bình,05/11/2025 04:00,116.84,117,80,1953,3656,1778,1878,1,0
Sông Ba Hạ,05/11/2025 04:00,102.12,105,101,430,400,200,200,0,3
Trị An,05/11/2025 04:00,61.39,62,50,1150,922,160,762,0,1
Hòa Bình,05/11/2025 05:00,116.81,117,80,1955,3658,1778,1880,1,0
Sông Ba Hạ,05/11/2025 05:00,102.12,105,101,420,400,200,200,0,3
Trị An,05/11/2025 05:00,61.39,62,50,1120,922,160,762,0,1
Hòa Bình,05/11/2025 06:00,116.77,117,80,1383,3656,1776,1880,1,0
Sông Ba Hạ,05/11/2025 06:00,102.1,105,101,430,600,200,400,0,3
Trị An,05/11/2025 06:00,61.4,62,50,1130,925,160,765,0,1
Hòa Bình,05/11/2025 07:00,116.72,117,80,982,3654,1775,1879,1,0
Sông Ba Hạ,05/11/2025 07:00,102.08,105,101,420,600,200,400,0,3
Trị An,05/11/2025 07:00,61.4,62,50,1160,925,160,765,0,1
Hòa Bình,05/11/2025 08:00,116.67,117,80,1040,3654,1774,1880,1,0
Sông Ba Hạ,05/11/2025 08:00,102.06,105,101,440,600,200,400,0,3
Trị An,05/11/2025 08:00,61.4,62,50,1190,925,160,765,0,1
Hòa Bình,05/11/2025 09:00,116.62,117,80,926,3655,1774,1881,1,0
Sông Ba Hạ,05/11/2025 09:00,102.04,105,101,450,600,200,400,0,3
Trị An,05/11/2025 09:00,61.4,62,50,1190,925,160,765,0,1
Hòa Bình,05/11/2025 10:00,116.58,117,80,1361,3635,1774,1861,1,0
Sông Ba Hạ,05/11/2025 10:00,102.03,105,101,410,440,200,240,0,3
Trị An,05/11/2025 10:00,61.41,62,50,1190,922,160,762,0,1
Hòa Bình,05/11/2025 11:00,116.54,117,80,1420,3637,1774,1863,1,0
Sông Ba Hạ,05/11/2025 11:00,102.02,105,101,380,440,200,240,0,3
Trị An,05/11/2025 11:00,61.41,62,50,1160,922,160,762,0,1
Hòa Bình,05/11/2025 12:00,116.5,117,80,1385,3658,1773,1885,1,0
Sông Ba Hạ,05/11/2025 12:00,102.01,105,101,390,440,200,240,0,3
Trị An,05/11/2025 12:00,61.41,62,50,1130,922,160,762,0,1
Hòa Bình,05/11/2025 13:00,116.47,117,80,1613,3658,1773,1885,1,0
Sông Ba Hạ,05/11/2025 13:00,102.01,105,101,400,440,200,240,0,3
Trị An,05/11/2025 13:00,61.41,62,50,1100,922,160,762,0,1
Hòa Bình,05/11/2025 14:00,116.44,117,80,1731,3662,1772,1890,1,0
Sông Ba Hạ,05/11/2025 14:00,102,105,101,510,600,200,400,0,3
Trị An,05/11/2025 14:00,61.42,62,50,1100,922,160,762,0,1
Hòa Bình,05/11/2025 15:00,116.43,117,80,2216,1893,0,1893,0,0
Sông Ba Hạ,05/11/2025 15:00,102,105,101,560,600,200,400,0,3
Trị An,05/11/2025 15:00,61.42,62,50,1070,920,160,760,0,1
Hòa Bình,05/11/2025 16:00,116.43,117,80,1432,1425,0,1425,0,0
Sông Ba Hạ,05/11/2025 16:00,102,105,101,570,600,200,400,0,3
Trị An,05/11/2025 16:00,61.42,62,50,1010,920,160,760,0,1
Hòa Bình,05/11/2025 17:00,116.44,117,80,1601,1025,0,1025,0,0
Sông Ba Hạ,05/11/2025 17:00,102,105,101,590,600,200,400,0,3
Trị An,05/11/2025 17:00,61.42,62,50,920,922,160,762,0,1
Hòa Bình,05/11/2025 18:00,116.45,117,80,1670,1379,0,1379,0,0
Sông Ba Hạ,05/11/2025 18:00,102,105,101,600,600,200,400,0,3
Trị An,05/11/2025 18:00,61.42,62,50,950,925,160,765,0,1
Hòa Bình,05/11/2025 19:00,116.46,117,80,1870,1293,0,1293,0,0
Sông Ba Hạ,05/11/2025 19:00,102,105,101,610,600,200,400,0,3
Trị An,05/11/2025 19:00,61.42,62,50,1010,925,160,765,0,1
Hòa Bình,05/11/2025 20:00,116.48,117,80,1964,817,0,817,0,0
Sông Ba Hạ,05/11/2025 20:00,102,105,101,610,600,200,400,0,3
Trị An,05/11/2025 20:00,61.42,62,50,1130,928,160,768,0,1
Hòa Bình,05/11/2025 21:00,116.5,117,80,1860,714,0,714,0,0
Sông Ba Hạ,05/11/2025 21:00,102,105,101,620,600,200,400,0,3
Trị An,05/11/2025 21:00,61.43,62,50,1190,928,160,768,0,1
Hòa Bình,05/11/2025 22:00,116.53,117,80,2435,718,0,718,0,0
Sông Ba Hạ,05/11/2025 22:00,102,105,101,620,600,200,400,0,3
Trị An,05/11/2025 22:00,61.43,62,50,1310,928,160,768,0,1
Hòa Bình,05/11/2025 23:00,116.55,117,80,1830,684,0,684,0,0
Sông Ba Hạ,05/11/2025 23:00,102,105,101,610,600,200,400,0,3
Trị An,05/11/2025 23:00,61.44,62,50,1330,925,160,765,0,1
Hòa Bình,06/11/2025 00:00,116.58,117,80,2365,648,0,648,0,0
Sông Ba Hạ,06/11/2025 00:00,102,105,101,530,440,200,240,0,3
Trị An,06/11/2025 00:00,61.44,62,50,1330,925,160,765,0,1
Hòa Bình,06/11/2025 01:00,116.62,117,80,2939,652,0,652,0,0
Sông Ba Hạ,06/11/2025 01:00,102,105,101,490,440,200,240,0,3
Trị An,06/11/2025 01:00,61.45,62,50,1340,772,160,612,0,1
Hòa Bình,06/11/2025 02:00,116.66,117,80,2940,654,0,654,0,0
Sông Ba Hạ,06/11/2025 02:00,102,105,101,470,440,200,240,0,3
Trị An,06/11/2025 02:00,61.46,62,50,1360,624,160,464,0,1
Hòa Bình,06/11/2025 03:00,116.7,117,80,2941,654,0,654,0,0
Sông Ba Hạ,06/11/2025 03:00,102,105,101,460,440,200,240,0,3
Trị An,06/11/2025 03:00,61.46,62,50,1370,624,160,464,0,1
Hòa Bình,06/11/2025 04:00,116.73,117,80,2370,653,0,653,0,0
Sông Ba Hạ,06/11/2025 04:00,102,105,101,480,440,200,240,0,3
Trị An,06/11/2025 04:00,61.47,62,50,1320,624,160,464,0,1
Hòa Bình,06/11/2025 05:00,116.77,117,80,2940,654,0,654,0,0
Sông Ba Hạ,06/11/2025 05:00,102,105,101,490,440,200,240,0,3
Trị An,06/11/2025 05:00,61.48,62,50,1350,624,160,464,0,1
Hòa Bình,06/11/2025 06:00,116.8,117,80,2370,653,0,653,0,0
Sông Ba Hạ,06/11/2025 06:00,102,105,101,550,600,200,400,0,3
Trị An,06/11/2025 06:00,61.48,62,50,1300,922,160,762,0,1
Hòa Bình,06/11/2025 07:00,116.83,117,80,2309,592,0,592,0,0
Sông Ba Hạ,06/11/2025 07:00,102,105,101,530,500,100,400,0,2
Trị An,06/11/2025 07:00,61.49,62,50,1290,925,160,765,0,1
Hòa Bình,06/11/2025 08:00,116.86,117,80,2619,902,0,902,0,0
Sông Ba Hạ,06/11/2025 08:00,102,105,101,480,500,100,400,0,2
Trị An,06/11/2025 08:00,61.49,62,50,1130,925,160,765,0,1
Hòa Bình,06/11/2025 09:00,116.89,117,80,2699,982,0,982,0,0
Sông Ba Hạ,06/11/2025 09:00,102,105,101,470,500,100,400,0,2
Trị An,06/11/2025 09:00,61.49,62,50,1070,925,160,765,0,1
Hòa Bình,06/11/2025 10:00,116.93,117,80,2730,728,0,728,0,0
Sông Ba Hạ,06/11/2025 10:00,102,105,101,490,500,100,400,0,2
Trị An,06/11/2025 10:00,61.49,62,50,1010,925,160,765,0,1
Hòa Bình,06/11/2025 11:00,116.96,117,80,2487,770,0,770,0,0
Sông Ba Hạ,06/11/2025 11:00,102,105,101,480,481,100,381,0,2
Trị An,06/11/2025 11:00,61.49,62,50,1070,922,160,762,0,1
Hòa Bình,06/11/2025 12:00,116.99,117,80,2431,714,0,714,0,0
Sông Ba Hạ,06/11/2025 12:00,102,105,101,470,340,100,240,0,2
Trị An,06/11/2025 12:00,61.49,62,50,1070,922,160,762,0,1
Hòa Bình,06/11/2025 13:00,117.02,117,80,2399,652,0,652,0,0
Sông Ba Hạ,06/11/2025 13:00,102,105,101,420,340,100,240,0,2
Trị An,06/11/2025 13:00,61.5,62,50,1070,922,160,762,0,1
Hòa Bình,06/11/2025 14:00,117.04,117,80,1844,677,0,677,0,0
Sông Ba Hạ,06/11/2025 14:00,102,105,101,460,500,100,400,0,2
Trị An,06/11/2025 14:00,61.5,62,50,1040,922,160,762,0,1
Hòa Bình,06/11/2025 15:00,117.05,117,80,1522,819,0,819,0,0
Sông Ba Hạ,06/11/2025 15:00,102,105,101,480,500,100,400,0,2
Trị An,06/11/2025 15:00,61.5,62,50,1040,920,160,760,0,1
Hòa Bình,06/11/2025 16:00,117.06,117,80,1749,930,0,930,0,0
Sông Ba Hạ,06/11/2025 16:00,102,105,101,710,700,300,400,0,4
Trị An,06/11/2025 16:00,61.5,62,50,1010,920,160,760,0,1
Hòa Bình,06/11/2025 17:00,117.06,117,80,2159,2811,1781,1030,1,0
Sông Ba Hạ,06/11/2025 17:00,102,105,101,930,900,500,400,0,7
Trị An,06/11/2025 17:00,61.5,62,50,1010,920,160,760,0,1
Hòa Bình,06/11/2025 18:00,117.05,117,80,2806,3380,1781,1599,1,0
Sông Ba Hạ,06/11/2025 18:00,102,105,101,1320,1300,900,400,0,12
Trị An,06/11/2025 18:00,61.5,62,50,980,917,160,757,0,1
Hòa Bình,06/11/2025 19:00,117.02,117,80,2344,3844,1780,2064,1,0
Sông Ba Hạ,06/11/2025 19:00,102,105,101,1710,1700,1300,400,0,12
Trị An,06/11/2025 19:00,61.5,62,50,940,624,160,464,0,1
Hòa Bình,06/11/2025 20:00,117.01,117,80,3283,3856,1780,2076,1,0
Sông Ba Hạ,06/11/2025 20:00,102,105,101,2250,2240,2000,240,0,12
Trị An,06/11/2025 20:00,61.51,62,50,930,622,160,462,0,1
Hòa Bình,06/11/2025 21:00,116.99,117,80,2899,4032,1780,2252,1,0
Sông Ba Hạ,06/11/2025 21:00,102,105,101,2260,2240,2000,240,0,12
Trị An,06/11/2025 21:00,61.51,62,50,890,622,160,462,0,1
Hòa Bình,06/11/2025 22:00,116.96,117,80,2460,4163,1779,2384,1,0
Sông Ba Hạ,06/11/2025 22:00,102,105,101,2270,2240,2000,240,0,12
Trị An,06/11/2025 22:00,61.51,62,50,860,622,160,462,0,1
Hòa Bình,06/11/2025 23:00,116.92,117,80,1874,4146,1778,2368,1,0
Sông Ba Hạ,06/11/2025 23:00,102,105,101,2450,2440,2200,240,0,12
Trị An,06/11/2025 23:00,61.51,62,50,800,620,160,460,0,1
Hòa Bình,07/11/2025 00:00,116.88,117,80,1886,4159,1778,2381,1,0
Sông Ba Hạ,07/11/2025 00:00,102,105,101,2820,2820,2700,120,0,12
Trị An,07/11/2025 00:00,61.52,62,50,850,620,160,460,0,1
Hòa Bình,07/11/2025 01:00,116.84,117,80,1648,3921,1778,2143,1,0
Sông Ba Hạ,07/11/2025 01:00,102,105,101,3820,3820,3700,120,0,12
Trị An,07/11/2025 01:00,61.52,62,50,940,618,160,458,0,1
Hòa Bình,07/11/2025 02:00,116.81,117,80,1786,3660,1777,1883,1,0
Sông Ba Hạ,07/11/2025 02:00,102,105,101,4820,4820,4700,120,0,12
Trị An,07/11/2025 02:00,61.53,62,50,1060,618,160,458,0,1
Hòa Bình,07/11/2025 03:00,116.77,117,80,1497,3656,1776,1880,1,0
Sông Ba Hạ,07/11/2025 03:00,102,105,101,5420,5420,5300,120,0,12
Trị An,07/11/2025 03:00,61.53,62,50,1110,616,160,456,0,1
Hòa Bình,07/11/2025 04:00,116.74,117,80,1682,3670,1776,1894,1,0
Sông Ba Hạ,07/11/2025 04:00,102,105,101,5410,5420,5300,120,0,12
Trị An,07/11/2025 04:00,61.54,62,50,1140,618,160,458,0,1
Hòa Bình,07/11/2025 05:00,116.7,117,80,1586,3745,1776,1969,1,0
Sông Ba Hạ,07/11/2025 05:00,102,105,101,5430,5420,5300,120,0,12
Trị An,07/11/2025 05:00,61.55,62,50,1170,618,160,458,0,1
Hòa Bình,07/11/2025 06:00,116.67,117,80,2112,3816,1776,2040,1,0
Sông Ba Hạ,07/11/2025 06:00,102.05,105,101,5820,5120,5000,120,0,12
Trị An,07/11/2025 06:00,61.55,62,50,1180,917,160,757,0,1
Hòa Bình,07/11/2025 07:00,116.64,117,80,2148,3851,1775,2076,1,0
Sông Ba Hạ,07/11/2025 07:00,102.4,105,101,6000,4240,4000,240,0,12
Trị An,07/11/2025 07:00,61.55,62,50,1230,917,160,757,0,1
Hòa Bình,07/11/2025 08:00,116.62,117,80,2685,4047,1775,2272,1,0
Sông Ba Hạ,07/11/2025 08:00,102.75,105,101,6600,3740,3500,240,0,12
Trị An,07/11/2025 08:00,61.56,62,50,1240,920,160,760,0,1
Hòa Bình,07/11/2025 09:00,116.6,117,80,2675,4207,1774,2433,1,0
Sông Ba Hạ,07/11/2025 09:00,103.05,105,101,7600,3860,3500,360,0,12
Trị An,07/11/2025 09:00,61.56,62,50,1270,920,160,760,0,1
Hòa Bình,07/11/2025 10:00,116.57,117,80,2507,4210,1774,2436,1,0
Sông Ba Hạ,07/11/2025 10:00,103.35,105,101,7630,3740,3500,240,0,12
Trị An,07/11/2025 10:00,61.57,62,50,1270,917,160,757,0,1
Hòa Bình,07/11/2025 11:00,116.54,117,80,2504,4207,1773,2434,1,0
Sông Ba Hạ,07/11/2025 11:00,103.65,105,101,7620,3740,3500,240,0,12
Trị An,07/11/2025 11:00,61.58,62,50,1310,618,160,458,0,1
Hòa Bình,07/11/2025 12:00,116.51,117,80,2236,3939,1772,2167,1,0
Sông Ba Hạ,07/11/2025 12:00,103.91,105,101,7400,3740,3500,240,0,12
Trị An,07/11/2025 12:00,61.58,62,50,1270,616,160,456,0,1
Hòa Bình,07/11/2025 13:00,116.48,117,80,2220,3924,1772,2152,1,0
Sông Ba Hạ,07/11/2025 13:00,104.13,105,101,7000,3740,3500,240,0,12
Trị An,07/11/2025 13:00,61.59,62,50,1290,616,160,456,0,1
Hòa Bình,07/11/2025 14:00,116.44,117,80,1929,4202,1771,2431,1,0
Sông Ba Hạ,07/11/2025 14:00,104.5,105,101,8500,3860,3500,360,0,12
Trị An,07/11/2025 14:00,61.59,62,50,1210,912,160,752,0,1
Hòa Bình,07/11/2025 15:00,116.4,117,80,1932,4205,1771,2434,1,0
Sông Ba Hạ,07/11/2025 15:00,104.76,105,101,8500,5860,5500,360,0,12
Trị An,07/11/2025 15:00,61.6,62,50,1220,912,160,752,0,1
Hòa Bình,07/11/2025 16:00,116.36,117,80,1940,4213,1771,2442,1,0
Sông Ba Hạ,07/11/2025 16:00,104.8,105,101,7200,5860,5500,360,0,12
Trị An,07/11/2025 16:00,61.6,62,50,1200,912,160,752,0,1
Hòa Bình,07/11/2025 17:00,116.32,117,80,1898,4171,1770,2401,1,0
Sông Ba Hạ,07/11/2025 17:00,104.84,105,101,7200,5860,5500,360,0,12
Trị An,07/11/2025 17:00,61.6,62,50,1200,912,160,752,0,1
Hòa Bình,07/11/2025 18:00,116.29,117,80,2441,4144,1770,2374,1,0
Sông Ba Hạ,07/11/2025 18:00,104.88,105,101,7200,5860,5500,360,0,12
Trị An,07/11/2025 18:00,61.6,62,50,1210,914,160,754,0,1
Hòa Bình,07/11/2025 19:00,116.27,117,80,2933,4180,1769,2411,1,0
Sông Ba Hạ,07/11/2025 19:00,104.94,105,101,7200,5860,5500,360,0,12
Trị An,07/11/2025 19:00,61.61,62,50,1210,917,160,757,0,1
Hòa Bình,07/11/2025 20:00,116.25,117,80,3057,4190,1769,2421,1,0
Sông Ba Hạ,07/11/2025 20:00,104.98,105,101,7160,5860,5500,360,0,12
Trị An,07/11/2025 20:00,61.61,62,50,1240,917,160,757,0,1
Hòa Bình,07/11/2025 21:00,116.23,117,80,3165,4185,1769,2416,1,0
Sông Ba Hạ,07/11/2025 21:00,104.98,105,101,6800,5860,5500,360,0,12
Trị An,07/11/2025 21:00,61.62,62,50,1270,920,160,760,0,1
Hòa Bình,07/11/2025 22:00,116.2,117,80,2667,4170,1768,2402,1,0
Sông Ba Hạ,07/11/2025 22:00,104.98,105,101,6850,6360,6000,360,0,12
Trị An,07/11/2025 22:00,61.62,62,50,1300,920,160,760,0,1
Hòa Bình,07/11/2025 23:00,116.16,117,80,1907,4180,1767,2413,1,0
Sông Ba Hạ,07/11/2025 23:00,104.99,105,101,6930,6805,6500,305,0,12
Trị An,07/11/2025 23:00,61.63,62,50,1320,797,160,637,0,1
Hòa Bình,08/11/2025 00:00,116.12,117,80,1930,4203,1767,2436,1,0
Sông Ba Hạ,08/11/2025 00:00,105,105,101,6920,6746,6500,246,0,12
Trị An,08/11/2025 00:00,61.63,62,50,1330,769,160,609,0,1
Hòa Bình,08/11/2025 01:00,116.09,117,80,2222,3925,1767,2158,1,0
Sông Ba Hạ,08/11/2025 01:00,105,105,101,6760,6746,6500,246,0,12
Trị An,08/11/2025 01:00,61.64,62,50,1280,691,160,531,0,1
Hòa Bình,08/11/2025 02:00,116.06,117,80,2055,3929,1766,2163,1,0
Sông Ba Hạ,08/11/2025 02:00,105,105,101,6750,6746,6500,246,0,12
Trị An,08/11/2025 02:00,61.65,62,50,1280,616,160,456,0,1
Hòa Bình,08/11/2025 03:00,116.03,117,80,2230,3933,1766,2167,1,0
Sông Ba Hạ,08/11/2025 03:00,105,105,101,6730,6746,6500,246,0,12
Trị An,08/11/2025 03:00,61.66,62,50,1260,616,160,456,0,1
Hòa Bình,08/11/2025 04:00,116,117,80,2231,3935,1766,2169,1,0
Sông Ba Hạ,08/11/2025 04:00,105,105,101,6740,6746,6500,246,0,12
Trị An,08/11/2025 04:00,61.66,62,50,1320,616,160,456,0,1
Hòa Bình,08/11/2025 05:00,115.97,117,80,2242,3930,1765,2165,1,0
Sông Ba Hạ,08/11/2025 05:00,105,105,101,5540,5546,5300,246,0,12
Trị An,08/11/2025 05:00,61.67,62,50,1350,616,160,456,0,1
Hòa Bình,08/11/2025 06:00,115.94,117,80,2240,3931,1765,2166,1,0
Sông Ba Hạ,08/11/2025 06:00,105,105,101,5160,5046,4800,246,0,12
Trị An,08/11/2025 06:00,61.68,62,50,1420,914,160,754,0,1
Hòa Bình,08/11/2025 07:00,115.91,117,80,2244,3932,1764,2168,1,0
Sông Ba Hạ,08/11/2025 07:00,105,105,101,4860,4860,4500,360,0,12
Trị An,08/11/2025 07:00,61.69,62,50,1520,917,160,757,0,1
Hòa Bình,08/11/2025 08:00,115.89,117,80,2522,3927,1763,2164,1,0
Sông Ba Hạ,08/11/2025 08:00,105,105,101,4800,4860,4500,360,0,12
Trị An,08/11/2025 08:00,61.7,62,50,1590,917,160,757,0,1
Hòa Bình,08/11/2025 09:00,115.88,117,80,2489,2166,0,2166,0,0
Sông Ba Hạ,08/11/2025 09:00,105,105,101,4580,4569,4200,369,0,12
Trị An,08/11/2025 09:00,61.7,62,50,1590,894,160,734,0,1
Hòa Bình,08/11/2025 10:00,115.89,117,80,2118,1546,0,1546,0,0
Sông Ba Hạ,08/11/2025 10:00,105,105,101,4120,4010,3700,310,0,12
Trị An,08/11/2025 10:00,61.71,62,50,1580,802,160,642,0,1
Hòa Bình,08/11/2025 11:00,115.9,117,80,1687,1002,0,1002,0,0
Sông Ba Hạ,08/11/2025 11:00,105,105,101,3670,3455,3200,255,0,12
Trị An,08/11/2025 11:00,61.72,62,50,1540,620,160,460,0,1
Hòa Bình,08/11/2025 12:00,115.92,117,80,2046,910,0,910,0,0
Sông Ba Hạ,08/11/2025 12:00,105,105,101,3610,3455,3200,255,0,12
Trị An,08/11/2025 12:00,61.73,62,50,1560,618,160,458,0,1
Hòa Bình,08/11/2025 13:00,115.94,117,80,1875,739,0,739,0,0
Sông Ba Hạ,08/11/2025 13:00,105,105,101,3220,2955,2700,255,0,12
Trị An,08/11/2025 13:00,61.74,62,50,1500,616,160,456,0,1
Hòa Bình,08/11/2025 14:00,115.96,117,80,1873,736,0,736,0,0
Sông Ba Hạ,08/11/2025 14:00,105,105,101,2560,2600,2200,400,0,12
Trị An,08/11/2025 14:00,61.75,62,50,1480,912,160,752,0,1
Hòa Bình,08/11/2025 15:00,115.97,117,80,1612,1040,0,1040,0,0
Sông Ba Hạ,08/11/2025 15:00,105,105,101,2040,2100,1700,400,0,12
Trị An,08/11/2025 15:00,61.75,62,50,1430,912,160,752,0,1
Hòa Bình,08/11/2025 16:00,115.97,117,80,1503,1496,0,1496,0,0
Sông Ba Hạ,08/11/2025 16:00,105,105,101,1990,2100,1700,400,0,12
Trị An,08/11/2025 16:00,61.76,62,50,1350,912,160,752,0,1
Hòa Bình,08/11/2025 17:00,115.97,117,80,1826,1819,0,1819,0,0
Sông Ba Hạ,08/11/2025 17:00,105,105,101,2020,2100,1700,400,0,12
Trị An,08/11/2025 17:00,61.76,62,50,1290,912,160,752,0,1
Hòa Bình,08/11/2025 18:00,115.98,117,80,2369,1797,0,1797,0,0
Sông Ba Hạ,08/11/2025 18:00,105,105,101,2080,2100,1700,400,0,12
Trị An,08/11/2025 18:00,61.76,62,50,1210,914,160,754,0,1
Hòa Bình,08/11/2025 19:00,116,117,80,2676,1530,0,1530,0,0
Sông Ba Hạ,08/11/2025 19:00,105,105,101,2090,2100,1700,400,0,12
Trị An,08/11/2025 19:00,61.76,62,50,1120,917,160,757,0,1
Hòa Bình,08/11/2025 20:00,116.03,117,80,2765,1276,0,1276,0,0
Sông Ba Hạ,08/11/2025 20:00,105,105,101,2100,2100,1700,400,0,12
Trị An,08/11/2025 20:00,61.77,62,50,1090,917,160,757,0,1
Hòa Bình,08/11/2025 21:00,116.06,117,80,2795,1078,0,1078,0,0
Sông Ba Hạ,08/11/2025 21:00,105,105,101,2070,2100,1700,400,0,12
Trị An,08/11/2025 21:00,61.77,62,50,1090,920,160,760,0,1
Hòa Bình,08/11/2025 22:00,116.09,117,80,2770,1053,0,1053,0,0
Sông Ba Hạ,08/11/2025 22:00,105,105,101,2090,2100,1700,400,0,12
Trị An,08/11/2025 22:00,61.77,62,50,1150,920,160,760,0,1
Hòa Bình,08/11/2025 23:00,116.13,117,80,2888,829,0,829,0,0
Sông Ba Hạ,08/11/2025 23:00,105,105,101,2080,2100,1700,400,0,12
Trị An,08/11/2025 23:00,61.78,62,50,1160,920,160,760,0,1
Hòa Bình,09/11/2025 00:00,116.17,117,80,2617,612,0,612,0,0
Sông Ba Hạ,09/11/2025 00:00,105,105,101,2100,2100,1700,400,0,12
Trị An,09/11/2025 00:00,61.78,62,50,1160,920,160,760,0,1
Hòa Bình,09/11/2025 01:00,116.21,117,80,2669,611,0,611,0,0
Sông Ba Hạ,09/11/2025 01:00,105,105,101,2090,2100,1700,400,0,12
Trị An,09/11/2025 01:00,61.78,62,50,1180,917,160,757,0,1
Hòa Bình,09/11/2025 02:00,116.24,117,80,2327,610,0,610,0,0
Sông Ba Hạ,09/11/2025 02:00,105,105,101,2100,2100,1700,400,0,12
Trị An,09/11/2025 02:00,61.78,62,50,1150,917,160,757,0,1
Hòa Bình,09/11/2025 03:00,116.27,117,80,2327,610,0,610,0,0
Sông Ba Hạ,09/11/2025 03:00,105,105,101,2080,2100,1700,400,0,12
Trị An,09/11/2025 03:00,61.78,62,50,1150,917,160,757,0,1
Hòa Bình,09/11/2025 04:00,116.29,117,80,1985,610,0,610,0,0
Sông Ba Hạ,09/11/2025 04:00,105,105,101,2090,2100,1700,400,0,12
Trị An,09/11/2025 04:00,61.79,62,50,1090,917,160,757,0,1
Hòa Bình,09/11/2025 05:00,116.3,117,80,1187,611,0,611,0,0
Sông Ba Hạ,09/11/2025 05:00,105,105,101,2080,2100,1700,400,0,12
Trị An,09/11/2025 05:00,61.79,62,50,1090,917,160,757,0,1
Hòa Bình,09/11/2025 06:00,116.3,117,80,618,611,0,611,0,0
Sông Ba Hạ,09/11/2025 06:00,104.99,105,101,2070,2100,1700,400,0,12
Trị An,09/11/2025 06:00,61.79,62,50,1090,917,160,757,0,1
Hòa Bình,09/11/2025 07:00,116.29,117,80,275,611,0,611,0,0
Sông Ba Hạ,09/11/2025 07:00,104.99,105,101,2060,2100,1700,400,0,12
Trị An,09/11/2025 07:00,61.8,62,50,1150,917,160,757,0,1
Hòa Bình,09/11/2025 08:00,116.3,117,80,1252,676,0,676,0,0
Sông Ba Hạ,09/11/2025 08:00,104.99,105,101,2050,2034,1700,334,0,12
Trị An,09/11/2025 08:00,61.8,62,50,1210,1080,320,760,0,2
Hòa Bình,09/11/2025 09:00,116.31,117,80,1278,701,0,701,0,0
Sông Ba Hạ,09/11/2025 09:00,104.99,105,101,1130,1140,900,240,0,11
Trị An,09/11/2025 09:00,61.8,62,50,1220,868,320,548,0,2
Hòa Bình,09/11/2025 10:00,116.32,117,80,1240,663,0,663,0,0
Sông Ba Hạ,09/11/2025 10:00,104.99,105,101,800,820,700,120,0,8
Trị An,09/11/2025 10:00,61.8,62,50,1180,782,320,462,0,2
Hòa Bình,09/11/2025 11:00,116.32,117,80,711,704,0,704,0,0
Sông Ba Hạ,09/11/2025 11:00,104.99,105,101,790,820,700,120,0,8
Trị An,09/11/2025 11:00,61.81,62,50,1190,663,320,343,0,2
Hòa Bình,09/11/2025 12:00,116.31,117,80,350,742,0,742,0,0
Sông Ba Hạ,09/11/2025 12:00,104.98,105,101,770,820,700,120,0,8
Trị An,09/11/2025 12:00,61.82,62,50,1240,662,320,342,0,2
Hòa Bình,09/11/2025 13:00,116.3,117,80,293,742,0,742,0,0
Sông Ba Hạ,09/11/2025 13:00,104.98,105,101,780,820,700,120,0,8
Trị An,09/11/2025 13:00,61.82,62,50,1280,662,320,342,0,2
Hòa Bình,09/11/2025 14:00,116.3,117,80,749,742,0,742,0,0
Sông Ba Hạ,09/11/2025 14:00,104.98,105,101,860,940,700,240,0,8
Trị An,09/11/2025 14:00,61.83,62,50,1310,660,320,340,0,2
Hòa Bình,09/11/2025 15:00,116.29,117,80,406,741,0,741,0,0
Sông Ba Hạ,09/11/2025 15:00,104.97,105,101,870,940,700,240,0,8
Trị An,09/11/2025 15:00,61.84,62,50,1360,1234,480,754,0,3
Hòa Bình,09/11/2025 16:00,116.29,117,80,748,741,0,741,0,0
Sông Ba Hạ,09/11/2025 16:00,104.96,105,101,920,1100,700,400,0,8
Trị An,09/11/2025 16:00,61.84,62,50,1400,1240,480,760,0,3
Hòa Bình,09/11/2025 17:00,116.3,117,80,1518,941,0,941,0,0
Sông Ba Hạ,09/11/2025 17:00,104.96,105,101,950,1100,700,400,0,8
Trị An,09/11/2025 17:00,61.84,62,50,1420,1242,480,762,0,3
Hòa Bình,09/11/2025 18:00,116.29,117,80,2251,3042,1770,1272,1,0
Sông Ba Hạ,09/11/2025 18:00,104.95,105,101,960,1100,700,400,0,8
Trị An,09/11/2025 18:00,61.84,62,50,1510,1240,480,760,0,3
Hòa Bình,09/11/2025 19:00,116.29,117,80,3542,3535,1771,1764,1,0
Sông Ba Hạ,09/11/2025 19:00,104.95,105,101,950,1100,700,400,0,8
Trị An,09/11/2025 19:00,61.85,62,50,1540,1242,480,762,0,3
Hòa Bình,09/11/2025 20:00,116.3,117,80,4258,3909,1771,2138,1,0
Sông Ba Hạ,09/11/2025 20:00,104.95,105,101,970,1052,700,352,0,8
Trị An,09/11/2025 20:00,61.85,62,50,1570,1242,480,762,0,3
Hòa Bình,09/11/2025 21:00,116.31,117,80,4440,3864,1772,2092,1,0
Sông Ba Hạ,09/11/2025 21:00,104.94,105,101,980,1068,700,368,0,8
Trị An,09/11/2025 21:00,61.85,62,50,1420,1245,480,765,0,3
Hòa Bình,09/11/2025 22:00,116.33,117,80,4717,3799,1772,2027,1,0
Sông Ba Hạ,09/11/2025 22:00,104.94,105,101,960,1005,700,305,0,8
Trị An,09/11/2025 22:00,61.86,62,50,1470,946,480,466,0,3
Hòa Bình,09/11/2025 23:00,116.36,117,80,4853,3593,1773,1820,1,0
Sông Ba Hạ,09/11/2025 23:00,104.93,105,101,910,940,700,240,0,8
Trị An,09/11/2025 23:00,61.86,62,50,1400,946,480,466,0,3
Hòa Bình,10/11/2025 00:00,116.39,117,80,4742,3253,1773,1480,1,0
Sông Ba Hạ,10/11/2025 00:00,104.93,105,101,880,940,700,240,0,8
Trị An,10/11/2025 00:00,61.87,62,50,1480,946,480,466,0,3
Hòa Bình,10/11/2025 01:00,116.42,117,80,4821,3104,1773,1331,1,0
Sông Ba Hạ,10/11/2025 01:00,104.92,105,101,870,940,700,240,0,8
Trị An,10/11/2025 01:00,61.87,62,50,1360,946,480,466,0,3
Hòa Bình,10/11/2025 02:00,116.46,117,80,4775,2945,1773,1172,1,0
Sông Ba Hạ,10/11/2025 02:00,104.92,105,101,880,940,700,240,0,8
Trị An,10/11/2025 02:00,61.88,62,50,1410,1092,480,612,0,3
Hòa Bình,10/11/2025 03:00,116.48,117,80,4055,2908,1773,1135,1,0
Sông Ba Hạ,10/11/2025 03:00,104.91,105,101,870,940,700,240,0,8
Trị An,10/11/2025 03:00,61.88,62,50,1340,1092,480,612,0,3
Hòa Bình,10/11/2025 04:00,116.49,117,80,3650,3074,1773,1301,1,0
Sông Ba Hạ,10/11/2025 04:00,104.91,105,101,860,940,700,240,0,8
Trị An,10/11/2025 04:00,61.88,62,50,1340,944,480,464,0,3
Hòa Bình,10/11/2025 05:00,116.5,117,80,3481,3132,1773,1359,1,0
Sông Ba Hạ,10/11/2025 05:00,104.91,105,101,880,940,700,240,0,8
Trị An,10/11/2025 05:00,61.88,62,50,1260,944,480,464,0,3
Hòa Bình,10/11/2025 06:00,116.51,117,80,3762,3185,1773,1412,1,0
Sông Ba Hạ,10/11/2025 06:00,104.9,105,101,870,940,700,240,0,8
Trị An,10/11/2025 06:00,61.89,62,50,1230,1090,480,610,0,3
Hòa Bình,10/11/2025 07:00,116.51,117,80,3427,3420,1773,1647,1,0
Sông Ba Hạ,10/11/2025 07:00,104.9,105,101,850,940,700,240,0,8
Trị An,10/11/2025 07:00,61.89,62,50,1230,944,480,464,0,3
Hòa Bình,10/11/2025 08:00,116.5,117,80,3324,3887,1773,2114,1,0
Sông Ba Hạ,10/11/2025 08:00,104.89,105,101,840,873,500,373,0,6
Trị An,10/11/2025 08:00,61.89,62,50,1200,944,480,464,0,3
Hòa Bình,10/11/2025 09:00,116.5,117,80,4117,4110,1773,2337,1,0
Sông Ba Hạ,10/11/2025 09:00,104.89,105,101,850,868,500,368,0,6
Trị An,10/11/2025 09:00,61.89,62,50,1220,1320,640,680,0,4
Hòa Bình,10/11/2025 10:00,116.51,117,80,4459,3882,1773,2109,1,0
Sông Ba Hạ,10/11/2025 10:00,104.89,105,101,800,817,500,317,0,6
Trị An,10/11/2025 10:00,61.89,62,50,1150,1287,640,647,0,4
Hòa Bình,10/11/2025 11:00,116.52,117,80,4299,3723,1773,1950,1,0
Sông Ba Hạ,10/11/2025 11:00,104.89,105,101,740,740,500,240,0,6
Trị An,10/11/2025 11:00,61.89,62,50,1090,1106,640,466,0,4
Hòa Bình,10/11/2025 12:00,116.53,117,80,4308,3731,1773,1958,1,0
Sông Ba Hạ,10/11/2025 12:00,104.89,105,101,720,740,500,240,0,6
Trị An,10/11/2025 12:00,61.89,62,50,1050,1106,640,466,0,4
Hòa Bình,10/11/2025 13:00,116.54,117,80,4307,3730,1773,1957,1,0
Sông Ba Hạ,10/11/2025 13:00,104.88,105,101,710,740,500,240,0,6
Trị An,10/11/2025 13:00,61.89,62,50,1080,1104,640,464,0,4
Hòa Bình,10/11/2025 14:00,116.55,117,80,4305,3729,1773,1956,1,0
Sông Ba Hạ,10/11/2025 14:00,104.88,105,101,760,802,500,302,0,6
Trị An,10/11/2025 14:00,61.88,62,50,1140,1402,640,762,0,4
Hòa Bình,10/11/2025 15:00,116.55,117,80,3972,3965,1773,2192,1,0
Sông Ba Hạ,10/11/2025 15:00,104.87,105,101,810,900,500,400,0,6
Trị An,10/11/2025 15:00,61.88,62,50,1150,1562,800,762,0,5
Hòa Bình,10/11/2025 16:00,116.54,117,80,3638,4201,1773,2428,1,0
Sông Ba Hạ,10/11/2025 16:00,104.87,105,101,850,900,500,400,0,6
Trị An,10/11/2025 16:00,61.88,62,50,1130,1565,800,765,0,5
Hòa Bình,10/11/2025 17:00,116.52,117,80,3141,4160,1772,2388,1,0
Sông Ba Hạ,10/11/2025 17:00,104.86,105,101,860,900,500,400,0,6
Trị An,10/11/2025 17:00,61.87,62,50,1090,1209,800,409,0,5
Hòa Bình,10/11/2025 18:00,116.52,117,80,4157,4150,1773,2377,1,0
Sông Ba Hạ,10/11/2025 18:00,104.86,105,101,870,900,500,400,0,6
Trị An,10/11/2025 18:00,61.87,62,50,1050,1268,800,468,0,5
Hòa Bình,10/11/2025 19:00,116.53,117,80,4476,4184,1773,2411,1,0
Sông Ba Hạ,10/11/2025 19:00,104.86,105,101,860,900,500,400,0,6
Trị An,10/11/2025 19:00,61.87,62,50,1070,1266,800,466,0,5
Hòa Bình,10/11/2025 20:00,116.54,117,80,4613,4151,1774,2377,1,0
Sông Ba Hạ,10/11/2025 20:00,104.85,105,101,850,900,500,400,0,6
Trị An,10/11/2025 20:00,61.87,62,50,1060,1266,800,466,0,5
Hòa Bình,10/11/2025 21:00,116.55,117,80,4738,4161,1774,2387,1,0
Sông Ba Hạ,10/11/2025 21:00,104.85,105,101,840,900,500,400,0,6
Trị An,10/11/2025 21:00,61.86,62,50,1130,1565,800,765,0,5
Hòa Bình,10/11/2025 22:00,116.56,117,80,4534,4185,1774,2411,1,0
Sông Ba Hạ,10/11/2025 22:00,104.85,105,101,860,900,500,400,0,6
Trị An,10/11/2025 22:00,61.86,62,50,1200,1568,800,768,0,5
Hòa Bình,10/11/2025 23:00,116.56,117,80,4172,4164,1773,2391,1,0
Sông Ba Hạ,10/11/2025 23:00,104.85,105,101,800,805,500,305,0,6
Trị An,10/11/2025 23:00,61.86,62,50,1300,1384,800,584,0,5
Hòa Bình,11/11/2025 00:00,116.57,117,80,4329,3924,1774,2150,1,0
Sông Ba Hạ,11/11/2025 00:00,104.85,105,101,720,740,500,240,0,6
Trị An,11/11/2025 00:00,61.86,62,50,1290,1354,800,554,0,5
Hòa Bình,11/11/2025 01:00,116.58,117,80,4254,3677,1774,1903,1,0
Sông Ba Hạ,11/11/2025 01:00,104.85,105,101,740,740,500,240,0,6
Trị An,11/11/2025 01:00,61.86,62,50,1250,1270,800,470,0,5
Hòa Bình,11/11/2025 02:00,116.59,117,80,4065,3659,1774,1885,1,0
Sông Ba Hạ,11/11/2025 02:00,104.85,105,101,730,740,500,240,0,6
Trị An,11/11/2025 02:00,61.86,62,50,1280,1385,800,585,0,5
Hòa Bình,11/11/2025 03:00,116.6,117,80,3952,3660,1774,1886,1,0
Sông Ba Hạ,11/11/2025 03:00,104.85,105,101,720,740,500,240,0,6
Trị An,11/11/2025 03:00,61.86,62,50,1400,1272,800,472,0,5
Hòa Bình,11/11/2025 04:00,116.6,117,80,3682,3675,1774,1901,1,0
Sông Ba Hạ,11/11/2025 04:00,104.84,105,101,720,740,500,240,0,6
Trị An,11/11/2025 04:00,61.86,62,50,1490,1274,800,474,0,5
Hòa Bình,11/11/2025 05:00,116.59,117,80,3397,3675,1774,1901,1,0
Sông Ba Hạ,11/11/2025 05:00,104.84,105,101,750,778,500,278,0,6
Trị An,11/11/2025 05:00,61.87,62,50,1610,1387,800,587,0,5
Hòa Bình,11/11/2025 06:00,116.59,117,80,3682,3675,1774,1901,1,0
Sông Ba Hạ,11/11/2025 06:00,104.83,105,101,780,828,500,328,0,6
Trị An,11/11/2025 06:00,61.87,62,50,1650,1387,800,587,0,5
Hòa Bình,11/11/2025 07:00,116.59,117,80,3679,3672,1774,1898,1,0
Sông Ba Hạ,11/11/2025 07:00,104.83,105,101,790,812,500,312,0,6
Trị An,11/11/2025 07:00,61.87,62,50,1660,1417,800,617,0,5
Hòa Bình,11/11/2025 08:00,116.59,117,80,3877,3870,1774,2096,1,0
Sông Ba Hạ,11/11/2025 08:00,104.83,105,101,730,750,400,350,0,5
Trị An,11/11/2025 08:00,61.87,62,50,1560,1420,800,620,0,5
Hòa Bình,11/11/2025 09:00,116.59,117,80,4075,4068,1774,2294,1,0
Sông Ba Hạ,11/11/2025 09:00,104.82,105,101,670,700,300,400,0,4
Trị An,11/11/2025 09:00,61.88,62,50,1530,1320,800,520,0,5
Hòa Bình,11/11/2025 10:00,116.6,117,80,4452,4046,1774,2272,1,0
Sông Ba Hạ,11/11/2025 10:00,104.82,105,101,650,590,300,290,0,4
Trị An,11/11/2025 10:00,61.87,62,50,1420,1355,800,555,0,5
Hòa Bình,11/11/2025 11:00,116.61,117,80,4593,4016,1774,2242,1,0
Sông Ba Hạ,11/11/2025 11:00,104.82,105,101,640,445,300,145,0,4
Trị An,11/11/2025 11:00,61.87,62,50,1370,1272,800,472,0,5
Hòa Bình,11/11/2025 12:00,116.62,117,80,4597,4020,1774,2246,1,0
Sông Ba Hạ,11/11/2025 12:00,104.83,105,101,630,463,300,163,0,4
Trị An,11/11/2025 12:00,61.87,62,50,1240,1272,800,472,0,5
Hòa Bình,11/11/2025 13:00,116.63,117,80,4431,3855,1775,2080,1,0
Sông Ba Hạ,11/11/2025 13:00,104.83,105,101,620,550,300,250,0,4
Trị An,11/11/2025 13:00,61.87,62,50,1220,1385,800,585,0,5
Hòa Bình,11/11/2025 14:00,116.64,117,80,4248,3671,1775,1896,1,0
Sông Ba Hạ,11/11/2025 14:00,104.83,105,101,610,626,300,326,0,4
Trị An,11/11/2025 14:00,61.87,62,50,1220,1530,800,730,0,5
Hòa Bình,11/11/2025 15:00,116.64,117,80,3942,3935,1775,2160,1,0
Sông Ba Hạ,11/11/2025 15:00,104.82,105,101,640,700,300,400,0,4
Trị An,11/11/2025 15:00,61.86,62,50,1260,1571,800,771,0,5
Hòa Bình,11/11/2025 16:00,116.63,117,80,3639,4203,1775,2428,1,0
Sông Ba Hạ,11/11/2025 16:00,104.82,105,101,650,700,300,400,0,4
Trị An,11/11/2025 16:00,61.86,62,50,1230,1579,960,619,0,6
Hòa Bình,11/11/2025 17:00,116.62,117,80,3703,4151,1774,2377,1,0
Sông Ba Hạ,11/11/2025 17:00,104.82,105,101,670,700,300,400,0,4
Trị An,11/11/2025 17:00,61.86,62,50,1190,1579,960,619,0,6
Hòa Bình,11/11/2025 18:00,116.63,117,80,4474,4126,1775,2351,1,0
Sông Ba Hạ,11/11/2025 18:00,104.81,105,101,660,700,300,400,0,4
Trị An,11/11/2025 18:00,61.85,62,50,1130,1577,960,617,0,6
Hòa Bình,11/11/2025 19:00,116.64,117,80,4588,4182,1775,2407,1,0
Sông Ba Hạ,11/11/2025 19:00,104.81,105,101,670,700,300,400,0,4
Trị An,11/11/2025 19:00,61.84,62,50,1190,1734,960,774,0,6
Hòa Bình,11/11/2025 20:00,116.65,117,80,4559,4210,1775,2435,1,0
Sông Ba Hạ,11/11/2025 20:00,104.81,105,101,680,700,300,400,0,4
Trị An,11/11/2025 20:00,61.84,62,50,1240,1734,960,774,0,6
Hòa Bình,11/11/2025 21:00,116.65,117,80,4218,4211,1776,2435,1,0
Sông Ba Hạ,11/11/2025 21:00,104.8,105,101,670,700,300,400,0,4
Trị An,11/11/2025 21:00,61.84,62,50,1290,1736,960,776,0,6
Hòa Bình,11/11/2025 22:00,116.63,117,80,3080,4214,1775,2439,1,0
Sông Ba Hạ,11/11/2025 22:00,104.8,105,101,670,700,300,400,0,4
Trị An,11/11/2025 22:00,61.83,62,50,1290,1739,960,779,0,6
Hòa Bình,11/11/2025 23:00,116.61,117,80,3078,4210,1774,2436,1,0
Sông Ba Hạ,11/11/2025 23:00,104.8,105,101,670,700,300,400,0,4
Trị An,11/11/2025 23:00,61.82,62,50,1290,1739,960,779,0,6
Hòa Bình,12/11/2025 00:00,116.58,117,80,2503,4205,1771,2434,1,0
Sông Ba Hạ,12/11/2025 00:00,104.79,105,101,670,700,300,400,0,4
Trị An,12/11/2025 00:00,61.82,62,50,1240,1739,960,779,0,6
Hòa Bình,12/11/2025 01:00,116.54,117,80,1906,4179,1771,2408,1,0
Sông Ba Hạ,12/11/2025 01:00,104.79,105,101,680,700,300,400,0,4
Trị An,12/11/2025 01:00,61.81,62,50,1150,1739,960,779,0,6
Hòa Bình,12/11/2025 02:00,116.51,117,80,2435,4139,1771,2368,1,0
Sông Ba Hạ,12/11/2025 02:00,104.79,105,101,670,700,300,400,0,4
Trị An,12/11/2025 02:00,61.8,62,50,1030,1739,960,779,0,6
Hòa Bình,12/11/2025 03:00,116.48,117,80,2463,4166,1771,2395,1,0
Sông Ba Hạ,12/11/2025 03:00,104.79,105,101,660,678,300,378,0,4
Trị An,12/11/2025 03:00,61.79,62,50,1000,1739,960,779,0,6
Hòa Bình,12/11/2025 04:00,116.43,117,80,1365,4207,1769,2438,1,0
Sông Ba Hạ,12/11/2025 04:00,104.78,105,101,650,685,300,385,0,4
Trị An,12/11/2025 04:00,61.79,62,50,1100,1694,960,734,0,6
Hòa Bình,12/11/2025 05:00,116.37,117,80,796,4209,1768,2441,1,0
Sông Ba Hạ,12/11/2025 05:00,104.78,105,101,670,700,300,400,0,4
Trị An,12/11/2025 05:00,61.78,62,50,1190,1736,960,776,0,6
Hòa Bình,12/11/2025 06:00,116.3,117,80,458,4213,1767,2446,1,0
Sông Ba Hạ,12/11/2025 06:00,104.78,105,101,680,700,300,400,0,4
Trị An,12/11/2025 06:00,61.78,62,50,1220,1736,960,776,0,6
Hòa Bình,12/11/2025 07:00,116.22,117,80,231,4213,1766,2447,1,0
Sông Ba Hạ,12/11/2025 07:00,104.78,105,101,670,700,300,400,0,4
Trị An,12/11/2025 07:00,61.77,62,50,1260,1736,960,776,0,6
Hòa Bình,12/11/2025 08:00,116.14,117,80,117,4214,1765,2449,1,0
Sông Ba Hạ,12/11/2025 08:00,104.78,105,101,690,700,300,400,0,4
Trị An,12/11/2025 08:00,61.77,62,50,1380,1736,960,776,0,6
Hòa Bình,12/11/2025 09:00,116.09,117,80,467,2428,0,2428,0,0
Sông Ba Hạ,12/11/2025 09:00,104.78,105,101,700,700,300,400,0,4
Trị An,12/11/2025 09:00,61.77,62,50,1500,1736,960,776,0,6
Hòa Bình,12/11/2025 10:00,116.08,117,80,1268,1831,0,1831,0,0
Sông Ba Hạ,12/11/2025 10:00,104.78,105,101,640,500,300,200,0,4
Trị An,12/11/2025 10:00,61.76,62,50,1500,1736,960,776,0,6
Hòa Bình,12/11/2025 11:00,116.09,117,80,1819,1242,0,1242,0,0
Sông Ba Hạ,12/11/2025 11:00,104.79,105,101,620,500,300,200,0,4
Trị An,12/11/2025 11:00,61.76,62,50,1560,1736,960,776,0,6
Hòa Bình,12/11/2025 12:00,116.11,117,80,2254,1107,0,1107,0,0
Sông Ba Hạ,12/11/2025 12:00,104.8,105,101,610,486,300,186,0,4
Trị An,12/11/2025 12:00,61.77,62,50,1660,1686,960,726,0,6
Hòa Bình,12/11/2025 13:00,116.12,117,80,1611,1034,0,1034,0,0
Sông Ba Hạ,12/11/2025 13:00,104.8,105,101,630,640,300,340,0,4
Trị An,12/11/2025 13:00,61.76,62,50,1660,1736,960,776,0,6
Hòa Bình,12/11/2025 14:00,116.11,117,80,760,1324,0,1324,0,0
Sông Ba Hạ,12/11/2025 14:00,104.8,105,101,640,700,300,400,0,4
Trị An,12/11/2025 14:00,61.76,62,50,1600,1736,960,776,0,6
Hòa Bình,12/11/2025 15:00,116.08,117,80,136,1839,0,1839,0,0
Sông Ba Hạ,12/11/2025 15:00,104.8,105,101,680,700,300,400,0,4
Trị An,12/11/2025 15:00,61.76,62,50,1510,1576,800,776,0,5
Hòa Bình,12/11/2025 16:00,116.04,117,80,84,2167,0,2167,0,0
Sông Ba Hạ,12/11/2025 16:00,104.8,105,101,690,700,300,400,0,4
Trị An,12/11/2025 16:00,61.76,62,50,1540,1574,800,774,0,5
Hòa Bình,12/11/2025 17:00,116.01,117,80,263,1966,0,1966,0,0
Sông Ba Hạ,12/11/2025 17:00,104.8,105,101,700,700,300,400,0,4
Trị An,12/11/2025 17:00,61.76,62,50,1540,1571,800,771,0,5
Hòa Bình,12/11/2025 18:00,115.99,117,80,897,2021,0,2021,0,0
Sông Ba Hạ,12/11/2025 18:00,104.8,105,101,690,700,300,400,0,4
Trị An,12/11/2025 18:00,61.76,62,50,1540,1571,800,771,0,5
Hòa Bình,12/11/2025 19:00,115.98,117,80,1712,2270,0,2270,0,0
Sông Ba Hạ,12/11/2025 19:00,104.8,105,101,680,700,300,400,0,4
Trị An,12/11/2025 19:00,61.76,62,50,1540,1571,800,771,0,5
Hòa Bình,12/11/2025 20:00,115.97,117,80,1483,2042,0,2042,0,0
Sông Ba Hạ,12/11/2025 20:00,104.8,105,101,670,700,300,400,0,4
Trị An,12/11/2025 20:00,61.76,62,50,1570,1571,800,771,0,5
Hòa Bình,12/11/2025 21:00,115.97,117,80,2028,2021,0,2021,0,0
Sông Ba Hạ,12/11/2025 21:00,104.8,105,101,690,700,300,400,0,4
Trị An,12/11/2025 21:00,61.76,62,50,1600,1571,800,771,0,5
Hòa Bình,12/11/2025 22:00,115.96,117,80,1584,2143,0,2143,0,0
Sông Ba Hạ,12/11/2025 22:00,104.8,105,101,700,700,300,400,0,4
Trị An,12/11/2025 22:00,61.76,62,50,1630,1571,800,771,0,5
Hòa Bình,12/11/2025 23:00,115.95,117,80,1317,1762,0,1762,0,0
Sông Ba Hạ,12/11/2025 23:00,104.8,105,101,690,700,300,400,0,4
Trị An,12/11/2025 23:00,61.76,62,50,1570,1571,800,771,0,5
Hòa Bình,13/11/2025 00:00,115.95,117,80,1208,1201,0,1201,0,0
Sông Ba Hạ,13/11/2025 00:00,104.8,105,101,680,700,300,400,0,4
Trị An,13/11/2025 00:00,61.76,62,50,1540,1571,800,771,0,5
Hòa Bình,13/11/2025 01:00,115.96,117,80,1308,736,0,736,0,0
Sông Ba Hạ,13/11/2025 01:00,104.8,105,101,700,700,300,400,0,4
Trị An,13/11/2025 01:00,61.76,62,50,1510,1574,800,774,0,5
Hòa Bình,13/11/2025 02:00,115.97,117,80,1302,730,0,730,0,0
Sông Ba Hạ,13/11/2025 02:00,104.8,105,101,690,700,300,400,0,4
Trị An,13/11/2025 02:00,61.76,62,50,1570,1574,800,774,0,5
Hòa Bình,13/11/2025 03:00,115.98,117,80,1297,725,0,725,0,0
Sông Ba Hạ,13/11/2025 03:00,104.8,105,101,680,700,300,400,0,4
Trị An,13/11/2025 03:00,61.76,62,50,1570,1571,800,771,0,5
Hòa Bình,13/11/2025 04:00,115.99,117,80,1298,726,0,726,0,0
Sông Ba Hạ,13/11/2025 04:00,104.8,105,101,670,700,300,400,0,4
Trị An,13/11/2025 04:00,61.76,62,50,1540,1571,800,771,0,5
Hòa Bình,13/11/2025 05:00,115.99,117,80,737,730,0,730,0,0
Sông Ba Hạ,13/11/2025 05:00,104.8,105,101,690,700,300,400,0,4
Trị An,13/11/2025 05:00,61.76,62,50,1480,1571,800,771,0,5
Hòa Bình,13/11/2025 06:00,115.99,117,80,741,734,0,734,0,0
Sông Ba Hạ,13/11/2025 06:00,104.8,105,101,700,700,300,400,0,4
Trị An,13/11/2025 06:00,61.76,62,50,1480,1571,800,771,0,5
Hòa Bình,13/11/2025 07:00,115.99,117,80,803,796,0,796,0,0
Sông Ba Hạ,13/11/2025 07:00,104.79,105,101,660,700,300,400,0,4
Trị An,13/11/2025 07:00,61.76,62,50,1480,1571,800,771,0,5
Hòa Bình,13/11/2025 08:00,115.99,117,80,863,856,0,856,0,0
Sông Ba Hạ,13/11/2025 08:00,104.79,105,101,680,700,300,400,0,4
Trị An,13/11/2025 08:00,61.75,62,50,1450,1571,800,771,0,5
Hòa Bình,13/11/2025 09:00,115.99,117,80,856,849,0,849,0,0
Sông Ba Hạ,13/11/2025 09:00,104.79,105,101,690,627,300,327,0,4
Trị An,13/11/2025 09:00,61.75,62,50,1440,1536,800,736,0,5
Hòa Bình,13/11/2025 10:00,116,117,80,1365,788,0,788,0,0
Sông Ba Hạ,13/11/2025 10:00,104.79,105,101,660,540,300,240,0,4
Trị An,13/11/2025 10:00,61.75,62,50,1400,1268,800,468,0,5
Hòa Bình,13/11/2025 11:00,116.01,117,80,1309,732,0,732,0,0
Sông Ba Hạ,13/11/2025 11:00,104.8,105,101,640,575,300,275,0,4
Trị An,13/11/2025 11:00,61.75,62,50,1390,1268,800,468,0,5
Hòa Bình,13/11/2025 12:00,116.01,117,80,741,734,0,734,0,0
Sông Ba Hạ,13/11/2025 12:00,104.8,105,101,630,540,300,240,0,4
Trị An,13/11/2025 12:00,61.76,62,50,1360,1268,800,468,0,5
Hòa Bình,13/11/2025 13:00,116.02,117,80,1312,735,0,735,0,0
Sông Ba Hạ,13/11/2025 13:00,104.81,105,101,620,600,300,300,0,4
Trị An,13/11/2025 13:00,61.76,62,50,1360,1383,800,583,0,5
Hòa Bình,13/11/2025 14:00,116.02,117,80,741,734,0,734,0,0
Sông Ba Hạ,13/11/2025 14:00,104.81,105,101,650,700,300,400,0,4
Trị An,13/11/2025 14:00,61.75,62,50,1380,1568,800,768,0,5
Hòa Bình,13/11/2025 15:00,116.02,117,80,741,734,0,734,0,0
Sông Ba Hạ,13/11/2025 15:00,104.8,105,101,640,670,300,370,0,4
Trị An,13/11/2025 15:00,61.75,62,50,1360,1486,800,686,0,5
Hòa Bình,13/11/2025 16:00,116.01,117,80,576,1139,0,1139,0,0
Sông Ba Hạ,13/11/2025 16:00,104.8,105,101,650,700,300,400,0,4
Trị An,13/11/2025 16:00,61.75,62,50,1280,1568,800,768,0,5
Hòa Bình,13/11/2025 17:00,116.01,117,80,1470,1463,0,1463,0,0
Sông Ba Hạ,13/11/2025 17:00,104.8,105,101,680,700,300,400,0,4
Trị An,13/11/2025 17:00,61.74,62,50,1220,1568,800,768,0,5
Hòa Bình,13/11/2025 18:00,116.02,117,80,2200,1623,0,1623,0,0
Sông Ba Hạ,13/11/2025 18:00,104.8,105,101,690,700,300,400,0,4
Trị An,13/11/2025 18:00,61.74,62,50,1180,1568,800,768,0,5
Hòa Bình,13/11/2025 19:00,116.04,117,80,2495,1576,0,1576,0,0
Sông Ba Hạ,13/11/2025 19:00,104.79,105,101,680,700,300,400,0,4
Trị An,13/11/2025 19:00,61.73,62,50,1160,1568,800,768,0,5
Hòa Bình,13/11/2025 20:00,116.07,117,80,2793,1077,0,1077,0,0
Sông Ba Hạ,13/11/2025 20:00,104.79,105,101,670,700,300,400,0,4
Trị An,13/11/2025 20:00,61.73,62,50,1160,1568,800,768,0,5
Hòa Bình,13/11/2025 21:00,116.1,117,80,2705,1103,0,1103,0,0
Sông Ba Hạ,13/11/2025 21:00,104.79,105,101,640,700,300,400,0,4
Trị An,13/11/2025 21:00,61.72,62,50,1160,1568,800,768,0,5
Hòa Bình,13/11/2025 22:00,116.12,117,80,2267,1120,0,1120,0,0
Sông Ba Hạ,13/11/2025 22:00,104.78,105,101,600,700,300,400,0,4
Trị An,13/11/2025 22:00,61.72,62,50,1240,1568,800,768,0,5
Hòa Bình,13/11/2025 23:00,116.14,117,80,1904,757,0,757,0,0
Sông Ba Hạ,13/11/2025 23:00,104.78,105,101,600,700,300,400,0,4
Trị An,13/11/2025 23:00,61.72,62,50,1270,1568,800,768,0,5
Hòa Bình,14/11/2025 00:00,116.16,117,80,1933,615,0,615,0,0
Sông Ba Hạ,14/11/2025 00:00,104.77,105,101,610,700,300,400,0,4
Trị An,14/11/2025 00:00,61.71,62,50,1270,1568,800,768,0,5
Hòa Bình,14/11/2025 01:00,116.19,117,80,2160,614,0,614,0,0
Sông Ba Hạ,14/11/2025 01:00,104.76,105,101,620,700,300,400,0,4
Trị An,14/11/2025 01:00,61.71,62,50,1240,1571,800,771,0,5
Hòa Bình,14/11/2025 02:00,116.22,117,80,2388,671,0,671,0,0
Sông Ba Hạ,14/11/2025 02:00,104.76,105,101,610,700,300,400,0,4
Trị An,14/11/2025 02:00,61.71,62,50,1220,1571,800,771,0,5
Hòa Bình,14/11/2025 03:00,116.25,117,80,2448,731,0,731,0,0
Sông Ba Hạ,14/11/2025 03:00,104.75,105,101,600,700,300,400,0,4
Trị An,14/11/2025 03:00,61.7,62,50,1220,1571,800,771,0,5
Hòa Bình,14/11/2025 04:00,116.27,117,80,1878,731,0,731,0,0
Sông Ba Hạ,14/11/2025 04:00,104.75,105,101,590,700,300,400,0,4
Trị An,14/11/2025 04:00,61.7,62,50,1220,1574,800,774,0,5
Hòa Bình,14/11/2025 05:00,116.27,117,80,739,732,0,732,0,0
Sông Ba Hạ,14/11/2025 05:00,104.74,105,101,580,700,300,400,0,4
Trị An,14/11/2025 05:00,61.69,62,50,1220,1574,800,774,0,5
Hòa Bình,14/11/2025 06:00,116.26,117,80,531,1037,0,1037,0,0
Sông Ba Hạ,14/11/2025 06:00,104.73,105,101,570,700,300,400,0,4
Trị An,14/11/2025 06:00,61.69,62,50,1190,1574,800,774,0,5
Hòa Bình,14/11/2025 07:00,116.24,117,80,358,1206,0,1206,0,0
Sông Ba Hạ,14/11/2025 07:00,104.71,105,101,490,700,300,400,0,4
Trị An,14/11/2025 07:00,61.68,62,50,1190,1571,800,771,0,5
Hòa Bình,14/11/2025 08:00,116.23,117,80,507,1070,0,1070,0,0
Sông Ba Hạ,14/11/2025 08:00,104.69,105,101,440,700,300,400,0,4
Trị An,14/11/2025 08:00,61.68,62,50,1220,1574,800,774,0,5
Hòa Bình,14/11/2025 09:00,116.23,117,80,1076,1069,0,1069,0,0
Sông Ba Hạ,14/11/2025 09:00,104.67,105,101,440,570,200,370,0,2
Trị An,14/11/2025 09:00,61.68,62,50,1230,1506,800,706,0,5
Hòa Bình,14/11/2025 10:00,116.24,117,80,1471,895,0,895,0,0
Sông Ba Hạ,14/11/2025 10:00,104.66,105,101,460,498,200,298,0,2
Trị An,14/11/2025 10:00,61.68,62,50,1220,1379,800,579,0,5
Hòa Bình,14/11/2025 11:00,116.26,117,80,1582,720,0,720,0,0
Sông Ba Hạ,14/11/2025 11:00,104.64,105,101,410,448,200,248,0,2
Trị An,14/11/2025 11:00,61.67,62,50,1130,1286,800,486,0,5
Hòa Bình,14/11/2025 12:00,116.27,117,80,1264,688,0,688,0,0
Sông Ba Hạ,14/11/2025 12:00,104.62,105,101,400,440,200,240,0,2
Trị An,14/11/2025 12:00,61.67,62,50,1130,1268,800,468,0,5
Hòa Bình,14/11/2025 13:00,116.28,117,80,1233,656,0,656,0,0
Sông Ba Hạ,14/11/2025 13:00,104.6,105,101,370,440,200,240,0,2
Trị An,14/11/2025 13:00,61.67,62,50,1100,1268,800,468,0,5
Hòa Bình,14/11/2025 14:00,116.28,117,80,663,656,0,656,0,0
Sông Ba Hạ,14/11/2025 14:00,104.58,105,101,380,520,200,320,0,2
Trị An,14/11/2025 14:00,61.67,62,50,1120,1268,800,468,0,5
Hòa Bình,14/11/2025 15:00,116.27,117,80,382,717,0,717,0,0
Sông Ba Hạ,14/11/2025 15:00,104.56,105,101,360,600,200,400,0,2
Trị An,14/11/2025 15:00,61.67,62,50,1110,1248,480,768,0,3
Hòa Bình,14/11/2025 16:00,116.26,117,80,668,1231,0,1231,0,0
Sông Ba Hạ,14/11/2025 16:00,104.54,105,101,370,600,200,400,0,2
Trị An,14/11/2025 16:00,61.66,62,50,1110,1245,480,765,0,3
Hòa Bình,14/11/2025 17:00,116.25,117,80,1099,1663,0,1663,0,0
Sông Ba Hạ,14/11/2025 17:00,104.52,105,101,380,700,300,400,0,3
Trị An,14/11/2025 17:00,61.66,62,50,1100,1242,480,762,0,3
Hòa Bình,14/11/2025 18:00,116.26,117,80,2346,1769,0,1769,0,0
Sông Ba Hạ,14/11/2025 18:00,104.49,105,101,370,700,300,400,0,3
Trị An,14/11/2025 18:00,61.66,62,50,1070,1242,480,762,0,3
Hòa Bình,14/11/2025 19:00,116.28,117,80,2613,1751,0,1751,0,0
Sông Ba Hạ,14/11/2025 19:00,104.46,105,101,360,700,300,400,0,3
Trị An,14/11/2025 19:00,61.66,62,50,1070,1240,480,760,0,3
Hòa Bình,14/11/2025 20:00,116.3,117,80,2439,1520,0,1520,0,0
Sông Ba Hạ,14/11/2025 20:00,104.43,105,101,380,700,300,400,0,3
Trị An,14/11/2025 20:00,61.66,62,50,1040,1240,480,760,0,3
Hòa Bình,14/11/2025 21:00,116.31,117,80,2016,1439,0,1439,0,0
Sông Ba Hạ,14/11/2025 21:00,104.4,105,101,370,700,300,400,0,3
Trị An,14/11/2025 21:00,61.65,62,50,1000,1240,480,760,0,3
Hòa Bình,14/11/2025 22:00,116.31,117,80,1648,1641,0,1641,0,0
Sông Ba Hạ,14/11/2025 22:00,104.37,105,101,390,700,300,400,0,3
Trị An,14/11/2025 22:00,61.65,62,50,980,1240,480,760,0,3
Hòa Bình,14/11/2025 23:00,116.32,117,80,2060,1484,0,1484,0,0
Sông Ba Hạ,14/11/2025 23:00,104.34,105,101,380,700,300,400,0,3
Trị An,14/11/2025 23:00,61.65,62,50,980,1240,480,760,0,3
Hòa Bình,15/11/2025 00:00,116.34,117,80,2040,893,0,893,0,0
Sông Ba Hạ,15/11/2025 00:00,104.31,105,101,370,700,300,400,0,3
Trị An,15/11/2025 00:00,61.64,62,50,1000,1240,480,760,0,3
Hòa Bình,15/11/2025 01:00,116.37,117,80,2334,617,0,617,0,0
Sông Ba Hạ,15/11/2025 01:00,104.28,105,101,380,700,300,400,0,3
Trị An,15/11/2025 01:00,61.64,62,50,1010,1242,480,762,0,3
Hòa Bình,15/11/2025 02:00,116.4,117,80,2328,611,0,611,0,0
Sông Ba Hạ,15/11/2025 02:00,104.25,105,101,360,700,300,400,0,3
Trị An,15/11/2025 02:00,61.64,62,50,1040,1242,480,762,0,3
Hòa Bình,15/11/2025 03:00,116.43,117,80,2306,589,0,589,0,0
Sông Ba Hạ,15/11/2025 03:00,104.22,105,101,370,700,300,400,0,3
Trị An,15/11/2025 03:00,61.64,62,50,1010,1242,480,762,0,3
Hòa Bình,15/11/2025 04:00,116.45,117,80,1737,590,0,590,0,0
Sông Ba Hạ,15/11/2025 04:00,104.19,105,101,380,700,300,400,0,3
Trị An,15/11/2025 04:00,61.63,62,50,1010,1242,480,762,0,3
Hòa Bình,15/11/2025 05:00,116.46,117,80,1228,651,0,651,0,0
Sông Ba Hạ,15/11/2025 05:00,104.16,105,101,370,700,300,400,0,3
Trị An,15/11/2025 05:00,61.63,62,50,980,1242,480,762,0,3
Hòa Bình,15/11/2025 06:00,116.47,117,80,1232,655,0,655,0,0
Sông Ba Hạ,15/11/2025 06:00,104.13,105,101,360,700,300,400,0,3
Trị An,15/11/2025 06:00,61.63,62,50,980,1242,480,762,0,3
Hòa Bình,15/11/2025 07:00,116.47,117,80,658,651,0,651,0,0
Sông Ba Hạ,15/11/2025 07:00,104.1,105,101,380,700,300,400,0,3
Trị An,15/11/2025 07:00,61.63,62,50,1000,1044,480,564,0,3
Hòa Bình,15/11/2025 08:00,116.47,117,80,658,651,0,651,0,0
Sông Ba Hạ,15/11/2025 08:00,104.06,105,101,360,1000,600,400,0,7
Trị An,15/11/2025 08:00,61.63,62,50,1020,1044,480,564,0,3
Hòa Bình,15/11/2025 09:00,116.48,117,80,1002,653,0,653,0,0
Sông Ba Hạ,15/11/2025 09:00,104.01,105,101,370,900,600,300,0,7
Trị An,15/11/2025 09:00,61.63,62,50,1020,982,480,502,0,3
Hòa Bình,15/11/2025 10:00,116.49,117,80,1229,652,0,652,0,0
Sông Ba Hạ,15/11/2025 10:00,103.96,105,101,360,872,600,272,0,7
Trị An,15/11/2025 10:00,61.63,62,50,980,915,480,435,0,3
Hòa Bình,15/11/2025 11:00,116.5,117,80,1230,653,0,653,0,0
Sông Ba Hạ,15/11/2025 11:00,103.91,105,101,370,865,600,265,0,7
Trị An,15/11/2025 11:00,61.63,62,50,890,866,480,386,0,3
Hòa Bình,15/11/2025 12:00,116.51,117,80,1122,659,0,659,0,0
Sông Ba Hạ,15/11/2025 12:00,103.85,105,101,380,840,600,240,0,7
Trị An,15/11/2025 12:00,61.63,62,50,840,820,480,340,0,3
Hòa Bình,15/11/2025 13:00,116.51,117,80,670,663,0,663,0,0
Sông Ba Hạ,15/11/2025 13:00,103.81,105,101,360,905,600,305,0,7
Trị An,15/11/2025 13:00,61.63,62,50,810,827,480,347,0,3
Hòa Bình,15/11/2025 14:00,116.5,117,80,385,663,0,663,0,0
Sông Ba Hạ,15/11/2025 14:00,103.77,105,101,350,956,600,356,0,7
Trị An,15/11/2025 14:00,61.63,62,50,840,962,480,482,0,3
Hòa Bình,15/11/2025 15:00,116.49,117,80,328,720,0,720,0,0
Sông Ba Hạ,15/11/2025 15:00,103.72,105,101,340,1000,600,400,0,7
Trị An,15/11/2025 15:00,61.62,62,50,860,1042,480,562,0,3
Hòa Bình,15/11/2025 16:00,116.48,117,80,545,1108,0,1108,0,0
Sông Ba Hạ,15/11/2025 16:00,103.67,105,101,350,1000,600,400,0,7
Trị An,15/11/2025 16:00,61.62,62,50,870,1044,480,564,0,3
Hòa Bình,15/11/2025 17:00,116.48,117,80,1552,1545,0,1545,0,0
Sông Ba Hạ,15/11/2025 17:00,103.63,105,101,450,1000,600,400,0,7
Trị An,15/11/2025 17:00,61.62,62,50,870,1044,480,564,0,3
Hòa Bình,15/11/2025 18:00,116.49,117,80,2219,1642,0,1642,0,0
Sông Ba Hạ,15/11/2025 18:00,103.58,105,101,420,1000,600,400,0,7
Trị An,15/11/2025 18:00,61.62,62,50,870,1044,480,564,0,3
Hòa Bình,15/11/2025 19:00,116.51,117,80,2211,1349,0,1349,0,0
Sông Ba Hạ,15/11/2025 19:00,103.53,105,101,380,1000,600,400,0,7
Trị An,15/11/2025 19:00,61.62,62,50,840,1042,480,562,0,3
Hòa Bình,15/11/2025 20:00,116.53,117,80,2133,986,0,986,0,0
Sông Ba Hạ,15/11/2025 20:00,103.48,105,101,360,1000,600,400,0,7
Trị An,15/11/2025 20:00,61.61,62,50,840,1042,480,562,0,3
Hòa Bình,15/11/2025 21:00,116.54,117,80,1773,1196,0,1196,0,0
Sông Ba Hạ,15/11/2025 21:00,103.43,105,101,350,1000,600,400,0,7
Trị An,15/11/2025 21:00,61.61,62,50,840,1042,480,562,0,3
Hòa Bình,15/11/2025 22:00,116.54,117,80,1304,1297,0,1297,0,0
Sông Ba Hạ,15/11/2025 22:00,103.38,105,101,350,1000,600,400,0,7
Trị An,15/11/2025 22:00,61.61,62,50,870,1042,480,562,0,3
Hòa Bình,15/11/2025 23:00,116.55,117,80,1590,1014,0,1014,0,0
Sông Ba Hạ,15/11/2025 23:00,103.34,105,101,420,1000,600,400,0,7
Trị An,15/11/2025 23:00,61.61,62,50,870,1042,480,562,0,3
Hòa Bình,16/11/2025 00:00,116.57,117,80,2063,916,0,916,0,0
Sông Ba Hạ,16/11/2025 00:00,103.3,105,101,450,1000,600,400,0,7
Trị An,16/11/2025 00:00,61.6,62,50,920,1042,480,562,0,3
Hòa Bình,16/11/2025 01:00,116.59,117,80,1931,784,0,784,0,0
Sông Ba Hạ,16/11/2025 01:00,103.27,105,101,520,1000,600,400,0,7
Trị An,16/11/2025 01:00,61.6,62,50,920,1044,480,564,0,3
Hòa Bình,16/11/2025 02:00,116.61,117,80,1798,652,0,652,0,0
Sông Ba Hạ,16/11/2025 02:00,103.24,105,101,550,1000,600,400,0,7
Trị An,16/11/2025 02:00,61.6,62,50,930,1044,480,564,0,3
Hòa Bình,16/11/2025 03:00,116.63,117,80,1798,651,0,651,0,0
Sông Ba Hạ,16/11/2025 03:00,103.21,105,101,560,1000,600,400,0,7
Trị An,16/11/2025 03:00,61.6,62,50,990,1044,480,564,0,3
Hòa Bình,16/11/2025 04:00,116.64,117,80,1228,652,0,652,0,0
Sông Ba Hạ,16/11/2025 04:00,103.17,105,101,550,1000,600,400,0,7
Trị An,16/11/2025 04:00,61.6,62,50,960,1044,480,564,0,3
Hòa Bình,16/11/2025 05:00,116.65,117,80,1229,652,0,652,0,0
Sông Ba Hạ,16/11/2025 05:00,103.14,105,101,560,1000,600,400,0,7
Trị An,16/11/2025 05:00,61.6,62,50,990,1044,480,564,0,3
Hòa Bình,16/11/2025 06:00,116.66,117,80,1230,654,0,654,0,0
Sông Ba Hạ,16/11/2025 06:00,103.11,105,101,550,1000,600,400,0,7
Trị An,16/11/2025 06:00,61.6,62,50,960,1046,480,566,0,3
Hòa Bình,16/11/2025 07:00,116.65,117,80,661,654,0,654,0,0
Sông Ba Hạ,16/11/2025 07:00,103.07,105,101,500,1000,600,400,0,7
Trị An,16/11/2025 07:00,61.6,62,50,930,1044,480,564,0,3
Hòa Bình,16/11/2025 08:00,116.65,117,80,658,651,0,651,0,0
Sông Ba Hạ,16/11/2025 08:00,103.03,105,101,520,700,300,400,0,4
Trị An,16/11/2025 08:00,61.6,62,50,900,1044,480,564,0,3
Hòa Bình,16/11/2025 09:00,116.65,117,80,657,650,0,650,0,0
Sông Ba Hạ,16/11/2025 09:00,103.02,105,101,510,700,300,400,0,4
Trị An,16/11/2025 09:00,61.6,62,50,900,977,480,497,0,3
Hòa Bình,16/11/2025 10:00,116.66,117,80,1000,651,0,651,0,0
Sông Ba Hạ,16/11/2025 10:00,103,105,101,560,600,200,400,0,3
Trị An,16/11/2025 10:00,61.59,62,50,870,948,480,468,0,3
Hòa Bình,16/11/2025 11:00,116.67,117,80,1114,651,0,651,0,0
Sông Ba Hạ,16/11/2025 11:00,103,105,101,570,600,200,400,0,3
Trị An,16/11/2025 11:00,61.59,62,50,900,941,480,461,0,3
Hòa Bình,16/11/2025 12:00,116.67,117,80,658,651,0,651,0,0
Sông Ba Hạ,16/11/2025 12:00,103,105,101,530,488,200,288,0,3
Trị An,16/11/2025 12:00,61.6,62,50,900,891,480,411,0,3
Hòa Bình,16/11/2025 13:00,116.67,117,80,660,653,0,653,0,0
Sông Ba Hạ,16/11/2025 13:00,103,105,101,490,488,200,288,0,3
Trị An,16/11/2025 13:00,61.59,62,50,960,1040,480,560,0,3
Hòa Bình,16/11/2025 14:00,116.67,117,80,663,656,0,656,0,0
Sông Ba Hạ,16/11/2025 14:00,103,105,101,540,600,200,400,0,3
Trị An,16/11/2025 14:00,61.59,62,50,960,1040,480,560,0,3
Hòa Bình,16/11/2025 15:00,116.67,117,80,660,653,0,653,0,0
Sông Ba Hạ,16/11/2025 15:00,103,105,101,560,600,200,400,0,3
Trị An,16/11/2025 15:00,61.59,62,50,950,1042,480,562,0,3
Hòa Bình,16/11/2025 16:00,116.67,117,80,782,775,0,775,0,0
Sông Ba Hạ,16/11/2025 16:00,103,105,101,1000,1000,600,400,0,7
Trị An,16/11/2025 16:00,61.59,62,50,980,1042,480,562,0,3
Hòa Bình,16/11/2025 17:00,116.66,117,80,767,1331,0,1331,0,0
Sông Ba Hạ,16/11/2025 17:00,103,105,101,1050,1000,600,400,0,7
Trị An,16/11/2025 17:00,61.59,62,50,950,1044,480,564,0,3
Hòa Bình,16/11/2025 18:00,116.65,117,80,1228,1791,0,1791,0,0
Sông Ba Hạ,16/11/2025 18:00,103,105,101,1550,1500,1100,400,0,12
Trị An,16/11/2025 18:00,61.59,62,50,960,1044,480,564,0,3
Hòa Bình,16/11/2025 19:00,116.65,117,80,1686,1679,0,1679,0,0
Sông Ba Hạ,16/11/2025 19:00,103,105,101,1510,1500,1100,400,0,12
Trị An,16/11/2025 19:00,61.59,62,50,900,1044,480,564,0,3
Hòa Bình,16/11/2025 20:00,116.66,117,80,2040,1464,0,1464,0,0
Sông Ba Hạ,16/11/2025 20:00,103,105,101,1520,1500,1100,400,0,12
Trị An,16/11/2025 20:00,61.59,62,50,960,1044,480,564,0,3
Hòa Bình,16/11/2025 21:00,116.68,117,80,2219,1300,0,1300,0,0
Sông Ba Hạ,16/11/2025 21:00,103,105,101,1530,1500,1100,400,0,12
Trị An,16/11/2025 21:00,61.58,62,50,930,1042,480,562,0,3
Hòa Bình,16/11/2025 22:00,116.69,117,80,1476,900,0,900,0,0
Sông Ba Hạ,16/11/2025 22:00,103,105,101,1900,1900,1500,400,0,12
Trị An,16/11/2025 22:00,61.58,62,50,930,1042,480,562,0,3
Hòa Bình,16/11/2025 23:00,116.7,117,80,1389,584,0,584,0,0
Sông Ba Hạ,16/11/2025 23:00,103,105,101,2400,2400,2000,400,0,12
Trị An,16/11/2025 23:00,61.58,62,50,900,1042,480,562,0,3
Hòa Bình,17/11/2025 00:00,116.7,117,80,590,583,0,583,0,0
Sông Ba Hạ,17/11/2025 00:00,103,105,101,2890,2881,2500,381,1,12
Trị An,17/11/2025 00:00,61.58,62,50,920,1042,480,562,0,3
Hòa Bình,17/11/2025 01:00,116.7,117,80,592,585,0,585,0,0
Sông Ba Hạ,17/11/2025 01:00,103,105,101,2900,2870,2500,370,0,12
Trị An,17/11/2025 01:00,61.58,62,50,910,995,480,515,0,3
Hòa Bình,17/11/2025 02:00,116.69,117,80,252,587,0,587,0,0
Sông Ba Hạ,17/11/2025 02:00,103,105,101,2910,2858,2500,358,0,12
Trị An,17/11/2025 02:00,61.58,62,50,920,1001,480,521,0,3
Hòa Bình,17/11/2025 03:00,116.69,117,80,593,586,0,586,0,0
Sông Ba Hạ,17/11/2025 03:00,103,105,101,3100,2881,2500,381,0,12
Trị An,17/11/2025 03:00,61.58,62,50,980,1044,480,564,0,3
Hòa Bình,17/11/2025 04:00,116.69,117,80,592,585,0,585,0,0
Sông Ba Hạ,17/11/2025 04:00,103,105,101,3890,3881,3500,381,0,12
Trị An,17/11/2025 04:00,61.58,62,50,1060,1044,480,564,0,3
Hòa Bình,17/11/2025 05:00,116.69,117,80,633,626,0,626,0,0
Sông Ba Hạ,17/11/2025 05:00,103,105,101,4380,4381,4000,381,0,12
Trị An,17/11/2025 05:00,61.58,62,50,1070,1044,480,564,0,3
Hòa Bình,17/11/2025 06:00,116.68,117,80,507,1070,0,1070,0,0
Sông Ba Hạ,17/11/2025 06:00,103,105,101,3850,3863,3500,363,0,12
Trị An,17/11/2025 06:00,61.58,62,50,1070,1046,480,566,0,3
Hòa Bình,17/11/2025 07:00,116.66,117,80,40,1093,0,1093,0,0
Sông Ba Hạ,17/11/2025 07:00,103,105,101,3350,3363,3000,363,0,12
Trị An,17/11/2025 07:00,61.58,62,50,1070,1046,480,566,0,3
Hòa Bình,17/11/2025 08:00,116.64,117,80,146,1279,0,1279,0,0
Sông Ba Hạ,17/11/2025 08:00,103,105,101,3360,3363,3000,363,0,12
Trị An,17/11/2025 08:00,61.58,62,50,1130,1046,480,566,0,3
Hòa Bình,17/11/2025 09:00,116.62,117,80,427,1560,0,1560,0,0
Sông Ba Hạ,17/11/2025 09:00,103,105,101,3380,3363,3000,363,0,12
Trị An,17/11/2025 09:00,61.58,62,50,1050,884,320,564,0,2
Hòa Bình,17/11/2025 10:00,116.63,117,80,1439,1033,0,1033,0,0
Sông Ba Hạ,17/11/2025 10:00,103,105,101,4000,3863,3500,363,0,12
Trị An,17/11/2025 10:00,61.58,62,50,1020,880,320,560,0,2
Hòa Bình,17/11/2025 11:00,116.66,117,80,2223,791,0,791,0,0
Sông Ba Hạ,17/11/2025 11:00,103,105,101,3960,3863,3500,363,0,12
Trị An,17/11/2025 11:00,61.58,62,50,940,880,320,560,0,2
Hòa Bình,17/11/2025 12:00,116.69,117,80,2384,896,0,896,0,0
Sông Ba Hạ,17/11/2025 12:00,103,105,101,4300,4280,4000,280,0,12
Trị An,17/11/2025 12:00,61.59,62,50,980,821,320,501,0,2
Hòa Bình,17/11/2025 13:00,116.7,117,80,1472,895,0,895,0,0
Sông Ba Hạ,17/11/2025 13:00,103,105,101,4370,4363,4000,363,0,12
Trị An,17/11/2025 13:00,61.59,62,50,950,790,320,470,0,2
Hòa Bình,17/11/2025 14:00,116.7,117,80,931,924,0,924,0,0
Sông Ba Hạ,17/11/2025 14:00,103,105,101,4360,4363,4000,363,0,12
Trị An,17/11/2025 14:00,61.59,62,50,920,878,320,558,0,2
Hòa Bình,17/11/2025 15:00,116.69,117,80,892,1455,0,1455,0,0
Sông Ba Hạ,17/11/2025 15:00,103,105,101,3880,3863,3500,363,0,12
Trị An,17/11/2025 15:00,61.59,62,50,910,878,320,558,0,2
Hòa Bình,17/11/2025 16:00,116.67,117,80,830,1850,0,1850,0,0
Sông Ba Hạ,17/11/2025 16:00,103,105,101,3400,3363,3000,363,0,12
Trị An,17/11/2025 16:00,61.59,62,50,910,880,320,560,0,2
Hòa Bình,17/11/2025 17:00,116.66,117,80,1161,1724,0,1724,0,0
Sông Ba Hạ,17/11/2025 17:00,103,105,101,3380,3363,3000,363,0,12
Trị An,17/11/2025 17:00,61.59,62,50,940,880,320,560,0,2
Hòa Bình,17/11/2025 18:00,116.67,117,80,1902,1610,0,1610,0,0
Sông Ba Hạ,17/11/2025 18:00,103,105,101,3370,3363,3000,363,0,12
Trị An,17/11/2025 18:00,61.59,62,50,940,880,320,560,0,2
Hòa Bình,17/11/2025 19:00,116.68,117,80,2158,1581,0,1581,0,0
Sông Ba Hạ,17/11/2025 19:00,103,105,101,2880,2863,2500,363,0,12
Trị An,17/11/2025 19:00,61.59,62,50,970,880,320,560,0,2
Hòa Bình,17/11/2025 20:00,116.7,117,80,2384,1466,0,1466,0,0
Sông Ba Hạ,17/11/2025 20:00,103,105,101,2800,2684,2500,184,0,12
Trị An,17/11/2025 20:00,61.6,62,50,1030,880,320,560,0,2
Hòa Bình,17/11/2025 21:00,116.71,117,80,2099,1523,0,1523,0,0
Sông Ba Hạ,17/11/2025 21:00,103,105,101,2700,2684,2500,184,0,12
Trị An,17/11/2025 21:00,61.6,62,50,1050,880,320,560,0,2
Hòa Bình,17/11/2025 22:00,116.7,117,80,1083,1646,0,1646,0,0
Sông Ba Hạ,17/11/2025 22:00,103,105,101,2690,2684,2500,184,0,12
Trị An,17/11/2025 22:00,61.6,62,50,1110,878,320,558,0,2
Hòa Bình,17/11/2025 23:00,116.7,117,80,1353,1346,0,1346,0,0
Sông Ba Hạ,17/11/2025 23:00,103,105,101,2750,2863,2500,363,0,12
Trị An,17/11/2025 23:00,61.6,62,50,1050,878,320,558,0,2
Hòa Bình,18/11/2025 00:00,116.72,117,80,2001,855,0,855,0,0
Sông Ba Hạ,18/11/2025 00:00,103,105,101,2870,2863,2500,363,0,12
Trị An,18/11/2025 00:00,61.6,62,50,1000,878,320,558,0,2
Hòa Bình,18/11/2025 01:00,116.74,117,80,1740,594,0,594,0,0
Sông Ba Hạ,18/11/2025 01:00,103,105,101,2880,2863,2500,363,0,12
Trị An,18/11/2025 01:00,61.6,62,50,880,878,320,558,0,2
Hòa Bình,18/11/2025 02:00,116.76,117,80,1740,593,0,593,0,0
Sông Ba Hạ,18/11/2025 02:00,103,105,101,2870,2863,2500,363,0,12
Trị An,18/11/2025 02:00,61.6,62,50,850,878,320,558,0,2
Hòa Bình,18/11/2025 03:00,116.78,117,80,1798,651,0,651,0,0
Sông Ba Hạ,18/11/2025 03:00,103,105,101,2880,2846,2500,346,0,12
Trị An,18/11/2025 03:00,61.6,62,50,870,849,320,529,0,2
Hòa Bình,18/11/2025 04:00,116.79,117,80,1228,651,0,651,0,0
Sông Ba Hạ,18/11/2025 04:00,103,105,101,2870,2863,2500,363,0,12
Trị An,18/11/2025 04:00,61.6,62,50,900,880,320,560,0,2
Hòa Bình,18/11/2025 05:00,116.8,117,80,1228,652,0,652,0,0
Sông Ba Hạ,18/11/2025 05:00,103,105,101,2870,2863,2500,363,0,12
Trị An,18/11/2025 05:00,61.6,62,50,870,880,320,560,0,2
Hòa Bình,18/11/2025 06:00,116.8,117,80,660,653,0,653,0,0
Sông Ba Hạ,18/11/2025 06:00,103,105,101,2860,2863,2500,363,0,12
Trị An,18/11/2025 06:00,61.6,62,50,850,880,320,560,0,2
Hòa Bình,18/11/2025 07:00,116.79,117,80,323,658,0,658,0,0
Sông Ba Hạ,18/11/2025 07:00,103,105,101,2850,2863,2500,363,0,12
Trị An,18/11/2025 07:00,61.6,62,50,880,880,320,560,0,2
Hòa Bình,18/11/2025 08:00,116.78,117,80,655,1047,0,1047,0,0
Sông Ba Hạ,18/11/2025 08:00,103,105,101,2860,2863,2500,363,0,12
Trị An,18/11/2025 08:00,61.6,62,50,970,880,320,560,0,2
Hòa Bình,18/11/2025 09:00,116.78,117,80,1613,1435,0,1435,0,0
Sông Ba Hạ,18/11/2025 09:00,103,105,101,2870,2863,2500,363,0,12
Trị An,18/11/2025 09:00,61.6,62,50,1030,878,320,558,0,2
Hòa Bình,18/11/2025 10:00,116.8,117,80,2252,1105,0,1105,0,0
Sông Ba Hạ,18/11/2025 10:00,103,105,101,2850,2842,2500,342,0,12
Trị An,18/11/2025 10:00,61.61,62,50,1070,835,320,515,0,2
Hòa Bình,18/11/2025 11:00,116.81,117,80,1408,831,0,831,0,0
Sông Ba Hạ,18/11/2025 11:00,103,105,101,2830,2807,2500,307,0,12
Trị An,18/11/2025 11:00,61.61,62,50,1090,769,320,449,0,2
Hòa Bình,18/11/2025 12:00,116.82,117,80,1287,710,0,710,0,0
Sông Ba Hạ,18/11/2025 12:00,103,105,101,2920,2940,2700,240,0,12
Trị An,18/11/2025 12:00,61.62,62,50,1110,752,320,432,0,2
Hòa Bình,18/11/2025 13:00,116.83,117,80,1108,531,0,531,0,0
Sông Ba Hạ,18/11/2025 13:00,103,105,101,3980,4008,3700,308,0,12
Trị An,18/11/2025 13:00,61.62,62,50,1100,723,320,403,0,2
Hòa Bình,18/11/2025 14:00,116.83,117,80,659,652,0,652,0,0
Sông Ba Hạ,18/11/2025 14:00,103,105,101,4050,4063,3700,363,0,12
Trị An,18/11/2025 14:00,61.62,62,50,1110,876,320,556,0,2
Hòa Bình,18/11/2025 15:00,116.82,117,80,543,1106,0,1106,0,0
Sông Ba Hạ,18/11/2025 15:00,103,105,101,4540,4563,4200,363,0,12
Trị An,18/11/2025 15:00,61.63,62,50,1120,878,320,558,0,2
Hòa Bình,18/11/2025 16:00,116.8,117,80,511,1644,0,1644,0,0
Sông Ba Hạ,18/11/2025 16:00,103,105,101,5080,5063,4700,363,0,12
Trị An,18/11/2025 16:00,61.63,62,50,1200,880,320,560,0,2
Hòa Bình,18/11/2025 17:00,116.79,117,80,1080,1643,0,1643,0,0
Sông Ba Hạ,18/11/2025 17:00,103,105,101,5570,5563,5200,363,0,12
Trị An,18/11/2025 17:00,61.64,62,50,1230,880,320,560,0,2
Hòa Bình,18/11/2025 18:00,116.79,117,80,1523,1516,0,1516,0,0
Sông Ba Hạ,18/11/2025 18:00,103,105,101,5560,5563,5200,363,0,12
Trị An,18/11/2025 18:00,61.64,62,50,1290,882,320,562,0,2
Hòa Bình,18/11/2025 19:00,116.8,117,80,2176,1599,0,1599,0,0
Sông Ba Hạ,18/11/2025 19:00,103,105,101,6080,6063,5700,363,0,12
Trị An,18/11/2025 19:00,61.64,62,50,1170,882,320,562,0,2
Hòa Bình,18/11/2025 20:00,116.82,117,80,2348,1486,0,1486,0,0
Sông Ba Hạ,18/11/2025 20:00,103,105,101,7000,5763,5400,363,0,12
Trị An,18/11/2025 20:00,61.64,62,50,1150,882,320,562,0,2
Hòa Bình,18/11/2025 21:00,116.83,117,80,1942,1365,0,1365,0,0
Sông Ba Hạ,18/11/2025 21:00,103.31,105,101,7190,5763,5400,363,0,12
Trị An,18/11/2025 21:00,61.65,62,50,1090,882,320,562,0,2
Hòa Bình,18/11/2025 22:00,116.83,117,80,1207,1200,0,1200,0,0
Sông Ba Hạ,18/11/2025 22:00,103.48,105,101,7500,5763,5400,363,0,12
Trị An,18/11/2025 22:00,61.65,62,50,1140,880,320,560,0,2
Hòa Bình,18/11/2025 23:00,116.84,117,80,1438,861,0,861,0,0
Sông Ba Hạ,18/11/2025 23:00,103.67,105,101,8100,5763,5400,363,0,12
Trị An,18/11/2025 23:00,61.65,62,50,1140,880,320,560,0,2
Hòa Bình,19/11/2025 00:00,116.85,117,80,1183,607,0,607,0,0
Sông Ba Hạ,19/11/2025 00:00,103.85,105,101,8050,5763,5400,363,0,12
Trị An,19/11/2025 00:00,61.66,62,50,1170,880,320,560,0,2
Hòa Bình,19/11/2025 01:00,116.86,117,80,1109,532,0,532,0,0
Sông Ba Hạ,19/11/2025 01:00,104.02,105,101,7900,5763,5400,363,0,12
Trị An,19/11/2025 01:00,61.66,62,50,1140,771,320,451,0,2
Hòa Bình,19/11/2025 02:00,116.86,117,80,539,532,0,532,0,0
Sông Ba Hạ,19/11/2025 02:00,104.19,105,101,7900,5720,5400,320,0,12
Trị An,19/11/2025 02:00,61.66,62,50,1170,805,320,485,0,2
Hòa Bình,19/11/2025 03:00,116.86,117,80,538,531,0,531,0,0
Sông Ba Hạ,19/11/2025 03:00,104.37,105,101,8040,5709,5400,309,0,12
Trị An,19/11/2025 03:00,61.67,62,50,1170,795,320,475,0,2
Hòa Bình,19/11/2025 04:00,116.85,117,80,196,531,0,531,0,0
Sông Ba Hạ,19/11/2025 04:00,104.58,105,101,8200,6216,5900,316,0,12
Trị An,19/11/2025 04:00,61.68,62,50,1240,801,320,481,0,2
Hòa Bình,19/11/2025 05:00,116.84,117,80,40,531,0,531,0,0
Sông Ba Hạ,19/11/2025 05:00,104.76,105,101,8900,7205,6900,305,0,12
Trị An,19/11/2025 05:00,61.68,62,50,1240,801,320,481,0,2
Hòa Bình,19/11/2025 06:00,116.83,117,80,40,592,0,592,0,0
Sông Ba Hạ,19/11/2025 06:00,104.84,105,101,9000,8263,7900,363,0,12
Trị An,19/11/2025 06:00,61.68,62,50,1270,880,320,560,0,2
Hòa Bình,19/11/2025 07:00,116.8,117,80,40,651,0,651,0,0
Sông Ba Hạ,19/11/2025 07:00,104.94,105,101,9420,8733,8400,333,0,12
Trị An,19/11/2025 07:00,61.69,62,50,1350,880,320,560,0,2
Hòa Bình,19/11/2025 08:00,116.78,117,80,40,958,0,958,0,0
Sông Ba Hạ,19/11/2025 08:00,104.99,105,101,9900,9763,9400,363,0,12
Trị An,19/11/2025 08:00,61.7,62,50,1410,880,320,560,0,2
Hòa Bình,19/11/2025 09:00,116.77,117,80,692,1256,0,1256,0,0
Sông Ba Hạ,19/11/2025 09:00,104.99,105,101,10200,10200,9900,300,0,12
Trị An,19/11/2025 09:00,61.7,62,50,1430,1040,480,560,0,3
Hòa Bình,19/11/2025 10:00,116.8,117,80,2651,934,0,934,0,0
Sông Ba Hạ,19/11/2025 10:00,104.99,105,101,11120,11100,10800,300,0,12
Trị An,19/11/2025 10:00,61.71,62,50,1520,1040,480,560,0,3
Hòa Bình,19/11/2025 11:00,116.84,117,80,2924,637,0,637,0,0
Sông Ba Hạ,19/11/2025 11:00,104.99,105,101,12400,12370,12070,300,0,12
Trị An,19/11/2025 11:00,61.71,62,50,1480,1042,480,562,0,3
Hòa Bình,19/11/2025 12:00,116.87,117,80,2308,591,0,591,0,0
Sông Ba Hạ,19/11/2025 12:00,104.99,105,101,13000,12962,12690,272,0,12
Trị An,19/11/2025 12:00,61.72,62,50,1490,981,480,501,0,3
Hòa Bình,19/11/2025 13:00,116.88,117,80,1107,530,0,530,0,0
Sông Ba Hạ,19/11/2025 13:00,104.99,105,101,13600,13600,13300,300,0,12
Trị An,19/11/2025 13:00,61.72,62,50,1390,985,480,505,0,3
Hòa Bình,19/11/2025 14:00,116.87,117,80,272,608,0,608,0,0
Sông Ba Hạ,19/11/2025 14:00,105,105,101,14500,14440,14140,300,0,12
Trị An,19/11/2025 14:00,61.73,62,50,1440,1040,480,560,0,3
Hòa Bình,19/11/2025 15:00,116.86,117,80,431,881,0,881,0,0
Sông Ba Hạ,19/11/2025 15:00,105,105,101,14900,14860,14560,300,0,12
Trị An,19/11/2025 15:00,61.73,62,50,1480,1200,640,560,0,4
Hòa Bình,19/11/2025 16:00,116.84,117,80,332,1294,0,1294,0,0
Sông Ba Hạ,19/11/2025 16:00,105,105,101,15590,15490,15190,300,0,12
Trị An,19/11/2025 16:00,61.73,62,50,1470,1204,640,564,0,4
Hòa Bình,19/11/2025 17:00,116.84,117,80,1346,1339,0,1339,0,0
Sông Ba Hạ,19/11/2025 17:00,105,105,101,16100,16100,16100,0,0,12
Trị An,19/11/2025 17:00,61.74,62,50,1470,1206,640,566,0,4
Hòa Bình,19/11/2025 18:00,116.86,117,80,2539,1392,0,1392,0,0
Sông Ba Hạ,19/11/2025 18:00,105,105,101,16160,16100,16100,0,0,12
Trị An,19/11/2025 18:00,61.74,62,50,1530,1206,640,566,0,4
Hòa Bình,19/11/2025 19:00,116.88,117,80,2752,1605,0,1605,0,0
Sông Ba Hạ,19/11/2025 19:00,105,105,101,16110,16100,16100,0,0,12
Trị An,19/11/2025 19:00,61.74,62,50,1500,1206,640,566,0,4
Hòa Bình,19/11/2025 20:00,116.9,117,80,2726,1579,0,1579,0,0
Sông Ba Hạ,19/11/2025 20:00,105.05,105,101,16120,15600,15600,0,0,12
Trị An,19/11/2025 20:00,61.75,62,50,1530,1206,640,566,0,4
Hòa Bình,19/11/2025 21:00,116.91,117,80,2168,1592,0,1592,0,0
Sông Ba Hạ,19/11/2025 21:00,105.1,105,101,16120,15100,15100,0,0,12
Trị An,19/11/2025 21:00,61.75,62,50,1500,1206,640,566,0,4
Hòa Bình,19/11/2025 22:00,116.92,117,80,2002,1425,0,1425,0,0
Sông Ba Hạ,19/11/2025 22:00,105.18,105,101,16080,15100,15100,0,0,12
Trị An,19/11/2025 22:00,61.75,62,50,1500,1206,640,566,0,4
Hòa Bình,19/11/2025 23:00,116.93,117,80,1519,942,0,942,0,0
Sông Ba Hạ,19/11/2025 23:00,105.26,105,101,16050,15100,15100,0,0,12
Trị An,19/11/2025 23:00,61.76,62,50,1440,1204,640,564,0,4
Hòa Bình,20/11/2025 00:00,116.94,117,80,1229,652,0,652,0,0
Sông Ba Hạ,20/11/2025 00:00,105.32,105,101,15780,14900,14900,0,0,12
Trị An,20/11/2025 00:00,61.76,62,50,1440,1204,640,564,0,4
Hòa Bình,20/11/2025 01:00,116.95,117,80,1169,592,0,592,0,0
Sông Ba Hạ,20/11/2025 01:00,105.38,105,101,15560,14400,14400,0,0,12
Trị An,20/11/2025 01:00,61.76,62,50,1480,1161,640,521,0,4
Hòa Bình,20/11/2025 02:00,116.95,117,80,538,531,0,531,0,0
Sông Ba Hạ,20/11/2025 02:00,105.42,105,101,14950,13800,13800,0,0,12
Trị An,20/11/2025 02:00,61.77,62,50,1450,1094,640,454,0,4
Hòa Bình,20/11/2025 03:00,116.94,117,80,40,531,0,531,0,0
Sông Ba Hạ,20/11/2025 03:00,105.45,105,101,14930,13800,13800,0,0,12
Trị An,20/11/2025 03:00,61.77,62,50,1350,1077,640,437,0,4
Hòa Bình,20/11/2025 04:00,116.93,117,80,40,531,0,531,0,0
Sông Ba Hạ,20/11/2025 04:00,105.51,105,101,14700,13600,13600,0,0,12
Trị An,20/11/2025 04:00,61.77,62,50,1290,1077,640,437,0,4
Hòa Bình,20/11/2025 05:00,116.92,117,80,40,531,0,531,0,0
Sông Ba Hạ,20/11/2025 05:00,105.54,105,101,14290,13100,13100,0,0,12
Trị An,20/11/2025 05:00,61.77,62,50,1340,1145,640,505,0,4
Hòa Bình,20/11/2025 06:00,116.9,117,80,40,567,0,567,0,0
Sông Ba Hạ,20/11/2025 06:00,105.57,105,101,13840,12700,12700,0,0,12
Trị An,20/11/2025 06:00,61.78,62,50,1350,1204,640,564,0,4
Hòa Bình,20/11/2025 07:00,116.89,117,80,62,626,0,626,0,0
Sông Ba Hạ,20/11/2025 07:00,105.59,105,101,11900,10800,10800,0,0,12
Trị An,20/11/2025 07:00,61.78,62,50,1300,1204,640,564,0,4
Hòa Bình,20/11/2025 08:00,116.89,117,80,658,651,0,651,0,0
Sông Ba Hạ,20/11/2025 08:00,105.62,105,101,11600,10250,10100,150,0,12
Trị An,20/11/2025 08:00,61.77,62,50,1200,1204,640,564,0,4
Hòa Bình,20/11/2025 09:00,116.89,117,80,659,652,0,652,0,0
Sông Ba Hạ,20/11/2025 09:00,105.66,105,101,11300,10250,10100,150,0,12
Trị An,20/11/2025 09:00,61.77,62,50,1170,1204,640,564,0,4
Hòa Bình,20/11/2025 10:00,116.9,117,80,1168,591,0,591,0,0
Sông Ba Hạ,20/11/2025 10:00,105.69,105,101,11070,10250,10100,150,0,12
Trị An,20/11/2025 10:00,61.78,62,50,1180,1059,640,419,0,4
Hòa Bình,20/11/2025 11:00,116.92,117,80,1678,531,0,531,0,0
Sông Ba Hạ,20/11/2025 11:00,105.73,105,101,10100,9338,9200,138,0,12
Trị An,20/11/2025 11:00,61.78,62,50,1220,1142,640,502,0,4
Hòa Bình,20/11/2025 12:00,116.95,117,80,2248,531,0,531,0,0
Sông Ba Hạ,20/11/2025 12:00,105.77,105,101,9620,8800,8800,0,0,12
Trị An,20/11/2025 12:00,61.78,62,50,1210,1062,640,422,0,4
Hòa Bình,20/11/2025 13:00,116.95,117,80,538,531,0,531,0,0
Sông Ba Hạ,20/11/2025 13:00,105.81,105,101,9570,8800,8800,0,0,12
Trị An,20/11/2025 13:00,61.78,62,50,1210,1070,640,430,0,4
Hòa Bình,20/11/2025 14:00,116.94,117,80,880,2333,1779,554,1,0
Sông Ba Hạ,20/11/2025 14:00,105.85,105,101,9450,8815,8680,135,0,12
Trị An,20/11/2025 14:00,61.78,62,50,1220,1362,800,562,0,5
Hòa Bình,20/11/2025 15:00,116.91,117,80,744,2447,1778,669,1,0
Sông Ba Hạ,20/11/2025 15:00,105.89,105,101,8600,8250,8100,150,0,12
Trị An,20/11/2025 15:00,61.78,62,50,1320,1364,800,564,0,5
Hòa Bình,20/11/2025 16:00,116.87,117,80,865,2967,1777,1190,1,0
Sông Ba Hạ,20/11/2025 16:00,105.92,105,101,7650,7500,7350,150,0,12
Trị An,20/11/2025 16:00,61.78,62,50,1360,1366,800,566,0,5
Hòa Bình,20/11/2025 17:00,116.86,117,80,2598,3163,1779,1384,1,0
Sông Ba Hạ,20/11/2025 17:00,105.96,105,101,7450,7350,7200,150,0,12
Trị An,20/11/2025 17:00,61.78,62,50,1420,1368,800,568,0,5
Hòa Bình,20/11/2025 18:00,116.87,117,80,3593,3244,1780,1464,1,0
Sông Ba Hạ,20/11/2025 18:00,105.96,105,101,6760,6750,6600,150,0,12
Trị An,20/11/2025 18:00,61.78,62,50,1400,1368,800,568,0,5
Hòa Bình,20/11/2025 19:00,116.88,117,80,4167,3591,1781,1810,1,0
Sông Ba Hạ,20/11/2025 19:00,105.96,105,101,6740,6750,6600,150,0,12
Trị An,20/11/2025 19:00,61.78,62,50,1370,1370,800,570,0,5
Hòa Bình,20/11/2025 20:00,116.89,117,80,4036,3459,1781,1678,1,0
Sông Ba Hạ,20/11/2025 20:00,105.96,105,101,6740,6750,6600,150,0,12
Trị An,20/11/2025 20:00,61.78,62,50,1310,1370,800,570,0,5
Hòa Bình,20/11/2025 21:00,116.91,117,80,4180,3318,1781,1537,1,0
Sông Ba Hạ,20/11/2025 21:00,105.96,105,101,6740,6750,6600,150,0,12
Trị An,20/11/2025 21:00,61.78,62,50,1310,1370,800,570,0,5
Hòa Bình,20/11/2025 22:00,116.93,117,80,4257,3337,1780,1557,1,0
Sông Ba Hạ,20/11/2025 22:00,105.96,105,101,6740,6750,6600,150,0,12
Trị An,20/11/2025 22:00,61.78,62,50,1310,1368,800,568,0,5
Hòa Bình,20/11/2025 23:00,116.94,117,80,3893,3316,1780,1536,1,0
Sông Ba Hạ,20/11/2025 23:00,105.96,105,101,6740,6750,6600,150,0,12
Trị An,20/11/2025 23:00,61.78,62,50,1340,1368,800,568,0,5
Hòa Bình,21/11/2025 00:00,116.95,117,80,3875,3298,1780,1518,1,0
Sông Ba Hạ,21/11/2025 00:00,105.96,105,101,4430,4420,4300,120,0,12
Trị An,21/11/2025 00:00,61.78,62,50,1280,1368,800,568,0,5
Hòa Bình,21/11/2025 01:00,116.96,117,80,4027,3450,1780,1670,1,0
Sông Ba Hạ,21/11/2025 01:00,105.96,105,101,4010,4020,3900,120,0,12
Trị An,21/11/2025 01:00,61.78,62,50,1310,1368,800,568,0,5
Hòa Bình,21/11/2025 02:00,116.98,117,80,4463,3602,1781,1821,1,0
Sông Ba Hạ,21/11/2025 02:00,105.96,105,101,4020,4020,3900,120,0,12
Trị An,21/11/2025 02:00,61.78,62,50,1310,1368,800,568,0,5
Hòa Bình,21/11/2025 03:00,117,117,80,4464,3602,1781,1821,1,0
Sông Ba Hạ,21/11/2025 03:00,105.96,105,101,4030,4020,3900,120,0,12
Trị An,21/11/2025 03:00,61.78,62,50,1400,1366,800,566,0,5
Hòa Bình,21/11/2025 04:00,117.01,117,80,4192,3605,1781,1824,1,0
Sông Ba Hạ,21/11/2025 04:00,105.96,105,101,4020,4020,3900,120,0,12
Trị An,21/11/2025 04:00,61.78,62,50,1430,1368,800,568,0,5
Hòa Bình,21/11/2025 05:00,117.01,117,80,3614,3607,1781,1826,1,0
Sông Ba Hạ,21/11/2025 05:00,105.96,105,101,4030,4020,3900,120,0,12
Trị An,21/11/2025 05:00,61.78,62,50,1460,1368,800,568,0,5
Hòa Bình,21/11/2025 06:00,117.03,117,80,4695,3529,1781,1748,1,0
Sông Ba Hạ,21/11/2025 06:00,105.96,105,101,3580,3564,3400,164,0,12
Trị An,21/11/2025 06:00,61.78,62,50,1400,1368,800,568,0,5
Hòa Bình,21/11/2025 07:00,117.04,117,80,4330,3686,1781,1905,1,0
Sông Ba Hạ,21/11/2025 07:00,105.96,105,101,3050,3083,2900,183,0,12
Trị An,21/11/2025 07:00,61.78,62,50,1370,1368,800,568,0,5
Hòa Bình,21/11/2025 08:00,117.06,117,80,4650,3773,1781,1992,1,0
Sông Ba Hạ,21/11/2025 08:00,105.96,105,101,2580,2600,2400,200,0,12
Trị An,21/11/2025 08:00,61.78,62,50,1370,1368,800,568,0,5
Hòa Bình,21/11/2025 09:00,117.08,117,80,4711,3776,1781,1995,1,0
Sông Ba Hạ,21/11/2025 09:00,105.96,105,101,2090,2100,1900,200,0,12
Trị An,21/11/2025 09:00,61.78,62,50,1430,1368,800,568,0,5
Hòa Bình,21/11/2025 10:00,117.1,117,80,4704,3769,1781,1988,1,0
Sông Ba Hạ,21/11/2025 10:00,105.96,105,101,2070,2065,1900,165,0,12
Trị An,21/11/2025 10:00,61.78,62,50,1460,1366,800,566,0,5
Hòa Bình,21/11/2025 11:00,117.11,117,80,4311,3608,1781,1827,1,0
Sông Ba Hạ,21/11/2025 11:00,105.96,105,101,1590,1520,1400,120,0,12
Trị An,21/11/2025 11:00,61.78,62,50,1450,1342,800,542,0,5
Hòa Bình,21/11/2025 12:00,117.12,117,80,4172,3585,1781,1804,1,0
Sông Ba Hạ,21/11/2025 12:00,105.96,105,101,1520,1520,1400,120,0,12
Trị An,21/11/2025 12:00,61.78,62,50,1470,1255,800,455,0,5
Hòa Bình,21/11/2025 13:00,117.12,117,80,3535,3528,1781,1747,1,0
Sông Ba Hạ,21/11/2025 13:00,105.96,105,101,1900,1943,1800,143,0,12
Trị An,21/11/2025 13:00,61.79,62,50,1500,1208,800,408,0,5
Hòa Bình,21/11/2025 14:00,117.11,117,80,3152,3494,1781,1713,1,0
Sông Ba Hạ,21/11/2025 14:00,105.96,105,101,2280,2280,2100,180,0,12
Trị An,21/11/2025 14:00,61.79,62,50,1530,1323,800,523,0,5
Hòa Bình,21/11/2025 15:00,117.11,117,80,3550,3542,1781,1761,1,0
Sông Ba Hạ,21/11/2025 15:00,105.96,105,101,2320,2300,2100,200,0,12
Trị An,21/11/2025 15:00,61.79,62,50,1560,1364,800,564,0,5
Hòa Bình,21/11/2025 16:00,117.08,117,80,1994,3727,1781,1946,1,0
Sông Ba Hạ,21/11/2025 16:00,105.96,105,101,2300,2300,2100,200,0,12
Trị An,21/11/2025 16:00,61.8,62,50,1560,1366,800,566,0,5
Hòa Bình,21/11/2025 17:00,117.03,117,80,803,3695,1779,1916,1,0
Sông Ba Hạ,21/11/2025 17:00,105.96,105,101,2320,2300,2100,200,0,12
Trị An,21/11/2025 17:00,61.8,62,50,1630,1366,800,566,0,5
Hòa Bình,21/11/2025 18:00,116.97,117,80,305,3718,1777,1941,1,0
Sông Ba Hạ,21/11/2025 18:00,105.96,105,101,2300,2300,2100,200,0,12
Trị An,21/11/2025 18:00,61.8,62,50,1600,1368,800,568,0,5
Hòa Bình,21/11/2025 19:00,116.91,117,80,504,3917,1776,2141,1,0
Sông Ba Hạ,21/11/2025 19:00,105.96,105,101,2310,2300,2100,200,0,12
Trị An,21/11/2025 19:00,61.8,62,50,1600,1368,800,568,0,5
Hòa Bình,21/11/2025 20:00,116.86,117,80,1248,3920,1777,2143,1,0
Sông Ba Hạ,21/11/2025 20:00,105.96,105,101,2320,2300,2100,200,0,12
Trị An,21/11/2025 20:00,61.81,62,50,1580,1368,800,568,0,5
Hòa Bình,21/11/2025 21:00,116.81,117,80,1075,3918,1777,2141,1,0
Sông Ba Hạ,21/11/2025 21:00,105.96,105,101,2300,2300,2100,200,0,12
Trị An,21/11/2025 21:00,61.81,62,50,1630,1368,800,568,0,5
Hòa Bình,21/11/2025 22:00,116.77,117,80,1619,3892,1777,2115,1,0
Sông Ba Hạ,21/11/2025 22:00,105.96,105,101,2300,2300,2100,200,0,12
Trị An,21/11/2025 22:00,61.82,62,50,1690,1368,800,568,0,5
Hòa Bình,21/11/2025 23:00,116.73,117,80,1621,3894,1775,2119,1,0
Sông Ba Hạ,21/11/2025 23:00,105.96,105,101,2320,2268,2100,168,0,12
Trị An,21/11/2025 23:00,61.82,62,50,1660,1368,800,568,0,5
Hòa Bình,22/11/2025 00:00,116.68,117,80,875,3717,1774,1943,1,0
Sông Ba Hạ,22/11/2025 00:00,105.96,105,101,2270,2250,2100,150,0,12
Trị An,22/11/2025 00:00,61.82,62,50,1660,1368,800,568,0,5
Hòa Bình,22/11/2025 01:00,116.64,117,80,1230,3504,1774,1730,1,0
Sông Ba Hạ,22/11/2025 01:00,105.96,105,101,2260,2250,2100,150,0,12
Trị An,22/11/2025 01:00,61.83,62,50,1650,1234,800,434,0,5
Hòa Bình,22/11/2025 02:00,116.59,117,80,657,3498,1772,1726,1,0
Sông Ba Hạ,22/11/2025 02:00,105.96,105,101,2270,2248,2100,148,0,12
Trị An,22/11/2025 02:00,61.83,62,50,1660,1229,800,429,0,5
Hòa Bình,22/11/2025 03:00,116.53,117,80,315,3499,1771,1728,1,0
Sông Ba Hạ,22/11/2025 03:00,105.96,105,101,2270,2250,2100,150,0,12
Trị An,22/11/2025 03:00,61.83,62,50,1610,1225,800,425,0,5
Hòa Bình,22/11/2025 04:00,116.48,117,80,656,3499,1771,1728,1,0
Sông Ba Hạ,22/11/2025 04:00,105.96,105,101,2260,2250,2100,150,0,12
Trị An,22/11/2025 04:00,61.84,62,50,1580,1228,800,428,0,5
Hòa Bình,22/11/2025 05:00,116.44,117,80,368,1756,0,1756,0,0
Sông Ba Hạ,22/11/2025 05:00,105.96,105,101,1800,1750,1600,150,0,12
Trị An,22/11/2025 05:00,61.84,62,50,1550,1309,800,509,0,5
Hòa Bình,22/11/2025 06:00,116.43,117,80,794,1357,0,1357,0,0
Sông Ba Hạ,22/11/2025 06:00,105.96,105,101,1820,1800,1600,200,0,12
Trị An,22/11/2025 06:00,61.84,62,50,1510,1368,800,568,0,5
Hòa Bình,22/11/2025 07:00,116.42,117,80,425,988,0,988,0,0
Sông Ba Hạ,22/11/2025 07:00,105.96,105,101,1650,1600,1400,200,0,12
Trị An,22/11/2025 07:00,61.84,62,50,1470,1368,800,568,0,5
Hòa Bình,22/11/2025 08:00,116.41,117,80,704,1268,0,1268,0,0
Sông Ba Hạ,22/11/2025 08:00,105.96,105,101,1640,1600,1400,200,0,12
Trị An,22/11/2025 08:00,61.84,62,50,1490,1368,800,568,0,5
Hòa Bình,22/11/2025 09:00,116.4,117,80,936,1499,0,1499,0,0
Sông Ba Hạ,22/11/2025 09:00,105.96,105,101,1620,1600,1400,200,0,12
Trị An,22/11/2025 09:00,61.85,62,50,1520,1368,800,568,0,5
Hòa Bình,22/11/2025 10:00,116.4,117,80,1285,1278,0,1278,0,0
Sông Ba Hạ,22/11/2025 10:00,105.94,105,101,1500,2000,1800,200,0,12
Trị An,22/11/2025 10:00,61.85,62,50,1520,1368,800,568,0,5
Hòa Bình,22/11/2025 11:00,116.41,117,80,1659,1083,0,1083,0,0
Sông Ba Hạ,22/11/2025 11:00,105.89,105,101,1350,1983,1800,183,0,12
Trị An,22/11/2025 11:00,61.85,62,50,1470,1330,800,530,0,5
Hòa Bình,22/11/2025 12:00,116.42,117,80,1637,1060,0,1060,0,0
Sông Ba Hạ,22/11/2025 12:00,105.84,105,101,1330,1905,1600,305,0,12
Trị An,22/11/2025 12:00,61.85,62,50,1440,1270,800,470,0,5
Hòa Bình,22/11/2025 13:00,116.42,117,80,967,960,0,960,0,0
Sông Ba Hạ,22/11/2025 13:00,105.79,105,101,1350,1989,1600,389,0,12
Trị An,22/11/2025 13:00,61.85,62,50,1440,1277,800,477,0,5
Hòa Bình,22/11/2025 14:00,116.41,117,80,418,982,0,982,0,0
Sông Ba Hạ,22/11/2025 14:00,105.74,105,101,1360,2000,1600,400,0,12
Trị An,22/11/2025 14:00,61.85,62,50,1480,1366,800,566,0,5
Hòa Bình,22/11/2025 15:00,116.39,117,80,281,1186,0,1186,0,0
Sông Ba Hạ,22/11/2025 15:00,105.7,105,101,1500,2000,1600,400,0,12
Trị An,22/11/2025 15:00,61.86,62,50,1510,1366,800,566,0,5
Hòa Bình,22/11/2025 16:00,116.37,117,80,413,1546,0,1546,0,0
Sông Ba Hạ,22/11/2025 16:00,105.65,105,101,1550,2200,1800,400,0,12
Trị An,22/11/2025 16:00,61.86,62,50,1510,1366,800,566,0,5
Hòa Bình,22/11/2025 17:00,116.34,117,80,444,1920,0,1920,0,0
Sông Ba Hạ,22/11/2025 17:00,105.6,105,101,1560,2200,1800,400,0,12
Trị An,22/11/2025 17:00,61.86,62,50,1480,1366,800,566,0,5
Hòa Bình,22/11/2025 18:00,116.32,117,80,954,2087,0,2087,0,0
Sông Ba Hạ,22/11/2025 18:00,105.55,105,101,1540,2300,1900,400,0,12
Trị An,22/11/2025 18:00,61.86,62,50,1450,1366,800,566,0,5
Hòa Bình,22/11/2025 19:00,116.31,117,80,1490,2053,0,2053,0,0
Sông Ba Hạ,22/11/2025 19:00,105.49,105,101,1530,2300,1900,400,0,12
Trị An,22/11/2025 19:00,61.86,62,50,1450,1366,800,566,0,5
Hòa Bình,22/11/2025 20:00,116.31,117,80,1512,1505,0,1505,0,0
Sông Ba Hạ,22/11/2025 20:00,105.45,105,101,1550,2100,1700,400,0,12
Trị An,22/11/2025 20:00,61.86,62,50,1460,1368,800,568,0,5
Hòa Bình,22/11/2025 21:00,116.32,117,80,1767,1191,0,1191,0,0
Sông Ba Hạ,22/11/2025 21:00,105.41,105,101,1560,2100,1700,400,0,12
Trị An,22/11/2025 21:00,61.86,62,50,1490,1368,800,568,0,5
Hòa Bình,22/11/2025 22:00,116.32,117,80,1348,1341,0,1341,0,0
Sông Ba Hạ,22/11/2025 22:00,105.38,105,101,1580,1900,1500,400,0,12
Trị An,22/11/2025 22:00,61.86,62,50,1460,1368,800,568,0,5
Hòa Bình,22/11/2025 23:00,116.3,117,80,347,1052,0,1052,0,0
Sông Ba Hạ,22/11/2025 23:00,105.36,105,101,1590,1900,1500,400,0,12
Trị An,22/11/2025 23:00,61.86,62,50,1430,1368,800,568,0,5
Hòa Bình,23/11/2025 00:00,116.29,117,80,408,800,0,800,0,0
Sông Ba Hạ,23/11/2025 00:00,105.34,105,101,1580,1900,1500,400,0,12
Trị An,23/11/2025 00:00,61.86,62,50,1370,1368,800,568,0,5
Hòa Bình,23/11/2025 01:00,116.28,117,80,463,799,0,799,0,0
Sông Ba Hạ,23/11/2025 01:00,105.32,105,101,1590,1870,1500,370,0,12
Trị An,23/11/2025 01:00,61.86,62,50,1390,1344,800,544,0,5
Hòa Bình,23/11/2025 02:00,116.28,117,80,805,798,0,798,0,0
Sông Ba Hạ,23/11/2025 02:00,105.3,105,101,1600,1850,1500,350,0,12
Trị An,23/11/2025 02:00,61.86,62,50,1370,1313,800,513,0,5
Hòa Bình,23/11/2025 03:00,116.28,117,80,805,798,0,798,0,0
Sông Ba Hạ,23/11/2025 03:00,105.28,105,101,1600,1846,1500,346,0,12
Trị An,23/11/2025 03:00,61.86,62,50,1340,1285,800,485,0,5
Hòa Bình,23/11/2025 04:00,116.27,117,80,349,798,0,798,0,0
Sông Ba Hạ,23/11/2025 04:00,105.26,105,101,1560,1848,1500,348,0,12
Trị An,23/11/2025 04:00,61.86,62,50,1320,1285,800,485,0,5
Hòa Bình,23/11/2025 05:00,116.26,117,80,292,798,0,798,0,0
Sông Ba Hạ,23/11/2025 05:00,105.24,105,101,1550,1852,1500,352,0,12
Trị An,23/11/2025 05:00,61.86,62,50,1320,1305,800,505,0,5
Hòa Bình,23/11/2025 06:00,116.25,117,80,366,798,0,798,0,0
Sông Ba Hạ,23/11/2025 06:00,105.22,105,101,1540,1826,1500,326,0,12
Trị An,23/11/2025 06:00,61.86,62,50,1350,1366,800,566,0,5
Hòa Bình,23/11/2025 07:00,116.24,117,80,405,797,0,797,0,0
Sông Ba Hạ,23/11/2025 07:00,105.2,105,101,1530,1827,1500,327,0,12
Trị An,23/11/2025 07:00,61.86,62,50,1320,1368,800,568,0,5
Hòa Bình,23/11/2025 08:00,116.23,117,80,348,797,0,797,0,0
Sông Ba Hạ,23/11/2025 08:00,105.17,105,101,1450,1840,1500,340,0,12
Trị An,23/11/2025 08:00,61.86,62,50,1340,1366,800,566,0,5
Hòa Bình,23/11/2025 09:00,116.22,117,80,355,798,0,798,0,0
Sông Ba Hạ,23/11/2025 09:00,105.14,105,101,1440,1832,1500,332,0,12
Trị An,23/11/2025 09:00,61.86,62,50,1310,1272,800,472,0,5
Hòa Bình,23/11/2025 10:00,116.21,117,80,310,873,0,873,0,0
Sông Ba Hạ,23/11/2025 10:00,105.1,105,101,1300,1800,1500,300,0,12
Trị An,23/11/2025 10:00,61.87,62,50,1350,1234,800,434,0,5
Hòa Bình,23/11/2025 11:00,116.2,117,80,463,1026,0,1026,0,0
Sông Ba Hạ,23/11/2025 11:00,105.04,105,101,1240,1385,1100,285,0,12
Trị An,23/11/2025 11:00,61.87,62,50,1300,1219,800,419,0,5
Hòa Bình,23/11/2025 12:00,116.2,117,80,958,951,0,951,0,0
Sông Ba Hạ,23/11/2025 12:00,105.02,105,101,1220,1347,1100,247,0,12
Trị An,23/11/2025 12:00,61.87,62,50,1360,1179,800,379,0,5
Hòa Bình,23/11/2025 13:00,116.19,117,80,349,798,0,798,0,0
Sông Ba Hạ,23/11/2025 13:00,105,105,101,1260,1276,1000,276,0,12
Trị An,23/11/2025 13:00,61.87,62,50,1310,1163,800,363,0,5
Hòa Bình,23/11/2025 14:00,116.18,117,80,406,798,0,798,0,0
Sông Ba Hạ,23/11/2025 14:00,105,105,101,1300,1327,1000,327,0,12
Trị An,23/11/2025 14:00,61.87,62,50,1340,1232,800,432,0,5
Hòa Bình,23/11/2025 15:00,116.17,117,80,235,798,0,798,0,0
Sông Ba Hạ,23/11/2025 15:00,105,105,101,1310,1367,1000,367,0,12
Trị An,23/11/2025 15:00,61.87,62,50,1290,1303,800,503,0,5
Hòa Bình,23/11/2025 16:00,116.16,117,80,470,1033,0,1033,0,0
Sông Ba Hạ,23/11/2025 16:00,105,105,101,1340,1400,1000,400,0,12
Trị An,23/11/2025 16:00,61.87,62,50,1320,1323,800,523,0,5
Hòa Bình,23/11/2025 17:00,116.15,117,80,987,1550,0,1550,0,0
Sông Ba Hạ,23/11/2025 17:00,105,105,101,1350,1400,1000,400,0,12
Trị An,23/11/2025 17:00,61.87,62,50,1270,1364,800,564,0,5
Hòa Bình,23/11/2025 18:00,116.14,117,80,1421,1984,0,1984,0,0
Sông Ba Hạ,23/11/2025 18:00,105,105,101,1360,1400,1000,400,0,12
Trị An,23/11/2025 18:00,61.87,62,50,1260,1366,800,566,0,5
Hòa Bình,23/11/2025 19:00,116.15,117,80,2368,1791,0,1791,0,0
Sông Ba Hạ,23/11/2025 19:00,104.99,105,101,1350,1400,1000,400,0,12
Trị An,23/11/2025 19:00,61.87,62,50,1250,1366,800,566,0,5
Hòa Bình,23/11/2025 20:00,116.19,117,80,3378,1377,0,1377,0,0
Sông Ba Hạ,23/11/2025 20:00,104.99,105,101,1300,1200,1000,200,0,12
Trị An,23/11/2025 20:00,61.87,62,50,1280,1368,800,568,0,5
Hòa Bình,23/11/2025 21:00,116.24,117,80,3819,1247,0,1247,0,0
Sông Ba Hạ,23/11/2025 21:00,105,105,101,1280,1200,1000,200,0,12
Trị An,23/11/2025 21:00,61.86,62,50,1250,1368,800,568,0,5
Hòa Bình,23/11/2025 22:00,116.3,117,80,4056,1085,0,1085,0,0
Sông Ba Hạ,23/11/2025 22:00,105,105,101,1290,1193,1000,193,0,12
Trị An,23/11/2025 22:00,61.86,62,50,1250,1368,800,568,0,5
Hòa Bình,23/11/2025 23:00,116.34,117,80,4066,2665,1771,894,1,0
Sông Ba Hạ,23/11/2025 23:00,105,105,101,1320,1358,1000,358,0,12
Trị An,23/11/2025 23:00,61.86,62,50,1250,1356,800,556,0,5
Hòa Bình,24/11/2025 00:00,116.37,117,80,4007,2576,1771,805,1,0
Sông Ba Hạ,24/11/2025 00:00,105,105,101,1330,1320,1000,320,0,12
Trị An,24/11/2025 00:00,61.86,62,50,1240,1272,800,472,0,5
Hòa Bình,24/11/2025 01:00,116.39,117,80,4013,2866,1771,1095,1,0
Sông Ba Hạ,24/11/2025 01:00,105,105,101,1250,1240,1000,240,0,12
Trị An,24/11/2025 01:00,61.86,62,50,1230,1165,800,365,0,5
Hòa Bình,24/11/2025 02:00,116.41,117,80,4262,3287,1771,1516,1,0
Sông Ba Hạ,24/11/2025 02:00,105,105,101,1260,1240,1000,240,0,12
Trị An,24/11/2025 02:00,61.86,62,50,1220,1145,800,345,0,5
Hòa Bình,24/11/2025 03:00,116.43,117,80,4228,3151,1771,1380,1,0
Sông Ba Hạ,24/11/2025 03:00,105,105,101,1270,1240,1000,240,0,12
Trị An,24/11/2025 03:00,61.86,62,50,1240,1145,800,345,0,5
Hòa Bình,24/11/2025 04:00,116.45,117,80,4301,3155,1772,1383,1,0
Sông Ba Hạ,24/11/2025 04:00,105,105,101,1260,1240,1000,240,0,12
Trị An,24/11/2025 04:00,61.86,62,50,1230,1145,800,345,0,5
Hòa Bình,24/11/2025 05:00,116.47,117,80,4304,3158,1772,1386,1,0
Sông Ba Hạ,24/11/2025 05:00,105,105,101,1250,1240,1000,240,0,12
Trị An,24/11/2025 05:00,61.86,62,50,1200,1145,800,345,0,5
Hòa Bình,24/11/2025 06:00,116.48,117,80,3948,3315,1773,1542,1,0
Sông Ba Hạ,24/11/2025 06:00,105,105,101,1280,1316,1000,316,0,12
Trị An,24/11/2025 06:00,61.87,62,50,1220,1184,800,384,0,5
Hòa Bình,24/11/2025 07:00,116.49,117,80,3977,3401,1773,1628,1,0
Sông Ba Hạ,24/11/2025 07:00,105,105,101,1300,1340,1000,340,0,12
Trị An,24/11/2025 07:00,61.86,62,50,1210,1286,800,486,0,5
Hòa Bình,24/11/2025 08:00,116.5,117,80,3905,3328,1773,1555,1,0
Sông Ba Hạ,24/11/2025 08:00,105,105,101,1350,1400,1000,400,0,12
Trị An,24/11/2025 08:00,61.86,62,50,1280,1368,800,568,0,5
Hòa Bình,24/11/2025 09:00,116.51,117,80,3787,3325,1773,1552,1,0
Sông Ba Hạ,24/11/2025 09:00,105,105,101,1340,1335,1000,335,0,12
Trị An,24/11/2025 09:00,61.86,62,50,1260,1305,800,505,0,5
Hòa Bình,24/11/2025 10:00,116.52,117,80,3902,3326,1773,1553,1,0
Sông Ba Hạ,24/11/2025 10:00,105,105,101,1280,1240,1000,240,0,12
Trị An,24/11/2025 10:00,61.86,62,50,1230,1209,800,409,0,5
Hòa Bình,24/11/2025 11:00,116.53,117,80,3897,3320,1773,1547,1,0
Sông Ba Hạ,24/11/2025 11:00,105,105,101,1350,1340,1100,240,0,12
Trị An,24/11/2025 11:00,61.86,62,50,1130,1145,800,345,0,5
Hòa Bình,24/11/2025 12:00,116.55,117,80,4055,3194,1774,1420,1,0
Sông Ba Hạ,24/11/2025 12:00,105,105,101,1360,1340,1100,240,0,12
Trị An,24/11/2025 12:00,61.86,62,50,1080,1143,800,343,0,5
Hòa Bình,24/11/2025 13:00,116.57,117,80,4196,3050,1774,1276,1,0
Sông Ba Hạ,24/11/2025 13:00,105,105,101,1370,1340,1100,240,0,12
Trị An,24/11/2025 13:00,61.86,62,50,1070,1188,800,388,0,5
Hòa Bình,24/11/2025 14:00,116.58,117,80,3702,3125,1774,1351,1,0
Sông Ba Hạ,24/11/2025 14:00,105,105,101,1390,1442,1100,342,0,12
Trị An,24/11/2025 14:00,61.86,62,50,1080,1342,800,542,0,5
Hòa Bình,24/11/2025 15:00,116.58,117,80,3426,3419,1774,1645,1,0
Sông Ba Hạ,24/11/2025 15:00,105,105,101,1440,1462,1100,362,0,12
Trị An,24/11/2025 15:00,61.86,62,50,1150,1364,800,564,0,5
Hòa Bình,24/11/2025 16:00,116.58,117,80,3636,3629,1774,1855,1,0
Sông Ba Hạ,24/11/2025 16:00,105,105,101,1470,1500,1100,400,0,12
Trị An,24/11/2025 16:00,61.85,62,50,1120,1364,800,564,0,5
Hòa Bình,24/11/2025 17:00,116.58,117,80,3570,3563,1774,1789,1,0
Sông Ba Hạ,24/11/2025 17:00,105,105,101,1480,1500,1100,400,0,12
Trị An,24/11/2025 17:00,61.85,62,50,1160,1364,800,564,0,5
Hòa Bình,24/11/2025 18:00,116.59,117,80,4139,3562,1774,1788,1,0
Sông Ba Hạ,24/11/2025 18:00,105,105,101,1460,1500,1100,400,0,12
Trị An,24/11/2025 18:00,61.85,62,50,1070,1384,800,584,0,5
Hòa Bình,24/11/2025 19:00,116.61,117,80,4517,3598,1775,1823,1,0
Sông Ba Hạ,24/11/2025 19:00,105,105,101,1460,1700,1300,400,0,12
Trị An,24/11/2025 19:00,61.85,62,50,1190,1366,800,566,0,5
Hòa Bình,24/11/2025 20:00,116.63,117,80,4512,3599,1775,1824,1,0
Sông Ba Hạ,24/11/2025 20:00,104.96,105,101,1450,2000,1600,400,0,12
Trị An,24/11/2025 20:00,61.84,62,50,1190,1366,800,566,0,5
Hòa Bình,24/11/2025 21:00,116.65,117,80,3907,1872,0,1872,0,0
Sông Ba Hạ,24/11/2025 21:00,104.92,105,101,1480,2000,1600,400,0,12
Trị An,24/11/2025 21:00,61.84,62,50,1190,1368,800,568,0,5
Hòa Bình,24/11/2025 22:00,116.67,117,80,3584,1550,0,1550,0,0
Sông Ba Hạ,24/11/2025 22:00,104.88,105,101,1476,2000,1600,400,0,12
Trị An,24/11/2025 22:00,61.84,62,50,1100,1368,800,568,0,5
Hòa Bình,24/11/2025 23:00,116.69,117,80,2195,1049,0,1049,0,0
Sông Ba Hạ,24/11/2025 23:00,104.84,105,101,1460,2000,1600,400,0,12
Trị An,24/11/2025 23:00,61.83,62,50,1070,1368,800,568,0,5
Hòa Bình,25/11/2025 00:00,116.7,117,80,1280,703,0,703,0,0
Sông Ba Hạ,25/11/2025 00:00,104.8,105,101,1480,2000,1600,400,0,12
Trị An,25/11/2025 00:00,61.83,62,50,1070,1368,800,568,0,5
Hòa Bình,25/11/2025 01:00,116.7,117,80,659,652,0,652,0,0
Sông Ba Hạ,25/11/2025 01:00,104.76,105,101,1490,2000,1600,400,0,12
Trị An,25/11/2025 01:00,61.83,62,50,1070,1368,800,568,0,5
Hòa Bình,25/11/2025 02:00,116.7,117,80,675,668,0,668,0,0
Sông Ba Hạ,25/11/2025 02:00,104.72,105,101,1470,2000,1600,400,0,12
Trị An,25/11/2025 02:00,61.82,62,50,1070,1368,800,568,0,5
Hòa Bình,25/11/2025 03:00,116.7,117,80,559,552,0,552,0,0
Sông Ba Hạ,25/11/2025 03:00,104.68,105,101,1480,2000,1600,400,0,12
Trị An,25/11/2025 03:00,61.82,62,50,1130,1368,800,568,0,5
Hòa Bình,25/11/2025 04:00,116.69,117,80,141,534,0,534,0,0
Sông Ba Hạ,25/11/2025 04:00,104.64,105,101,1470,2000,1600,400,0,12
Trị An,25/11/2025 04:00,61.82,62,50,1160,1366,800,566,0,5
Hòa Bình,25/11/2025 05:00,116.69,117,80,609,602,0,602,0,0
Sông Ba Hạ,25/11/2025 05:00,104.6,105,101,1490,2000,1600,400,0,12
Trị An,25/11/2025 05:00,61.82,62,50,1160,1366,800,566,0,5
Hòa Bình,25/11/2025 06:00,116.68,117,80,389,952,0,952,0,0
Sông Ba Hạ,25/11/2025 06:00,104.56,105,101,1480,2000,1600,400,0,12
Trị An,25/11/2025 06:00,61.82,62,50,1160,1368,800,568,0,5
Hòa Bình,25/11/2025 07:00,116.67,117,80,321,885,0,885,0,0
Sông Ba Hạ,25/11/2025 07:00,104.52,105,101,1470,2000,1600,400,0,12
Trị An,25/11/2025 07:00,61.81,62,50,1160,1368,800,568,0,5
Hòa Bình,25/11/2025 08:00,116.66,117,80,283,732,0,732,0,0
Sông Ba Hạ,25/11/2025 08:00,104.48,105,101,1460,2000,1600,400,0,12
Trị An,25/11/2025 08:00,61.81,62,50,1160,1368,800,568,0,5
Hòa Bình,25/11/2025 09:00,116.65,117,80,357,920,0,920,0,0
Sông Ba Hạ,25/11/2025 09:00,104.44,105,101,1470,2000,1600,400,0,12
Trị An,25/11/2025 09:00,61.81,62,50,1100,1368,800,568,0,5
Hòa Bình,25/11/2025 10:00,116.64,117,80,364,927,0,927,0,0
Sông Ba Hạ,25/11/2025 10:00,104.4,105,101,1420,1938,1600,338,0,12
Trị An,25/11/2025 10:00,61.8,62,50,1020,1291,800,491,0,5
Hòa Bình,25/11/2025 11:00,116.65,117,80,1391,814,0,814,0,0
Sông Ba Hạ,25/11/2025 11:00,104.36,105,101,1410,1934,1600,334,0,12
Trị An,25/11/2025 11:00,61.8,62,50,1010,1272,800,472,0,5
Hòa Bình,25/11/2025 12:00,116.65,117,80,1006,999,0,999,0,0
Sông Ba Hạ,25/11/2025 12:00,104.32,105,101,1400,1876,1600,276,0,12
Trị An,25/11/2025 12:00,61.8,62,50,1010,1366,800,566,0,5
Hòa Bình,25/11/2025 13:00,116.65,117,80,1046,1039,0,1039,0,0
Sông Ba Hạ,25/11/2025 13:00,104.28,105,101,1420,1934,1600,334,0,12
Trị An,25/11/2025 13:00,61.79,62,50,1070,1272,800,472,0,5
Hòa Bình,25/11/2025 14:00,116.64,117,80,519,1083,0,1083,0,0
Sông Ba Hạ,25/11/2025 14:00,104.24,105,101,1430,1963,1600,363,0,12
Trị An,25/11/2025 14:00,61.79,62,50,1080,1305,800,505,0,5
Hòa Bình,25/11/2025 15:00,116.61,117,80,40,1374,0,1374,0,0
Sông Ba Hạ,25/11/2025 15:00,104.2,105,101,1440,2000,1600,400,0,12
Trị An,25/11/2025 15:00,61.79,62,50,1140,1366,800,566,0,5
Hòa Bình,25/11/2025 16:00,116.58,117,80,40,1381,0,1381,0,0
Sông Ba Hạ,25/11/2025 16:00,104.16,105,101,1450,2000,1600,400,0,12
Trị An,25/11/2025 16:00,61.79,62,50,1200,1366,800,566,0,5
Hòa Bình,25/11/2025 17:00,116.56,117,80,331,1237,0,1237,0,0
Sông Ba Hạ,25/11/2025 17:00,104.12,105,101,1470,2000,1600,400,0,12
Trị An,25/11/2025 17:00,61.79,62,50,1220,1364,800,564,0,5
Hòa Bình,25/11/2025 18:00,116.56,117,80,1536,1529,0,1529,0,0
Sông Ba Hạ,25/11/2025 18:00,104.08,105,101,1460,2000,1600,400,0,12
Trị An,25/11/2025 18:00,61.78,62,50,1220,1364,800,564,0,5
Hòa Bình,25/11/2025 19:00,116.57,117,80,2307,1731,0,1731,0,0
Sông Ba Hạ,25/11/2025 19:00,104.04,105,101,1450,2000,1600,400,0,12
Trị An,25/11/2025 19:00,61.78,62,50,1190,1366,800,566,0,5
Hòa Bình,25/11/2025 20:00,116.59,117,80,2344,1482,0,1482,0,0
Sông Ba Hạ,25/11/2025 20:00,104,105,101,1460,2000,1600,400,0,12
Trị An,25/11/2025 20:00,61.78,62,50,1190,1366,800,566,0,5
Hòa Bình,25/11/2025 21:00,116.59,117,80,1540,1533,0,1533,0,0
Sông Ba Hạ,25/11/2025 21:00,103.96,105,101,1470,2000,1600,400,0,12
Trị An,25/11/2025 21:00,61.78,62,50,1160,1368,800,568,0,5
Hòa Bình,25/11/2025 22:00,116.58,117,80,932,1496,0,1496,0,0
Sông Ba Hạ,25/11/2025 22:00,103.92,105,101,1480,2000,1600,400,0,12
Trị An,25/11/2025 22:00,61.78,62,50,1130,1368,800,568,0,5
Hòa Bình,25/11/2025 23:00,116.58,117,80,1299,1292,0,1292,0,0
Sông Ba Hạ,25/11/2025 23:00,103.88,105,101,1450,2000,1600,400,0,12
Trị An,25/11/2025 23:00,61.77,62,50,1070,1368,800,568,0,5
Hòa Bình,26/11/2025 00:00,116.59,117,80,1660,1083,0,1083,0,0
Sông Ba Hạ,26/11/2025 00:00,103.84,105,101,1460,2000,1600,400,0,12
Trị An,26/11/2025 00:00,61.77,62,50,1040,1368,800,568,0,5
Hòa Bình,26/11/2025 01:00,116.61,117,80,1951,805,0,805,0,0
Sông Ba Hạ,26/11/2025 01:00,103.8,105,101,1480,2000,1600,400,0,12
Trị An,26/11/2025 01:00,61.76,62,50,1010,1368,800,568,0,5
Hòa Bình,26/11/2025 02:00,116.62,117,80,1337,760,0,760,0,0
Sông Ba Hạ,26/11/2025 02:00,103.76,105,101,1470,2000,1600,400,0,12
Trị An,26/11/2025 02:00,61.76,62,50,1010,1368,800,568,0,5
Hòa Bình,26/11/2025 03:00,116.63,117,80,1338,762,0,762,0,0
Sông Ba Hạ,26/11/2025 03:00,103.72,105,101,1460,2000,1600,400,0,12
Trị An,26/11/2025 03:00,61.76,62,50,1010,1368,800,568,0,5
Hòa Bình,26/11/2025 04:00,116.63,117,80,775,768,0,768,0,0
Sông Ba Hạ,26/11/2025 04:00,103.68,105,101,1450,2000,1600,400,0,12
Trị An,26/11/2025 04:00,61.75,62,50,1010,1368,800,568,0,5
Hòa Bình,26/11/2025 05:00,116.63,117,80,781,774,0,774,0,0
Sông Ba Hạ,26/11/2025 05:00,103.64,105,101,1470,2000,1600,400,0,12
Trị An,26/11/2025 05:00,61.75,62,50,1010,1368,800,568,0,5
Hòa Bình,26/11/2025 06:00,116.62,117,80,619,1011,0,1011,0,0
Sông Ba Hạ,26/11/2025 06:00,103.59,105,101,1360,2000,1600,400,0,12
Trị An,26/11/2025 06:00,61.74,62,50,1010,1368,800,568,0,5
Hòa Bình,26/11/2025 07:00,116.6,117,80,516,1536,0,1536,0,0
Sông Ba Hạ,26/11/2025 07:00,103.53,105,101,1240,2000,1600,400,0,12
Trị An,26/11/2025 07:00,61.74,62,50,1010,1368,800,568,0,5
Hòa Bình,26/11/2025 08:00,116.59,117,80,785,1519,0,1519,0,0
Sông Ba Hạ,26/11/2025 08:00,103.47,105,101,1260,2000,1600,400,0,12
Trị An,26/11/2025 08:00,61.74,62,50,1010,1370,800,570,0,5
Hòa Bình,26/11/2025 09:00,116.59,117,80,1255,1248,0,1248,0,0
Sông Ba Hạ,26/11/2025 09:00,103.41,105,101,1220,1952,1600,352,0,12
Trị An,26/11/2025 09:00,61.73,62,50,1020,1370,800,570,0,5
Hòa Bình,26/11/2025 10:00,116.6,117,80,1511,935,0,935,0,0
Sông Ba Hạ,26/11/2025 10:00,103.36,105,101,1250,1898,1600,298,0,12
Trị An,26/11/2025 10:00,61.73,62,50,1030,1229,800,429,0,5
Hòa Bình,26/11/2025 11:00,116.61,117,80,1294,717,0,717,0,0
Sông Ba Hạ,26/11/2025 11:00,103.31,105,101,1260,1916,1600,316,0,12
Trị An,26/11/2025 11:00,61.73,62,50,1040,1234,800,434,0,5
Hòa Bình,26/11/2025 12:00,116.62,117,80,1415,838,0,838,0,0
Sông Ba Hạ,26/11/2025 12:00,103.27,105,101,1240,1888,1600,288,0,12
Trị An,26/11/2025 12:00,61.72,62,50,1020,1216,800,416,0,5
Hòa Bình,26/11/2025 13:00,116.62,117,80,903,896,0,896,0,0
Sông Ba Hạ,26/11/2025 13:00,103.23,105,101,1250,1920,1600,320,0,12
Trị An,26/11/2025 13:00,61.72,62,50,1030,1255,800,455,0,5
Hòa Bình,26/11/2025 14:00,116.62,117,80,1257,1250,0,1250,0,0
Sông Ba Hạ,26/11/2025 14:00,103.19,105,101,1270,1967,1600,367,0,12
Trị An,26/11/2025 14:00,61.72,62,50,1000,1313,800,513,0,5
Hòa Bình,26/11/2025 15:00,116.61,117,80,1039,1603,0,1603,0,0
Sông Ba Hạ,26/11/2025 15:00,103.14,105,101,1260,2000,1600,400,0,12
Trị An,26/11/2025 15:00,61.71,62,50,1000,1366,800,566,0,5
Hòa Bình,26/11/2025 16:00,116.6,117,80,1125,1688,0,1688,0,0
Sông Ba Hạ,26/11/2025 16:00,103.08,105,101,1240,2000,1600,400,0,12
Trị An,26/11/2025 16:00,61.71,62,50,960,1366,800,566,0,5
Hòa Bình,26/11/2025 17:00,116.6,117,80,1502,1495,0,1495,0,0
Sông Ba Hạ,26/11/2025 17:00,103,105,101,1050,2000,1600,400,0,12
Trị An,26/11/2025 17:00,61.7,62,50,950,1366,800,566,0,5
Hòa Bình,26/11/2025 18:00,116.61,117,80,2104,1527,0,1527,0,0
Sông Ba Hạ,26/11/2025 18:00,102.92,105,101,1020,2000,1600,400,0,12
Trị An,26/11/2025 18:00,61.7,62,50,920,1366,800,566,0,5
Hòa Bình,26/11/2025 19:00,116.62,117,80,2415,1838,0,1838,0,0
Sông Ba Hạ,26/11/2025 19:00,102.84,105,101,940,1600,1200,400,0,12
Trị An,26/11/2025 19:00,61.7,62,50,950,1366,800,566,0,5
Hòa Bình,26/11/2025 20:00,116.63,117,80,2324,1748,0,1748,0,0
Sông Ba Hạ,26/11/2025 20:00,102.79,105,101,950,1580,1200,380,0,12
Trị An,26/11/2025 20:00,61.69,62,50,960,1366,800,566,0,5
Hòa Bình,26/11/2025 21:00,116.63,117,80,1763,1756,0,1756,0,0
Sông Ba Hạ,26/11/2025 21:00,102.74,105,101,970,1580,1200,380,0,12
Trị An,26/11/2025 21:00,61.68,62,50,930,1366,800,566,0,5
Hòa Bình,26/11/2025 22:00,116.63,117,80,1852,1845,0,1845,0,0
Sông Ba Hạ,26/11/2025 22:00,102.69,105,101,960,1580,1200,380,0,12
Trị An,26/11/2025 22:00,61.68,62,50,900,1368,800,568,0,5
Hòa Bình,26/11/2025 23:00,116.64,117,80,1976,1513,0,1513,0,0
Sông Ba Hạ,26/11/2025 23:00,102.61,105,101,880,1580,1200,380,0,12
Trị An,26/11/2025 23:00,61.67,62,50,900,1368,800,568,0,5
Hòa Bình,27/11/2025 00:00,116.64,117,80,1102,1095,0,1095,0,0
Sông Ba Hạ,27/11/2025 00:00,102.53,105,101,830,1380,1000,380,0,12
Trị An,27/11/2025 00:00,61.67,62,50,900,1370,800,570,0,5
Hòa Bình,27/11/2025 01:00,116.65,117,80,1556,923,0,923,0,0
Sông Ba Hạ,27/11/2025 01:00,102.48,105,101,820,1380,1000,380,0,12
Trị An,27/11/2025 01:00,61.66,62,50,870,1370,800,570,0,5
Hòa Bình,27/11/2025 02:00,116.67,117,80,1598,736,0,736,0,0
Sông Ba Hạ,27/11/2025 02:00,102.43,105,101,830,1380,1000,380,0,12
Trị An,27/11/2025 02:00,61.66,62,50,840,1368,800,568,0,5
Hòa Bình,27/11/2025 03:00,116.68,117,80,906,614,0,614,0,0
Sông Ba Hạ,27/11/2025 03:00,102.38,105,101,810,1380,1000,380,0,12
Trị An,27/11/2025 03:00,61.65,62,50,840,1368,800,568,0,5
Hòa Bình,27/11/2025 04:00,116.67,117,80,413,691,0,691,0,0
Sông Ba Hạ,27/11/2025 04:00,102.33,105,101,820,1380,1000,380,0,12
Trị An,27/11/2025 04:00,61.64,62,50,840,1370,800,570,0,5
Hòa Bình,27/11/2025 05:00,116.66,117,80,439,774,0,774,0,0
Sông Ba Hạ,27/11/2025 05:00,102.28,105,101,810,1180,800,380,0,10
Trị An,27/11/2025 05:00,61.64,62,50,810,1370,800,570,0,5
Hòa Bình,27/11/2025 06:00,116.65,117,80,348,911,0,911,0,0
Sông Ba Hạ,27/11/2025 06:00,102.25,105,101,840,1180,800,380,0,10
Trị An,27/11/2025 06:00,61.63,62,50,780,1370,800,570,0,5
Hòa Bình,27/11/2025 07:00,116.64,117,80,487,1050,0,1050,0,0
Sông Ba Hạ,27/11/2025 07:00,102.24,105,101,980,1180,800,380,0,10
Trị An,27/11/2025 07:00,61.62,62,50,720,1368,800,568,0,5
Hòa Bình,27/11/2025 08:00,116.64,117,80,1153,1146,0,1146,0,0
Sông Ba Hạ,27/11/2025 08:00,102.23,105,101,1020,1180,800,380,0,10
Trị An,27/11/2025 08:00,61.62,62,50,720,1370,800,570,0,5
Hòa Bình,27/11/2025 09:00,116.65,117,80,1805,1228,0,1228,0,0
Sông Ba Hạ,27/11/2025 09:00,102.22,105,101,1040,1150,800,350,0,10
Trị An,27/11/2025 09:00,61.61,62,50,740,1327,800,527,0,5
Hòa Bình,27/11/2025 10:00,116.67,117,80,2043,897,0,897,0,0
Sông Ba Hạ,27/11/2025 10:00,102.21,105,101,1030,1109,800,309,0,10
Trị An,27/11/2025 10:00,61.6,62,50,770,1283,800,483,0,5
Hòa Bình,27/11/2025 11:00,116.7,117,80,2333,616,0,616,0,0
Sông Ba Hạ,27/11/2025 11:00,102.2,105,101,1020,1097,800,297,0,10
Trị An,27/11/2025 11:00,61.6,62,50,820,1257,800,457,0,5
Hòa Bình,27/11/2025 12:00,116.72,117,80,1800,653,0,653,0,0
Sông Ba Hạ,27/11/2025 12:00,102.19,105,101,1010,1056,800,256,0,10
Trị An,27/11/2025 12:00,61.6,62,50,840,1211,800,411,0,5
Hòa Bình,27/11/2025 13:00,116.73,117,80,1339,762,0,762,0,0
Sông Ba Hạ,27/11/2025 13:00,102.18,105,101,1020,1097,800,297,0,10
Trị An,27/11/2025 13:00,61.59,62,50,790,1225,800,425,0,5
Hòa Bình,27/11/2025 14:00,116.73,117,80,1024,1017,0,1017,0,0
Sông Ba Hạ,27/11/2025 14:00,102.17,105,101,1030,1168,800,368,0,10
Trị An,27/11/2025 14:00,61.58,62,50,760,1336,800,536,0,5
Hòa Bình,27/11/2025 15:00,116.72,117,80,845,1409,0,1409,0,0
Sông Ba Hạ,27/11/2025 15:00,102.16,105,101,1050,1180,800,380,0,10
Trị An,27/11/2025 15:00,61.58,62,50,750,1368,800,568,0,5
Hòa Bình,27/11/2025 16:00,116.7,117,80,758,1653,0,1653,0,0
Sông Ba Hạ,27/11/2025 16:00,102.15,105,101,1060,1180,800,380,0,10
Trị An,27/11/2025 16:00,61.57,62,50,830,1368,800,568,0,5
Hòa Bình,27/11/2025 17:00,116.7,117,80,1369,1362,0,1362,0,0
Sông Ba Hạ,27/11/2025 17:00,102.14,105,101,1070,1180,800,380,0,10
Trị An,27/11/2025 17:00,61.56,62,50,870,1368,800,568,0,5
Hòa Bình,27/11/2025 18:00,116.71,117,80,2031,1454,0,1454,0,0
Sông Ba Hạ,27/11/2025 18:00,102.13,105,101,1060,1180,800,380,0,10
Trị An,27/11/2025 18:00,61.56,62,50,810,1368,800,568,0,5
Hòa Bình,27/11/2025 19:00,116.72,117,80,2410,1833,0,1833,0,0
Sông Ba Hạ,27/11/2025 19:00,102.12,105,101,1050,1180,800,380,0,10
Trị An,27/11/2025 19:00,61.55,62,50,840,1368,800,568,0,5
Hòa Bình,27/11/2025 20:00,116.73,117,80,2123,1546,0,1546,0,0
Sông Ba Hạ,27/11/2025 20:00,102.11,105,101,1060,1180,800,380,0,10
Trị An,27/11/2025 20:00,61.55,62,50,840,1368,800,568,0,5
Hòa Bình,27/11/2025 21:00,116.72,117,80,991,1555,0,1555,0,0
Sông Ba Hạ,27/11/2025 21:00,102.1,105,101,1070,1180,800,380,0,10
Trị An,27/11/2025 21:00,61.54,62,50,900,1368,800,568,0,5
Hòa Bình,27/11/2025 22:00,116.7,117,80,805,1824,0,1824,0,0
Sông Ba Hạ,27/11/2025 22:00,102.09,105,101,1060,1180,800,380,0,10
Trị An,27/11/2025 22:00,61.54,62,50,900,1370,800,570,0,5
Hòa Bình,27/11/2025 23:00,116.68,117,80,713,1675,0,1675,0,0
Sông Ba Hạ,27/11/2025 23:00,102.08,105,101,1050,1180,800,380,0,10
Trị An,27/11/2025 23:00,61.53,62,50,870,1370,800,570,0,5
Hòa Bình,28/11/2025 00:00,116.69,117,80,1926,1349,0,1349,0,0
Sông Ba Hạ,28/11/2025 00:00,102.07,105,101,1060,1180,800,380,0,10
Trị An,28/11/2025 00:00,61.52,62,50,870,1370,800,570,0,5
Hòa Bình,28/11/2025 01:00,116.71,117,80,1705,843,0,843,0,0
Sông Ba Hạ,28/11/2025 01:00,102.06,105,101,1070,1180,800,380,0,10
Trị An,28/11/2025 01:00,61.52,62,50,840,1370,800,570,0,5
Hòa Bình,28/11/2025 02:00,116.72,117,80,1371,794,0,794,0,0
Sông Ba Hạ,28/11/2025 02:00,102.05,105,101,1070,1180,800,380,0,10
Trị An,28/11/2025 02:00,61.51,62,50,840,1370,800,570,0,5
Hòa Bình,28/11/2025 03:00,116.72,117,80,1059,1052,0,1052,0,0
Sông Ba Hạ,28/11/2025 03:00,102.04,105,101,1080,1180,800,380,0,10
Trị An,28/11/2025 03:00,61.51,62,50,840,1370,800,570,0,5
Hòa Bình,28/11/2025 04:00,116.71,117,80,488,1052,0,1052,0,0
Sông Ba Hạ,28/11/2025 04:00,102.03,105,101,1070,1180,800,380,0,10
Trị An,28/11/2025 04:00,61.5,62,50,820,1370,800,570,0,5
Hòa Bình,28/11/2025 05:00,116.7,117,80,491,1054,0,1054,0,0
Sông Ba Hạ,28/11/2025 05:00,102.02,105,101,1050,1180,800,380,0,10
Trị An,28/11/2025 05:00,61.49,62,50,820,1370,800,570,0,5
Hòa Bình,28/11/2025 06:00,116.68,117,80,343,1249,0,1249,0,0
Sông Ba Hạ,28/11/2025 06:00,102,105,101,950,980,600,380,0,8
Trị An,28/11/2025 06:00,61.49,62,50,820,1370,800,570,0,5
Hòa Bình,28/11/2025 07:00,116.66,117,80,530,1493,0,1493,0,0
Sông Ba Hạ,28/11/2025 07:00,102,105,101,820,780,400,380,0,5
Trị An,28/11/2025 07:00,61.48,62,50,850,1370,800,570,0,5
Hòa Bình,28/11/2025 08:00,116.65,117,80,809,1543,0,1543,0,0
Sông Ba Hạ,28/11/2025 08:00,102,105,101,720,680,300,380,0,4
Trị An,28/11/2025 08:00,61.47,62,50,790,1370,800,570,0,5
Hòa Bình,28/11/2025 09:00,116.65,117,80,1535,1528,0,1528,0,0
Sông Ba Hạ,28/11/2025 09:00,102,105,101,700,670,300,370,0,4
Trị An,28/11/2025 09:00,61.47,62,50,740,1038,480,558,0,3
Hòa Bình,28/11/2025 10:00,116.66,117,80,1660,1083,0,1083,0,0
Sông Ba Hạ,28/11/2025 10:00,102,105,101,650,625,300,325,0,4
Trị An,28/11/2025 10:00,61.47,62,50,720,975,480,495,0,3
Hòa Bình,28/11/2025 11:00,116.68,117,80,1800,653,0,653,0,0
Sông Ba Hạ,28/11/2025 11:00,102,105,101,620,593,300,293,0,4
Trị An,28/11/2025 11:00,61.46,62,50,750,934,480,454,0,3
Hòa Bình,28/11/2025 12:00,116.69,117,80,1461,657,0,657,0,0
Sông Ba Hạ,28/11/2025 12:00,102,105,101,600,540,300,240,0,4
Trị An,28/11/2025 12:00,61.46,62,50,770,933,480,453,0,3
Hòa Bình,28/11/2025 13:00,116.69,117,80,669,662,0,662,0,0
Sông Ba Hạ,28/11/2025 13:00,102,105,101,610,583,300,283,0,4
Trị An,28/11/2025 13:00,61.46,62,50,730,933,480,453,0,3
Hòa Bình,28/11/2025 14:00,116.68,117,80,379,714,0,714,0,0
Sông Ba Hạ,28/11/2025 14:00,102,105,101,630,660,300,360,0,4
Trị An,28/11/2025 14:00,61.46,62,50,710,1044,480,564,0,3
Hòa Bình,28/11/2025 15:00,116.67,117,80,729,1121,0,1121,0,0
Sông Ba Hạ,28/11/2025 15:00,102,105,101,660,692,312,380,0,4
Trị An,28/11/2025 15:00,61.45,62,50,750,1044,480,564,0,3
Hòa Bình,28/11/2025 16:00,116.66,117,80,1099,1663,0,1663,0,0
Sông Ba Hạ,28/11/2025 16:00,102,105,101,680,692,312,380,0,4
Trị An,28/11/2025 16:00,61.45,62,50,760,1240,480,760,0,3
Hòa Bình,28/11/2025 17:00,116.66,117,80,1795,1787,0,1787,0,0
Sông Ba Hạ,28/11/2025 17:00,102,105,101,690,692,312,380,0,4
Trị An,28/11/2025 17:00,61.44,62,50,710,1237,480,757,0,3
Hòa Bình,28/11/2025 18:00,116.67,117,80,2394,1818,0,1818,0,0
Sông Ba Hạ,28/11/2025 18:00,102,105,101,680,692,312,380,0,4
Trị An,28/11/2025 18:00,61.43,62,50,660,1240,480,760,0,3
Hòa Bình,28/11/2025 19:00,116.68,117,80,2273,1696,0,1696,0,0
Sông Ba Hạ,28/11/2025 19:00,102,105,101,690,692,312,380,0,4
Trị An,28/11/2025 19:00,61.43,62,50,660,1240,480,760,0,3
Hòa Bình,28/11/2025 20:00,116.69,117,80,1917,1341,0,1341,0,0
Sông Ba Hạ,28/11/2025 20:00,102,105,101,680,692,312,380,0,4
Trị An,28/11/2025 20:00,61.42,62,50,660,1240,480,760,0,3
Hòa Bình,28/11/2025 21:00,116.68,117,80,929,1492,0,1492,0,0
Sông Ba Hạ,28/11/2025 21:00,102,105,101,720,692,312,380,0,4
Trị An,28/11/2025 21:00,61.41,62,50,630,1240,480,760,0,3
Hòa Bình,28/11/2025 22:00,116.66,117,80,490,1491,0,1491,0,0
Sông Ba Hạ,28/11/2025 22:00,102,105,101,710,692,312,380,0,4
Trị An,28/11/2025 22:00,61.41,62,50,630,1242,480,762,0,3
Hòa Bình,28/11/2025 23:00,116.64,117,80,476,1381,0,1381,0,0
Sông Ba Hạ,28/11/2025 23:00,102,105,101,700,692,312,380,0,4
Trị An,28/11/2025 23:00,61.4,62,50,660,1242,480,762,0,3
Hòa Bình,29/11/2025 00:00,116.64,117,80,1095,1088,0,1088,0,0
Sông Ba Hạ,29/11/2025 00:00,102,105,101,690,692,312,380,0,4
Trị An,29/11/2025 00:00,61.39,62,50,630,1242,480,762,0,3
Hòa Bình,29/11/2025 01:00,116.65,117,80,1487,910,0,910,0,0
Sông Ba Hạ,29/11/2025 01:00,102,105,101,700,712,312,400,0,4
Trị An,29/11/2025 01:00,61.38,62,50,580,1245,480,765,0,3
Hòa Bình,29/11/2025 02:00,116.66,117,80,1454,878,0,878,0,0
Sông Ba Hạ,29/11/2025 02:00,102,105,101,710,692,312,380,0,4
Trị An,29/11/2025 02:00,61.38,62,50,550,1245,480,765,0,3
Hòa Bình,29/11/2025 03:00,116.67,117,80,1420,843,0,843,0,0
Sông Ba Hạ,29/11/2025 03:00,102,105,101,710,692,312,380,0,4
Trị An,29/11/2025 03:00,61.37,62,50,550,1245,480,765,0,3
Hòa Bình,29/11/2025 04:00,116.67,117,80,853,846,0,846,0,0
Sông Ba Hạ,29/11/2025 04:00,102,105,101,720,692,312,380,0,4
Trị An,29/11/2025 04:00,61.36,62,50,610,1245,480,765,0,3
Hòa Bình,29/11/2025 05:00,116.66,117,80,283,847,0,847,0,0
Sông Ba Hạ,29/11/2025 05:00,102,105,101,700,692,312,380,0,4
Trị An,29/11/2025 05:00,61.35,62,50,610,1245,480,765,0,3
Hòa Bình,29/11/2025 06:00,116.64,117,80,400,1249,0,1249,0,0
Sông Ba Hạ,29/11/2025 06:00,102,105,101,690,692,312,380,0,4
Trị An,29/11/2025 06:00,61.35,62,50,640,1245,480,765,0,3
Hòa Bình,29/11/2025 07:00,116.62,117,80,523,1656,0,1656,0,0
Sông Ba Hạ,29/11/2025 07:00,102,105,101,680,692,312,380,0,4
Trị An,29/11/2025 07:00,61.34,62,50,610,1242,480,762,0,3
Hòa Bình,29/11/2025 08:00,116.61,117,80,1083,1647,0,1647,0,0
Sông Ba Hạ,29/11/2025 08:00,102,105,101,630,614,234,380,0,3
Trị An,29/11/2025 08:00,61.33,62,50,640,1245,480,765,0,3
Hòa Bình,29/11/2025 09:00,116.62,117,80,1985,1636,0,1636,0,0
Sông Ba Hạ,29/11/2025 09:00,102,105,101,620,614,234,380,0,3
Trị An,29/11/2025 09:00,61.33,62,50,590,1082,320,762,0,2
Hòa Bình,29/11/2025 10:00,116.63,117,80,1786,1210,0,1210,0,0
Sông Ba Hạ,29/11/2025 10:00,102,105,101,580,536,234,302,0,3
Trị An,29/11/2025 10:00,61.32,62,50,580,957,320,637,0,2
Hòa Bình,29/11/2025 11:00,116.64,117,80,1362,785,0,785,0,0
Sông Ba Hạ,29/11/2025 11:00,102,105,101,570,548,234,314,0,3
Trị An,29/11/2025 11:00,61.32,62,50,570,1218,320,898,0,2
Hòa Bình,29/11/2025 12:00,116.63,117,80,244,808,0,808,0,0
Sông Ba Hạ,29/11/2025 12:00,102,105,101,530,474,234,240,0,3
Trị An,29/11/2025 12:00,61.32,62,50,520,742,320,422,0,2
Hòa Bình,29/11/2025 13:00,116.62,117,80,252,815,0,815,0,0
Sông Ba Hạ,29/11/2025 13:00,102,105,101,550,576,234,342,0,3
Trị An,29/11/2025 13:00,61.31,62,50,460,772,320,452,0,2
Hòa Bình,29/11/2025 14:00,116.6,117,80,107,1241,0,1241,0,0
Sông Ba Hạ,29/11/2025 14:00,102,105,101,600,616,234,382,0,3
Trị An,29/11/2025 14:00,61.31,62,50,470,839,320,519,0,2
Hòa Bình,29/11/2025 15:00,116.58,117,80,632,1765,0,1765,0,0
Sông Ba Hạ,29/11/2025 15:00,102,105,101,610,616,234,382,0,3
Trị An,29/11/2025 15:00,61.3,62,50,430,720,160,560,0,1
Hòa Bình,29/11/2025 16:00,116.57,117,80,1289,1852,0,1852,0,0
Sông Ba Hạ,29/11/2025 16:00,102,105,101,620,616,234,382,0,3
Trị An,29/11/2025 16:00,61.3,62,50,410,720,160,560,0,1
Hòa Bình,29/11/2025 17:00,116.57,117,80,1403,1396,0,1396,0,0
Sông Ba Hạ,29/11/2025 17:00,102,105,101,610,616,234,382,0,3
Trị An,29/11/2025 17:00,61.3,62,50,440,912,160,752,0,1
Hòa Bình,29/11/2025 18:00,116.59,117,80,2405,1258,0,1258,0,0
Sông Ba Hạ,29/11/2025 18:00,102,105,101,620,616,234,382,0,3
Trị An,29/11/2025 18:00,61.29,62,50,560,912,160,752,0,1
Hòa Bình,29/11/2025 19:00,116.61,117,80,2323,1176,0,1176,0,0
Sông Ba Hạ,29/11/2025 19:00,102,105,101,610,616,234,382,0,3
Trị An,29/11/2025 19:00,61.29,62,50,620,912,160,752,0,1
Hòa Bình,29/11/2025 20:00,116.63,117,80,2072,925,0,925,0,0
Sông Ba Hạ,29/11/2025 20:00,102,105,101,620,616,234,382,0,3
Trị An,29/11/2025 20:00,61.29,62,50,620,716,160,556,0,1
Hòa Bình,29/11/2025 21:00,116.64,117,80,1890,1313,0,1313,0,0
Sông Ba Hạ,29/11/2025 21:00,102,105,101,620,616,234,382,0,3
Trị An,29/11/2025 21:00,61.29,62,50,610,716,160,556,0,1
Hòa Bình,29/11/2025 22:00,116.63,117,80,989,1552,0,1552,0,0
Sông Ba Hạ,29/11/2025 22:00,102,105,101,610,616,234,382,0,3
Trị An,29/11/2025 22:00,61.29,62,50,600,716,160,556,0,1
Hòa Bình,29/11/2025 23:00,116.62,117,80,945,1508,0,1508,0,0
Sông Ba Hạ,29/11/2025 23:00,102,105,101,610,616,234,382,0,3
Trị An,29/11/2025 23:00,61.28,62,50,620,780,160,620,0,1
Hòa Bình,30/11/2025 00:00,116.62,117,80,1129,1122,0,1122,0,0
Sông Ba Hạ,30/11/2025 00:00,102,105,101,620,616,234,382,0,3
Trị An,30/11/2025 00:00,61.28,62,50,690,914,160,754,0,1
Hòa Bình,30/11/2025 01:00,116.63,117,80,1310,734,0,734,0,0
Sông Ba Hạ,30/11/2025 01:00,102,105,101,620,616,234,382,0,3
Trị An,30/11/2025 01:00,61.28,62,50,700,917,160,757,0,1
Hòa Bình,30/11/2025 02:00,116.64,117,80,1264,687,0,687,0,0
Sông Ba Hạ,30/11/2025 02:00,102,105,101,630,616,234,382,0,3
Trị An,30/11/2025 02:00,61.28,62,50,690,917,160,757,0,1
Hòa Bình,30/11/2025 03:00,116.65,117,80,1262,685,0,685,0,0
Sông Ba Hạ,30/11/2025 03:00,102,105,101,620,616,234,382,0,3
Trị An,30/11/2025 03:00,61.27,62,50,630,917,160,757,0,1
Hòa Bình,30/11/2025 04:00,116.66,117,80,1263,686,0,686,0,0
Sông Ba Hạ,30/11/2025 04:00,102,105,101,630,616,234,382,0,3
Trị An,30/11/2025 04:00,61.27,62,50,660,917,160,757,0,1
Hòa Bình,30/11/2025 05:00,116.67,117,80,1262,685,0,685,0,0
Sông Ba Hạ,30/11/2025 05:00,102,105,101,620,616,234,382,0,3
Trị An,30/11/2025 05:00,61.27,62,50,660,917,160,757,0,1
Hòa Bình,30/11/2025 06:00,116.68,117,80,1252,789,0,789,0,0
Sông Ba Hạ,30/11/2025 06:00,101.99,105,101,520,538,156,382,0,2
Trị An,30/11/2025 06:00,61.27,62,50,690,917,160,757,0,1
Hòa Bình,30/11/2025 07:00,116.68,117,80,1040,1033,0,1033,0,0
Sông Ba Hạ,30/11/2025 07:00,101.99,105,101,500,538,156,382,0,2
Trị An,30/11/2025 07:00,61.26,62,50,740,914,160,754,0,1
Hòa Bình,30/11/2025 08:00,116.69,117,80,1327,1035,0,1035,0,0
Sông Ba Hạ,30/11/2025 08:00,101.99,105,101,510,538,156,382,0,2
Trị An,30/11/2025 08:00,61.26,62,50,800,914,160,754,0,1
Hòa Bình,30/11/2025 09:00,116.7,117,80,1544,967,0,967,0,0
Sông Ba Hạ,30/11/2025 09:00,101.99,105,101,490,465,156,309,0,2
Trị An,30/11/2025 09:00,61.26,62,50,780,772,160,612,0,1
Hòa Bình,30/11/2025 10:00,116.72,117,80,1907,1045,0,1045,0,0
Sông Ba Hạ,30/11/2025 10:00,101.99,105,101,450,439,156,283,0,2
Trị An,30/11/2025 10:00,61.26,62,50,720,728,160,568,0,1
Hòa Bình,30/11/2025 11:00,116.72,117,80,1246,1239,0,1239,0,0
Sông Ba Hạ,30/11/2025 11:00,101.99,105,101,440,443,156,287,0,2
Trị An,30/11/2025 11:00,61.26,62,50,690,734,160,574,0,1
Hòa Bình,30/11/2025 12:00,116.71,117,80,699,1034,0,1034,0,0
Sông Ba Hạ,30/11/2025 12:00,102,105,101,430,396,156,240,0,2
Trị An,30/11/2025 12:00,61.26,62,50,630,614,160,454,0,1
Hòa Bình,30/11/2025 13:00,116.71,117,80,594,587,0,587,0,0
Sông Ba Hạ,30/11/2025 13:00,102,105,101,440,432,156,276,0,2
Trị An,30/11/2025 13:00,61.26,62,50,630,716,160,556,0,1
Hòa Bình,30/11/2025 14:00,116.72,117,80,1002,710,0,710,0,0
Sông Ba Hạ,30/11/2025 14:00,102,105,101,480,519,156,363,0,2
Trị An,30/11/2025 14:00,61.26,62,50,600,912,160,752,0,1
Hòa Bình,30/11/2025 15:00,116.73,117,80,1463,886,0,886,0,0
Sông Ba Hạ,30/11/2025 15:00,102,105,101,500,519,156,363,0,2
Trị An,30/11/2025 15:00,61.25,62,50,650,914,160,754,0,1
Hòa Bình,30/11/2025 16:00,116.72,117,80,806,1369,0,1369,0,0
Sông Ba Hạ,30/11/2025 16:00,102,105,101,520,538,156,382,0,2
Trị An,30/11/2025 16:00,61.25,62,50,630,914,160,754,0,1
Hòa Bình,30/11/2025 17:00,116.71,117,80,1016,1579,0,1579,0,0
Sông Ba Hạ,30/11/2025 17:00,102,105,101,530,538,156,382,0,2
Trị An,30/11/2025 17:00,61.25,62,50,680,912,160,752,0,1
Hòa Bình,30/11/2025 18:00,116.7,117,80,1011,1574,0,1574,0,0
Sông Ba Hạ,30/11/2025 18:00,102,105,101,540,556,156,400,0,2
Trị An,30/11/2025 18:00,61.25,62,50,700,951,160,791,0,1
Hòa Bình,30/11/2025 19:00,116.7,117,80,1853,1846,0,1846,0,0
Sông Ba Hạ,30/11/2025 19:00,102,105,101,540,538,156,382,0,2
Trị An,30/11/2025 19:00,61.24,62,50,690,912,160,752,0,1
Hòa Bình,30/11/2025 20:00,116.71,117,80,2428,1851,0,1851,0,0
Sông Ba Hạ,30/11/2025 20:00,102,105,101,540,538,156,382,0,2
Trị An,30/11/2025 20:00,61.24,62,50,690,912,160,752,0,1
Hòa Bình,30/11/2025 21:00,116.71,117,80,1861,1854,0,1854,0,0
Sông Ba Hạ,30/11/2025 21:00,102,105,101,550,538,156,382,0,2
Trị An,30/11/2025 21:00,61.24,62,50,680,914,160,754,0,1
Hòa Bình,30/11/2025 22:00,116.72,117,80,2429,1852,0,1852,0,0
Sông Ba Hạ,30/11/2025 22:00,102,105,101,540,538,156,382,0,2
Trị An,30/11/2025 22:00,61.24,62,50,740,912,160,752,0,1
Hòa Bình,30/11/2025 23:00,116.73,117,80,2092,1515,0,1515,0,0
Sông Ba Hạ,30/11/2025 23:00,102,105,101,530,538,156,382,0,2
Trị An,30/11/2025 23:00,61.23,62,50,680,914,160,754,0,1
Hòa Bình,01/12/2025 00:00,116.74,117,80,1690,1114,0,1114,0,0
Sông Ba Hạ,01/12/2025 00:00,102,105,101,550,538,156,382,0,2
Trị An,01/12/2025 00:00,61.23,62,50,630,914,160,754,0,1
Hòa Bình,01/12/2025 01:00,116.75,117,80,1821,1244,0,1244,0,0
Sông Ba Hạ,01/12/2025 01:00,102,105,101,550,538,156,382,0,2
Trị An,01/12/2025 01:00,61.23,62,50,630,917,160,757,0,1
Hòa Bình,01/12/2025 02:00,116.75,117,80,1328,1321,0,1321,0,0
Sông Ba Hạ,01/12/2025 02:00,102,105,101,540,538,156,382,0,2
Trị An,01/12/2025 02:00,61.22,62,50,630,917,160,757,0,1
Hòa Bình,01/12/2025 03:00,116.74,117,80,569,1132,0,1132,0,0
Sông Ba Hạ,01/12/2025 03:00,102,105,101,530,538,156,382,0,2
Trị An,01/12/2025 03:00,61.22,62,50,630,917,160,757,0,1
Hòa Bình,01/12/2025 04:00,116.73,117,80,609,1058,0,1058,0,0
Sông Ba Hạ,01/12/2025 04:00,102,105,101,520,538,156,382,0,2
Trị An,01/12/2025 04:00,61.22,62,50,630,917,160,757,0,1
Hòa Bình,01/12/2025 05:00,116.72,117,80,493,1056,0,1056,0,0
Sông Ba Hạ,01/12/2025 05:00,102,105,101,530,538,156,382,0,2
Trị An,01/12/2025 05:00,61.21,62,50,660,917,160,757,0,1
Hòa Bình,01/12/2025 06:00,116.71,117,80,708,1271,0,1271,0,0
Sông Ba Hạ,01/12/2025 06:00,101.99,105,101,510,538,156,382,0,2
Trị An,01/12/2025 06:00,61.21,62,50,630,917,160,757,0,1
Hòa Bình,01/12/2025 07:00,116.7,117,80,803,1366,0,1366,0,0
Sông Ba Hạ,01/12/2025 07:00,101.98,105,101,480,538,156,382,0,2
Trị An,01/12/2025 07:00,61.21,62,50,630,917,160,757,0,1
Hòa Bình,01/12/2025 08:00,116.7,117,80,1550,1543,0,1543,0,0
Sông Ba Hạ,01/12/2025 08:00,101.97,105,101,450,460,78,382,0,1
Trị An,01/12/2025 08:00,61.2,62,50,660,914,160,754,0,1
Hòa Bình,01/12/2025 09:00,116.72,117,80,2651,1505,0,1505,0,0
Sông Ba Hạ,01/12/2025 09:00,101.97,105,101,440,460,78,382,0,1
Trị An,01/12/2025 09:00,61.2,62,50,710,914,160,754,0,1
Hòa Bình,01/12/2025 10:00,116.74,117,80,2059,912,0,912,0,0
Sông Ba Hạ,01/12/2025 10:00,101.97,105,101,350,268,78,190,0,1
Trị An,01/12/2025 10:00,61.2,62,50,680,914,160,754,0,1
Hòa Bình,01/12/2025 11:00,116.77,117,80,2371,654,0,654,0,0
Sông Ba Hạ,01/12/2025 11:00,101.98,105,101,370,261,78,183,0,1
Trị An,01/12/2025 11:00,61.2,62,50,660,912,160,752,0,1
Hòa Bình,01/12/2025 12:00,116.79,117,80,1860,713,0,713,0,0
Sông Ba Hạ,01/12/2025 12:00,101.98,105,101,380,394,78,316,0,1
Trị An,01/12/2025 12:00,61.19,62,50,640,785,160,625,0,1
Hòa Bình,01/12/2025 13:00,116.8,117,80,1289,712,0,712,0,0
Sông Ba Hạ,01/12/2025 13:00,101.98,105,101,420,460,78,382,0,1
Trị An,01/12/2025 13:00,61.19,62,50,610,914,160,754,0,1
Hòa Bình,01/12/2025 14:00,116.8,117,80,1164,1157,0,1157,0,0
Sông Ba Hạ,01/12/2025 14:00,101.98,105,101,440,460,78,382,0,1
Trị An,01/12/2025 14:00,61.19,62,50,640,914,160,754,0,1
Hòa Bình,01/12/2025 15:00,116.78,117,80,875,1666,0,1666,0,0
Sông Ba Hạ,01/12/2025 15:00,101.98,105,101,450,460,78,382,0,1
Trị An,01/12/2025 15:00,61.18,62,50,660,914,160,754,0,1
Hòa Bình,01/12/2025 16:00,116.76,117,80,790,1752,0,1752,0,0
Sông Ba Hạ,01/12/2025 16:00,101.98,105,101,460,460,78,382,0,1
Trị An,01/12/2025 16:00,61.18,62,50,710,914,160,754,0,1
Hòa Bình,01/12/2025 17:00,116.75,117,80,1081,1645,0,1645,0,0
Sông Ba Hạ,01/12/2025 17:00,101.98,105,101,450,460,78,382,0,1
Trị An,01/12/2025 17:00,61.18,62,50,690,914,160,754,0,1
Hòa Bình,01/12/2025 18:00,116.75,117,80,1495,1488,0,1488,0,0
Sông Ba Hạ,01/12/2025 18:00,101.98,105,101,450,460,78,382,0,1
Trị An,01/12/2025 18:00,61.18,62,50,660,914,160,754,0,1
Hòa Bình,01/12/2025 19:00,116.75,117,80,1540,1533,0,1533,0,0
Sông Ba Hạ,01/12/2025 19:00,101.98,105,101,460,460,78,382,0,1
Trị An,01/12/2025 19:00,61.17,62,50,690,914,160,754,0,1
Hòa Bình,01/12/2025 20:00,116.75,117,80,1554,1547,0,1547,0,0
Sông Ba Hạ,01/12/2025 20:00,101.98,105,101,470,460,78,382,0,1
Trị An,01/12/2025 20:00,61.17,62,50,710,914,160,754,0,1
Hòa Bình,01/12/2025 21:00,116.74,117,80,1183,1746,0,1746,0,0
Sông Ba Hạ,01/12/2025 21:00,101.98,105,101,480,460,78,382,0,1
Trị An,01/12/2025 21:00,61.17,62,50,770,914,160,754,0,1
Hòa Bình,01/12/2025 22:00,116.72,117,80,662,1795,0,1795,0,0
Sông Ba Hạ,01/12/2025 22:00,101.99,105,101,480,460,78,382,0,1
Trị An,01/12/2025 22:00,61.17,62,50,710,914,160,754,0,1
Hòa Bình,01/12/2025 23:00,116.71,117,80,1021,1584,0,1584,0,0
Sông Ba Hạ,01/12/2025 23:00,101.99,105,101,470,460,78,382,0,1
Trị An,01/12/2025 23:00,61.16,62,50,680,912,160,752,0,1
