thoi_diem,muc_nuoc_thuong_luu_m,luu_luong_den_ho_m3_s,temperature_2m (°C),relative_humidity_2m (%),precipitation (mm),cloud_cover (%),_time_raw,_time_clean
2025-09-01 00:00:00,105.09,3574,25.1,99,0.0,100,9/1/2025 0:00,9/1/2025 0:00
2025-09-01 01:00:00,105.13,2927,24.9,100,0.0,98,9/1/2025 1:00,9/1/2025 1:00
2025-09-01 02:00:00,105.17,2865,25.0,95,0.2,99,9/1/2025 2:00,9/1/2025 2:00
2025-09-01 03:00:00,105.2,2348,24.9,98,0.6,99,9/1/2025 3:00,9/1/2025 3:00
2025-09-01 04:00:00,105.23,2344,24.5,99,2.3,97,9/1/2025 4:00,9/1/2025 4:00
2025-09-01 05:00:00,105.25,1829,24.6,100,0.5,100,9/1/2025 5:00,9/1/2025 5:00
2025-09-01 06:00:00,105.27,1832,24.5,100,0.0,99,9/1/2025 6:00,9/1/2025 6:00
2025-09-01 07:00:00,105.29,1828,25.0,98,0.0,100,9/1/2025 7:00,9/1/2025 7:00
2025-09-01 08:00:00,105.31,1981,26.0,97,0.2,100,9/1/2025 8:00,9/1/2025 8:00
2025-09-01 09:00:00,105.34,2022,26.6,95,0.3,100,9/1/2025 9:00,9/1/2025 9:00
2025-09-01 10:00:00,105.36,1699,27.8,88,0.2,100,9/1/2025 10:00,9/1/2025 10:00
2025-09-01 11:00:00,105.38,1699,27.7,87,0.3,100,9/1/2025 11:00,9/1/2025 11:00
2025-09-01 12:00:00,105.39,1184,28.1,85,0.1,100,9/1/2025 12:00,9/1/2025 12:00
2025-09-01 13:00:00,105.39,669,29.7,76,0.0,100,9/1/2025 13:00,9/1/2025 13:00
2025-09-01 14:00:00,105.38,434,30.4,72,0.0,100,9/1/2025 14:00,9/1/2025 14:00
2025-09-01 15:00:00,105.37,472,30.5,71,0.0,99,9/1/2025 15:00,9/1/2025 15:00
2025-09-01 16:00:00,105.35,626,30.7,71,0.0,38,9/1/2025 16:00,9/1/2025 16:00
2025-09-01 17:00:00,105.34,1050,30.0,74,0.0,21,9/1/2025 17:00,9/1/2025 17:00
2025-09-01 18:00:00,105.33,1065,28.7,85,0.0,51,9/1/2025 18:00,9/1/2025 18:00
2025-09-01 19:00:00,105.33,1499,27.9,88,0.0,91,9/1/2025 19:00,9/1/2025 19:00
2025-09-01 20:00:00,105.34,1739,27.0,92,0.0,100,9/1/2025 20:00,9/1/2025 20:00
2025-09-01 21:00:00,105.35,1736,26.6,95,0.0,100,9/1/2025 21:00,9/1/2025 21:00
2025-09-01 22:00:00,105.37,2246,26.2,97,0.0,100,9/1/2025 22:00,9/1/2025 22:00
2025-09-01 23:00:00,105.39,2164,25.9,99,0.0,95,9/1/2025 23:00,9/1/2025 23:00
2025-09-02 00:00:00,105.41,2100,25.6,99,0.0,86,9/2/2025 0:00,9/2/2025 0:00
2025-09-02 01:00:00,105.42,1375,25.3,99,0.0,17,9/2/2025 1:00,9/2/2025 1:00
2025-09-02 02:00:00,105.42,731,25.2,99,0.0,7,9/2/2025 2:00,9/2/2025 2:00
2025-09-02 03:00:00,105.42,668,25.1,99,0.0,24,9/2/2025 3:00,9/2/2025 3:00
2025-09-02 04:00:00,105.42,670,24.9,100,0.0,100,9/2/2025 4:00,9/2/2025 4:00
2025-09-02 05:00:00,105.43,1270,24.8,100,0.0,99,9/2/2025 5:00,9/2/2025 5:00
2025-09-02 06:00:00,105.43,984,24.8,100,0.0,100,9/2/2025 6:00,9/2/2025 6:00
2025-09-02 07:00:00,105.43,993,26.0,96,0.0,100,9/2/2025 7:00,9/2/2025 7:00
2025-09-02 08:00:00,105.44,1279,28.0,86,0.1,42,9/2/2025 8:00,9/2/2025 8:00
2025-09-02 09:00:00,105.45,1188,29.4,76,0.0,35,9/2/2025 9:00,9/2/2025 9:00
2025-09-02 10:00:00,105.47,1446,30.6,69,0.0,20,9/2/2025 10:00,9/2/2025 10:00
2025-09-02 11:00:00,105.49,1441,31.6,64,0.1,88,9/2/2025 11:00,9/2/2025 11:00
2025-09-02 12:00:00,105.51,1492,32.0,63,0.2,100,9/2/2025 12:00,9/2/2025 12:00
2025-09-02 13:00:00,105.53,1441,31.7,69,0.1,82,9/2/2025 13:00,9/2/2025 13:00
2025-09-02 14:00:00,105.54,1183,31.7,69,0.1,89,9/2/2025 14:00,9/2/2025 14:00
2025-09-02 15:00:00,105.56,1698,30.5,74,0.6,87,9/2/2025 15:00,9/2/2025 15:00
2025-09-02 16:00:00,105.56,1203,30.1,77,0.0,87,9/2/2025 16:00,9/2/2025 16:00
2025-09-02 17:00:00,105.54,274,29.9,79,0.0,88,9/2/2025 17:00,9/2/2025 17:00
2025-09-02 18:00:00,105.53,779,28.7,86,0.0,73,9/2/2025 18:00,9/2/2025 18:00
2025-09-02 19:00:00,105.51,555,27.9,90,0.0,52,9/2/2025 19:00,9/2/2025 19:00
2025-09-02 20:00:00,105.5,750,27.7,93,0.0,98,9/2/2025 20:00,9/2/2025 20:00
2025-09-02 21:00:00,105.5,1081,27.3,95,0.0,94,9/2/2025 21:00,9/2/2025 21:00
2025-09-02 22:00:00,105.51,1407,26.9,97,0.0,64,9/2/2025 22:00,9/2/2025 22:00
2025-09-02 23:00:00,105.51,1107,26.7,97,0.0,58,9/2/2025 23:00,9/2/2025 23:00
2025-09-03 00:00:00,105.52,1347,26.4,97,0.0,32,9/3/2025 0:00,9/3/2025 0:00
2025-09-03 01:00:00,105.55,1957,26.1,97,0.0,5,9/3/2025 1:00,9/3/2025 1:00
2025-09-03 02:00:00,105.56,1183,25.8,97,0.0,1,9/3/2025 2:00,9/3/2025 2:00
2025-09-03 03:00:00,105.57,1182,25.5,98,0.0,4,9/3/2025 3:00,9/3/2025 3:00
2025-09-03 04:00:00,105.57,873,25.4,99,0.0,57,9/3/2025 4:00,9/3/2025 4:00
2025-09-03 05:00:00,105.56,626,25.2,99,0.0,76,9/3/2025 5:00,9/3/2025 5:00
2025-09-03 06:00:00,105.55,543,25.3,98,0.0,17,9/3/2025 6:00,9/3/2025 6:00
2025-09-03 07:00:00,105.55,1099,26.4,95,0.0,17,9/3/2025 7:00,9/3/2025 7:00
2025-09-03 08:00:00,105.54,638,28.5,87,0.0,34,9/3/2025 8:00,9/3/2025 8:00
2025-09-03 09:00:00,105.53,1142,30.0,77,0.0,76,9/3/2025 9:00,9/3/2025 9:00
2025-09-03 10:00:00,105.52,1531,31.5,68,0.0,88,9/3/2025 10:00,9/3/2025 10:00
2025-09-03 11:00:00,105.51,1679,32.7,60,0.0,53,9/3/2025 11:00,9/3/2025 11:00
2025-09-03 12:00:00,105.51,2077,33.4,57,0.0,14,9/3/2025 12:00,9/3/2025 12:00
2025-09-03 13:00:00,105.52,2589,33.9,55,0.0,14,9/3/2025 13:00,9/3/2025 13:00
2025-09-03 14:00:00,105.54,3109,34.1,55,0.0,18,9/3/2025 14:00,9/3/2025 14:00
2025-09-03 15:00:00,105.56,3100,33.7,57,0.0,56,9/3/2025 15:00,9/3/2025 15:00
2025-09-03 16:00:00,105.58,3223,33.1,60,0.0,19,9/3/2025 16:00,9/3/2025 16:00
2025-09-03 17:00:00,105.59,2836,31.6,70,0.0,18,9/3/2025 17:00,9/3/2025 17:00
2025-09-03 18:00:00,105.61,2948,29.8,80,0.0,21,9/3/2025 18:00,9/3/2025 18:00
2025-09-03 19:00:00,105.62,2589,28.9,86,0.0,9,9/3/2025 19:00,9/3/2025 19:00
2025-09-03 20:00:00,105.62,2322,29.0,83,0.0,36,9/3/2025 20:00,9/3/2025 20:00
2025-09-03 21:00:00,105.64,3146,28.4,87,0.0,43,9/3/2025 21:00,9/3/2025 21:00
2025-09-03 22:00:00,105.65,2841,27.8,89,0.0,13,9/3/2025 22:00,9/3/2025 22:00
2025-09-03 23:00:00,105.65,2323,27.3,92,0.0,87,9/3/2025 23:00,9/3/2025 23:00
2025-09-04 00:00:00,105.64,1962,26.7,94,0.0,85,9/4/2025 0:00,9/4/2025 0:00
2025-09-04 01:00:00,105.63,1809,26.2,97,0.0,18,9/4/2025 1:00,9/4/2025 1:00
2025-09-04 02:00:00,105.63,2326,25.9,97,0.0,0,9/4/2025 2:00,9/4/2025 2:00
2025-09-04 03:00:00,105.63,2326,25.5,98,0.0,0,9/4/2025 3:00,9/4/2025 3:00
2025-09-04 04:00:00,105.63,2327,25.2,99,0.0,4,9/4/2025 4:00,9/4/2025 4:00
2025-09-04 05:00:00,105.62,1812,25.1,99,0.0,8,9/4/2025 5:00,9/4/2025 5:00
2025-09-04 06:00:00,105.6,1503,25.1,99,0.0,6,9/4/2025 6:00,9/4/2025 6:00
2025-09-04 07:00:00,105.61,2843,26.4,94,0.0,72,9/4/2025 7:00,9/4/2025 7:00
2025-09-04 08:00:00,105.62,2837,28.8,86,0.0,0,9/4/2025 8:00,9/4/2025 8:00
2025-09-04 09:00:00,105.62,2322,30.3,76,0.0,3,9/4/2025 9:00,9/4/2025 9:00
2025-09-04 10:00:00,105.62,2134,31.6,68,0.0,6,9/4/2025 10:00,9/4/2025 10:00
2025-09-04 11:00:00,105.62,2136,32.8,61,0.0,48,9/4/2025 11:00,9/4/2025 11:00
2025-09-04 12:00:00,105.61,1814,33.6,56,0.0,33,9/4/2025 12:00,9/4/2025 12:00
2025-09-04 13:00:00,105.6,1813,34.1,55,0.0,11,9/4/2025 13:00,9/4/2025 13:00
2025-09-04 14:00:00,105.59,1811,34.3,54,0.0,4,9/4/2025 14:00,9/4/2025 14:00
2025-09-04 15:00:00,105.59,2325,34.2,54,0.0,13,9/4/2025 15:00,9/4/2025 15:00
2025-09-04 16:00:00,105.6,2841,33.6,57,0.0,8,9/4/2025 16:00,9/4/2025 16:00
2025-09-04 17:00:00,105.61,2839,32.4,66,0.0,15,9/4/2025 17:00,9/4/2025 17:00
2025-09-04 18:00:00,105.62,2838,30.5,75,0.0,8,9/4/2025 18:00,9/4/2025 18:00
2025-09-04 19:00:00,105.62,2325,29.4,80,0.0,3,9/4/2025 19:00,9/4/2025 19:00
2025-09-04 20:00:00,105.63,2618,29.4,80,0.0,0,9/4/2025 20:00,9/4/2025 20:00
2025-09-04 21:00:00,105.64,2620,28.7,83,0.0,0,9/4/2025 21:00,9/4/2025 21:00
2025-09-04 22:00:00,105.64,2327,28.0,86,0.0,0,9/4/2025 22:00,9/4/2025 22:00
2025-09-04 23:00:00,105.63,1963,27.5,88,0.0,5,9/4/2025 23:00,9/4/2025 23:00
2025-09-05 00:00:00,105.62,1800,27.0,89,0.0,10,9/5/2025 0:00,9/5/2025 0:00
2025-09-05 01:00:00,105.61,1519,26.5,91,0.0,43,9/5/2025 1:00,9/5/2025 1:00
2025-09-05 02:00:00,105.6,1245,26.1,94,0.0,76,9/5/2025 2:00,9/5/2025 2:00
2025-09-05 03:00:00,105.6,1762,25.7,96,0.0,50,9/5/2025 3:00,9/5/2025 3:00
2025-09-05 04:00:00,105.6,1759,25.3,97,0.0,67,9/5/2025 4:00,9/5/2025 4:00
2025-09-05 05:00:00,105.6,1760,25.2,97,0.0,79,9/5/2025 5:00,9/5/2025 5:00
2025-09-05 06:00:00,105.59,1247,25.1,97,0.0,65,9/5/2025 6:00,9/5/2025 6:00
2025-09-05 07:00:00,105.57,934,26.5,92,0.0,86,9/5/2025 7:00,9/5/2025 7:00
2025-09-05 08:00:00,105.55,876,29.0,83,0.0,88,9/5/2025 8:00,9/5/2025 8:00
2025-09-05 09:00:00,105.53,1159,30.7,72,0.0,62,9/5/2025 9:00,9/5/2025 9:00
2025-09-05 10:00:00,105.5,818,32.2,63,0.0,44,9/5/2025 10:00,9/5/2025 10:00
2025-09-05 11:00:00,105.5,2365,33.3,58,0.0,49,9/5/2025 11:00,9/5/2025 11:00
2025-09-05 12:00:00,105.49,1812,34.2,54,0.0,20,9/5/2025 12:00,9/5/2025 12:00
2025-09-05 13:00:00,105.48,1812,34.7,52,0.0,13,9/5/2025 13:00,9/5/2025 13:00
2025-09-05 14:00:00,105.46,1296,34.8,52,0.0,21,9/5/2025 14:00,9/5/2025 14:00
2025-09-05 15:00:00,105.45,1813,34.8,51,0.0,8,9/5/2025 15:00,9/5/2025 15:00
2025-09-05 16:00:00,105.44,1814,34.5,53,0.0,9,9/5/2025 16:00,9/5/2025 16:00
2025-09-05 17:00:00,105.43,1799,33.3,62,0.0,4,9/5/2025 17:00,9/5/2025 17:00
2025-09-05 18:00:00,105.43,2315,31.3,75,0.0,6,9/5/2025 18:00,9/5/2025 18:00
2025-09-05 19:00:00,105.45,2951,30.1,79,0.0,2,9/5/2025 19:00,9/5/2025 19:00
2025-09-05 20:00:00,105.48,3136,29.9,84,0.0,88,9/5/2025 20:00,9/5/2025 20:00
2025-09-05 21:00:00,105.5,2926,29.5,85,0.0,99,9/5/2025 21:00,9/5/2025 21:00
2025-09-05 22:00:00,105.5,2327,28.8,88,0.0,41,9/5/2025 22:00,9/5/2025 22:00
2025-09-05 23:00:00,105.48,1298,28.3,91,0.0,100,9/5/2025 23:00,9/5/2025 23:00
2025-09-06 00:00:00,105.46,1298,27.8,92,0.0,95,9/6/2025 0:00,9/6/2025 0:00
2025-09-06 01:00:00,105.44,1298,27.3,94,0.0,74,9/6/2025 1:00,9/6/2025 1:00
2025-09-06 02:00:00,105.42,1299,26.8,96,0.0,86,9/6/2025 2:00,9/6/2025 2:00
2025-09-06 03:00:00,105.42,2331,26.5,97,0.0,55,9/6/2025 3:00,9/6/2025 3:00
2025-09-06 04:00:00,105.41,1817,26.2,98,0.0,100,9/6/2025 4:00,9/6/2025 4:00
2025-09-06 05:00:00,105.39,1303,26.0,99,0.0,98,9/6/2025 5:00,9/6/2025 5:00
2025-09-06 06:00:00,105.37,1303,26.0,99,0.0,99,9/6/2025 6:00,9/6/2025 6:00
2025-09-06 07:00:00,105.35,1302,27.3,94,0.0,99,9/6/2025 7:00,9/6/2025 7:00
2025-09-06 08:00:00,105.33,1300,29.4,84,0.0,92,9/6/2025 8:00,9/6/2025 8:00
2025-09-06 09:00:00,105.32,1917,30.7,76,0.0,100,9/6/2025 9:00,9/6/2025 9:00
2025-09-06 10:00:00,105.32,2329,31.8,68,0.0,99,9/6/2025 10:00,9/6/2025 10:00
2025-09-06 11:00:00,105.31,1816,32.6,65,0.0,100,9/6/2025 11:00,9/6/2025 11:00
2025-09-06 12:00:00,105.31,2048,33.0,63,0.0,100,9/6/2025 12:00,9/6/2025 12:00
2025-09-06 13:00:00,105.31,2047,33.3,62,0.0,100,9/6/2025 13:00,9/6/2025 13:00
2025-09-06 14:00:00,105.3,1818,33.1,63,0.0,96,9/6/2025 14:00,9/6/2025 14:00
2025-09-06 15:00:00,105.28,1302,32.5,65,0.5,97,9/6/2025 15:00,9/6/2025 15:00
2025-09-06 16:00:00,105.25,788,32.4,63,0.0,100,9/6/2025 16:00,9/6/2025 16:00
2025-09-06 17:00:00,105.21,482,32.1,66,0.0,100,9/6/2025 17:00,9/6/2025 17:00
2025-09-06 18:00:00,105.2,1822,30.4,78,0.0,100,9/6/2025 18:00,9/6/2025 18:00
2025-09-06 19:00:00,105.21,2849,29.4,85,0.0,96,9/6/2025 19:00,9/6/2025 19:00
2025-09-06 20:00:00,105.23,3362,28.8,86,0.0,65,9/6/2025 20:00,9/6/2025 20:00
2025-09-06 21:00:00,105.23,2333,28.4,90,0.0,5,9/6/2025 21:00,9/6/2025 21:00
2025-09-06 22:00:00,105.23,2334,27.9,92,0.0,3,9/6/2025 22:00,9/6/2025 22:00
2025-09-06 23:00:00,105.23,2331,27.6,95,0.0,66,9/6/2025 23:00,9/6/2025 23:00
2025-09-07 00:00:00,105.22,1818,27.3,96,0.0,0,9/7/2025 0:00,9/7/2025 0:00
2025-09-07 01:00:00,105.21,1746,27.0,97,0.0,0,9/7/2025 1:00,9/7/2025 1:00
2025-09-07 02:00:00,105.21,2020,26.8,97,0.0,1,9/7/2025 2:00,9/7/2025 2:00
2025-09-07 03:00:00,105.21,1854,26.6,98,0.0,4,9/7/2025 3:00,9/7/2025 3:00
2025-09-07 04:00:00,105.22,2248,26.4,99,0.0,2,9/7/2025 4:00,9/7/2025 4:00
2025-09-07 05:00:00,105.23,2124,26.2,100,0.0,99,9/7/2025 5:00,9/7/2025 5:00
2025-09-07 06:00:00,105.24,2110,26.2,100,0.0,100,9/7/2025 6:00,9/7/2025 6:00
2025-09-07 07:00:00,105.25,2008,27.3,97,0.0,99,9/7/2025 7:00,9/7/2025 7:00
2025-09-07 08:00:00,105.27,2553,28.7,82,0.0,49,9/7/2025 8:00,9/7/2025 8:00
2025-09-07 09:00:00,105.3,2979,29.9,76,0.0,80,9/7/2025 9:00,9/7/2025 9:00
2025-09-07 10:00:00,105.32,2465,30.8,71,0.1,49,9/7/2025 10:00,9/7/2025 10:00
2025-09-07 11:00:00,105.32,1785,31.8,66,0.0,70,9/7/2025 11:00,9/7/2025 11:00
2025-09-07 12:00:00,105.31,1329,32.4,65,0.1,75,9/7/2025 12:00,9/7/2025 12:00
2025-09-07 13:00:00,105.29,1019,32.9,63,0.1,21,9/7/2025 13:00,9/7/2025 13:00
2025-09-07 14:00:00,105.26,886,32.7,61,0.1,23,9/7/2025 14:00,9/7/2025 14:00
2025-09-07 15:00:00,105.23,992,32.8,61,0.1,36,9/7/2025 15:00,9/7/2025 15:00
2025-09-07 16:00:00,105.23,2334,32.5,62,0.0,88,9/7/2025 16:00,9/7/2025 16:00
2025-09-07 17:00:00,105.24,2438,32.1,63,0.0,85,9/7/2025 17:00,9/7/2025 17:00
2025-09-07 18:00:00,105.25,2848,30.6,80,0.0,100,9/7/2025 18:00,9/7/2025 18:00
2025-09-07 19:00:00,105.25,2172,29.8,82,0.0,100,9/7/2025 19:00,9/7/2025 19:00
2025-09-07 20:00:00,105.26,2428,29.8,90,0.0,100,9/7/2025 20:00,9/7/2025 20:00
2025-09-07 21:00:00,105.27,2480,29.1,95,0.0,100,9/7/2025 21:00,9/7/2025 21:00
2025-09-07 22:00:00,105.28,2740,28.5,96,0.0,100,9/7/2025 22:00,9/7/2025 22:00
2025-09-07 23:00:00,105.3,3105,28.0,95,0.0,100,9/7/2025 23:00,9/7/2025 23:00
2025-09-08 00:00:00,105.32,3157,27.5,96,0.0,94,9/8/2025 0:00,9/8/2025 0:00
2025-09-08 01:00:00,105.34,2978,27.3,94,0.0,44,9/8/2025 1:00,9/8/2025 1:00
2025-09-08 02:00:00,105.37,3012,27.2,92,0.0,39,9/8/2025 2:00,9/8/2025 2:00
2025-09-08 03:00:00,105.4,2839,27.0,91,0.0,5,9/8/2025 3:00,9/8/2025 3:00
2025-09-08 04:00:00,105.41,1747,26.7,93,0.0,7,9/8/2025 4:00,9/8/2025 4:00
2025-09-08 05:00:00,105.42,1954,26.6,92,0.0,65,9/8/2025 5:00,9/8/2025 5:00
2025-09-08 06:00:00,105.44,2646,26.7,92,0.0,82,9/8/2025 6:00,9/8/2025 6:00
2025-09-08 07:00:00,105.47,2809,28.1,87,0.0,100,9/8/2025 7:00,9/8/2025 7:00
2025-09-08 08:00:00,105.5,3017,30.4,81,0.0,96,9/8/2025 8:00,9/8/2025 8:00
2025-09-08 09:00:00,105.52,2961,32.1,70,0.0,96,9/8/2025 9:00,9/8/2025 9:00
2025-09-08 10:00:00,105.53,2628,32.9,66,0.0,95,9/8/2025 10:00,9/8/2025 10:00
2025-09-08 11:00:00,105.54,2766,33.4,65,0.1,58,9/8/2025 11:00,9/8/2025 11:00
2025-09-08 12:00:00,105.55,2839,34.2,62,0.1,63,9/8/2025 12:00,9/8/2025 12:00
2025-09-08 13:00:00,105.55,2323,34.7,58,0.0,69,9/8/2025 13:00,9/8/2025 13:00
2025-09-08 14:00:00,105.53,1295,34.8,56,0.0,99,9/8/2025 14:00,9/8/2025 14:00
2025-09-08 15:00:00,105.51,1298,34.4,58,0.0,73,9/8/2025 15:00,9/8/2025 15:00
2025-09-08 16:00:00,105.5,1684,34.1,58,0.3,43,9/8/2025 16:00,9/8/2025 16:00
2025-09-08 17:00:00,105.5,2200,33.7,61,0.0,100,9/8/2025 17:00,9/8/2025 17:00
2025-09-08 18:00:00,105.51,2715,31.7,76,0.0,100,9/8/2025 18:00,9/8/2025 18:00
2025-09-08 19:00:00,105.53,2948,30.7,81,0.0,100,9/8/2025 19:00,9/8/2025 19:00
2025-09-08 20:00:00,105.55,2946,30.4,82,0.0,100,9/8/2025 20:00,9/8/2025 20:00
2025-09-08 21:00:00,105.57,3072,30.2,79,0.0,100,9/8/2025 21:00,9/8/2025 21:00
2025-09-08 22:00:00,105.59,3097,29.4,79,0.0,100,9/8/2025 22:00,9/8/2025 22:00
2025-09-08 23:00:00,105.61,3146,28.8,81,0.0,100,9/8/2025 23:00,9/8/2025 23:00
2025-09-09 00:00:00,105.62,2837,28.3,85,0.0,100,9/9/2025 0:00,9/9/2025 0:00
2025-09-09 01:00:00,105.62,2324,28.0,87,0.0,100,9/9/2025 1:00,9/9/2025 1:00
2025-09-09 02:00:00,105.64,3165,27.7,90,0.0,99,9/9/2025 2:00,9/9/2025 2:00
2025-09-09 03:00:00,105.65,2367,27.5,92,0.0,77,9/9/2025 3:00,9/9/2025 3:00
2025-09-09 04:00:00,105.66,2186,27.3,92,0.0,100,9/9/2025 4:00,9/9/2025 4:00
2025-09-09 05:00:00,105.67,2421,27.3,93,0.0,100,9/9/2025 5:00,9/9/2025 5:00
2025-09-09 06:00:00,105.68,2304,27.2,94,0.0,100,9/9/2025 6:00,9/9/2025 6:00
2025-09-09 07:00:00,105.69,2122,28.5,89,0.0,100,9/9/2025 7:00,9/9/2025 7:00
2025-09-09 08:00:00,105.7,1959,29.5,86,0.0,100,9/9/2025 8:00,9/9/2025 8:00
2025-09-09 09:00:00,105.72,2711,29.4,85,0.0,100,9/9/2025 9:00,9/9/2025 9:00
2025-09-09 10:00:00,105.73,2589,30.1,81,0.0,100,9/9/2025 10:00,9/9/2025 10:00
2025-09-09 11:00:00,105.72,1807,30.8,76,0.0,100,9/9/2025 11:00,9/9/2025 11:00
2025-09-09 12:00:00,105.71,1469,32.0,72,0.0,100,9/9/2025 12:00,9/9/2025 12:00
2025-09-09 13:00:00,105.71,1641,31.3,73,0.0,100,9/9/2025 13:00,9/9/2025 13:00
2025-09-09 14:00:00,105.72,2032,31.0,74,0.0,100,9/9/2025 14:00,9/9/2025 14:00
2025-09-09 15:00:00,105.73,2238,31.1,74,0.0,100,9/9/2025 15:00,9/9/2025 15:00
2025-09-09 16:00:00,105.74,2550,31.0,74,0.0,95,9/9/2025 16:00,9/9/2025 16:00
2025-09-09 17:00:00,105.75,2407,30.3,76,0.0,100,9/9/2025 17:00,9/9/2025 17:00
2025-09-09 18:00:00,105.75,2064,29.5,82,0.0,100,9/9/2025 18:00,9/9/2025 18:00
2025-09-09 19:00:00,105.76,2256,29.0,86,0.0,100,9/9/2025 19:00,9/9/2025 19:00
2025-09-09 20:00:00,105.79,2751,26.7,92,0.0,100,9/9/2025 20:00,9/9/2025 20:00
2025-09-09 21:00:00,105.82,2956,26.7,94,0.0,100,9/9/2025 21:00,9/9/2025 21:00
2025-09-09 22:00:00,105.85,3110,26.8,95,0.0,100,9/9/2025 22:00,9/9/2025 22:00
2025-09-09 23:00:00,105.88,3196,26.8,96,0.0,100,9/9/2025 23:00,9/9/2025 23:00
2025-09-10 00:00:00,105.92,3207,26.5,98,0.0,100,9/10/2025 0:00,9/10/2025 0:00
2025-09-10 01:00:00,105.96,2995,26.4,98,0.0,100,9/10/2025 1:00,9/10/2025 1:00
2025-09-10 02:00:00,106.0,3048,26.4,99,0.0,100,9/10/2025 2:00,9/10/2025 2:00
2025-09-10 03:00:00,106.04,2996,26.1,98,0.0,100,9/10/2025 3:00,9/10/2025 3:00
2025-09-10 04:00:00,106.08,2896,26.0,97,0.0,98,9/10/2025 4:00,9/10/2025 4:00
2025-09-10 05:00:00,106.13,3236,25.9,97,0.0,98,9/10/2025 5:00,9/10/2025 5:00
2025-09-10 06:00:00,106.18,3407,26.0,98,0.0,95,9/10/2025 6:00,9/10/2025 6:00
2025-09-10 07:00:00,106.23,3399,26.7,95,0.0,97,9/10/2025 7:00,9/10/2025 7:00
2025-09-10 08:00:00,106.26,2789,28.1,86,0.0,90,9/10/2025 8:00,9/10/2025 8:00
2025-09-10 09:00:00,106.28,2551,29.4,79,0.0,100,9/10/2025 9:00,9/10/2025 9:00
2025-09-10 10:00:00,106.3,2767,30.3,75,0.0,100,9/10/2025 10:00,9/10/2025 10:00
2025-09-10 11:00:00,106.32,2921,31.4,71,0.0,100,9/10/2025 11:00,9/10/2025 11:00
2025-09-10 12:00:00,106.33,2338,32.2,68,0.0,100,9/10/2025 12:00,9/10/2025 12:00
2025-09-10 13:00:00,106.35,2492,33.1,63,0.0,99,9/10/2025 13:00,9/10/2025 13:00
2025-09-10 14:00:00,106.35,1777,32.5,65,0.0,100,9/10/2025 14:00,9/10/2025 14:00
2025-09-10 15:00:00,106.35,2154,29.6,79,1.3,99,9/10/2025 15:00,9/10/2025 15:00
2025-09-10 16:00:00,106.34,1802,29.3,79,0.0,100,9/10/2025 16:00,9/10/2025 16:00
2025-09-10 17:00:00,106.34,2083,29.1,81,0.0,98,9/10/2025 17:00,9/10/2025 17:00
2025-09-10 18:00:00,106.35,2360,28.5,86,0.0,100,9/10/2025 18:00,9/10/2025 18:00
2025-09-10 19:00:00,106.37,2958,28.1,89,0.0,100,9/10/2025 19:00,9/10/2025 19:00
2025-09-10 20:00:00,106.39,3064,28.0,92,0.0,100,9/10/2025 20:00,9/10/2025 20:00
2025-09-10 21:00:00,106.42,3440,27.7,93,0.0,100,9/10/2025 21:00,9/10/2025 21:00
2025-09-10 22:00:00,106.44,2869,27.4,95,0.0,100,9/10/2025 22:00,9/10/2025 22:00
2025-09-10 23:00:00,106.46,2889,27.1,97,0.0,100,9/10/2025 23:00,9/10/2025 23:00
2025-09-11 00:00:00,106.48,2717,26.8,97,0.0,100,9/11/2025 0:00,9/11/2025 0:00
2025-09-11 01:00:00,106.51,2902,26.8,94,0.0,100,9/11/2025 1:00,9/11/2025 1:00
2025-09-11 02:00:00,106.55,3187,26.4,93,0.0,100,9/11/2025 2:00,9/11/2025 2:00
2025-09-11 03:00:00,106.59,3199,26.0,96,0.0,100,9/11/2025 3:00,9/11/2025 3:00
2025-09-11 04:00:00,106.63,3176,25.9,95,0.0,100,9/11/2025 4:00,9/11/2025 4:00
2025-09-11 05:00:00,106.68,3586,25.7,95,0.0,100,9/11/2025 5:00,9/11/2025 5:00
2025-09-11 06:00:00,106.73,3691,25.6,96,0.0,99,9/11/2025 6:00,9/11/2025 6:00
2025-09-11 07:00:00,106.78,3454,26.5,92,0.0,100,9/11/2025 7:00,9/11/2025 7:00
2025-09-11 08:00:00,106.82,3268,27.8,92,0.7,100,9/11/2025 8:00,9/11/2025 8:00
2025-09-11 09:00:00,106.85,3081,28.7,87,0.1,100,9/11/2025 9:00,9/11/2025 9:00
2025-09-11 10:00:00,106.86,2530,28.1,91,1.5,100,9/11/2025 10:00,9/11/2025 10:00
2025-09-11 11:00:00,106.87,2567,29.0,88,0.2,92,9/11/2025 11:00,9/11/2025 11:00
2025-09-11 12:00:00,106.87,2004,31.2,77,0.2,99,9/11/2025 12:00,9/11/2025 12:00
2025-09-11 13:00:00,106.88,2195,32.3,71,0.1,100,9/11/2025 13:00,9/11/2025 13:00
2025-09-11 14:00:00,106.88,1743,29.0,81,1.0,100,9/11/2025 14:00,9/11/2025 14:00
2025-09-11 15:00:00,106.88,1888,28.6,83,0.1,100,9/11/2025 15:00,9/11/2025 15:00
2025-09-11 16:00:00,106.87,1591,29.4,81,0.2,100,9/11/2025 16:00,9/11/2025 16:00
2025-09-11 17:00:00,106.86,1779,29.3,82,0.0,100,9/11/2025 17:00,9/11/2025 17:00
2025-09-11 18:00:00,106.86,2303,28.6,87,0.0,100,9/11/2025 18:00,9/11/2025 18:00
2025-09-11 19:00:00,106.87,2589,28.1,90,0.0,94,9/11/2025 19:00,9/11/2025 19:00
2025-09-11 20:00:00,106.89,2784,27.6,95,0.0,97,9/11/2025 20:00,9/11/2025 20:00
2025-09-11 21:00:00,106.91,3017,27.2,96,1.7,82,9/11/2025 21:00,9/11/2025 21:00
2025-09-11 22:00:00,106.92,2647,26.8,97,0.0,99,9/11/2025 22:00,9/11/2025 22:00
2025-09-11 23:00:00,106.93,2400,26.2,96,0.0,100,9/11/2025 23:00,9/11/2025 23:00
2025-09-12 00:00:00,106.94,2229,25.9,96,0.0,100,9/12/2025 0:00,9/12/2025 0:00
2025-09-12 01:00:00,106.96,2539,25.6,96,0.0,99,9/12/2025 1:00,9/12/2025 1:00
2025-09-12 02:00:00,106.99,2971,25.3,97,0.0,100,9/12/2025 2:00,9/12/2025 2:00
2025-09-12 03:00:00,107.02,2910,25.1,97,0.0,100,9/12/2025 3:00,9/12/2025 3:00
2025-09-12 04:00:00,107.06,3260,25.0,97,0.0,100,9/12/2025 4:00,9/12/2025 4:00
2025-09-12 05:00:00,107.11,3631,24.8,98,0.0,96,9/12/2025 5:00,9/12/2025 5:00
2025-09-12 06:00:00,107.16,3632,24.7,99,0.0,57,9/12/2025 6:00,9/12/2025 6:00
2025-09-12 07:00:00,107.2,3170,25.9,95,0.0,52,9/12/2025 7:00,9/12/2025 7:00
2025-09-12 08:00:00,107.22,2806,27.1,92,0.0,97,9/12/2025 8:00,9/12/2025 8:00
2025-09-12 09:00:00,107.23,2722,28.9,84,0.1,99,9/12/2025 9:00,9/12/2025 9:00
2025-09-12 10:00:00,107.24,2743,29.4,80,0.1,95,9/12/2025 10:00,9/12/2025 10:00
2025-09-12 11:00:00,107.25,2815,30.8,75,0.2,88,9/12/2025 11:00,9/12/2025 11:00
2025-09-12 12:00:00,107.27,3042,31.9,71,0.1,95,9/12/2025 12:00,9/12/2025 12:00
2025-09-12 13:00:00,107.3,3166,32.6,67,0.1,95,9/12/2025 13:00,9/12/2025 13:00
2025-09-12 14:00:00,107.31,2497,33.0,65,0.0,96,9/12/2025 14:00,9/12/2025 14:00
2025-09-12 15:00:00,107.32,2667,30.0,75,3.3,100,9/12/2025 15:00,9/12/2025 15:00
2025-09-12 16:00:00,107.33,2578,28.7,85,0.5,93,9/12/2025 16:00,9/12/2025 16:00
2025-09-12 17:00:00,107.33,2142,28.6,84,0.0,75,9/12/2025 17:00,9/12/2025 17:00
2025-09-12 18:00:00,107.34,2667,27.6,92,0.0,80,9/12/2025 18:00,9/12/2025 18:00
2025-09-12 19:00:00,107.35,2349,27.4,93,0.0,71,9/12/2025 19:00,9/12/2025 19:00
2025-09-12 20:00:00,107.36,2149,26.9,95,0.0,93,9/12/2025 20:00,9/12/2025 20:00
2025-09-12 21:00:00,107.37,2065,26.7,95,0.0,26,9/12/2025 21:00,9/12/2025 21:00
2025-09-12 22:00:00,107.37,2033,26.3,96,0.0,96,9/12/2025 22:00,9/12/2025 22:00
2025-09-12 23:00:00,107.39,2845,25.9,97,0.0,69,9/12/2025 23:00,9/12/2025 23:00
2025-09-13 00:00:00,107.41,2640,25.7,98,0.0,65,9/13/2025 0:00,9/13/2025 0:00
2025-09-13 01:00:00,107.44,2848,25.5,98,0.0,32,9/13/2025 1:00,9/13/2025 1:00
2025-09-13 02:00:00,107.48,2759,25.3,98,0.0,75,9/13/2025 2:00,9/13/2025 2:00
2025-09-13 03:00:00,107.51,2495,25.2,98,0.0,97,9/13/2025 3:00,9/13/2025 3:00
2025-09-13 04:00:00,107.54,2496,24.7,100,0.0,99,9/13/2025 4:00,9/13/2025 4:00
2025-09-13 05:00:00,107.56,1970,24.7,99,0.0,99,9/13/2025 5:00,9/13/2025 5:00
2025-09-13 06:00:00,107.57,1584,24.6,99,0.0,100,9/13/2025 6:00,9/13/2025 6:00
2025-09-13 07:00:00,107.58,1616,25.9,97,0.0,100,9/13/2025 7:00,9/13/2025 7:00
2025-09-13 08:00:00,107.59,1701,27.9,88,0.0,100,9/13/2025 8:00,9/13/2025 8:00
2025-09-13 09:00:00,107.6,2016,29.2,81,0.1,100,9/13/2025 9:00,9/13/2025 9:00
2025-09-13 10:00:00,107.61,2107,30.4,75,0.0,100,9/13/2025 10:00,9/13/2025 10:00
2025-09-13 11:00:00,107.62,2191,31.7,69,0.0,100,9/13/2025 11:00,9/13/2025 11:00
2025-09-13 12:00:00,107.64,2663,32.4,63,0.0,100,9/13/2025 12:00,9/13/2025 12:00
2025-09-13 13:00:00,107.66,2667,32.4,63,0.1,99,9/13/2025 13:00,9/13/2025 13:00
2025-09-13 14:00:00,107.65,1234,32.6,62,0.1,99,9/13/2025 14:00,9/13/2025 14:00
2025-09-13 15:00:00,107.63,956,32.7,61,0.0,100,9/13/2025 15:00,9/13/2025 15:00
2025-09-13 16:00:00,107.6,714,32.2,63,0.0,100,9/13/2025 16:00,9/13/2025 16:00
2025-09-13 17:00:00,107.59,1521,31.3,69,0.0,87,9/13/2025 17:00,9/13/2025 17:00
2025-09-13 18:00:00,107.58,1481,29.7,80,0.0,57,9/13/2025 18:00,9/13/2025 18:00
2025-09-13 19:00:00,107.58,1882,28.6,87,0.0,99,9/13/2025 19:00,9/13/2025 19:00
2025-09-13 20:00:00,107.58,1647,27.8,91,0.0,100,9/13/2025 20:00,9/13/2025 20:00
2025-09-13 21:00:00,107.59,2171,27.4,94,0.0,100,9/13/2025 21:00,9/13/2025 21:00
2025-09-13 22:00:00,107.6,2429,27.2,95,0.1,100,9/13/2025 22:00,9/13/2025 22:00
2025-09-13 23:00:00,107.62,2900,26.9,97,0.2,100,9/13/2025 23:00,9/13/2025 23:00
2025-09-14 00:00:00,107.64,2694,26.6,98,0.0,100,9/14/2025 0:00,9/14/2025 0:00
2025-09-14 01:00:00,107.67,2939,26.3,99,0.0,100,9/14/2025 1:00,9/14/2025 1:00
2025-09-14 02:00:00,107.7,2929,26.0,99,0.0,100,9/14/2025 2:00,9/14/2025 2:00
2025-09-14 03:00:00,107.74,3168,25.8,100,0.0,100,9/14/2025 3:00,9/14/2025 3:00
2025-09-14 04:00:00,107.77,2930,25.5,100,0.0,100,9/14/2025 4:00,9/14/2025 4:00
2025-09-14 05:00:00,107.8,2903,25.3,100,0.0,100,9/14/2025 5:00,9/14/2025 5:00
2025-09-14 06:00:00,107.83,2901,25.0,100,0.0,100,9/14/2025 6:00,9/14/2025 6:00
2025-09-14 07:00:00,107.86,2679,26.0,99,0.0,100,9/14/2025 7:00,9/14/2025 7:00
2025-09-14 08:00:00,107.89,2503,27.7,89,0.0,100,9/14/2025 8:00,9/14/2025 8:00
2025-09-14 09:00:00,107.91,2135,29.1,80,0.0,100,9/14/2025 9:00,9/14/2025 9:00
2025-09-14 10:00:00,107.92,1946,30.4,71,0.0,100,9/14/2025 10:00,9/14/2025 10:00
2025-09-14 11:00:00,107.92,1518,31.6,63,0.0,94,9/14/2025 11:00,9/14/2025 11:00
2025-09-14 12:00:00,107.91,1066,32.9,57,0.0,96,9/14/2025 12:00,9/14/2025 12:00
2025-09-14 13:00:00,107.9,1016,33.3,55,0.0,100,9/14/2025 13:00,9/14/2025 13:00
2025-09-14 14:00:00,107.89,1169,32.9,57,0.0,100,9/14/2025 14:00,9/14/2025 14:00
2025-09-14 15:00:00,107.89,1781,32.2,62,0.0,100,9/14/2025 15:00,9/14/2025 15:00
2025-09-14 16:00:00,107.89,1670,31.5,67,0.0,100,9/14/2025 16:00,9/14/2025 16:00
2025-09-14 17:00:00,107.87,622,30.9,72,0.0,100,9/14/2025 17:00,9/14/2025 17:00
2025-09-14 18:00:00,107.84,297,29.3,83,0.0,100,9/14/2025 18:00,9/14/2025 18:00
2025-09-14 19:00:00,107.82,709,28.5,89,0.0,67,9/14/2025 19:00,9/14/2025 19:00
2025-09-14 20:00:00,107.81,1091,28.6,88,0.0,91,9/14/2025 20:00,9/14/2025 20:00
2025-09-14 21:00:00,107.82,2230,28.0,90,0.0,100,9/14/2025 21:00,9/14/2025 21:00
2025-09-14 22:00:00,107.84,2886,27.6,91,0.0,98,9/14/2025 22:00,9/14/2025 22:00
2025-09-14 23:00:00,107.86,2909,27.1,91,0.0,100,9/14/2025 23:00,9/14/2025 23:00
2025-09-15 00:00:00,107.88,2724,26.8,93,0.0,68,9/15/2025 0:00,9/15/2025 0:00
2025-09-15 01:00:00,107.9,2349,26.4,96,0.0,76,9/15/2025 1:00,9/15/2025 1:00
2025-09-15 02:00:00,107.92,2180,26.3,95,0.0,96,9/15/2025 2:00,9/15/2025 2:00
2025-09-15 03:00:00,107.94,2134,26.0,95,0.0,99,9/15/2025 3:00,9/15/2025 3:00
2025-09-15 04:00:00,107.96,1847,25.9,95,0.0,100,9/15/2025 4:00,9/15/2025 4:00
2025-09-15 05:00:00,107.99,2205,25.8,95,0.0,100,9/15/2025 5:00,9/15/2025 5:00
2025-09-15 06:00:00,108.02,2471,25.6,97,0.0,100,9/15/2025 6:00,9/15/2025 6:00
2025-09-15 07:00:00,108.05,2302,26.4,95,0.0,65,9/15/2025 7:00,9/15/2025 7:00
2025-09-15 08:00:00,108.06,1913,27.2,92,0.1,99,9/15/2025 8:00,9/15/2025 8:00
2025-09-15 09:00:00,108.06,1811,28.3,88,0.2,99,9/15/2025 9:00,9/15/2025 9:00
2025-09-15 10:00:00,108.07,2304,29.6,81,0.2,99,9/15/2025 10:00,9/15/2025 10:00
2025-09-15 11:00:00,108.08,2246,30.7,74,0.2,99,9/15/2025 11:00,9/15/2025 11:00
2025-09-15 12:00:00,108.09,2109,31.7,68,0.1,81,9/15/2025 12:00,9/15/2025 12:00
2025-09-15 13:00:00,108.1,2021,29.2,75,6.4,100,9/15/2025 13:00,9/15/2025 13:00
2025-09-15 14:00:00,108.1,1494,27.5,86,0.3,100,9/15/2025 14:00,9/15/2025 14:00
2025-09-15 15:00:00,108.09,1085,28.2,83,0.2,99,9/15/2025 15:00,9/15/2025 15:00
2025-09-15 16:00:00,108.08,1253,29.1,79,0.0,67,9/15/2025 16:00,9/15/2025 16:00
2025-09-15 17:00:00,108.08,1806,28.9,79,0.0,100,9/15/2025 17:00,9/15/2025 17:00
2025-09-15 18:00:00,108.09,2339,27.8,86,0.0,100,9/15/2025 18:00,9/15/2025 18:00
2025-09-15 19:00:00,108.11,2641,27.5,88,0.0,100,9/15/2025 19:00,9/15/2025 19:00
2025-09-15 20:00:00,108.14,2794,26.5,93,0.0,100,9/15/2025 20:00,9/15/2025 20:00
2025-09-15 21:00:00,108.17,2808,25.9,95,0.0,100,9/15/2025 21:00,9/15/2025 21:00
2025-09-15 22:00:00,108.19,2423,25.5,97,0.0,100,9/15/2025 22:00,9/15/2025 22:00
2025-09-15 23:00:00,108.21,2422,25.4,97,0.0,100,9/15/2025 23:00,9/15/2025 23:00
2025-09-16 00:00:00,108.22,1818,25.2,97,0.0,98,9/16/2025 0:00,9/16/2025 0:00
2025-09-16 01:00:00,108.24,2069,25.3,97,0.0,99,9/16/2025 1:00,9/16/2025 1:00
2025-09-16 02:00:00,108.26,1903,24.4,99,3.1,100,9/16/2025 2:00,9/16/2025 2:00
2025-09-16 03:00:00,108.29,2432,24.3,98,0.9,100,9/16/2025 3:00,9/16/2025 3:00
2025-09-16 04:00:00,108.32,2430,24.2,100,0.1,100,9/16/2025 4:00,9/16/2025 4:00
2025-09-16 05:00:00,108.35,2397,24.3,99,0.1,85,9/16/2025 5:00,9/16/2025 5:00
2025-09-16 06:00:00,108.39,2963,24.2,99,0.0,99,9/16/2025 6:00,9/16/2025 6:00
2025-09-16 07:00:00,108.42,2501,24.9,95,0.0,100,9/16/2025 7:00,9/16/2025 7:00
2025-09-16 08:00:00,108.44,1972,26.7,89,0.0,98,9/16/2025 8:00,9/16/2025 8:00
2025-09-16 09:00:00,108.45,1761,27.8,86,0.1,98,9/16/2025 9:00,9/16/2025 9:00
2025-09-16 10:00:00,108.46,2105,29.2,80,0.1,55,9/16/2025 10:00,9/16/2025 10:00
2025-09-16 11:00:00,108.46,1657,30.3,73,0.1,100,9/16/2025 11:00,9/16/2025 11:00
2025-09-16 12:00:00,108.47,2071,31.1,67,0.0,98,9/16/2025 12:00,9/16/2025 12:00
2025-09-16 13:00:00,108.47,1464,32.0,63,0.0,100,9/16/2025 13:00,9/16/2025 13:00
2025-09-16 14:00:00,108.47,1471,32.1,63,0.0,99,9/16/2025 14:00,9/16/2025 14:00
2025-09-16 15:00:00,108.47,1495,30.4,70,0.1,97,9/16/2025 15:00,9/16/2025 15:00
2025-09-16 16:00:00,108.46,1109,29.7,76,0.0,68,9/16/2025 16:00,9/16/2025 16:00
2025-09-16 17:00:00,108.46,1670,29.4,78,0.0,7,9/16/2025 17:00,9/16/2025 17:00
2025-09-16 18:00:00,108.47,2194,28.5,85,0.0,4,9/16/2025 18:00,9/16/2025 18:00
2025-09-16 19:00:00,108.48,2043,27.8,89,0.0,10,9/16/2025 19:00,9/16/2025 19:00
2025-09-16 20:00:00,108.49,1811,27.0,97,0.0,16,9/16/2025 20:00,9/16/2025 20:00
2025-09-16 21:00:00,108.52,2845,26.7,98,0.0,13,9/16/2025 21:00,9/16/2025 21:00
2025-09-16 22:00:00,108.54,2459,26.6,100,0.0,96,9/16/2025 22:00,9/16/2025 22:00
2025-09-16 23:00:00,108.56,2534,26.3,100,0.0,96,9/16/2025 23:00,9/16/2025 23:00
2025-09-17 00:00:00,108.58,2246,26.0,100,0.0,95,9/17/2025 0:00,9/17/2025 0:00
2025-09-17 01:00:00,108.6,1903,25.8,100,0.0,73,9/17/2025 1:00,9/17/2025 1:00
2025-09-17 02:00:00,108.63,2396,25.3,99,0.0,2,9/17/2025 2:00,9/17/2025 2:00
2025-09-17 03:00:00,108.66,2396,25.0,100,0.0,3,9/17/2025 3:00,9/17/2025 3:00
2025-09-17 04:00:00,108.69,2363,24.9,100,0.0,36,9/17/2025 4:00,9/17/2025 4:00
2025-09-17 05:00:00,108.71,1833,24.9,99,0.0,15,9/17/2025 5:00,9/17/2025 5:00
2025-09-17 06:00:00,108.73,1893,24.9,99,0.6,62,9/17/2025 6:00,9/17/2025 6:00
2025-09-17 07:00:00,108.74,1473,25.7,96,1.9,72,9/17/2025 7:00,9/17/2025 7:00
2025-09-17 08:00:00,108.75,1726,27.3,89,0.7,23,9/17/2025 8:00,9/17/2025 8:00
2025-09-17 09:00:00,108.76,2031,28.4,84,0.0,20,9/17/2025 9:00,9/17/2025 9:00
2025-09-17 10:00:00,108.78,2550,29.9,76,0.0,40,9/17/2025 10:00,9/17/2025 10:00
2025-09-17 11:00:00,108.8,2390,31.0,69,0.1,100,9/17/2025 11:00,9/17/2025 11:00
2025-09-17 12:00:00,108.82,2345,31.1,68,0.1,100,9/17/2025 12:00,9/17/2025 12:00
2025-09-17 13:00:00,108.84,2403,31.7,65,0.0,100,9/17/2025 13:00,9/17/2025 13:00
2025-09-17 14:00:00,108.85,1859,31.2,66,0.0,80,9/17/2025 14:00,9/17/2025 14:00
2025-09-17 15:00:00,108.84,754,29.1,78,0.4,100,9/17/2025 15:00,9/17/2025 15:00
2025-09-17 16:00:00,108.82,310,29.0,78,0.0,100,9/17/2025 16:00,9/17/2025 16:00
2025-09-17 17:00:00,108.8,460,28.0,83,0.1,100,9/17/2025 17:00,9/17/2025 17:00
2025-09-17 18:00:00,108.79,987,27.1,89,0.0,100,9/17/2025 18:00,9/17/2025 18:00
2025-09-17 19:00:00,108.8,1931,26.6,93,0.0,100,9/17/2025 19:00,9/17/2025 19:00
2025-09-17 20:00:00,108.82,2178,27.0,93,0.0,94,9/17/2025 20:00,9/17/2025 20:00
2025-09-17 21:00:00,108.84,2178,26.2,98,0.0,98,9/17/2025 21:00,9/17/2025 21:00
2025-09-17 22:00:00,108.88,3235,25.4,98,0.5,99,9/17/2025 22:00,9/17/2025 22:00
2025-09-17 23:00:00,108.9,2094,25.4,97,0.1,94,9/17/2025 23:00,9/17/2025 23:00
2025-09-18 00:00:00,108.9,972,25.2,99,0.1,97,9/18/2025 0:00,9/18/2025 0:00
2025-09-18 01:00:00,108.91,1124,25.0,100,0.5,100,9/18/2025 1:00,9/18/2025 1:00
2025-09-18 02:00:00,108.92,1271,24.8,100,0.8,100,9/18/2025 2:00,9/18/2025 2:00
2025-09-18 03:00:00,108.94,1738,24.4,96,1.0,100,9/18/2025 3:00,9/18/2025 3:00
2025-09-18 04:00:00,108.98,2532,24.2,100,0.9,100,9/18/2025 4:00,9/18/2025 4:00
2025-09-18 05:00:00,109.02,2817,23.8,100,4.8,100,9/18/2025 5:00,9/18/2025 5:00
2025-09-18 06:00:00,109.06,2550,23.9,100,10.1,100,9/18/2025 6:00,9/18/2025 6:00
2025-09-18 07:00:00,109.1,2828,24.1,99,8.2,100,9/18/2025 7:00,9/18/2025 7:00
2025-09-18 08:00:00,109.13,2490,25.5,92,1.1,100,9/18/2025 8:00,9/18/2025 8:00
2025-09-18 09:00:00,109.15,2138,26.4,92,0.1,100,9/18/2025 9:00,9/18/2025 9:00
2025-09-18 10:00:00,109.17,2223,28.2,81,0.2,100,9/18/2025 10:00,9/18/2025 10:00
2025-09-18 11:00:00,109.19,2423,29.5,72,0.1,100,9/18/2025 11:00,9/18/2025 11:00
2025-09-18 12:00:00,109.2,1833,29.7,72,0.2,97,9/18/2025 12:00,9/18/2025 12:00
2025-09-18 13:00:00,109.21,1780,30.2,71,0.2,95,9/18/2025 13:00,9/18/2025 13:00
2025-09-18 14:00:00,109.21,1412,30.2,71,0.1,99,9/18/2025 14:00,9/18/2025 14:00
2025-09-18 15:00:00,109.21,1381,30.3,70,0.2,99,9/18/2025 15:00,9/18/2025 15:00
2025-09-18 16:00:00,109.22,1678,28.5,79,0.1,95,9/18/2025 16:00,9/18/2025 16:00
2025-09-18 17:00:00,109.23,2226,28.0,84,0.0,95,9/18/2025 17:00,9/18/2025 17:00
2025-09-18 18:00:00,109.25,2675,27.2,91,0.0,100,9/18/2025 18:00,9/18/2025 18:00
2025-09-18 19:00:00,109.28,2881,26.8,92,0.0,100,9/18/2025 19:00,9/18/2025 19:00
2025-09-18 20:00:00,109.3,2569,26.3,97,0.0,100,9/18/2025 20:00,9/18/2025 20:00
2025-09-18 21:00:00,109.32,2656,26.0,100,0.0,100,9/18/2025 21:00,9/18/2025 21:00
2025-09-18 22:00:00,109.35,3026,25.7,100,0.0,100,9/18/2025 22:00,9/18/2025 22:00
2025-09-18 23:00:00,109.37,2452,25.5,100,0.0,100,9/18/2025 23:00,9/18/2025 23:00
2025-09-19 00:00:00,109.4,2432,25.2,100,0.0,100,9/19/2025 0:00,9/19/2025 0:00
2025-09-19 01:00:00,109.43,2623,25.0,100,0.0,100,9/19/2025 1:00,9/19/2025 1:00
2025-09-19 02:00:00,109.46,2213,24.9,100,0.0,99,9/19/2025 2:00,9/19/2025 2:00
2025-09-19 03:00:00,109.49,2267,25.0,100,0.0,97,9/19/2025 3:00,9/19/2025 3:00
2025-09-19 04:00:00,109.54,3016,24.6,99,0.4,99,9/19/2025 4:00,9/19/2025 4:00
2025-09-19 05:00:00,109.59,3069,24.3,99,0.1,99,9/19/2025 5:00,9/19/2025 5:00
2025-09-19 06:00:00,109.63,2819,24.0,100,0.0,100,9/19/2025 6:00,9/19/2025 6:00
2025-09-19 07:00:00,109.65,2045,24.9,98,0.0,98,9/19/2025 7:00,9/19/2025 7:00
2025-09-19 08:00:00,109.67,2431,27.6,84,0.0,93,9/19/2025 8:00,9/19/2025 8:00
2025-09-19 09:00:00,109.69,2505,28.4,81,0.2,90,9/19/2025 9:00,9/19/2025 9:00
2025-09-19 10:00:00,109.71,2539,29.5,78,0.0,95,9/19/2025 10:00,9/19/2025 10:00
2025-09-19 11:00:00,109.74,3181,30.6,72,0.0,95,9/19/2025 11:00,9/19/2025 11:00
2025-09-19 12:00:00,109.76,2558,31.1,69,0.0,100,9/19/2025 12:00,9/19/2025 12:00
2025-09-19 13:00:00,109.77,1991,30.2,75,0.1,19,9/19/2025 13:00,9/19/2025 13:00
2025-09-19 14:00:00,109.78,2158,31.1,72,0.1,27,9/19/2025 14:00,9/19/2025 14:00
2025-09-19 15:00:00,109.8,2565,31.5,70,0.1,12,9/19/2025 15:00,9/19/2025 15:00
2025-09-19 16:00:00,109.82,2736,31.2,69,0.0,28,9/19/2025 16:00,9/19/2025 16:00
2025-09-19 17:00:00,109.84,2835,30.4,74,0.0,17,9/19/2025 17:00,9/19/2025 17:00
2025-09-19 18:00:00,109.86,2682,29.1,83,0.0,56,9/19/2025 18:00,9/19/2025 18:00
2025-09-19 19:00:00,109.88,2597,28.3,88,0.0,38,9/19/2025 19:00,9/19/2025 19:00
2025-09-19 20:00:00,109.91,2865,27.2,97,0.0,64,9/19/2025 20:00,9/19/2025 20:00
2025-09-19 21:00:00,109.93,2858,27.0,98,0.0,100,9/19/2025 21:00,9/19/2025 21:00
2025-09-19 22:00:00,109.95,2812,26.8,98,0.0,70,9/19/2025 22:00,9/19/2025 22:00
2025-09-19 23:00:00,109.97,2664,26.6,97,0.0,22,9/19/2025 23:00,9/19/2025 23:00
2025-09-20 00:00:00,109.98,2234,26.2,97,0.0,16,9/20/2025 0:00,9/20/2025 0:00
2025-09-20 01:00:00,109.99,2231,26.0,98,0.0,1,9/20/2025 1:00,9/20/2025 1:00
2025-09-20 02:00:00,110.01,2582,25.8,99,0.0,6,9/20/2025 2:00,9/20/2025 2:00
2025-09-20 03:00:00,110.03,2176,25.7,98,0.0,1,9/20/2025 3:00,9/20/2025 3:00
2025-09-20 04:00:00,110.06,2409,25.4,97,0.0,3,9/20/2025 4:00,9/20/2025 4:00
2025-09-20 05:00:00,110.08,1878,25.2,98,0.0,17,9/20/2025 5:00,9/20/2025 5:00
2025-09-20 06:00:00,110.1,1877,25.1,100,0.0,100,9/20/2025 6:00,9/20/2025 6:00
2025-09-20 07:00:00,110.12,1875,26.1,97,0.0,99,9/20/2025 7:00,9/20/2025 7:00
2025-09-20 08:00:00,110.13,1641,28.4,89,0.0,13,9/20/2025 8:00,9/20/2025 8:00
2025-09-20 09:00:00,110.16,3073,30.1,78,0.0,1,9/20/2025 9:00,9/20/2025 9:00
2025-09-20 10:00:00,110.18,2904,31.5,68,0.0,11,9/20/2025 10:00,9/20/2025 10:00
2025-09-20 11:00:00,110.2,2977,32.4,61,0.0,16,9/20/2025 11:00,9/20/2025 11:00
2025-09-20 12:00:00,110.21,2460,32.9,59,0.1,51,9/20/2025 12:00,9/20/2025 12:00
2025-09-20 13:00:00,110.23,2783,33.3,60,0.0,48,9/20/2025 13:00,9/20/2025 13:00
2025-09-20 14:00:00,110.25,2890,33.5,60,0.0,85,9/20/2025 14:00,9/20/2025 14:00
2025-09-20 15:00:00,110.27,3066,33.5,60,0.0,99,9/20/2025 15:00,9/20/2025 15:00
2025-09-20 16:00:00,110.29,3077,33.3,61,0.0,93,9/20/2025 16:00,9/20/2025 16:00
2025-09-20 17:00:00,110.32,3399,32.4,66,0.0,97,9/20/2025 17:00,9/20/2025 17:00
2025-09-20 18:00:00,110.34,2619,30.5,77,0.0,97,9/20/2025 18:00,9/20/2025 18:00
2025-09-20 19:00:00,110.36,2694,29.6,84,0.0,90,9/20/2025 19:00,9/20/2025 19:00
2025-09-20 20:00:00,110.38,2783,29.8,83,0.0,97,9/20/2025 20:00,9/20/2025 20:00
2025-09-20 21:00:00,110.39,2512,29.3,81,0.0,96,9/20/2025 21:00,9/20/2025 21:00
2025-09-20 22:00:00,110.38,1702,28.6,84,0.0,92,9/20/2025 22:00,9/20/2025 22:00
2025-09-20 23:00:00,110.39,2787,28.2,86,0.0,94,9/20/2025 23:00,9/20/2025 23:00
2025-09-21 00:00:00,110.4,2787,27.8,89,0.0,18,9/21/2025 0:00,9/21/2025 0:00
2025-09-21 01:00:00,110.4,2247,27.4,92,0.0,48,9/21/2025 1:00,9/21/2025 1:00
2025-09-21 02:00:00,110.4,2124,27.0,94,0.0,50,9/21/2025 2:00,9/21/2025 2:00
2025-09-21 03:00:00,110.41,2418,26.6,96,0.0,48,9/21/2025 3:00,9/21/2025 3:00
2025-09-21 04:00:00,110.42,2266,26.5,97,0.0,16,9/21/2025 4:00,9/21/2025 4:00
2025-09-21 05:00:00,110.44,2755,26.2,100,0.0,72,9/21/2025 5:00,9/21/2025 5:00
2025-09-21 06:00:00,110.46,2495,26.2,100,0.0,99,9/21/2025 6:00,9/21/2025 6:00
2025-09-21 07:00:00,110.49,2429,27.1,98,0.0,69,9/21/2025 7:00,9/21/2025 7:00
2025-09-21 08:00:00,110.52,2444,29.7,84,0.0,0,9/21/2025 8:00,9/21/2025 8:00
2025-09-21 09:00:00,110.55,2432,31.0,77,0.0,3,9/21/2025 9:00,9/21/2025 9:00
2025-09-21 10:00:00,110.57,2093,32.0,71,0.1,14,9/21/2025 10:00,9/21/2025 10:00
2025-09-21 11:00:00,110.58,1863,32.4,71,0.1,29,9/21/2025 11:00,9/21/2025 11:00
2025-09-21 12:00:00,110.59,2084,32.9,66,0.1,69,9/21/2025 12:00,9/21/2025 12:00
2025-09-21 13:00:00,110.6,2174,33.1,62,0.0,100,9/21/2025 13:00,9/21/2025 13:00
2025-09-21 14:00:00,110.62,2577,30.2,75,0.4,100,9/21/2025 14:00,9/21/2025 14:00
2025-09-21 15:00:00,110.64,2689,28.7,84,1.9,90,9/21/2025 15:00,9/21/2025 15:00
2025-09-21 16:00:00,110.66,2539,27.3,93,5.1,94,9/21/2025 16:00,9/21/2025 16:00
2025-09-21 17:00:00,110.68,2670,27.2,91,0.0,98,9/21/2025 17:00,9/21/2025 17:00
2025-09-21 18:00:00,110.7,2890,26.7,94,0.0,100,9/21/2025 18:00,9/21/2025 18:00
2025-09-21 19:00:00,110.72,2824,26.4,96,0.0,100,9/21/2025 19:00,9/21/2025 19:00
2025-09-21 20:00:00,110.74,2607,26.7,97,0.0,100,9/21/2025 20:00,9/21/2025 20:00
2025-09-21 21:00:00,110.76,2707,26.7,98,0.0,100,9/21/2025 21:00,9/21/2025 21:00
2025-09-21 22:00:00,110.78,2822,26.3,98,0.7,100,9/21/2025 22:00,9/21/2025 22:00
2025-09-21 23:00:00,110.78,1631,26.1,98,2.7,100,9/21/2025 23:00,9/21/2025 23:00
2025-09-22 00:00:00,110.8,2698,25.7,99,0.5,100,9/22/2025 0:00,9/22/2025 0:00
2025-09-22 01:00:00,110.81,2090,25.9,98,0.3,99,9/22/2025 1:00,9/22/2025 1:00
2025-09-22 02:00:00,110.81,1382,25.7,98,0.0,100,9/22/2025 2:00,9/22/2025 2:00
2025-09-22 03:00:00,110.82,1725,25.4,99,0.1,100,9/22/2025 3:00,9/22/2025 3:00
2025-09-22 04:00:00,110.83,1667,25.3,98,0.3,100,9/22/2025 4:00,9/22/2025 4:00
2025-09-22 05:00:00,110.85,2159,24.8,99,2.0,100,9/22/2025 5:00,9/22/2025 5:00
2025-09-22 06:00:00,110.87,2268,24.5,98,3.1,100,9/22/2025 6:00,9/22/2025 6:00
2025-09-22 07:00:00,110.9,2720,24.5,98,0.2,98,9/22/2025 7:00,9/22/2025 7:00
2025-09-22 08:00:00,110.93,2800,26.3,98,0.3,100,9/22/2025 8:00,9/22/2025 8:00
2025-09-22 09:00:00,110.96,2890,26.4,95,0.2,100,9/22/2025 9:00,9/22/2025 9:00
2025-09-22 10:00:00,110.98,2654,26.4,92,1.6,100,9/22/2025 10:00,9/22/2025 10:00
2025-09-22 11:00:00,110.99,2360,26.4,93,0.3,100,9/22/2025 11:00,9/22/2025 11:00
2025-09-22 12:00:00,111.01,2609,27.0,93,0.2,99,9/22/2025 12:00,9/22/2025 12:00
2025-09-22 13:00:00,111.03,2440,28.0,89,0.2,100,9/22/2025 13:00,9/22/2025 13:00
2025-09-22 14:00:00,111.04,2258,28.2,86,0.3,100,9/22/2025 14:00,9/22/2025 14:00
2025-09-22 15:00:00,111.05,2450,26.5,94,3.9,99,9/22/2025 15:00,9/22/2025 15:00
2025-09-22 16:00:00,111.05,1904,26.2,98,0.1,45,9/22/2025 16:00,9/22/2025 16:00
2025-09-22 17:00:00,111.06,2089,26.7,93,0.0,32,9/22/2025 17:00,9/22/2025 17:00
2025-09-22 18:00:00,111.07,2413,25.9,97,0.1,69,9/22/2025 18:00,9/22/2025 18:00
2025-09-22 19:00:00,111.08,2303,25.9,96,0.4,81,9/22/2025 19:00,9/22/2025 19:00
2025-09-22 20:00:00,111.1,2361,26.4,98,0.2,73,9/22/2025 20:00,9/22/2025 20:00
2025-09-22 21:00:00,111.11,2207,26.0,98,1.0,95,9/22/2025 21:00,9/22/2025 21:00
2025-09-22 22:00:00,111.12,2129,25.4,95,7.4,100,9/22/2025 22:00,9/22/2025 22:00
2025-09-22 23:00:00,111.14,2471,25.2,97,1.5,100,9/22/2025 23:00,9/22/2025 23:00
2025-09-23 00:00:00,111.17,2757,25.0,98,2.0,100,9/23/2025 0:00,9/23/2025 0:00
2025-09-23 01:00:00,111.2,2471,24.8,98,0.3,99,9/23/2025 1:00,9/23/2025 1:00
2025-09-23 02:00:00,111.24,2951,24.9,98,0.1,78,9/23/2025 2:00,9/23/2025 2:00
2025-09-23 03:00:00,111.27,2406,24.9,97,0.0,67,9/23/2025 3:00,9/23/2025 3:00
2025-09-23 04:00:00,111.3,2405,24.9,96,0.0,50,9/23/2025 4:00,9/23/2025 4:00
2025-09-23 05:00:00,111.33,2406,24.6,98,0.0,16,9/23/2025 5:00,9/23/2025 5:00
2025-09-23 06:00:00,111.37,3041,24.5,99,0.0,21,9/23/2025 6:00,9/23/2025 6:00
2025-09-23 07:00:00,111.4,2570,25.3,96,0.0,38,9/23/2025 7:00,9/23/2025 7:00
2025-09-23 08:00:00,111.42,2233,27.1,90,0.0,20,9/23/2025 8:00,9/23/2025 8:00
2025-09-23 09:00:00,111.43,2211,28.1,84,0.1,100,9/23/2025 9:00,9/23/2025 9:00
2025-09-23 10:00:00,111.45,2705,29.0,77,0.1,100,9/23/2025 10:00,9/23/2025 10:00
2025-09-23 11:00:00,111.48,2998,29.2,75,0.0,82,9/23/2025 11:00,9/23/2025 11:00
2025-09-23 12:00:00,111.51,3078,30.3,70,0.0,15,9/23/2025 12:00,9/23/2025 12:00
2025-09-23 13:00:00,111.54,2919,30.9,69,0.1,19,9/23/2025 13:00,9/23/2025 13:00
2025-09-23 14:00:00,111.56,2673,31.5,66,0.1,14,9/23/2025 14:00,9/23/2025 14:00
2025-09-23 15:00:00,111.56,1890,31.6,65,0.1,29,9/23/2025 15:00,9/23/2025 15:00
2025-09-23 16:00:00,111.56,1971,30.7,69,0.1,17,9/23/2025 16:00,9/23/2025 16:00
2025-09-23 17:00:00,111.56,1917,29.9,75,0.0,24,9/23/2025 17:00,9/23/2025 17:00
2025-09-23 18:00:00,111.57,2590,28.6,83,0.0,74,9/23/2025 18:00,9/23/2025 18:00
2025-09-23 19:00:00,111.59,2716,28.1,87,0.0,80,9/23/2025 19:00,9/23/2025 19:00
2025-09-23 20:00:00,111.6,2223,26.1,97,1.7,98,9/23/2025 20:00,9/23/2025 20:00
2025-09-23 21:00:00,111.61,2368,26.0,98,0.0,82,9/23/2025 21:00,9/23/2025 21:00
2025-09-23 22:00:00,111.63,2672,25.7,99,0.0,69,9/23/2025 22:00,9/23/2025 22:00
2025-09-23 23:00:00,111.64,2171,25.5,100,0.0,66,9/23/2025 23:00,9/23/2025 23:00
2025-09-24 00:00:00,111.65,2219,25.2,99,0.0,56,9/24/2025 0:00,9/24/2025 0:00
2025-09-24 01:00:00,111.66,2055,25.2,99,0.1,83,9/24/2025 1:00,9/24/2025 1:00
2025-09-24 02:00:00,111.68,2237,25.6,98,0.1,100,9/24/2025 2:00,9/24/2025 2:00
2025-09-24 03:00:00,111.71,2534,25.7,98,0.0,99,9/24/2025 3:00,9/24/2025 3:00
2025-09-24 04:00:00,111.74,2401,25.3,97,0.0,38,9/24/2025 4:00,9/24/2025 4:00
2025-09-24 05:00:00,111.76,2073,25.1,96,0.0,72,9/24/2025 5:00,9/24/2025 5:00
2025-09-24 06:00:00,111.79,2452,24.8,94,0.0,9,9/24/2025 6:00,9/24/2025 6:00
2025-09-24 07:00:00,111.82,2453,25.9,91,0.0,17,9/24/2025 7:00,9/24/2025 7:00
2025-09-24 08:00:00,111.85,2716,28.2,86,0.0,5,9/24/2025 8:00,9/24/2025 8:00
2025-09-24 09:00:00,111.87,2638,29.8,73,0.0,67,9/24/2025 9:00,9/24/2025 9:00
2025-09-24 10:00:00,111.9,3286,30.7,63,0.0,99,9/24/2025 10:00,9/24/2025 10:00
2025-09-24 11:00:00,111.92,2811,31.2,60,0.2,100,9/24/2025 11:00,9/24/2025 11:00
2025-09-24 12:00:00,111.95,3310,32.0,56,0.1,97,9/24/2025 12:00,9/24/2025 12:00
2025-09-24 13:00:00,111.98,3275,32.8,53,0.0,93,9/24/2025 13:00,9/24/2025 13:00
2025-09-24 14:00:00,112.01,3380,32.7,54,0.1,98,9/24/2025 14:00,9/24/2025 14:00
2025-09-24 15:00:00,112.04,3335,31.6,61,0.2,88,9/24/2025 15:00,9/24/2025 15:00
2025-09-24 16:00:00,112.06,2937,31.8,61,0.0,90,9/24/2025 16:00,9/24/2025 16:00
2025-09-24 17:00:00,112.08,3000,31.2,68,0.0,85,9/24/2025 17:00,9/24/2025 17:00
2025-09-24 18:00:00,112.1,3132,29.6,75,0.0,100,9/24/2025 18:00,9/24/2025 18:00
2025-09-24 19:00:00,112.12,3127,28.1,82,0.0,100,9/24/2025 19:00,9/24/2025 19:00
2025-09-24 20:00:00,112.15,3462,28.1,81,0.0,100,9/24/2025 20:00,9/24/2025 20:00
2025-09-24 21:00:00,112.17,3054,27.5,85,0.0,100,9/24/2025 21:00,9/24/2025 21:00
2025-09-24 22:00:00,112.19,3059,26.9,87,0.0,100,9/24/2025 22:00,9/24/2025 22:00
2025-09-24 23:00:00,112.21,2924,26.8,85,0.0,98,9/24/2025 23:00,9/24/2025 23:00
2025-09-25 00:00:00,112.23,2821,27.1,80,0.0,100,9/25/2025 0:00,9/25/2025 0:00
2025-09-25 01:00:00,112.26,2948,27.3,74,0.0,86,9/25/2025 1:00,9/25/2025 1:00
2025-09-25 02:00:00,112.3,3004,27.0,76,0.0,90,9/25/2025 2:00,9/25/2025 2:00
2025-09-25 03:00:00,112.34,3015,26.7,79,0.0,100,9/25/2025 3:00,9/25/2025 3:00
2025-09-25 04:00:00,112.37,2803,26.9,80,0.0,100,9/25/2025 4:00,9/25/2025 4:00
2025-09-25 05:00:00,112.4,2754,27.1,78,0.0,100,9/25/2025 5:00,9/25/2025 5:00
2025-09-25 06:00:00,112.43,2809,26.8,80,0.0,100,9/25/2025 6:00,9/25/2025 6:00
2025-09-25 07:00:00,112.46,2845,27.5,77,0.0,100,9/25/2025 7:00,9/25/2025 7:00
2025-09-25 08:00:00,112.49,2829,27.2,80,0.3,100,9/25/2025 8:00,9/25/2025 8:00
2025-09-25 09:00:00,112.52,3047,27.1,81,0.1,100,9/25/2025 9:00,9/25/2025 9:00
2025-09-25 10:00:00,112.54,2566,27.0,84,0.3,100,9/25/2025 10:00,9/25/2025 10:00
2025-09-25 11:00:00,112.57,2940,26.9,85,0.6,100,9/25/2025 11:00,9/25/2025 11:00
2025-09-25 12:00:00,112.59,2551,27.2,83,0.3,100,9/25/2025 12:00,9/25/2025 12:00
2025-09-25 13:00:00,112.61,2486,28.9,73,0.1,100,9/25/2025 13:00,9/25/2025 13:00
2025-09-25 14:00:00,112.63,2930,27.4,76,0.0,100,9/25/2025 14:00,9/25/2025 14:00
2025-09-25 15:00:00,112.65,2801,27.4,77,0.0,100,9/25/2025 15:00,9/25/2025 15:00
2025-09-25 16:00:00,112.67,2849,27.4,78,0.0,100,9/25/2025 16:00,9/25/2025 16:00
2025-09-25 17:00:00,112.69,3004,27.1,80,0.0,100,9/25/2025 17:00,9/25/2025 17:00
2025-09-25 18:00:00,112.71,2904,26.5,84,0.0,100,9/25/2025 18:00,9/25/2025 18:00
2025-09-25 19:00:00,112.73,2813,26.1,86,0.0,100,9/25/2025 19:00,9/25/2025 19:00
2025-09-25 20:00:00,112.76,3083,25.8,87,0.0,100,9/25/2025 20:00,9/25/2025 20:00
2025-09-25 21:00:00,112.79,2949,25.6,87,0.1,100,9/25/2025 21:00,9/25/2025 21:00
2025-09-25 22:00:00,112.82,2952,25.4,87,0.0,100,9/25/2025 22:00,9/25/2025 22:00
2025-09-25 23:00:00,112.85,2947,25.3,85,0.0,100,9/25/2025 23:00,9/25/2025 23:00
2025-09-26 00:00:00,112.85,2947,25.2,85,0.0,95,9/26/2025 0:00,9/26/2025 0:00
2025-09-26 01:00:00,112.85,2947,24.8,88,0.0,74,9/26/2025 1:00,9/26/2025 1:00
2025-09-26 02:00:00,112.85,2947,24.3,92,0.0,100,9/26/2025 2:00,9/26/2025 2:00
2025-09-26 03:00:00,112.85,2947,24.0,94,0.0,100,9/26/2025 3:00,9/26/2025 3:00
2025-09-26 04:00:00,112.85,2947,24.0,96,0.0,100,9/26/2025 4:00,9/26/2025 4:00
2025-09-26 05:00:00,112.85,2947,24.0,94,0.0,100,9/26/2025 5:00,9/26/2025 5:00
2025-09-26 06:00:00,112.85,2947,24.1,94,0.0,100,9/26/2025 6:00,9/26/2025 6:00
2025-09-26 07:00:00,112.85,2947,24.6,91,0.0,100,9/26/2025 7:00,9/26/2025 7:00
2025-09-26 08:00:00,112.85,2947,24.8,90,0.1,100,9/26/2025 8:00,9/26/2025 8:00
2025-09-26 09:00:00,112.85,2947,25.2,88,0.2,100,9/26/2025 9:00,9/26/2025 9:00
2025-09-26 10:00:00,112.85,2947,25.7,85,0.1,100,9/26/2025 10:00,9/26/2025 10:00
2025-09-26 11:00:00,112.85,2947,26.6,80,0.0,100,9/26/2025 11:00,9/26/2025 11:00
2025-09-26 12:00:00,112.85,2947,27.4,77,0.0,95,9/26/2025 12:00,9/26/2025 12:00
2025-09-26 13:00:00,112.85,2947,28.4,74,0.1,100,9/26/2025 13:00,9/26/2025 13:00
2025-09-26 14:00:00,112.85,2947,28.8,73,0.0,99,9/26/2025 14:00,9/26/2025 14:00
2025-09-26 15:00:00,112.85,2947,28.7,74,0.1,100,9/26/2025 15:00,9/26/2025 15:00
2025-09-26 16:00:00,112.85,2947,27.7,80,0.8,100,9/26/2025 16:00,9/26/2025 16:00
2025-09-26 17:00:00,112.85,2947,26.2,88,0.4,100,9/26/2025 17:00,9/26/2025 17:00
2025-09-26 18:00:00,112.85,2947,25.1,94,0.7,100,9/26/2025 18:00,9/26/2025 18:00
2025-09-26 19:00:00,112.85,2947,25.0,96,0.4,100,9/26/2025 19:00,9/26/2025 19:00
2025-09-26 20:00:00,112.85,2947,25.3,93,0.2,100,9/26/2025 20:00,9/26/2025 20:00
2025-09-26 21:00:00,112.85,2947,25.0,96,0.1,100,9/26/2025 21:00,9/26/2025 21:00
2025-09-26 22:00:00,112.85,2947,25.1,96,0.1,100,9/26/2025 22:00,9/26/2025 22:00
2025-09-26 23:00:00,112.85,2947,24.9,99,0.4,100,9/26/2025 23:00,9/26/2025 23:00
2025-09-27 00:00:00,113.47,2915,24.7,98,0.5,100,9/27/2025 0:00,9/27/2025 0:00
2025-09-27 01:00:00,113.51,2898,24.3,98,1.5,100,9/27/2025 1:00,9/27/2025 1:00
2025-09-27 02:00:00,113.56,3275,24.0,98,1.3,100,9/27/2025 2:00,9/27/2025 2:00
2025-09-27 03:00:00,113.61,3272,23.8,98,7.3,100,9/27/2025 3:00,9/27/2025 3:00
2025-09-27 04:00:00,113.65,2996,23.9,99,6.0,100,9/27/2025 4:00,9/27/2025 4:00
2025-09-27 05:00:00,113.68,2682,24.0,99,0.8,100,9/27/2025 5:00,9/27/2025 5:00
2025-09-27 06:00:00,113.71,2744,23.9,99,1.4,100,9/27/2025 6:00,9/27/2025 6:00
2025-09-27 07:00:00,113.74,2898,24.1,99,0.5,100,9/27/2025 7:00,9/27/2025 7:00
2025-09-27 08:00:00,113.76,2685,25.9,93,0.2,100,9/27/2025 8:00,9/27/2025 8:00
2025-09-27 09:00:00,113.78,2765,26.7,90,0.4,100,9/27/2025 9:00,9/27/2025 9:00
2025-09-27 10:00:00,113.81,3460,27.3,88,0.1,100,9/27/2025 10:00,9/27/2025 10:00
2025-09-27 11:00:00,113.83,2934,29.1,80,0.1,100,9/27/2025 11:00,9/27/2025 11:00
2025-09-27 12:00:00,113.86,3062,29.2,77,1.2,100,9/27/2025 12:00,9/27/2025 12:00
2025-09-27 13:00:00,113.89,3000,26.2,96,16.7,100,9/27/2025 13:00,9/27/2025 13:00
2025-09-27 14:00:00,113.91,3028,26.8,90,0.2,100,9/27/2025 14:00,9/27/2025 14:00
2025-09-27 15:00:00,113.93,3292,28.9,80,0.0,100,9/27/2025 15:00,9/27/2025 15:00
2025-09-27 16:00:00,113.93,2166,29.3,77,0.0,99,9/27/2025 16:00,9/27/2025 16:00
2025-09-27 17:00:00,113.94,2425,27.0,88,1.0,99,9/27/2025 17:00,9/27/2025 17:00
2025-09-27 18:00:00,113.96,3274,26.4,93,0.0,100,9/27/2025 18:00,9/27/2025 18:00
2025-09-27 19:00:00,113.97,2713,25.9,94,0.0,99,9/27/2025 19:00,9/27/2025 19:00
2025-09-27 20:00:00,113.96,1602,25.3,98,0.0,91,9/27/2025 20:00,9/27/2025 20:00
2025-09-27 21:00:00,113.94,1073,25.2,98,0.0,95,9/27/2025 21:00,9/27/2025 21:00
2025-09-27 22:00:00,113.94,2185,25.0,99,0.0,100,9/27/2025 22:00,9/27/2025 22:00
2025-09-27 23:00:00,113.93,1630,25.0,99,0.0,100,9/27/2025 23:00,9/27/2025 23:00
2025-09-28 00:00:00,113.9,633,25.3,95,0.5,97,9/28/2025 0:00,9/28/2025 0:00
2025-09-28 01:00:00,113.88,1014,25.3,93,0.3,96,9/28/2025 1:00,9/28/2025 1:00
2025-09-28 02:00:00,113.86,1288,24.7,95,4.6,99,9/28/2025 2:00,9/28/2025 2:00
2025-09-28 03:00:00,113.85,1324,24.3,99,7.9,79,9/28/2025 3:00,9/28/2025 3:00
2025-09-28 04:00:00,113.84,1630,24.4,98,0.1,29,9/28/2025 4:00,9/28/2025 4:00
2025-09-28 05:00:00,113.82,762,24.1,96,0.6,73,9/28/2025 5:00,9/28/2025 5:00
2025-09-28 06:00:00,113.79,316,24.0,98,1.4,83,9/28/2025 6:00,9/28/2025 6:00
2025-09-28 07:00:00,113.76,482,24.4,99,1.5,52,9/28/2025 7:00,9/28/2025 7:00
2025-09-28 08:00:00,113.75,979,25.6,90,2.9,99,9/28/2025 8:00,9/28/2025 8:00
2025-09-28 09:00:00,113.75,1018,25.8,90,0.9,35,9/28/2025 9:00,9/28/2025 9:00
2025-09-28 10:00:00,113.77,1466,27.5,84,0.0,90,9/28/2025 10:00,9/28/2025 10:00
2025-09-28 11:00:00,113.8,2281,28.4,82,1.1,98,9/28/2025 11:00,9/28/2025 11:00
2025-09-28 12:00:00,113.81,1447,29.6,78,0.3,100,9/28/2025 12:00,9/28/2025 12:00
2025-09-28 13:00:00,113.82,908,27.8,87,4.5,100,9/28/2025 13:00,9/28/2025 13:00
2025-09-28 14:00:00,113.81,420,25.7,95,11.7,100,9/28/2025 14:00,9/28/2025 14:00
2025-09-28 15:00:00,113.79,332,25.4,96,1.3,100,9/28/2025 15:00,9/28/2025 15:00
2025-09-28 16:00:00,113.76,498,25.6,97,1.4,100,9/28/2025 16:00,9/28/2025 16:00
2025-09-28 17:00:00,113.73,315,26.1,91,0.3,100,9/28/2025 17:00,9/28/2025 17:00
2025-09-28 18:00:00,113.7,490,25.0,96,0.6,100,9/28/2025 18:00,9/28/2025 18:00
2025-09-28 19:00:00,113.73,3629,24.7,98,0.7,100,9/28/2025 19:00,9/28/2025 19:00
2025-09-28 20:00:00,113.77,4033,24.1,96,1.6,100,9/28/2025 20:00,9/28/2025 20:00
2025-09-28 21:00:00,113.8,3672,24.2,96,1.8,100,9/28/2025 21:00,9/28/2025 21:00
2025-09-28 22:00:00,113.79,1503,24.3,97,0.8,100,9/28/2025 22:00,9/28/2025 22:00
2025-09-28 23:00:00,113.77,536,24.1,97,1.9,100,9/28/2025 23:00,9/28/2025 23:00
2025-09-29 00:00:00,113.77,1060,24.1,97,3.6,100,9/29/2025 0:00,9/29/2025 0:00
2025-09-29 01:00:00,113.78,1241,23.9,98,5.9,100,9/29/2025 1:00,9/29/2025 1:00
2025-09-29 02:00:00,113.79,1186,23.7,98,4.1,100,9/29/2025 2:00,9/29/2025 2:00
2025-09-29 03:00:00,113.8,1240,23.7,97,3.3,100,9/29/2025 3:00,9/29/2025 3:00
2025-09-29 04:00:00,113.81,1161,23.7,98,6.3,100,9/29/2025 4:00,9/29/2025 4:00
2025-09-29 05:00:00,113.83,1403,23.6,98,7.9,100,9/29/2025 5:00,9/29/2025 5:00
2025-09-29 06:00:00,113.85,2002,23.7,98,8.2,100,9/29/2025 6:00,9/29/2025 6:00
2025-09-29 07:00:00,113.85,1354,23.8,98,8.9,100,9/29/2025 7:00,9/29/2025 7:00
2025-09-29 08:00:00,113.88,3233,24.4,99,6.9,100,9/29/2025 8:00,9/29/2025 8:00
2025-09-29 09:00:00,113.9,3082,24.5,98,3.3,100,9/29/2025 9:00,9/29/2025 9:00
2025-09-29 10:00:00,113.97,6067,24.1,99,12.3,100,9/29/2025 10:00,9/29/2025 10:00
2025-09-29 11:00:00,114.12,10578,24.1,99,15.1,100,9/29/2025 11:00,9/29/2025 11:00
2025-09-29 12:00:00,114.27,10566,24.9,98,12.3,100,9/29/2025 12:00,9/29/2025 12:00
2025-09-29 13:00:00,114.41,9895,25.0,97,3.0,100,9/29/2025 13:00,9/29/2025 13:00
2025-09-29 14:00:00,114.53,8894,25.1,97,4.2,100,9/29/2025 14:00,9/29/2025 14:00
2025-09-29 15:00:00,114.64,8335,24.9,97,5.1,100,9/29/2025 15:00,9/29/2025 15:00
2025-09-29 16:00:00,114.75,8333,25.1,97,5.3,100,9/29/2025 16:00,9/29/2025 16:00
2025-09-29 17:00:00,114.86,8332,25.2,97,4.9,100,9/29/2025 17:00,9/29/2025 17:00
2025-09-29 18:00:00,114.98,8905,25.2,96,1.2,100,9/29/2025 18:00,9/29/2025 18:00
2025-09-29 19:00:00,115.12,9970,25.3,96,1.0,100,9/29/2025 19:00,9/29/2025 19:00
2025-09-29 20:00:00,115.26,10927,25.1,97,2.5,100,9/29/2025 20:00,9/29/2025 20:00
2025-09-29 21:00:00,115.39,11247,25.2,98,2.2,100,9/29/2025 21:00,9/29/2025 21:00
2025-09-29 22:00:00,115.52,11245,25.0,97,1.8,100,9/29/2025 22:00,9/29/2025 22:00
2025-09-29 23:00:00,115.62,9590,24.5,97,1.6,100,9/29/2025 23:00,9/29/2025 23:00
2025-09-30 00:00:00,115.65,5649,24.5,97,1.2,100,9/30/2025 0:00,9/30/2025 0:00
2025-09-30 01:00:00,115.66,4557,24.4,98,0.2,100,9/30/2025 1:00,9/30/2025 1:00
2025-09-30 02:00:00,115.68,4953,24.1,99,0.7,100,9/30/2025 2:00,9/30/2025 2:00
2025-09-30 03:00:00,115.69,5380,23.9,98,3.6,100,9/30/2025 3:00,9/30/2025 3:00
2025-09-30 04:00:00,115.71,6827,23.8,98,2.3,100,9/30/2025 4:00,9/30/2025 4:00
2025-09-30 05:00:00,115.71,5712,24.0,97,1.6,100,9/30/2025 5:00,9/30/2025 5:00
2025-09-30 06:00:00,115.7,5095,23.8,97,1.1,100,9/30/2025 6:00,9/30/2025 6:00
2025-09-30 07:00:00,115.68,4525,24.1,97,0.8,100,9/30/2025 7:00,9/30/2025 7:00
2025-09-30 08:00:00,115.65,4012,25.2,98,0.5,100,9/30/2025 8:00,9/30/2025 8:00
2025-09-30 09:00:00,115.62,4018,26.1,92,0.5,100,9/30/2025 9:00,9/30/2025 9:00
2025-09-30 10:00:00,115.59,4019,26.5,94,0.4,100,9/30/2025 10:00,9/30/2025 10:00
2025-09-30 11:00:00,115.55,3732,27.8,90,0.5,100,9/30/2025 11:00,9/30/2025 11:00
2025-09-30 12:00:00,115.51,3727,28.3,87,0.3,100,9/30/2025 12:00,9/30/2025 12:00
2025-09-30 13:00:00,115.47,3728,28.7,82,0.1,100,9/30/2025 13:00,9/30/2025 13:00
2025-09-30 14:00:00,115.43,3731,28.8,80,0.1,100,9/30/2025 14:00,9/30/2025 14:00
2025-09-30 15:00:00,115.39,3730,28.6,78,1.0,100,9/30/2025 15:00,9/30/2025 15:00
2025-09-30 16:00:00,115.33,2604,28.3,81,0.1,100,9/30/2025 16:00,9/30/2025 16:00
2025-09-30 17:00:00,115.3,2855,27.3,87,0.1,100,9/30/2025 17:00,9/30/2025 17:00
2025-09-30 18:00:00,115.29,3672,26.3,92,0.0,100,9/30/2025 18:00,9/30/2025 18:00
2025-09-30 19:00:00,115.29,4189,25.7,93,0.3,100,9/30/2025 19:00,9/30/2025 19:00
2025-09-30 20:00:00,115.32,5881,25.8,95,0.0,100,9/30/2025 20:00,9/30/2025 20:00
2025-09-30 21:00:00,115.35,5929,25.7,95,0.1,100,9/30/2025 21:00,9/30/2025 21:00
2025-09-30 22:00:00,115.37,5363,25.1,97,0.0,100,9/30/2025 22:00,9/30/2025 22:00
2025-09-30 23:00:00,115.34,3095,25.0,97,0.1,100,9/30/2025 23:00,9/30/2025 23:00
2025-10-01 00:00:00,115.33,3092,24.6,97,0.1,100,10/1/2025 0:00,10/1/2025 0:00
2025-10-01 01:00:00,115.33,4223,24.2,95,0.1,100,10/1/2025 1:00,10/1/2025 1:00
2025-10-01 02:00:00,115.34,4775,24.0,97,0.1,100,10/1/2025 2:00,10/1/2025 2:00
2025-10-01 03:00:00,115.36,5310,23.8,98,0.1,100,10/1/2025 3:00,10/1/2025 3:00
2025-10-01 04:00:00,115.33,2503,23.9,98,0.8,100,10/1/2025 4:00,10/1/2025 4:00
2025-10-01 05:00:00,115.28,1406,23.9,98,0.0,100,10/1/2025 5:00,10/1/2025 5:00
2025-10-01 06:00:00,115.22,838,23.9,99,0.0,100,10/1/2025 6:00,10/1/2025 6:00
2025-10-01 07:00:00,115.16,838,25.1,98,0.0,100,10/1/2025 7:00,10/1/2025 7:00
2025-10-01 08:00:00,115.12,1977,25.8,95,0.4,100,10/1/2025 8:00,10/1/2025 8:00
2025-10-01 09:00:00,115.07,1407,26.2,93,0.0,100,10/1/2025 9:00,10/1/2025 9:00
2025-10-01 10:00:00,115.03,1974,26.8,90,0.1,100,10/1/2025 10:00,10/1/2025 10:00
2025-10-01 11:00:00,115.03,2500,28.0,84,0.3,100,10/1/2025 11:00,10/1/2025 11:00
2025-10-01 12:00:00,115.04,3061,28.4,84,0.2,100,10/1/2025 12:00,10/1/2025 12:00
2025-10-01 13:00:00,115.06,3612,26.2,92,0.2,100,10/1/2025 13:00,10/1/2025 13:00
2025-10-01 14:00:00,115.08,3617,26.3,93,0.2,100,10/1/2025 14:00,10/1/2025 14:00
2025-10-01 15:00:00,115.1,3617,26.7,91,0.1,100,10/1/2025 15:00,10/1/2025 15:00
2025-10-01 16:00:00,115.09,2147,27.0,90,0.0,100,10/1/2025 16:00,10/1/2025 16:00
2025-10-01 17:00:00,115.07,1356,26.6,93,0.0,100,10/1/2025 17:00,10/1/2025 17:00
2025-10-01 18:00:00,115.06,1920,25.6,97,0.0,100,10/1/2025 18:00,10/1/2025 18:00
2025-10-01 19:00:00,115.07,2764,27.0,91,0.0,99,10/1/2025 19:00,10/1/2025 19:00
2025-10-01 20:00:00,115.1,3894,26.2,95,0.0,100,10/1/2025 20:00,10/1/2025 20:00
2025-10-01 21:00:00,115.12,3622,25.9,97,0.0,100,10/1/2025 21:00,10/1/2025 21:00
2025-10-01 22:00:00,115.14,3439,25.7,98,0.0,100,10/1/2025 22:00,10/1/2025 22:00
2025-10-01 23:00:00,115.14,2477,25.2,99,0.0,100,10/1/2025 23:00,10/1/2025 23:00
2025-10-02 00:00:00,115.12,1345,25.4,99,0.0,100,10/2/2025 0:00,10/2/2025 0:00
2025-10-02 01:00:00,115.12,1770,25.6,97,0.0,99,10/2/2025 1:00,10/2/2025 1:00
2025-10-02 02:00:00,115.11,2096,25.2,98,0.0,98,10/2/2025 2:00,10/2/2025 2:00
2025-10-02 03:00:00,115.13,3121,25.0,99,0.0,99,10/2/2025 3:00,10/2/2025 3:00
2025-10-02 04:00:00,115.13,2107,24.8,100,0.0,40,10/2/2025 4:00,10/2/2025 4:00
2025-10-02 05:00:00,115.12,1787,24.6,100,0.0,84,10/2/2025 5:00,10/2/2025 5:00
2025-10-02 06:00:00,115.1,1347,24.5,100,0.0,98,10/2/2025 6:00,10/2/2025 6:00
2025-10-02 07:00:00,115.07,740,25.9,99,0.0,96,10/2/2025 7:00,10/2/2025 7:00
2025-10-02 08:00:00,115.05,1081,27.5,89,0.0,100,10/2/2025 8:00,10/2/2025 8:00
2025-10-02 09:00:00,115.03,1343,28.7,80,0.1,97,10/2/2025 9:00,10/2/2025 9:00
2025-10-02 10:00:00,115.02,1907,30.1,71,0.0,100,10/2/2025 10:00,10/2/2025 10:00
2025-10-02 11:00:00,115.03,2555,31.1,67,0.0,98,10/2/2025 11:00,10/2/2025 11:00
2025-10-02 12:00:00,115.05,2653,31.6,66,0.0,79,10/2/2025 12:00,10/2/2025 12:00
2025-10-02 13:00:00,115.06,2147,31.7,66,0.0,63,10/2/2025 13:00,10/2/2025 13:00
2025-10-02 14:00:00,115.04,980,32.0,65,0.1,97,10/2/2025 14:00,10/2/2025 14:00
2025-10-02 15:00:00,115.02,1183,32.0,64,0.0,95,10/2/2025 15:00,10/2/2025 15:00
2025-10-02 16:00:00,114.98,462,30.8,69,0.3,96,10/2/2025 16:00,10/2/2025 16:00
2025-10-02 17:00:00,114.95,781,29.3,81,0.0,90,10/2/2025 17:00,10/2/2025 17:00
2025-10-02 18:00:00,114.95,2461,28.2,90,0.0,76,10/2/2025 18:00,10/2/2025 18:00
2025-10-02 19:00:00,114.96,2813,28.1,93,0.0,55,10/2/2025 19:00,10/2/2025 19:00
2025-10-02 20:00:00,114.98,3371,27.8,95,0.0,54,10/2/2025 20:00,10/2/2025 20:00
2025-10-02 21:00:00,115.01,3888,27.4,93,0.0,5,10/2/2025 21:00,10/2/2025 21:00
2025-10-02 22:00:00,115.02,3042,27.1,92,0.0,54,10/2/2025 22:00,10/2/2025 22:00
2025-10-02 23:00:00,115.02,2340,26.8,92,0.0,2,10/2/2025 23:00,10/2/2025 23:00
2025-10-03 00:00:00,115.04,3054,26.3,94,0.0,1,10/3/2025 0:00,10/3/2025 0:00
2025-10-03 01:00:00,115.08,3635,26.3,97,0.0,36,10/3/2025 1:00,10/3/2025 1:00
2025-10-03 02:00:00,115.13,3490,26.2,97,0.0,22,10/3/2025 2:00,10/3/2025 2:00
2025-10-03 03:00:00,115.19,3956,25.8,97,0.0,25,10/3/2025 3:00,10/3/2025 3:00
2025-10-03 04:00:00,115.24,3389,25.6,97,0.0,18,10/3/2025 4:00,10/3/2025 4:00
2025-10-03 05:00:00,115.29,3394,25.4,98,0.0,8,10/3/2025 5:00,10/3/2025 5:00
2025-10-03 06:00:00,115.3,1446,25.2,98,0.0,0,10/3/2025 6:00,10/3/2025 6:00
2025-10-03 07:00:00,115.31,1520,26.3,96,0.0,9,10/3/2025 7:00,10/3/2025 7:00
2025-10-03 08:00:00,115.31,1633,27.8,88,0.0,13,10/3/2025 8:00,10/3/2025 8:00
2025-10-03 09:00:00,115.32,2821,29.3,79,0.0,13,10/3/2025 9:00,10/3/2025 9:00
2025-10-03 10:00:00,115.34,3501,30.6,72,0.0,7,10/3/2025 10:00,10/3/2025 10:00
2025-10-03 11:00:00,115.37,4157,31.9,66,0.0,24,10/3/2025 11:00,10/3/2025 11:00
2025-10-03 12:00:00,115.43,5674,32.7,63,0.0,6,10/3/2025 12:00,10/3/2025 12:00
2025-10-03 13:00:00,115.5,6039,32.8,62,0.0,19,10/3/2025 13:00,10/3/2025 13:00
2025-10-03 14:00:00,115.57,6183,32.0,66,0.1,59,10/3/2025 14:00,10/3/2025 14:00
2025-10-03 15:00:00,115.63,5787,31.6,67,0.0,41,10/3/2025 15:00,10/3/2025 15:00
2025-10-03 16:00:00,115.69,5841,31.2,65,0.1,42,10/3/2025 16:00,10/3/2025 16:00
2025-10-03 17:00:00,115.75,5779,30.3,74,0.0,30,10/3/2025 17:00,10/3/2025 17:00
2025-10-03 18:00:00,115.79,5527,29.1,81,0.0,26,10/3/2025 18:00,10/3/2025 18:00
2025-10-03 19:00:00,115.82,5767,28.6,78,0.0,12,10/3/2025 19:00,10/3/2025 19:00
2025-10-03 20:00:00,115.85,5639,27.9,83,0.0,5,10/3/2025 20:00,10/3/2025 20:00
2025-10-03 21:00:00,115.88,5643,27.2,86,0.0,5,10/3/2025 21:00,10/3/2025 21:00
2025-10-03 22:00:00,115.91,5632,26.6,89,0.0,2,10/3/2025 22:00,10/3/2025 22:00
2025-10-03 23:00:00,115.93,5380,26.0,91,0.0,2,10/3/2025 23:00,10/3/2025 23:00
2025-10-04 00:00:00,115.92,5428,25.6,94,0.0,1,10/4/2025 0:00,10/4/2025 0:00
2025-10-04 01:00:00,115.91,5426,25.5,97,0.0,2,10/4/2025 1:00,10/4/2025 1:00
2025-10-04 02:00:00,115.91,5999,25.6,97,0.0,4,10/4/2025 2:00,10/4/2025 2:00
2025-10-04 03:00:00,115.91,5972,25.2,99,0.0,10,10/4/2025 3:00,10/4/2025 3:00
2025-10-04 04:00:00,115.91,5936,24.9,100,0.0,98,10/4/2025 4:00,10/4/2025 4:00
2025-10-04 05:00:00,115.91,5969,24.7,100,0.0,98,10/4/2025 5:00,10/4/2025 5:00
2025-10-04 06:00:00,115.91,5973,24.6,100,0.0,99,10/4/2025 6:00,10/4/2025 6:00
2025-10-04 07:00:00,115.91,5898,25.4,99,0.0,100,10/4/2025 7:00,10/4/2025 7:00
2025-10-04 08:00:00,115.91,5929,27.2,92,0.0,51,10/4/2025 8:00,10/4/2025 8:00
2025-10-04 09:00:00,115.9,5411,28.9,80,0.0,20,10/4/2025 9:00,10/4/2025 9:00
2025-10-04 10:00:00,115.89,5411,30.2,72,0.0,8,10/4/2025 10:00,10/4/2025 10:00
2025-10-04 11:00:00,115.88,5381,31.4,66,0.0,5,10/4/2025 11:00,10/4/2025 11:00
2025-10-04 12:00:00,115.88,5946,32.3,61,0.0,12,10/4/2025 12:00,10/4/2025 12:00
2025-10-04 13:00:00,115.87,5437,32.7,55,0.0,13,10/4/2025 13:00,10/4/2025 13:00
2025-10-04 14:00:00,115.87,6005,33.0,55,0.0,29,10/4/2025 14:00,10/4/2025 14:00
2025-10-04 15:00:00,115.86,5438,32.6,57,0.0,58,10/4/2025 15:00,10/4/2025 15:00
2025-10-04 16:00:00,115.85,5436,32.0,61,0.0,9,10/4/2025 16:00,10/4/2025 16:00
2025-10-04 17:00:00,115.84,5267,30.4,73,0.0,5,10/4/2025 17:00,10/4/2025 17:00
2025-10-04 18:00:00,115.83,5382,28.6,85,0.0,4,10/4/2025 18:00,10/4/2025 18:00
2025-10-04 19:00:00,115.83,6002,28.1,91,0.0,9,10/4/2025 19:00,10/4/2025 19:00
2025-10-04 20:00:00,115.82,5606,27.8,93,0.0,95,10/4/2025 20:00,10/4/2025 20:00
2025-10-04 21:00:00,115.81,5553,27.6,94,0.0,100,10/4/2025 21:00,10/4/2025 21:00
2025-10-04 22:00:00,115.8,5443,27.2,96,0.0,98,10/4/2025 22:00,10/4/2025 22:00
2025-10-04 23:00:00,115.8,5960,26.7,98,0.0,100,10/4/2025 23:00,10/4/2025 23:00
2025-10-05 00:00:00,115.8,5895,26.5,98,0.0,100,10/5/2025 0:00,10/5/2025 0:00
2025-10-05 01:00:00,115.8,5888,26.3,98,0.0,59,10/5/2025 1:00,10/5/2025 1:00
2025-10-05 02:00:00,115.8,5926,26.1,99,0.0,94,10/5/2025 2:00,10/5/2025 2:00
2025-10-05 03:00:00,115.8,5925,25.8,100,0.0,99,10/5/2025 3:00,10/5/2025 3:00
2025-10-05 04:00:00,115.79,5629,25.5,100,0.0,100,10/5/2025 4:00,10/5/2025 4:00
2025-10-05 05:00:00,115.78,5439,25.6,100,0.0,100,10/5/2025 5:00,10/5/2025 5:00
2025-10-05 06:00:00,115.77,5434,25.8,100,0.0,100,10/5/2025 6:00,10/5/2025 6:00
2025-10-05 07:00:00,115.76,5411,26.9,99,0.0,99,10/5/2025 7:00,10/5/2025 7:00
2025-10-05 08:00:00,115.75,5417,28.4,89,0.1,79,10/5/2025 8:00,10/5/2025 8:00
2025-10-05 09:00:00,115.73,4874,29.6,82,0.1,90,10/5/2025 9:00,10/5/2025 9:00
2025-10-05 10:00:00,115.69,3739,31.0,78,0.0,99,10/5/2025 10:00,10/5/2025 10:00
2025-10-05 11:00:00,115.62,2043,31.8,74,0.1,99,10/5/2025 11:00,10/5/2025 11:00
2025-10-05 12:00:00,115.54,1478,32.1,72,0.2,100,10/5/2025 12:00,10/5/2025 12:00
2025-10-05 13:00:00,115.46,1479,29.9,78,0.6,95,10/5/2025 13:00,10/5/2025 13:00
2025-10-05 14:00:00,115.4,2491,30.6,77,0.0,98,10/5/2025 14:00,10/5/2025 14:00
2025-10-05 15:00:00,115.35,3168,31.1,75,0.0,98,10/5/2025 15:00,10/5/2025 15:00
2025-10-05 16:00:00,115.3,3170,31.1,75,0.0,90,10/5/2025 16:00,10/5/2025 16:00
2025-10-05 17:00:00,115.25,3169,30.5,80,0.0,100,10/5/2025 17:00,10/5/2025 17:00
2025-10-05 18:00:00,115.21,3731,29.4,86,0.0,99,10/5/2025 18:00,10/5/2025 18:00
2025-10-05 19:00:00,115.17,3727,27.9,98,0.0,100,10/5/2025 19:00,10/5/2025 19:00
2025-10-05 20:00:00,115.13,3728,28.4,94,0.0,100,10/5/2025 20:00,10/5/2025 20:00
2025-10-05 21:00:00,115.1,4296,28.0,94,0.0,100,10/5/2025 21:00,10/5/2025 21:00
2025-10-05 22:00:00,115.07,4293,27.7,94,0.0,100,10/5/2025 22:00,10/5/2025 22:00
2025-10-05 23:00:00,115.04,4275,27.0,95,0.0,100,10/5/2025 23:00,10/5/2025 23:00
2025-10-06 00:00:00,115.0,3653,26.9,96,0.0,100,10/6/2025 0:00,10/6/2025 0:00
2025-10-06 01:00:00,114.95,3111,28.0,89,0.0,99,10/6/2025 1:00,10/6/2025 1:00
2025-10-06 02:00:00,114.91,3727,28.1,88,0.0,99,10/6/2025 2:00,10/6/2025 2:00
2025-10-06 03:00:00,114.86,3181,27.3,85,1.5,100,10/6/2025 3:00,10/6/2025 3:00
2025-10-06 04:00:00,114.78,1499,26.9,84,0.0,100,10/6/2025 4:00,10/6/2025 4:00
2025-10-06 05:00:00,114.69,940,26.4,84,1.1,100,10/6/2025 5:00,10/6/2025 5:00
2025-10-06 06:00:00,114.6,935,25.3,89,3.8,100,10/6/2025 6:00,10/6/2025 6:00
2025-10-06 07:00:00,114.51,924,25.8,95,0.4,100,10/6/2025 7:00,10/6/2025 7:00
2025-10-06 08:00:00,114.45,2610,25.8,94,1.4,100,10/6/2025 8:00,10/6/2025 8:00
2025-10-06 09:00:00,114.4,3154,26.4,95,0.5,100,10/6/2025 9:00,10/6/2025 9:00
2025-10-06 10:00:00,114.35,3036,26.4,95,1.1,100,10/6/2025 10:00,10/6/2025 10:00
2025-10-06 11:00:00,114.3,3136,26.8,95,0.9,100,10/6/2025 11:00,10/6/2025 11:00
2025-10-06 12:00:00,114.26,3699,27.4,93,0.4,100,10/6/2025 12:00,10/6/2025 12:00
2025-10-06 13:00:00,114.22,3545,27.1,92,0.7,100,10/6/2025 13:00,10/6/2025 13:00
2025-10-06 14:00:00,114.14,1489,26.9,92,1.9,100,10/6/2025 14:00,10/6/2025 14:00
2025-10-06 15:00:00,114.05,900,26.1,93,2.9,100,10/6/2025 15:00,10/6/2025 15:00
2025-10-06 16:00:00,113.96,923,25.2,94,3.4,100,10/6/2025 16:00,10/6/2025 16:00
2025-10-06 17:00:00,113.87,665,24.9,98,0.8,100,10/6/2025 17:00,10/6/2025 17:00
2025-10-06 18:00:00,113.83,3724,25.1,99,0.4,100,10/6/2025 18:00,10/6/2025 18:00
2025-10-06 19:00:00,113.85,7053,24.8,98,1.6,100,10/6/2025 19:00,10/6/2025 19:00
2025-10-06 20:00:00,113.87,7064,24.6,98,2.1,100,10/6/2025 20:00,10/6/2025 20:00
2025-10-06 21:00:00,113.89,7081,24.5,98,2.1,100,10/6/2025 21:00,10/6/2025 21:00
2025-10-06 22:00:00,113.91,7082,24.4,98,2.1,100,10/6/2025 22:00,10/6/2025 22:00
2025-10-06 23:00:00,113.92,6500,24.1,98,2.8,100,10/6/2025 23:00,10/6/2025 23:00
2025-10-07 00:00:00,113.92,5945,24.0,99,1.4,100,10/7/2025 0:00,10/7/2025 0:00
2025-10-07 01:00:00,113.91,5400,25.4,94,1.4,100,10/7/2025 1:00,10/7/2025 1:00
2025-10-07 02:00:00,113.91,5946,25.0,98,0.7,100,10/7/2025 2:00,10/7/2025 2:00
2025-10-07 03:00:00,113.91,5956,24.5,100,0.3,100,10/7/2025 3:00,10/7/2025 3:00
2025-10-07 04:00:00,113.91,5968,24.6,99,0.3,100,10/7/2025 4:00,10/7/2025 4:00
2025-10-07 05:00:00,113.91,5968,24.6,99,0.1,100,10/7/2025 5:00,10/7/2025 5:00
2025-10-07 06:00:00,113.91,5961,24.8,97,3.4,100,10/7/2025 6:00,10/7/2025 6:00
2025-10-07 07:00:00,113.91,5959,24.7,96,0.1,100,10/7/2025 7:00,10/7/2025 7:00
2025-10-07 08:00:00,113.92,6520,24.9,94,0.1,100,10/7/2025 8:00,10/7/2025 8:00
2025-10-07 09:00:00,113.92,5967,25.5,92,0.5,100,10/7/2025 9:00,10/7/2025 9:00
2025-10-07 10:00:00,113.91,5413,25.2,93,3.0,100,10/7/2025 10:00,10/7/2025 10:00
2025-10-07 11:00:00,113.9,5414,25.4,93,1.5,100,10/7/2025 11:00,10/7/2025 11:00
2025-10-07 12:00:00,113.88,4841,25.5,93,0.8,100,10/7/2025 12:00,10/7/2025 12:00
2025-10-07 13:00:00,113.85,4286,26.4,91,0.6,100,10/7/2025 13:00,10/7/2025 13:00
2025-10-07 14:00:00,113.79,2633,25.9,89,1.0,100,10/7/2025 14:00,10/7/2025 14:00
2025-10-07 15:00:00,113.72,2074,24.8,97,2.1,100,10/7/2025 15:00,10/7/2025 15:00
2025-10-07 16:00:00,113.65,2076,24.8,95,2.1,100,10/7/2025 16:00,10/7/2025 16:00
2025-10-07 17:00:00,113.56,1174,24.8,96,0.5,100,10/7/2025 17:00,10/7/2025 17:00
2025-10-07 18:00:00,113.48,1505,24.7,93,0.4,100,10/7/2025 18:00,10/7/2025 18:00
2025-10-07 19:00:00,113.47,5401,24.5,94,0.1,100,10/7/2025 19:00,10/7/2025 19:00
2025-10-07 20:00:00,113.47,5954,24.7,94,0.0,100,10/7/2025 20:00,10/7/2025 20:00
2025-10-07 21:00:00,113.45,4847,24.5,96,0.0,99,10/7/2025 21:00,10/7/2025 21:00
2025-10-07 22:00:00,113.4,3476,23.9,99,0.4,100,10/7/2025 22:00,10/7/2025 22:00
2025-10-07 23:00:00,113.34,2617,23.5,99,0.7,99,10/7/2025 23:00,10/7/2025 23:00
2025-10-08 00:00:00,113.28,2620,23.5,99,0.1,100,10/8/2025 0:00,10/8/2025 0:00
2025-10-08 01:00:00,113.23,2321,23.8,99,0.8,100,10/8/2025 1:00,10/8/2025 1:00
2025-10-08 02:00:00,113.2,2570,23.9,100,0.2,100,10/8/2025 2:00,10/8/2025 2:00
2025-10-08 03:00:00,113.16,2013,23.7,100,1.1,100,10/8/2025 3:00,10/8/2025 3:00
2025-10-08 04:00:00,113.12,2016,23.5,100,0.1,100,10/8/2025 4:00,10/8/2025 4:00
2025-10-08 05:00:00,113.08,2017,23.4,100,0.0,100,10/8/2025 5:00,10/8/2025 5:00
2025-10-08 06:00:00,113.05,2574,23.5,100,0.0,100,10/8/2025 6:00,10/8/2025 6:00
2025-10-08 07:00:00,113.01,2015,24.1,99,0.1,98,10/8/2025 7:00,10/8/2025 7:00
2025-10-08 08:00:00,112.97,2028,25.4,90,0.2,99,10/8/2025 8:00,10/8/2025 8:00
2025-10-08 09:00:00,112.93,2029,26.5,86,0.2,99,10/8/2025 9:00,10/8/2025 9:00
2025-10-08 10:00:00,112.89,2027,27.6,84,0.1,99,10/8/2025 10:00,10/8/2025 10:00
2025-10-08 11:00:00,112.86,2578,28.5,79,0.0,100,10/8/2025 11:00,10/8/2025 11:00
2025-10-08 12:00:00,112.83,2578,28.2,78,0.0,100,10/8/2025 12:00,10/8/2025 12:00
2025-10-08 13:00:00,112.8,2576,28.8,77,0.1,100,10/8/2025 13:00,10/8/2025 13:00
2025-10-08 14:00:00,112.77,2577,29.5,75,0.0,36,10/8/2025 14:00,10/8/2025 14:00
2025-10-08 15:00:00,112.74,2578,29.8,73,0.0,14,10/8/2025 15:00,10/8/2025 15:00
2025-10-08 16:00:00,112.71,2575,29.2,75,0.1,25,10/8/2025 16:00,10/8/2025 16:00
2025-10-08 17:00:00,112.68,2574,28.3,81,0.0,15,10/8/2025 17:00,10/8/2025 17:00
2025-10-08 18:00:00,112.65,2575,27.1,89,0.0,6,10/8/2025 18:00,10/8/2025 18:00
2025-10-08 19:00:00,112.65,2516,26.7,90,0.0,13,10/8/2025 19:00,10/8/2025 19:00
2025-10-08 20:00:00,112.66,2844,26.5,91,0.0,8,10/8/2025 20:00,10/8/2025 20:00
2025-10-08 21:00:00,112.67,2942,25.7,95,0.0,2,10/8/2025 21:00,10/8/2025 21:00
2025-10-08 22:00:00,112.68,3046,25.0,99,0.0,51,10/8/2025 22:00,10/8/2025 22:00
2025-10-08 23:00:00,112.7,3073,24.8,99,0.0,82,10/8/2025 23:00,10/8/2025 23:00
2025-10-09 00:00:00,112.71,2521,24.6,99,0.0,1,10/9/2025 0:00,10/9/2025 0:00
2025-10-09 01:00:00,112.72,2474,24.7,100,0.0,99,10/9/2025 1:00,10/9/2025 1:00
2025-10-09 02:00:00,112.74,3016,25.0,97,0.0,99,10/9/2025 2:00,10/9/2025 2:00
2025-10-09 03:00:00,112.76,3028,24.5,100,0.0,99,10/9/2025 3:00,10/9/2025 3:00
2025-10-09 04:00:00,112.78,3057,24.5,100,0.0,98,10/9/2025 4:00,10/9/2025 4:00
2025-10-09 05:00:00,112.8,3091,24.3,100,0.0,99,10/9/2025 5:00,10/9/2025 5:00
2025-10-09 06:00:00,112.83,3427,24.2,100,0.0,99,10/9/2025 6:00,10/9/2025 6:00
2025-10-09 07:00:00,112.84,2548,25.0,98,0.0,32,10/9/2025 7:00,10/9/2025 7:00
2025-10-09 08:00:00,112.85,2791,26.7,89,0.0,17,10/9/2025 8:00,10/9/2025 8:00
2025-10-09 09:00:00,112.86,3030,28.0,80,0.2,17,10/9/2025 9:00,10/9/2025 9:00
2025-10-09 10:00:00,112.87,3025,29.1,71,0.1,15,10/9/2025 10:00,10/9/2025 10:00
2025-10-09 11:00:00,112.89,3582,30.1,67,0.0,23,10/9/2025 11:00,10/9/2025 11:00
2025-10-09 12:00:00,112.91,3462,30.8,63,0.0,9,10/9/2025 12:00,10/9/2025 12:00
2025-10-09 13:00:00,112.94,3657,31.1,58,0.0,13,10/9/2025 13:00,10/9/2025 13:00
2025-10-09 14:00:00,112.98,4177,31.3,58,0.0,19,10/9/2025 14:00,10/9/2025 14:00
2025-10-09 15:00:00,113.03,4933,31.3,58,0.0,16,10/9/2025 15:00,10/9/2025 15:00
2025-10-09 16:00:00,113.08,5196,30.5,63,0.0,15,10/9/2025 16:00,10/9/2025 16:00
2025-10-09 17:00:00,113.13,5129,29.3,73,0.0,11,10/9/2025 17:00,10/9/2025 17:00
2025-10-09 18:00:00,113.18,5241,27.8,83,0.0,6,10/9/2025 18:00,10/9/2025 18:00
2025-10-09 19:00:00,113.23,5156,27.0,89,0.0,9,10/9/2025 19:00,10/9/2025 19:00
2025-10-09 20:00:00,113.28,5057,26.8,90,0.0,9,10/9/2025 20:00,10/9/2025 20:00
2025-10-09 21:00:00,113.33,5044,26.2,93,0.0,8,10/9/2025 21:00,10/9/2025 21:00
2025-10-09 22:00:00,113.37,4755,25.7,95,0.0,2,10/9/2025 22:00,10/9/2025 22:00
2025-10-09 23:00:00,113.43,5003,25.2,96,0.0,76,10/9/2025 23:00,10/9/2025 23:00
2025-10-10 00:00:00,113.5,5425,24.9,98,0.0,73,10/10/2025 0:00,10/10/2025 0:00
2025-10-10 01:00:00,113.57,5533,24.8,100,0.0,99,10/10/2025 1:00,10/10/2025 1:00
2025-10-10 02:00:00,113.64,5334,24.7,100,0.0,100,10/10/2025 2:00,10/10/2025 2:00
2025-10-10 03:00:00,113.71,5300,24.4,100,0.0,100,10/10/2025 3:00,10/10/2025 3:00
2025-10-10 04:00:00,113.78,5298,24.2,100,0.0,100,10/10/2025 4:00,10/10/2025 4:00
2025-10-10 05:00:00,113.85,5298,24.3,100,0.0,100,10/10/2025 5:00,10/10/2025 5:00
2025-10-10 06:00:00,113.92,5269,24.3,99,0.0,100,10/10/2025 6:00,10/10/2025 6:00
2025-10-10 07:00:00,113.98,4617,25.1,99,0.0,100,10/10/2025 7:00,10/10/2025 7:00
2025-10-10 08:00:00,114.04,4825,26.2,94,0.0,51,10/10/2025 8:00,10/10/2025 8:00
2025-10-10 09:00:00,114.08,4319,27.8,85,0.1,35,10/10/2025 9:00,10/10/2025 9:00
2025-10-10 10:00:00,114.12,4654,29.0,75,0.0,9,10/10/2025 10:00,10/10/2025 10:00
2025-10-10 11:00:00,114.16,4701,30.3,66,0.0,10,10/10/2025 11:00,10/10/2025 11:00
2025-10-10 12:00:00,114.21,5258,31.0,61,0.0,16,10/10/2025 12:00,10/10/2025 12:00
2025-10-10 13:00:00,114.27,5533,30.7,63,0.0,8,10/10/2025 13:00,10/10/2025 13:00
2025-10-10 14:00:00,114.32,5252,31.0,63,0.0,9,10/10/2025 14:00,10/10/2025 14:00
2025-10-10 15:00:00,114.36,4695,31.0,64,0.0,10,10/10/2025 15:00,10/10/2025 15:00
2025-10-10 16:00:00,114.4,4695,30.4,67,0.0,4,10/10/2025 16:00,10/10/2025 16:00
2025-10-10 17:00:00,114.44,4693,29.5,76,0.0,2,10/10/2025 17:00,10/10/2025 17:00
2025-10-10 18:00:00,114.45,3012,28.2,82,0.0,2,10/10/2025 18:00,10/10/2025 18:00
2025-10-10 19:00:00,114.46,3013,27.3,85,0.0,3,10/10/2025 19:00,10/10/2025 19:00
2025-10-10 20:00:00,114.46,2454,26.8,89,0.0,1,10/10/2025 20:00,10/10/2025 20:00
2025-10-10 21:00:00,114.47,3012,26.0,93,0.0,2,10/10/2025 21:00,10/10/2025 21:00
2025-10-10 22:00:00,114.48,3015,25.3,97,0.0,2,10/10/2025 22:00,10/10/2025 22:00
2025-10-10 23:00:00,114.49,3018,25.0,99,0.0,9,10/10/2025 23:00,10/10/2025 23:00
2025-10-11 00:00:00,114.51,3063,24.8,99,0.0,13,10/11/2025 0:00,10/11/2025 0:00
2025-10-11 01:00:00,114.53,2818,24.8,100,0.0,98,10/11/2025 1:00,10/11/2025 1:00
2025-10-11 02:00:00,114.55,2846,24.6,100,0.0,98,10/11/2025 2:00,10/11/2025 2:00
2025-10-11 03:00:00,114.57,2845,24.4,100,0.0,97,10/11/2025 3:00,10/11/2025 3:00
2025-10-11 04:00:00,114.59,2747,24.3,100,0.0,98,10/11/2025 4:00,10/11/2025 4:00
2025-10-11 05:00:00,114.61,2727,24.3,100,0.0,99,10/11/2025 5:00,10/11/2025 5:00
2025-10-11 06:00:00,114.64,3086,23.8,100,0.3,100,10/11/2025 6:00,10/11/2025 6:00
2025-10-11 07:00:00,114.66,2842,25.4,97,1.0,99,10/11/2025 7:00,10/11/2025 7:00
2025-10-11 08:00:00,114.68,2809,26.3,89,0.4,94,10/11/2025 8:00,10/11/2025 8:00
2025-10-11 09:00:00,114.69,2686,27.4,85,0.1,55,10/11/2025 9:00,10/11/2025 9:00
2025-10-11 10:00:00,114.7,2763,28.7,80,0.1,84,10/11/2025 10:00,10/11/2025 10:00
2025-10-11 11:00:00,114.72,3114,29.9,72,0.1,100,10/11/2025 11:00,10/11/2025 11:00
2025-10-11 12:00:00,114.73,2751,27.8,82,0.9,94,10/11/2025 12:00,10/11/2025 12:00
2025-10-11 13:00:00,114.74,2969,25.8,92,0.7,100,10/11/2025 13:00,10/11/2025 13:00
2025-10-11 14:00:00,114.75,2969,26.6,89,0.2,98,10/11/2025 14:00,10/11/2025 14:00
2025-10-11 15:00:00,114.76,3005,27.3,84,0.1,100,10/11/2025 15:00,10/11/2025 15:00
2025-10-11 16:00:00,114.77,3005,27.2,85,0.0,100,10/11/2025 16:00,10/11/2025 16:00
2025-10-11 17:00:00,114.78,3008,26.7,88,0.0,100,10/11/2025 17:00,10/11/2025 17:00
2025-10-11 18:00:00,114.79,3007,26.1,92,0.0,100,10/11/2025 18:00,10/11/2025 18:00
2025-10-11 19:00:00,114.81,3518,26.2,96,0.0,100,10/11/2025 19:00,10/11/2025 19:00
2025-10-11 20:00:00,114.83,3418,26.0,99,0.0,98,10/11/2025 20:00,10/11/2025 20:00
2025-10-11 21:00:00,114.85,3466,25.8,100,0.0,98,10/11/2025 21:00,10/11/2025 21:00
2025-10-11 22:00:00,114.86,3007,25.7,100,0.0,100,10/11/2025 22:00,10/11/2025 22:00
2025-10-11 23:00:00,114.88,3335,25.6,100,0.0,100,10/11/2025 23:00,10/11/2025 23:00
2025-10-12 00:00:00,114.91,3536,25.3,100,0.0,100,10/12/2025 0:00,10/12/2025 0:00
2025-10-12 01:00:00,114.94,3049,25.3,99,0.0,99,10/12/2025 1:00,10/12/2025 1:00
2025-10-12 02:00:00,114.97,3044,25.1,99,0.0,29,10/12/2025 2:00,10/12/2025 2:00
2025-10-12 03:00:00,115.0,2951,24.9,100,0.0,23,10/12/2025 3:00,10/12/2025 3:00
2025-10-12 04:00:00,115.04,3390,24.7,100,0.0,98,10/12/2025 4:00,10/12/2025 4:00
2025-10-12 05:00:00,115.06,2527,24.3,100,0.0,97,10/12/2025 5:00,10/12/2025 5:00
2025-10-12 06:00:00,115.1,3288,24.0,100,0.0,99,10/12/2025 6:00,10/12/2025 6:00
2025-10-12 07:00:00,115.14,3152,25.6,98,0.0,99,10/12/2025 7:00,10/12/2025 7:00
2025-10-12 08:00:00,115.17,2843,26.9,91,0.1,36,10/12/2025 8:00,10/12/2025 8:00
2025-10-12 09:00:00,115.2,2947,28.2,82,0.1,13,10/12/2025 9:00,10/12/2025 9:00
2025-10-12 10:00:00,115.23,3019,29.7,73,0.0,12,10/12/2025 10:00,10/12/2025 10:00
2025-10-12 11:00:00,115.25,2835,30.7,66,0.0,34,10/12/2025 11:00,10/12/2025 11:00
2025-10-12 12:00:00,115.28,3072,31.3,63,0.0,71,10/12/2025 12:00,10/12/2025 12:00
2025-10-12 13:00:00,115.31,3047,31.4,59,0.0,15,10/12/2025 13:00,10/12/2025 13:00
2025-10-12 14:00:00,115.34,3052,31.7,59,0.0,4,10/12/2025 14:00,10/12/2025 14:00
2025-10-12 15:00:00,115.37,3239,31.7,60,0.0,2,10/12/2025 15:00,10/12/2025 15:00
2025-10-12 16:00:00,115.39,3085,31.2,63,0.0,4,10/12/2025 16:00,10/12/2025 16:00
2025-10-12 17:00:00,115.4,2908,29.9,74,0.0,6,10/12/2025 17:00,10/12/2025 17:00
2025-10-12 18:00:00,115.41,2976,28.3,81,0.0,2,10/12/2025 18:00,10/12/2025 18:00
2025-10-12 19:00:00,115.43,3148,27.7,88,0.0,43,10/12/2025 19:00,10/12/2025 19:00
2025-10-12 20:00:00,115.45,2929,27.7,90,0.0,35,10/12/2025 20:00,10/12/2025 20:00
2025-10-12 21:00:00,115.47,3012,27.2,93,0.0,19,10/12/2025 21:00,10/12/2025 21:00
2025-10-12 22:00:00,115.5,3401,26.8,94,0.0,9,10/12/2025 22:00,10/12/2025 22:00
2025-10-12 23:00:00,115.53,3332,26.4,95,0.0,28,10/12/2025 23:00,10/12/2025 23:00
2025-10-13 00:00:00,115.56,3309,26.1,96,0.0,32,10/13/2025 0:00,10/13/2025 0:00
2025-10-13 01:00:00,115.59,3071,26.0,100,0.0,22,10/13/2025 1:00,10/13/2025 1:00
2025-10-13 02:00:00,115.63,3364,25.9,100,0.2,44,10/13/2025 2:00,10/13/2025 2:00
2025-10-13 03:00:00,115.67,3168,25.6,100,0.1,98,10/13/2025 3:00,10/13/2025 3:00
2025-10-13 04:00:00,115.71,3097,25.6,100,0.0,98,10/13/2025 4:00,10/13/2025 4:00
2025-10-13 05:00:00,115.74,2649,25.2,100,0.0,98,10/13/2025 5:00,10/13/2025 5:00
2025-10-13 06:00:00,115.77,3020,24.9,100,0.0,100,10/13/2025 6:00,10/13/2025 6:00
2025-10-13 07:00:00,115.8,2976,26.1,99,0.0,100,10/13/2025 7:00,10/13/2025 7:00
2025-10-13 08:00:00,115.83,3153,27.2,93,0.0,96,10/13/2025 8:00,10/13/2025 8:00
2025-10-13 09:00:00,115.85,2925,28.4,85,0.0,100,10/13/2025 9:00,10/13/2025 9:00
2025-10-13 10:00:00,115.87,3065,29.5,76,0.0,100,10/13/2025 10:00,10/13/2025 10:00
2025-10-13 11:00:00,115.89,3064,29.0,77,0.5,94,10/13/2025 11:00,10/13/2025 11:00
2025-10-13 12:00:00,115.92,3445,29.2,74,0.1,100,10/13/2025 12:00,10/13/2025 12:00
2025-10-13 13:00:00,115.95,3447,30.0,74,0.1,97,10/13/2025 13:00,10/13/2025 13:00
2025-10-13 14:00:00,115.97,3008,28.6,78,0.4,99,10/13/2025 14:00,10/13/2025 14:00
2025-10-13 15:00:00,115.98,2705,28.5,79,0.1,63,10/13/2025 15:00,10/13/2025 15:00
2025-10-13 16:00:00,115.99,2729,28.0,82,0.1,67,10/13/2025 16:00,10/13/2025 16:00
2025-10-13 17:00:00,116.0,2778,26.2,89,0.3,59,10/13/2025 17:00,10/13/2025 17:00
2025-10-13 18:00:00,116.01,2929,25.6,93,0.0,54,10/13/2025 18:00,10/13/2025 18:00
2025-10-13 19:00:00,116.02,2898,25.6,96,0.1,100,10/13/2025 19:00,10/13/2025 19:00
2025-10-13 20:00:00,116.04,3190,25.6,99,0.3,100,10/13/2025 20:00,10/13/2025 20:00
2025-10-13 21:00:00,116.06,3201,25.5,100,0.3,100,10/13/2025 21:00,10/13/2025 21:00
2025-10-13 22:00:00,116.08,3229,25.3,98,0.4,100,10/13/2025 22:00,10/13/2025 22:00
2025-10-13 23:00:00,116.1,3080,25.2,97,0.1,35,10/13/2025 23:00,10/13/2025 23:00
2025-10-14 00:00:00,116.12,2774,24.6,99,1.2,100,10/14/2025 0:00,10/14/2025 0:00
2025-10-14 01:00:00,116.15,2840,24.6,99,3.2,100,10/14/2025 1:00,10/14/2025 1:00
2025-10-14 02:00:00,116.18,2828,24.5,100,0.7,100,10/14/2025 2:00,10/14/2025 2:00
2025-10-14 03:00:00,116.22,2996,24.2,99,1.6,100,10/14/2025 3:00,10/14/2025 3:00
2025-10-14 04:00:00,116.25,2790,24.0,99,1.1,100,10/14/2025 4:00,10/14/2025 4:00
2025-10-14 05:00:00,116.28,2804,23.3,100,1.6,100,10/14/2025 5:00,10/14/2025 5:00
2025-10-14 06:00:00,116.32,3059,23.3,99,0.4,100,10/14/2025 6:00,10/14/2025 6:00
2025-10-14 07:00:00,116.36,3119,24.9,95,0.6,100,10/14/2025 7:00,10/14/2025 7:00
2025-10-14 08:00:00,116.4,3457,25.1,94,1.1,100,10/14/2025 8:00,10/14/2025 8:00
2025-10-14 09:00:00,116.43,3166,25.3,93,1.3,100,10/14/2025 9:00,10/14/2025 9:00
2025-10-14 10:00:00,116.46,3110,24.9,96,7.3,100,10/14/2025 10:00,10/14/2025 10:00
2025-10-14 11:00:00,116.49,3024,24.7,97,25.0,100,10/14/2025 11:00,10/14/2025 11:00
2025-10-14 12:00:00,116.53,3322,24.6,97,13.3,100,10/14/2025 12:00,10/14/2025 12:00
2025-10-14 13:00:00,116.57,3019,24.5,94,1.3,100,10/14/2025 13:00,10/14/2025 13:00
2025-10-14 14:00:00,116.6,3257,25.2,92,0.7,100,10/14/2025 14:00,10/14/2025 14:00
2025-10-14 15:00:00,116.6,3229,25.7,92,1.1,100,10/14/2025 15:00,10/14/2025 15:00
2025-10-14 16:00:00,116.59,3553,26.1,86,0.7,100,10/14/2025 16:00,10/14/2025 16:00
2025-10-14 17:00:00,116.57,3051,24.5,98,1.8,100,10/14/2025 17:00,10/14/2025 17:00
2025-10-14 18:00:00,116.55,3052,24.3,99,0.3,95,10/14/2025 18:00,10/14/2025 18:00
2025-10-14 19:00:00,116.54,3624,24.4,96,0.4,99,10/14/2025 19:00,10/14/2025 19:00
2025-10-14 20:00:00,116.53,3604,24.1,96,0.0,95,10/14/2025 20:00,10/14/2025 20:00
2025-10-14 21:00:00,116.53,4046,24.3,96,0.0,92,10/14/2025 21:00,10/14/2025 21:00
2025-10-14 22:00:00,116.53,3883,24.5,96,0.0,86,10/14/2025 22:00,10/14/2025 22:00
2025-10-14 23:00:00,116.52,3481,24.4,98,0.0,100,10/14/2025 23:00,10/14/2025 23:00
2025-10-15 00:00:00,116.51,3363,24.3,99,0.2,100,10/15/2025 0:00,10/15/2025 0:00
2025-10-15 01:00:00,116.5,3369,24.2,100,1.0,100,10/15/2025 1:00,10/15/2025 1:00
2025-10-15 02:00:00,116.49,3377,24.2,99,0.1,100,10/15/2025 2:00,10/15/2025 2:00
2025-10-15 03:00:00,116.48,3368,24.0,100,0.0,100,10/15/2025 3:00,10/15/2025 3:00
2025-10-15 04:00:00,116.47,3366,24.0,99,0.0,100,10/15/2025 4:00,10/15/2025 4:00
2025-10-15 05:00:00,116.45,2969,24.1,99,0.0,100,10/15/2025 5:00,10/15/2025 5:00
2025-10-15 06:00:00,116.42,2229,24.0,99,0.0,100,10/15/2025 6:00,10/15/2025 6:00
2025-10-15 07:00:00,116.39,2231,24.4,98,0.0,100,10/15/2025 7:00,10/15/2025 7:00
2025-10-15 08:00:00,116.36,2117,25.0,95,0.1,100,10/15/2025 8:00,10/15/2025 8:00
2025-10-15 09:00:00,116.32,1940,25.8,90,0.1,100,10/15/2025 9:00,10/15/2025 9:00
2025-10-15 10:00:00,116.28,2021,27.2,86,0.0,100,10/15/2025 10:00,10/15/2025 10:00
2025-10-15 11:00:00,116.24,1936,28.0,78,0.0,100,10/15/2025 11:00,10/15/2025 11:00
2025-10-15 12:00:00,116.21,2435,26.1,91,2.3,100,10/15/2025 12:00,10/15/2025 12:00
2025-10-15 13:00:00,116.18,2320,25.4,93,0.9,100,10/15/2025 13:00,10/15/2025 13:00
2025-10-15 14:00:00,116.15,2506,25.0,93,1.3,97,10/15/2025 14:00,10/15/2025 14:00
2025-10-15 15:00:00,116.12,2507,26.4,88,0.0,91,10/15/2025 15:00,10/15/2025 15:00
2025-10-15 16:00:00,116.07,1271,27.0,83,0.1,78,10/15/2025 16:00,10/15/2025 16:00
2025-10-15 17:00:00,116.02,1113,26.3,88,0.2,96,10/15/2025 17:00,10/15/2025 17:00
2025-10-15 18:00:00,116.01,3350,25.4,93,0.1,100,10/15/2025 18:00,10/15/2025 18:00
2025-10-15 19:00:00,116.0,3346,25.2,96,0.2,88,10/15/2025 19:00,10/15/2025 19:00
2025-10-15 20:00:00,116.0,3999,24.5,95,4.4,100,10/15/2025 20:00,10/15/2025 20:00
2025-10-15 21:00:00,116.0,4148,24.5,97,0.9,98,10/15/2025 21:00,10/15/2025 21:00
2025-10-15 22:00:00,116.0,4190,24.5,98,1.0,90,10/15/2025 22:00,10/15/2025 22:00
2025-10-15 23:00:00,115.99,3594,24.4,98,1.2,82,10/15/2025 23:00,10/15/2025 23:00
2025-10-16 00:00:00,115.97,3025,24.3,97,0.1,64,10/16/2025 0:00,10/16/2025 0:00
2025-10-16 01:00:00,115.95,3054,24.7,98,0.0,85,10/16/2025 1:00,10/16/2025 1:00
2025-10-16 02:00:00,115.94,3637,24.1,100,0.8,100,10/16/2025 2:00,10/16/2025 2:00
2025-10-16 03:00:00,115.93,3654,24.0,98,0.3,99,10/16/2025 3:00,10/16/2025 3:00
2025-10-16 04:00:00,115.9,2525,23.6,99,0.0,96,10/16/2025 4:00,10/16/2025 4:00
2025-10-16 05:00:00,115.85,1396,23.6,99,0.0,100,10/16/2025 5:00,10/16/2025 5:00
2025-10-16 06:00:00,115.79,831,23.7,99,0.1,98,10/16/2025 6:00,10/16/2025 6:00
2025-10-16 07:00:00,115.72,438,24.2,97,0.2,100,10/16/2025 7:00,10/16/2025 7:00
2025-10-16 08:00:00,115.65,325,24.7,96,0.1,100,10/16/2025 8:00,10/16/2025 8:00
2025-10-16 09:00:00,115.58,377,25.0,95,0.3,100,10/16/2025 9:00,10/16/2025 9:00
2025-10-16 10:00:00,115.51,491,25.6,94,0.1,90,10/16/2025 10:00,10/16/2025 10:00
2025-10-16 11:00:00,115.47,1954,27.6,85,0.0,100,10/16/2025 11:00,10/16/2025 11:00
2025-10-16 12:00:00,115.44,2518,28.6,78,0.0,45,10/16/2025 12:00,10/16/2025 12:00
2025-10-16 13:00:00,115.42,2637,29.0,73,0.2,25,10/16/2025 13:00,10/16/2025 13:00
2025-10-16 14:00:00,115.38,1959,29.8,70,0.1,27,10/16/2025 14:00,10/16/2025 14:00
2025-10-16 15:00:00,115.34,1960,29.0,72,0.4,23,10/16/2025 15:00,10/16/2025 15:00
2025-10-16 16:00:00,115.3,1931,28.9,74,0.0,47,10/16/2025 16:00,10/16/2025 16:00
2025-10-16 17:00:00,115.3,2440,27.9,82,0.0,47,10/16/2025 17:00,10/16/2025 17:00
2025-10-16 18:00:00,115.3,2436,26.6,89,0.1,40,10/16/2025 18:00,10/16/2025 18:00
2025-10-16 19:00:00,115.32,3502,25.7,90,0.0,21,10/16/2025 19:00,10/16/2025 19:00
2025-10-16 20:00:00,115.33,2878,25.0,96,0.0,17,10/16/2025 20:00,10/16/2025 20:00
2025-10-16 21:00:00,115.34,2923,24.6,97,0.0,8,10/16/2025 21:00,10/16/2025 21:00
2025-10-16 22:00:00,115.35,2942,24.4,98,0.0,7,10/16/2025 22:00,10/16/2025 22:00
2025-10-16 23:00:00,115.36,2760,24.2,99,0.0,3,10/16/2025 23:00,10/16/2025 23:00
2025-10-17 00:00:00,115.38,2789,24.0,100,0.0,98,10/17/2025 0:00,10/17/2025 0:00
2025-10-17 01:00:00,115.42,3297,24.3,100,0.0,98,10/17/2025 1:00,10/17/2025 1:00
2025-10-17 02:00:00,115.46,3263,24.0,100,0.0,97,10/17/2025 2:00,10/17/2025 2:00
2025-10-17 03:00:00,115.5,3264,23.9,100,0.0,87,10/17/2025 3:00,10/17/2025 3:00
2025-10-17 04:00:00,115.54,3263,23.4,100,0.0,29,10/17/2025 4:00,10/17/2025 4:00
2025-10-17 05:00:00,115.58,3262,23.3,100,0.0,98,10/17/2025 5:00,10/17/2025 5:00
2025-10-17 06:00:00,115.62,3434,23.6,100,0.0,99,10/17/2025 6:00,10/17/2025 6:00
2025-10-17 07:00:00,115.65,3043,24.3,99,0.0,98,10/17/2025 7:00,10/17/2025 7:00
2025-10-17 08:00:00,115.68,3211,25.8,93,0.0,21,10/17/2025 8:00,10/17/2025 8:00
2025-10-17 09:00:00,115.71,3417,28.1,77,0.1,21,10/17/2025 9:00,10/17/2025 9:00
2025-10-17 10:00:00,115.74,3538,29.0,71,0.1,27,10/17/2025 10:00,10/17/2025 10:00
2025-10-17 11:00:00,115.76,3048,29.4,69,0.3,38,10/17/2025 11:00,10/17/2025 11:00
2025-10-17 12:00:00,115.77,2521,29.9,67,0.2,27,10/17/2025 12:00,10/17/2025 12:00
2025-10-17 13:00:00,115.78,2155,29.9,65,0.2,23,10/17/2025 13:00,10/17/2025 13:00
2025-10-17 14:00:00,115.78,1783,30.4,63,0.1,17,10/17/2025 14:00,10/17/2025 14:00
2025-10-17 15:00:00,115.77,1563,30.4,63,0.0,13,10/17/2025 15:00,10/17/2025 15:00
2025-10-17 16:00:00,115.76,1417,29.8,66,0.0,6,10/17/2025 16:00,10/17/2025 16:00
2025-10-17 17:00:00,115.75,1462,28.5,77,0.0,3,10/17/2025 17:00,10/17/2025 17:00
2025-10-17 18:00:00,115.75,2377,27.2,84,0.0,2,10/17/2025 18:00,10/17/2025 18:00
2025-10-17 19:00:00,115.75,2319,25.9,97,0.0,86,10/17/2025 19:00,10/17/2025 19:00
2025-10-17 20:00:00,115.75,2322,26.0,97,0.0,80,10/17/2025 20:00,10/17/2025 20:00
2025-10-17 21:00:00,115.75,2414,25.9,98,0.0,34,10/17/2025 21:00,10/17/2025 21:00
2025-10-17 22:00:00,115.76,2995,25.9,94,0.0,5,10/17/2025 22:00,10/17/2025 22:00
2025-10-17 23:00:00,115.77,2863,25.7,93,0.0,0,10/17/2025 23:00,10/17/2025 23:00
2025-10-18 00:00:00,115.77,2863,25.0,95,0.0,1,10/18/2025 0:00,10/18/2025 0:00
2025-10-18 01:00:00,115.77,2863,24.7,100,0.0,0,10/18/2025 1:00,10/18/2025 1:00
2025-10-18 02:00:00,115.77,2863,24.5,100,0.0,98,10/18/2025 2:00,10/18/2025 2:00
2025-10-18 03:00:00,115.77,2863,24.3,100,0.0,100,10/18/2025 3:00,10/18/2025 3:00
2025-10-18 04:00:00,115.77,2863,24.0,100,0.0,98,10/18/2025 4:00,10/18/2025 4:00
2025-10-18 05:00:00,115.77,2863,23.7,100,0.0,98,10/18/2025 5:00,10/18/2025 5:00
2025-10-18 06:00:00,115.77,2863,23.7,100,0.0,99,10/18/2025 6:00,10/18/2025 6:00
2025-10-18 07:00:00,115.77,2863,24.2,100,0.0,95,10/18/2025 7:00,10/18/2025 7:00
2025-10-18 08:00:00,115.77,2863,25.8,94,0.0,39,10/18/2025 8:00,10/18/2025 8:00
2025-10-18 09:00:00,115.77,2863,27.8,80,0.1,11,10/18/2025 9:00,10/18/2025 9:00
2025-10-18 10:00:00,115.77,2863,29.0,73,0.1,23,10/18/2025 10:00,10/18/2025 10:00
2025-10-18 11:00:00,115.77,2863,29.7,69,0.1,27,10/18/2025 11:00,10/18/2025 11:00
2025-10-18 12:00:00,115.77,2863,30.2,67,0.3,45,10/18/2025 12:00,10/18/2025 12:00
2025-10-18 13:00:00,115.77,2863,30.2,65,0.1,20,10/18/2025 13:00,10/18/2025 13:00
2025-10-18 14:00:00,115.77,2863,30.6,64,0.1,19,10/18/2025 14:00,10/18/2025 14:00
2025-10-18 15:00:00,115.77,2863,30.5,64,0.1,15,10/18/2025 15:00,10/18/2025 15:00
2025-10-18 16:00:00,115.77,2863,29.9,67,0.0,27,10/18/2025 16:00,10/18/2025 16:00
2025-10-18 17:00:00,115.77,2863,28.7,77,0.0,9,10/18/2025 17:00,10/18/2025 17:00
2025-10-18 18:00:00,115.77,2863,27.4,84,0.0,6,10/18/2025 18:00,10/18/2025 18:00
2025-10-18 19:00:00,115.77,2863,27.2,85,0.0,10,10/18/2025 19:00,10/18/2025 19:00
2025-10-18 20:00:00,115.77,2863,27.3,85,0.0,30,10/18/2025 20:00,10/18/2025 20:00
2025-10-18 21:00:00,115.77,2863,26.7,88,0.0,9,10/18/2025 21:00,10/18/2025 21:00
2025-10-18 22:00:00,115.77,2863,26.1,91,0.0,2,10/18/2025 22:00,10/18/2025 22:00
2025-10-18 23:00:00,115.77,2863,25.6,92,0.0,0,10/18/2025 23:00,10/18/2025 23:00
2025-10-19 00:00:00,116.0,2652,25.0,96,0.0,3,10/19/2025 0:00,10/19/2025 0:00
2025-10-19 01:00:00,116.03,2595,24.6,99,0.0,16,10/19/2025 1:00,10/19/2025 1:00
2025-10-19 02:00:00,116.06,2476,24.7,100,0.0,13,10/19/2025 2:00,10/19/2025 2:00
2025-10-19 03:00:00,116.09,2480,24.5,97,0.0,17,10/19/2025 3:00,10/19/2025 3:00
2025-10-19 04:00:00,116.12,2464,24.1,93,0.5,100,10/19/2025 4:00,10/19/2025 4:00
2025-10-19 05:00:00,116.14,1786,23.2,100,0.7,98,10/19/2025 5:00,10/19/2025 5:00
2025-10-19 06:00:00,116.15,1363,23.2,99,0.0,54,10/19/2025 6:00,10/19/2025 6:00
2025-10-19 07:00:00,116.16,1308,25.1,93,0.1,16,10/19/2025 7:00,10/19/2025 7:00
2025-10-19 08:00:00,116.17,1311,26.5,88,0.0,13,10/19/2025 8:00,10/19/2025 8:00
2025-10-19 09:00:00,116.17,740,27.9,79,0.0,5,10/19/2025 9:00,10/19/2025 9:00
2025-10-19 10:00:00,116.17,827,28.8,76,0.0,30,10/19/2025 10:00,10/19/2025 10:00
2025-10-19 11:00:00,116.17,921,29.8,71,0.1,100,10/19/2025 11:00,10/19/2025 11:00
2025-10-19 12:00:00,116.19,2067,28.5,72,1.2,84,10/19/2025 12:00,10/19/2025 12:00
2025-10-19 13:00:00,116.21,1987,29.7,71,0.6,19,10/19/2025 13:00,10/19/2025 13:00
2025-10-19 14:00:00,116.24,2524,26.3,84,0.5,78,10/19/2025 14:00,10/19/2025 14:00
2025-10-19 15:00:00,116.28,2910,26.5,82,0.4,31,10/19/2025 15:00,10/19/2025 15:00
2025-10-19 16:00:00,116.31,3013,26.8,82,0.0,52,10/19/2025 16:00,10/19/2025 16:00
2025-10-19 17:00:00,116.33,3044,26.4,86,0.0,20,10/19/2025 17:00,10/19/2025 17:00
2025-10-19 18:00:00,116.35,3078,25.6,92,0.0,13,10/19/2025 18:00,10/19/2025 18:00
2025-10-19 19:00:00,116.36,2776,24.3,100,0.0,90,10/19/2025 19:00,10/19/2025 19:00
2025-10-19 20:00:00,116.38,2911,24.4,100,0.1,48,10/19/2025 20:00,10/19/2025 20:00
2025-10-19 21:00:00,116.42,3193,24.1,100,0.2,69,10/19/2025 21:00,10/19/2025 21:00
2025-10-19 22:00:00,116.46,3139,23.8,99,0.2,59,10/19/2025 22:00,10/19/2025 22:00
2025-10-19 23:00:00,116.5,3129,23.8,99,0.8,81,10/19/2025 23:00,10/19/2025 23:00
2025-10-20 00:00:00,116.55,3363,23.4,98,1.4,29,10/20/2025 0:00,10/20/2025 0:00
2025-10-20 01:00:00,116.6,3362,23.7,99,0.0,34,10/20/2025 1:00,10/20/2025 1:00
2025-10-20 02:00:00,116.65,3361,23.6,96,0.1,29,10/20/2025 2:00,10/20/2025 2:00
2025-10-20 03:00:00,116.69,3018,23.3,95,0.1,40,10/20/2025 3:00,10/20/2025 3:00
2025-10-20 04:00:00,116.72,2677,22.8,95,0.1,34,10/20/2025 4:00,10/20/2025 4:00
2025-10-20 05:00:00,116.76,3081,22.6,96,0.1,37,10/20/2025 5:00,10/20/2025 5:00
2025-10-20 06:00:00,116.8,3296,22.5,97,0.0,49,10/20/2025 6:00,10/20/2025 6:00
2025-10-20 07:00:00,116.84,3244,24.4,95,0.0,32,10/20/2025 7:00,10/20/2025 7:00
2025-10-20 08:00:00,116.87,2693,25.8,84,0.0,12,10/20/2025 8:00,10/20/2025 8:00
2025-10-20 09:00:00,116.9,2922,26.5,76,0.1,15,10/20/2025 9:00,10/20/2025 9:00
2025-10-20 10:00:00,116.92,2573,27.1,72,0.0,13,10/20/2025 10:00,10/20/2025 10:00
2025-10-20 11:00:00,116.91,2241,27.8,68,0.0,8,10/20/2025 11:00,10/20/2025 11:00
2025-10-20 12:00:00,116.88,2204,28.5,64,0.0,11,10/20/2025 12:00,10/20/2025 12:00
2025-10-20 13:00:00,116.85,2489,28.8,63,0.0,13,10/20/2025 13:00,10/20/2025 13:00
2025-10-20 14:00:00,116.82,2467,28.7,63,0.0,20,10/20/2025 14:00,10/20/2025 14:00
2025-10-20 15:00:00,116.8,3042,28.5,64,0.0,9,10/20/2025 15:00,10/20/2025 15:00
2025-10-20 16:00:00,116.78,3069,28.2,64,0.0,10,10/20/2025 16:00,10/20/2025 16:00
2025-10-20 17:00:00,116.76,3068,27.1,76,0.0,7,10/20/2025 17:00,10/20/2025 17:00
2025-10-20 18:00:00,116.74,3068,25.5,84,0.0,52,10/20/2025 18:00,10/20/2025 18:00
2025-10-20 19:00:00,116.72,3038,25.2,86,0.0,21,10/20/2025 19:00,10/20/2025 19:00
2025-10-20 20:00:00,116.7,3018,25.5,79,0.0,25,10/20/2025 20:00,10/20/2025 20:00
2025-10-20 21:00:00,116.68,3016,25.1,76,0.0,13,10/20/2025 21:00,10/20/2025 21:00
2025-10-20 22:00:00,116.66,3012,24.4,77,0.0,20,10/20/2025 22:00,10/20/2025 22:00
2025-10-20 23:00:00,116.64,3048,24.1,77,0.0,26,10/20/2025 23:00,10/20/2025 23:00
2025-10-21 00:00:00,116.62,2938,23.9,75,0.0,29,10/21/2025 0:00,10/21/2025 0:00
2025-10-21 01:00:00,116.6,2939,23.8,76,0.0,24,10/21/2025 1:00,10/21/2025 1:00
2025-10-21 02:00:00,116.58,3072,23.5,75,0.0,20,10/21/2025 2:00,10/21/2025 2:00
2025-10-21 03:00:00,116.56,3068,22.9,76,0.0,17,10/21/2025 3:00,10/21/2025 3:00
2025-10-21 04:00:00,116.54,3060,22.4,78,0.0,21,10/21/2025 4:00,10/21/2025 4:00
2025-10-21 05:00:00,116.52,3046,21.8,83,0.0,16,10/21/2025 5:00,10/21/2025 5:00
2025-10-21 06:00:00,116.5,3057,21.4,87,0.0,20,10/21/2025 6:00,10/21/2025 6:00
2025-10-21 07:00:00,116.48,3076,23.2,80,0.0,17,10/21/2025 7:00,10/21/2025 7:00
2025-10-21 08:00:00,116.46,3049,24.6,75,0.0,16,10/21/2025 8:00,10/21/2025 8:00
2025-10-21 09:00:00,116.44,2869,25.5,70,0.0,21,10/21/2025 9:00,10/21/2025 9:00
2025-10-21 10:00:00,116.42,2759,26.1,62,0.0,21,10/21/2025 10:00,10/21/2025 10:00
2025-10-21 11:00:00,116.39,2189,26.7,59,0.0,13,10/21/2025 11:00,10/21/2025 11:00
2025-10-21 12:00:00,116.36,2189,27.2,57,0.0,9,10/21/2025 12:00,10/21/2025 12:00
2025-10-21 13:00:00,116.33,2232,27.8,53,0.0,45,10/21/2025 13:00,10/21/2025 13:00
2025-10-21 14:00:00,116.29,1793,27.4,55,0.0,53,10/21/2025 14:00,10/21/2025 14:00
2025-10-21 15:00:00,116.24,1360,27.3,57,0.0,100,10/21/2025 15:00,10/21/2025 15:00
2025-10-21 16:00:00,116.17,507,26.8,62,0.0,29,10/21/2025 16:00,10/21/2025 16:00
2025-10-21 17:00:00,116.11,800,25.3,67,0.0,100,10/21/2025 17:00,10/21/2025 17:00
2025-10-21 18:00:00,116.06,1373,24.6,68,0.0,85,10/21/2025 18:00,10/21/2025 18:00
2025-10-21 19:00:00,116.03,2517,24.6,69,0.0,100,10/21/2025 19:00,10/21/2025 19:00
2025-10-21 20:00:00,116.01,3087,24.1,69,0.0,100,10/21/2025 20:00,10/21/2025 20:00
2025-10-21 21:00:00,115.99,3098,23.5,70,0.0,100,10/21/2025 21:00,10/21/2025 21:00
2025-10-21 22:00:00,115.97,3094,23.3,71,0.0,100,10/21/2025 22:00,10/21/2025 22:00
2025-10-21 23:00:00,115.95,3089,23.2,71,0.0,100,10/21/2025 23:00,10/21/2025 23:00
2025-10-22 00:00:00,115.92,2235,22.8,75,0.0,98,10/22/2025 0:00,10/22/2025 0:00
2025-10-22 01:00:00,115.88,1953,22.2,77,0.0,38,10/22/2025 1:00,10/22/2025 1:00
2025-10-22 02:00:00,115.84,1961,22.0,78,0.0,92,10/22/2025 2:00,10/22/2025 2:00
2025-10-22 03:00:00,115.8,1958,21.8,80,0.0,99,10/22/2025 3:00,10/22/2025 3:00
2025-10-22 04:00:00,115.74,1042,21.5,82,0.0,100,10/22/2025 4:00,10/22/2025 4:00
2025-10-22 05:00:00,115.69,1158,21.1,79,0.0,100,10/22/2025 5:00,10/22/2025 5:00
2025-10-22 06:00:00,115.61,490,21.0,76,0.0,100,10/22/2025 6:00,10/22/2025 6:00
2025-10-22 07:00:00,115.54,484,21.4,67,0.0,100,10/22/2025 7:00,10/22/2025 7:00
2025-10-22 08:00:00,115.48,544,22.0,66,0.0,100,10/22/2025 8:00,10/22/2025 8:00
2025-10-22 09:00:00,115.43,1111,22.7,64,0.0,100,10/22/2025 9:00,10/22/2025 9:00
2025-10-22 10:00:00,115.38,1117,23.4,61,0.0,100,10/22/2025 10:00,10/22/2025 10:00
2025-10-22 11:00:00,115.35,1095,24.9,56,0.0,100,10/22/2025 11:00,10/22/2025 11:00
2025-10-22 12:00:00,115.34,900,25.5,54,0.0,100,10/22/2025 12:00,10/22/2025 12:00
2025-10-22 13:00:00,115.34,751,25.5,55,0.0,100,10/22/2025 13:00,10/22/2025 13:00
2025-10-22 14:00:00,115.33,271,25.3,54,0.0,100,10/22/2025 14:00,10/22/2025 14:00
2025-10-22 15:00:00,115.34,1503,25.6,54,0.0,100,10/22/2025 15:00,10/22/2025 15:00
2025-10-22 16:00:00,115.34,1296,25.4,59,0.0,100,10/22/2025 16:00,10/22/2025 16:00
2025-10-22 17:00:00,115.33,1211,23.3,66,0.0,100,10/22/2025 17:00,10/22/2025 17:00
2025-10-22 18:00:00,115.33,1848,22.5,70,0.0,100,10/22/2025 18:00,10/22/2025 18:00
2025-10-22 19:00:00,115.34,2466,23.2,68,0.0,100,10/22/2025 19:00,10/22/2025 19:00
2025-10-22 20:00:00,115.36,3216,22.8,67,0.0,100,10/22/2025 20:00,10/22/2025 20:00
2025-10-22 21:00:00,115.39,3208,22.3,67,0.0,100,10/22/2025 21:00,10/22/2025 21:00
2025-10-22 22:00:00,115.42,2704,21.9,66,0.0,100,10/22/2025 22:00,10/22/2025 22:00
2025-10-22 23:00:00,115.46,2891,21.6,66,0.0,100,10/22/2025 23:00,10/22/2025 23:00
2025-10-23 00:00:00,115.49,2440,21.3,66,0.0,100,10/23/2025 0:00,10/23/2025 0:00
2025-10-23 01:00:00,115.5,1309,21.5,68,0.0,100,10/23/2025 1:00,10/23/2025 1:00
2025-10-23 02:00:00,115.5,742,20.9,69,0.0,96,10/23/2025 2:00,10/23/2025 2:00
2025-10-23 03:00:00,115.51,1308,20.5,70,0.0,93,10/23/2025 3:00,10/23/2025 3:00
2025-10-23 04:00:00,115.52,1309,19.9,72,0.0,89,10/23/2025 4:00,10/23/2025 4:00
2025-10-23 05:00:00,115.53,1252,19.4,74,0.0,88,10/23/2025 5:00,10/23/2025 5:00
2025-10-23 06:00:00,115.54,1082,19.3,74,0.0,100,10/23/2025 6:00,10/23/2025 6:00
2025-10-23 07:00:00,115.55,1305,20.1,72,0.0,100,10/23/2025 7:00,10/23/2025 7:00
2025-10-23 08:00:00,115.56,1437,19.7,74,0.0,100,10/23/2025 8:00,10/23/2025 8:00
2025-10-23 09:00:00,115.58,2137,19.7,75,0.0,100,10/23/2025 9:00,10/23/2025 9:00
2025-10-23 10:00:00,115.61,2704,20.1,73,0.0,100,10/23/2025 10:00,10/23/2025 10:00
2025-10-23 11:00:00,115.63,2174,20.2,73,0.0,100,10/23/2025 11:00,10/23/2025 11:00
2025-10-23 12:00:00,115.64,1605,20.3,72,0.0,100,10/23/2025 12:00,10/23/2025 12:00
2025-10-23 13:00:00,115.65,1530,21.0,70,0.3,100,10/23/2025 13:00,10/23/2025 13:00
2025-10-23 14:00:00,115.65,1008,20.8,70,0.0,100,10/23/2025 14:00,10/23/2025 14:00
2025-10-23 15:00:00,115.65,1008,20.6,74,0.0,100,10/23/2025 15:00,10/23/2025 15:00
2025-10-23 16:00:00,115.65,1203,20.3,75,0.0,100,10/23/2025 16:00,10/23/2025 16:00
2025-10-23 17:00:00,115.64,1344,19.9,78,0.0,100,10/23/2025 17:00,10/23/2025 17:00
2025-10-23 18:00:00,115.64,2317,19.6,80,0.0,100,10/23/2025 18:00,10/23/2025 18:00
2025-10-23 19:00:00,115.66,3155,20.3,83,0.0,100,10/23/2025 19:00,10/23/2025 19:00
2025-10-23 20:00:00,115.68,2944,20.2,84,0.0,100,10/23/2025 20:00,10/23/2025 20:00
2025-10-23 21:00:00,115.7,2909,20.3,81,0.0,100,10/23/2025 21:00,10/23/2025 21:00
2025-10-23 22:00:00,115.72,2569,20.2,81,0.1,100,10/23/2025 22:00,10/23/2025 22:00
2025-10-23 23:00:00,115.74,2112,19.8,84,0.3,100,10/23/2025 23:00,10/23/2025 23:00
