thoi_diem,y_true,y_pred
2025-01-13 19:00:00,115.17,115.18861111111111
2025-01-13 20:00:00,115.17,115.20564102564104
2025-01-13 21:00:00,115.18,115.20564102564104
2025-01-13 22:00:00,115.18,115.20564102564104
2025-01-13 23:00:00,115.18,115.18090909090913
2025-01-14 00:00:00,115.18,115.16451612903224
2025-01-14 01:00:00,115.18,115.16451612903224
2025-01-14 02:00:00,115.18,115.16451612903224
2025-01-14 03:00:00,115.14,115.13476190476192
2025-01-14 04:00:00,115.14,115.09615384615384
2025-01-14 05:00:00,115.11,115.09615384615384
2025-01-14 06:00:00,115.11,115.09615384615384
2025-01-14 07:00:00,115.09,115.09615384615384
2025-01-14 08:00:00,115.09,115.09615384615384
2025-01-14 09:00:00,115.06,115.09615384615384
2025-01-14 10:00:00,115.06,115.09615384615384
2025-01-14 11:00:00,115.06,115.09615384615384
2025-01-14 12:00:00,115.06,115.09615384615384
2025-01-14 13:00:00,115.08,115.09615384615384
2025-01-14 14:00:00,115.08,115.09615384615384
2025-01-14 15:00:00,115.08,115.09615384615384
2025-01-14 16:00:00,115.08,115.09615384615384
2025-01-14 17:00:00,115.06,115.09615384615384
2025-01-14 18:00:00,115.06,115.09615384615384
2025-01-14 19:00:00,115.05,115.09615384615384
2025-01-14 20:00:00,115.05,115.0204347826087
2025-01-14 21:00:00,115.03,115.0204347826087
2025-01-14 22:00:00,115.03,115.0204347826087
2025-01-14 23:00:00,114.98,115.0204347826087
2025-01-15 00:00:00,114.98,114.88750000000002
2025-01-15 01:00:00,114.94,114.88750000000002
2025-01-15 02:00:00,114.94,114.88750000000002
2025-01-15 03:00:00,114.9,114.88750000000002
2025-01-15 04:00:00,114.9,114.88750000000002
2025-01-15 05:00:00,114.84,114.88750000000002
2025-01-15 06:00:00,114.84,114.9428
2025-01-15 07:00:00,114.79,114.83949999999996
2025-01-15 08:00:00,114.79,114.78037037037038
2025-01-15 09:00:00,114.75,114.78037037037038
2025-01-15 10:00:00,114.75,114.78037037037038
2025-01-15 11:00:00,114.74,114.78037037037038
2025-01-15 12:00:00,114.74,114.78037037037038
2025-01-15 13:00:00,114.73,114.61181818181818
2025-01-15 14:00:00,114.73,114.61181818181818
2025-01-15 15:00:00,114.68,114.61181818181818
2025-01-15 16:00:00,114.68,114.61181818181818
2025-01-15 17:00:00,114.64,114.61181818181818
2025-01-15 18:00:00,114.64,114.6051724137931
2025-01-15 19:00:00,114.62,114.6051724137931
2025-01-15 20:00:00,114.62,114.6051724137931
2025-01-15 21:00:00,114.61,114.6051724137931
2025-01-15 22:00:00,114.61,114.6051724137931
2025-01-15 23:00:00,114.59,114.6051724137931
2025-01-16 00:00:00,114.59,114.6051724137931
2025-01-16 01:00:00,114.57,114.6051724137931
2025-01-16 02:00:00,114.57,114.5544
2025-01-16 03:00:00,114.54,114.5544
2025-01-16 04:00:00,114.54,114.5895238095238
2025-01-16 05:00:00,114.49,114.5895238095238
2025-01-16 06:00:00,114.49,114.49359999999996
2025-01-16 07:00:00,114.44,114.49359999999996
2025-01-16 08:00:00,114.44,114.43
2025-01-16 09:00:00,114.38,114.43
2025-01-16 10:00:00,114.38,114.43
2025-01-16 11:00:00,114.33,114.43
2025-01-16 12:00:00,114.33,114.43
2025-01-16 13:00:00,114.3,114.25425
2025-01-16 14:00:00,114.3,114.25425
2025-01-16 15:00:00,114.3,114.25425
2025-01-16 16:00:00,114.3,114.25425
2025-01-16 17:00:00,114.29,114.25425
2025-01-16 18:00:00,114.29,114.25425
2025-01-16 19:00:00,114.31,114.25425
2025-01-16 20:00:00,114.31,114.25425
2025-01-16 21:00:00,114.35,114.25425
2025-01-16 22:00:00,114.35,114.21261904761904
2025-01-16 23:00:00,114.36,114.21261904761904
2025-01-17 00:00:00,114.36,114.21261904761904
2025-01-17 01:00:00,114.36,114.21261904761904
2025-01-17 02:00:00,114.36,114.21261904761904
2025-01-17 03:00:00,114.35,114.21261904761904
2025-01-17 04:00:00,114.35,114.21261904761904
2025-01-17 05:00:00,114.33,114.21261904761904
2025-01-17 06:00:00,114.33,114.25425
2025-01-17 07:00:00,114.31,114.25425
2025-01-17 08:00:00,114.31,114.25425
2025-01-17 09:00:00,114.28,114.25425
2025-01-17 10:00:00,114.28,114.2315909090909
2025-01-17 11:00:00,114.26,114.2315909090909
2025-01-17 12:00:00,114.26,114.2315909090909
2025-01-17 13:00:00,114.26,114.2315909090909
2025-01-17 14:00:00,114.26,114.2315909090909
2025-01-17 15:00:00,114.25,114.2315909090909
2025-01-17 16:00:00,114.25,114.2315909090909
2025-01-17 17:00:00,114.23,114.2315909090909
2025-01-17 18:00:00,114.23,114.16400000000002
2025-01-17 19:00:00,114.23,114.16400000000002
2025-01-17 20:00:00,114.23,114.16400000000002
2025-01-17 21:00:00,114.24,114.16400000000002
2025-01-17 22:00:00,114.24,114.2315909090909
2025-01-17 23:00:00,114.26,114.2315909090909
2025-01-18 00:00:00,114.26,114.2315909090909
2025-01-18 01:00:00,114.27,114.2315909090909
2025-01-18 02:00:00,114.27,114.2315909090909
2025-01-18 03:00:00,114.26,114.2315909090909
2025-01-18 04:00:00,114.26,114.2315909090909
2025-01-18 05:00:00,114.25,114.2315909090909
2025-01-18 06:00:00,114.25,114.2315909090909
2025-01-18 07:00:00,114.23,114.2315909090909
2025-01-18 08:00:00,114.23,114.16400000000002
2025-01-18 09:00:00,114.22,114.16400000000002
2025-01-18 10:00:00,114.22,114.16400000000002
2025-01-18 11:00:00,114.24,114.16400000000002
2025-01-18 12:00:00,114.24,114.2315909090909
2025-01-18 13:00:00,114.27,114.2315909090909
2025-01-18 14:00:00,114.27,114.2315909090909
2025-01-18 15:00:00,114.27,114.2315909090909
2025-01-18 16:00:00,114.27,114.2315909090909
2025-01-18 17:00:00,114.28,114.2315909090909
2025-01-18 18:00:00,114.28,114.2315909090909
2025-01-18 19:00:00,114.29,114.2315909090909
2025-01-18 20:00:00,114.29,114.25425
2025-01-18 21:00:00,114.32,114.25425
2025-01-18 22:00:00,114.32,114.25425
2025-01-18 23:00:00,114.33,114.25425
2025-01-19 00:00:00,114.33,114.25425
2025-01-19 01:00:00,114.37,114.25425
2025-01-19 02:00:00,114.37,114.37970588235297
2025-01-19 03:00:00,114.37,114.37970588235297
2025-01-19 04:00:00,114.37,114.37970588235297
2025-01-19 05:00:00,114.34,114.37970588235297
2025-01-19 06:00:00,114.34,114.25425
2025-01-19 07:00:00,114.32,114.25425
2025-01-19 08:00:00,114.32,114.25425
2025-01-19 09:00:00,114.33,114.25425
2025-01-19 10:00:00,114.33,114.25425
2025-01-19 11:00:00,114.34,114.25425
2025-01-19 12:00:00,114.34,114.25425
2025-01-19 13:00:00,114.34,114.25425
2025-01-19 14:00:00,114.34,114.25425
2025-01-19 15:00:00,114.34,114.25425
2025-01-19 16:00:00,114.34,114.25425
2025-01-19 17:00:00,114.33,114.25425
2025-01-19 18:00:00,114.33,114.25425
2025-01-19 19:00:00,114.32,114.25425
2025-01-19 20:00:00,114.32,114.25425
2025-01-19 21:00:00,114.34,114.25425
2025-01-19 22:00:00,114.34,114.25425
2025-01-19 23:00:00,114.38,114.25425
2025-01-20 00:00:00,114.38,114.21261904761904
2025-01-20 01:00:00,114.4,114.21261904761904
2025-01-20 02:00:00,114.4,114.21261904761904
2025-01-20 03:00:00,114.4,114.21261904761904
2025-01-20 04:00:00,114.4,114.21261904761904
2025-01-20 05:00:00,114.39,114.21261904761904
2025-01-20 06:00:00,114.39,114.21261904761904
2025-01-20 07:00:00,114.39,114.21261904761904
2025-01-20 08:00:00,114.39,114.21261904761904
2025-01-20 09:00:00,114.36,114.21261904761904
2025-01-20 10:00:00,114.36,114.21261904761904
2025-01-20 11:00:00,114.34,114.21261904761904
2025-01-20 12:00:00,114.34,114.25425
2025-01-20 13:00:00,114.35,114.25425
2025-01-20 14:00:00,114.35,114.21261904761904
2025-01-20 15:00:00,114.33,114.21261904761904
2025-01-20 16:00:00,114.33,114.25425
2025-01-20 17:00:00,114.29,114.25425
2025-01-20 18:00:00,114.29,114.25425
2025-01-20 19:00:00,114.3,114.25425
2025-01-20 20:00:00,114.3,114.25425
2025-01-20 21:00:00,114.33,114.25425
2025-01-20 22:00:00,114.33,114.25425
2025-01-20 23:00:00,114.36,114.25425
2025-01-21 00:00:00,114.36,114.21261904761904
2025-01-21 01:00:00,114.41,114.21261904761904
2025-01-21 02:00:00,114.41,114.21261904761904
2025-01-21 03:00:00,114.41,114.21261904761904
2025-01-21 04:00:00,114.41,114.21261904761904
2025-01-21 05:00:00,114.39,114.21261904761904
2025-01-21 06:00:00,114.39,114.21261904761904
2025-01-21 07:00:00,114.38,114.21261904761904
2025-01-21 08:00:00,114.38,114.21261904761904
2025-01-21 09:00:00,114.37,114.21261904761904
2025-01-21 10:00:00,114.37,114.21261904761904
2025-01-21 11:00:00,114.37,114.21261904761904
2025-01-21 12:00:00,114.37,114.21261904761904
2025-01-21 13:00:00,114.37,114.21261904761904
2025-01-21 14:00:00,114.37,114.21261904761904
2025-01-21 15:00:00,114.38,114.21261904761904
2025-01-21 16:00:00,114.38,114.21261904761904
2025-01-21 17:00:00,114.37,114.21261904761904
2025-01-21 18:00:00,114.37,114.21261904761904
2025-01-21 19:00:00,114.39,114.21261904761904
2025-01-21 20:00:00,114.39,114.21261904761904
2025-01-21 21:00:00,114.41,114.21261904761904
2025-01-21 22:00:00,114.41,114.21261904761904
2025-01-21 23:00:00,114.43,114.21261904761904
2025-01-22 00:00:00,114.43,114.21261904761904
2025-01-22 01:00:00,114.44,114.21261904761904
2025-01-22 02:00:00,114.44,114.21261904761904
2025-01-22 03:00:00,114.42,114.21261904761904
2025-01-22 04:00:00,114.42,114.21261904761904
2025-01-22 05:00:00,114.4,114.21261904761904
2025-01-22 06:00:00,114.4,114.21261904761904
2025-01-22 07:00:00,114.38,114.21261904761904
2025-01-22 08:00:00,114.38,114.21261904761904
2025-01-22 09:00:00,114.35,114.21261904761904
2025-01-22 10:00:00,114.35,114.21261904761904
2025-01-22 11:00:00,114.36,114.21261904761904
2025-01-22 12:00:00,114.36,114.21261904761904
2025-01-22 13:00:00,114.38,114.21261904761904
2025-01-22 14:00:00,114.38,114.21261904761904
2025-01-22 15:00:00,114.36,114.21261904761904
2025-01-22 16:00:00,114.36,114.21261904761904
2025-01-22 17:00:00,114.35,114.21261904761904
2025-01-22 18:00:00,114.35,114.21261904761904
2025-01-22 19:00:00,114.36,114.36173913043476
2025-01-22 20:00:00,114.36,114.36173913043476
2025-01-22 21:00:00,114.39,114.36173913043476
2025-01-22 22:00:00,114.39,114.37970588235297
2025-01-22 23:00:00,114.43,114.37970588235297
2025-01-23 00:00:00,114.43,114.4403846153846
2025-01-23 01:00:00,114.44,114.4403846153846
2025-01-23 02:00:00,114.44,114.4403846153846
2025-01-23 03:00:00,114.42,114.4403846153846
2025-01-23 04:00:00,114.42,114.4403846153846
2025-01-23 05:00:00,114.4,114.4403846153846
2025-01-23 06:00:00,114.4,114.37970588235297
2025-01-23 07:00:00,114.38,114.37970588235297
2025-01-23 08:00:00,114.38,114.37970588235297
2025-01-23 09:00:00,114.35,114.37970588235297
2025-01-23 10:00:00,114.35,114.34863636363634
2025-01-23 11:00:00,114.34,114.34863636363634
2025-01-23 12:00:00,114.34,114.25425
2025-01-23 13:00:00,114.35,114.25425
2025-01-23 14:00:00,114.35,114.36173913043476
2025-01-23 15:00:00,114.33,114.36173913043476
2025-01-23 16:00:00,114.33,114.25425
2025-01-23 17:00:00,114.28,114.25425
2025-01-23 18:00:00,114.28,114.2692307692308
2025-01-23 19:00:00,114.27,114.2692307692308
2025-01-23 20:00:00,114.27,114.28230769230773
2025-01-23 21:00:00,114.29,114.28230769230773
2025-01-23 22:00:00,114.29,114.25425
2025-01-23 23:00:00,114.31,114.25425
2025-01-24 00:00:00,114.31,114.25425
2025-01-24 01:00:00,114.33,114.25425
2025-01-24 02:00:00,114.33,114.25425
2025-01-24 03:00:00,114.33,114.25425
2025-01-24 04:00:00,114.33,114.25425
2025-01-24 05:00:00,114.33,114.25425
2025-01-24 06:00:00,114.33,114.25425
2025-01-24 07:00:00,114.32,114.25425
2025-01-24 08:00:00,114.32,114.25425
2025-01-24 09:00:00,114.31,114.25425
2025-01-24 10:00:00,114.31,114.25425
2025-01-24 11:00:00,114.31,114.25425
2025-01-24 12:00:00,114.31,114.25425
2025-01-24 13:00:00,114.3,114.25425
2025-01-24 14:00:00,114.3,114.25425
2025-01-24 15:00:00,114.28,114.25425
2025-01-24 16:00:00,114.28,114.2692307692308
2025-01-24 17:00:00,114.26,114.2692307692308
2025-01-24 18:00:00,114.26,114.25122448979596
2025-01-24 19:00:00,114.26,114.25122448979596
2025-01-24 20:00:00,114.26,114.25122448979596
2025-01-24 21:00:00,114.25,114.25122448979596
2025-01-24 22:00:00,114.25,114.25122448979596
2025-01-24 23:00:00,114.25,114.25122448979596
2025-01-25 00:00:00,114.25,114.26366666666677
2025-01-25 01:00:00,114.24,114.26366666666677
2025-01-25 02:00:00,114.24,114.26366666666677
2025-01-25 03:00:00,114.22,114.26366666666677
2025-01-25 04:00:00,114.22,114.16400000000002
2025-01-25 05:00:00,114.2,114.16400000000002
2025-01-25 06:00:00,114.2,114.16400000000002
2025-01-25 07:00:00,114.17,114.16400000000002
2025-01-25 08:00:00,114.17,114.12025
2025-01-25 09:00:00,114.15,114.12025
2025-01-25 10:00:00,114.15,114.12025
2025-01-25 11:00:00,114.13,114.12025
2025-01-25 12:00:00,114.13,114.09599999999998
2025-01-25 13:00:00,114.13,114.09599999999998
2025-01-25 14:00:00,114.13,114.09599999999998
2025-01-25 15:00:00,114.13,114.09599999999998
2025-01-25 16:00:00,114.13,114.09599999999998
2025-01-25 17:00:00,114.13,114.09599999999998
2025-01-25 18:00:00,114.13,114.14149999999998
2025-01-25 19:00:00,114.12,114.14149999999998
2025-01-25 20:00:00,114.12,114.14149999999998
2025-01-25 21:00:00,114.14,114.14149999999998
2025-01-25 22:00:00,114.14,114.12025
2025-01-25 23:00:00,114.17,114.12025
2025-01-26 00:00:00,114.17,114.12025
2025-01-26 01:00:00,114.17,114.12025
2025-01-26 02:00:00,114.17,114.12025
2025-01-26 03:00:00,114.16,114.12025
2025-01-26 04:00:00,114.16,114.12025
2025-01-26 05:00:00,114.14,114.12025
2025-01-26 06:00:00,114.14,114.12025
2025-01-26 07:00:00,114.12,114.12025
2025-01-26 08:00:00,114.12,114.09599999999998
2025-01-26 09:00:00,114.11,114.09599999999998
2025-01-26 10:00:00,114.11,114.09599999999998
2025-01-26 11:00:00,114.08,114.09599999999998
2025-01-26 12:00:00,114.08,114.08375
2025-01-26 13:00:00,114.07,114.08375
2025-01-26 14:00:00,114.07,113.96404761904763
2025-01-26 15:00:00,114.07,113.96404761904763
2025-01-26 16:00:00,114.07,113.96404761904763
2025-01-26 17:00:00,114.06,113.96404761904763
2025-01-26 18:00:00,114.06,114.0401388888889
2025-01-26 19:00:00,114.05,114.0401388888889
2025-01-26 20:00:00,114.05,114.0401388888889
2025-01-26 21:00:00,114.07,114.0401388888889
2025-01-26 22:00:00,114.07,114.0401388888889
2025-01-26 23:00:00,114.07,114.0401388888889
2025-01-27 00:00:00,114.07,114.0401388888889
2025-01-27 01:00:00,114.05,114.0401388888889
2025-01-27 02:00:00,114.05,114.0401388888889
2025-01-27 03:00:00,114.04,114.0401388888889
2025-01-27 04:00:00,114.04,114.0401388888889
2025-01-27 05:00:00,114.04,114.0401388888889
2025-01-27 06:00:00,114.04,114.0401388888889
2025-01-27 07:00:00,114.03,114.0401388888889
2025-01-27 08:00:00,114.03,114.0401388888889
2025-01-27 09:00:00,114.02,114.0401388888889
2025-01-27 10:00:00,114.02,114.0401388888889
2025-01-27 11:00:00,114.01,114.0401388888889
2025-01-27 12:00:00,114.01,114.0401388888889
2025-01-27 13:00:00,114.0,113.96404761904763
2025-01-27 14:00:00,114.0,113.98363636363636
2025-01-27 15:00:00,113.98,113.98363636363636
2025-01-27 16:00:00,113.98,113.98363636363636
2025-01-27 17:00:00,113.96,113.98363636363636
2025-01-27 18:00:00,113.96,113.95358974358976
2025-01-27 19:00:00,113.94,113.95358974358976
2025-01-27 20:00:00,113.94,113.92476190476194
2025-01-27 21:00:00,113.95,113.92476190476194
2025-01-27 22:00:00,113.95,113.95358974358976
2025-01-27 23:00:00,113.97,113.95358974358976
2025-01-28 00:00:00,113.97,113.98363636363636
2025-01-28 01:00:00,113.98,113.98363636363636
2025-01-28 02:00:00,113.98,113.98363636363636
2025-01-28 03:00:00,113.96,113.98363636363636
2025-01-28 04:00:00,113.96,113.95358974358976
2025-01-28 05:00:00,113.95,113.95358974358976
2025-01-28 06:00:00,113.95,113.95358974358976
2025-01-28 07:00:00,113.95,113.95358974358976
2025-01-28 08:00:00,113.95,113.95358974358976
2025-01-28 09:00:00,113.93,113.95358974358976
2025-01-28 10:00:00,113.93,113.92476190476194
2025-01-28 11:00:00,113.9,113.92476190476194
2025-01-28 12:00:00,113.9,113.88766666666668
2025-01-28 13:00:00,113.89,113.88766666666668
2025-01-28 14:00:00,113.89,113.88766666666668
2025-01-28 15:00:00,113.89,113.88766666666668
2025-01-28 16:00:00,113.89,113.88766666666668
2025-01-28 17:00:00,113.87,113.88766666666668
2025-01-28 18:00:00,113.87,113.85028571428572
2025-01-28 19:00:00,113.85,113.85028571428572
2025-01-28 20:00:00,113.85,113.85028571428572
2025-01-28 21:00:00,113.88,113.87076923076924
2025-01-28 22:00:00,113.88,113.9055
2025-01-28 23:00:00,113.88,113.9055
2025-01-29 00:00:00,113.88,113.88766666666668
2025-01-29 01:00:00,113.88,113.88766666666668
2025-01-29 02:00:00,113.88,113.88766666666668
2025-01-29 03:00:00,113.88,113.88766666666668
2025-01-29 04:00:00,113.88,113.88766666666668
2025-01-29 05:00:00,113.87,113.88766666666668
2025-01-29 06:00:00,113.87,113.85028571428572
2025-01-29 07:00:00,113.86,113.85028571428572
2025-01-29 08:00:00,113.86,113.85028571428572
2025-01-29 09:00:00,113.86,113.85028571428572
2025-01-29 10:00:00,113.86,113.85028571428572
2025-01-29 11:00:00,113.85,113.85028571428572
2025-01-29 12:00:00,113.85,113.85028571428572
2025-01-29 13:00:00,113.84,113.85028571428572
2025-01-29 14:00:00,113.84,113.8275
2025-01-29 15:00:00,113.83,113.8275
2025-01-29 16:00:00,113.83,113.8275
2025-01-29 17:00:00,113.81,113.8275
2025-01-29 18:00:00,113.81,113.8046428571428
2025-01-29 19:00:00,113.8,113.8046428571428
2025-01-29 20:00:00,113.8,113.77894736842109
2025-01-29 21:00:00,113.8,113.77894736842109
2025-01-29 22:00:00,113.8,113.80545454545454
2025-01-29 23:00:00,113.79,113.797
2025-01-30 00:00:00,113.79,113.77894736842109
2025-01-30 01:00:00,113.8,113.77894736842109
2025-01-30 02:00:00,113.8,113.797
2025-01-30 03:00:00,113.79,113.797
2025-01-30 04:00:00,113.79,113.77894736842109
2025-01-30 05:00:00,113.78,113.77894736842109
2025-01-30 06:00:00,113.78,113.77894736842109
2025-01-30 07:00:00,113.77,113.77894736842109
2025-01-30 08:00:00,113.77,113.74666666666664
2025-01-30 09:00:00,113.76,113.74666666666664
2025-01-30 10:00:00,113.76,113.74666666666664
2025-01-30 11:00:00,113.74,113.74666666666664
2025-01-30 12:00:00,113.74,113.71550000000002
2025-01-30 13:00:00,113.73,113.71550000000002
2025-01-30 14:00:00,113.73,113.71550000000002
2025-01-30 15:00:00,113.71,113.71550000000002
2025-01-30 16:00:00,113.71,113.695
2025-01-30 17:00:00,113.69,113.695
2025-01-30 18:00:00,113.69,113.68964285714286
2025-01-30 19:00:00,113.68,113.68964285714286
2025-01-30 20:00:00,113.68,113.66653846153848
2025-01-30 21:00:00,113.66,113.66653846153848
2025-01-30 22:00:00,113.66,113.65300000000002
2025-01-30 23:00:00,113.65,113.65300000000002
2025-01-31 00:00:00,113.65,113.64
2025-01-31 01:00:00,113.66,113.64
2025-01-31 02:00:00,113.66,113.66566666666664
2025-01-31 03:00:00,113.64,113.66566666666664
2025-01-31 04:00:00,113.64,113.64
2025-01-31 05:00:00,113.62,113.64
2025-01-31 06:00:00,113.62,113.61828571428572
2025-01-31 07:00:00,113.61,113.61828571428572
2025-01-31 08:00:00,113.61,113.60605263157896
2025-01-31 09:00:00,113.59,113.60605263157896
2025-01-31 10:00:00,113.59,113.5775
2025-01-31 11:00:00,113.57,113.5775
2025-01-31 12:00:00,113.57,113.56500000000004
2025-01-31 13:00:00,113.56,113.56500000000004
2025-01-31 14:00:00,113.56,113.56500000000004
2025-01-31 15:00:00,113.55,113.56500000000004
2025-01-31 16:00:00,113.55,113.53791666666667
2025-01-31 17:00:00,113.54,113.53791666666667
2025-01-31 18:00:00,113.54,113.53791666666667
2025-01-31 19:00:00,113.53,113.53791666666667
2025-01-31 20:00:00,113.53,113.5166666666667
2025-01-31 21:00:00,113.54,113.5166666666667
2025-01-31 22:00:00,113.54,113.5527777777778
2025-01-31 23:00:00,113.55,113.5527777777778
2025-02-01 00:00:00,113.55,113.5527777777778
2025-02-01 01:00:00,113.55,113.5527777777778
2025-02-01 02:00:00,113.55,113.53791666666667
2025-02-01 03:00:00,113.54,113.53791666666667
2025-02-01 04:00:00,113.54,113.53791666666667
2025-02-01 05:00:00,113.52,113.53791666666667
2025-02-01 06:00:00,113.52,113.5166666666667
2025-02-01 07:00:00,113.52,113.5166666666667
2025-02-01 08:00:00,113.52,113.5166666666667
2025-02-01 09:00:00,113.51,113.5166666666667
2025-02-01 10:00:00,113.51,113.49652173913044
2025-02-01 11:00:00,113.5,113.49652173913044
2025-02-01 12:00:00,113.5,113.49652173913044
2025-02-01 13:00:00,113.49,113.52891891891892
2025-02-01 14:00:00,113.49,113.46999999999998
2025-02-01 15:00:00,113.48,113.46999999999998
2025-02-01 16:00:00,113.48,113.46999999999998
2025-02-01 17:00:00,113.45,113.46999999999998
2025-02-01 18:00:00,113.45,113.4416129032258
2025-02-01 19:00:00,113.44,113.4416129032258
2025-02-01 20:00:00,113.44,113.4416129032258
2025-02-01 21:00:00,113.45,113.4416129032258
2025-02-01 22:00:00,113.45,113.4416129032258
2025-02-01 23:00:00,113.46,113.4416129032258
2025-02-02 00:00:00,113.46,113.4416129032258
2025-02-02 01:00:00,113.47,113.4416129032258
2025-02-02 02:00:00,113.47,113.46999999999998
2025-02-02 03:00:00,113.47,113.46999999999998
2025-02-02 04:00:00,113.47,113.46999999999998
2025-02-02 05:00:00,113.46,113.46999999999998
2025-02-02 06:00:00,113.46,113.4416129032258
2025-02-02 07:00:00,113.45,113.4416129032258
2025-02-02 08:00:00,113.45,113.4416129032258
2025-02-02 09:00:00,113.44,113.4416129032258
2025-02-02 10:00:00,113.44,113.4416129032258
2025-02-02 11:00:00,113.46,113.4416129032258
2025-02-02 12:00:00,113.46,113.4416129032258
2025-02-02 13:00:00,113.44,113.4416129032258
2025-02-02 14:00:00,113.44,113.4416129032258
2025-02-02 15:00:00,113.42,113.4416129032258
2025-02-02 16:00:00,113.42,113.40884615384616
2025-02-02 17:00:00,113.4,113.40884615384616
2025-02-02 18:00:00,113.4,113.38750000000002
2025-02-02 19:00:00,113.4,113.38750000000002
2025-02-02 20:00:00,113.4,113.38750000000002
2025-02-02 21:00:00,113.47,113.38750000000002
2025-02-02 22:00:00,113.47,113.46999999999998
2025-02-02 23:00:00,113.51,113.46999999999998
2025-02-03 00:00:00,113.51,113.52891891891892
2025-02-03 01:00:00,113.52,113.52891891891892
2025-02-03 02:00:00,113.52,113.52891891891892
2025-02-03 03:00:00,113.5,113.52891891891892
2025-02-03 04:00:00,113.5,113.52891891891892
2025-02-03 05:00:00,113.47,113.52891891891892
2025-02-03 06:00:00,113.47,113.4913043478261
2025-02-03 07:00:00,113.45,113.4913043478261
2025-02-03 08:00:00,113.45,113.4416129032258
2025-02-03 09:00:00,113.43,113.4416129032258
2025-02-03 10:00:00,113.43,113.40884615384616
2025-02-03 11:00:00,113.43,113.40884615384616
2025-02-03 12:00:00,113.43,113.43050000000002
2025-02-03 13:00:00,113.41,113.43050000000002
2025-02-03 14:00:00,113.41,113.40884615384616
2025-02-03 15:00:00,113.39,113.40884615384616
2025-02-03 16:00:00,113.39,113.38750000000002
2025-02-03 17:00:00,113.38,113.38750000000002
2025-02-03 18:00:00,113.38,113.3785294117647
2025-02-03 19:00:00,113.36,113.3785294117647
2025-02-03 20:00:00,113.36,113.35730769230769
2025-02-03 21:00:00,113.37,113.34099999999998
2025-02-03 22:00:00,113.37,113.3785294117647
2025-02-03 23:00:00,113.37,113.3785294117647
2025-02-04 00:00:00,113.37,113.3785294117647
2025-02-04 01:00:00,113.37,113.3785294117647
2025-02-04 02:00:00,113.37,113.3785294117647
2025-02-04 03:00:00,113.34,113.3785294117647
2025-02-04 04:00:00,113.34,113.34099999999998
2025-02-04 05:00:00,113.32,113.34099999999998
2025-02-04 06:00:00,113.32,113.31909090909087
2025-02-04 07:00:00,113.31,113.31909090909087
2025-02-04 08:00:00,113.31,113.29999999999998
2025-02-04 09:00:00,113.29,113.29999999999998
2025-02-04 10:00:00,113.29,113.26793103448276
2025-02-04 11:00:00,113.26,113.26793103448276
2025-02-04 12:00:00,113.26,113.23782608695652
2025-02-04 13:00:00,113.25,113.23782608695652
2025-02-04 14:00:00,113.25,113.23782608695652
2025-02-04 15:00:00,113.23,113.23782608695652
2025-02-04 16:00:00,113.23,113.21466666666667
2025-02-04 17:00:00,113.21,113.21466666666667
2025-02-04 18:00:00,113.21,113.21466666666667
2025-02-04 19:00:00,113.19,113.21466666666667
2025-02-04 20:00:00,113.19,113.18050000000002
2025-02-04 21:00:00,113.18,113.18050000000002
2025-02-04 22:00:00,113.18,113.18050000000002
2025-02-04 23:00:00,113.18,113.18050000000002
2025-02-05 00:00:00,113.18,113.20000000000002
2025-02-05 01:00:00,113.19,113.20000000000002
2025-02-05 02:00:00,113.19,113.20000000000002
2025-02-05 03:00:00,113.17,113.20000000000002
2025-02-05 04:00:00,113.17,113.15000000000002
2025-02-05 05:00:00,113.15,113.15000000000002
2025-02-05 06:00:00,113.15,113.15000000000002
2025-02-05 07:00:00,113.14,113.15000000000002
2025-02-05 08:00:00,113.14,113.11800000000002
2025-02-05 09:00:00,113.13,113.11800000000002
2025-02-05 10:00:00,113.13,113.11800000000002
2025-02-05 11:00:00,113.14,113.11800000000002
2025-02-05 12:00:00,113.14,113.13761904761908
2025-02-05 13:00:00,113.16,113.13761904761908
2025-02-05 14:00:00,113.16,113.15000000000002
2025-02-05 15:00:00,113.14,113.15000000000002
2025-02-05 16:00:00,113.14,113.13761904761908
2025-02-05 17:00:00,113.1,113.13761904761908
2025-02-05 18:00:00,113.1,113.09772727272724
2025-02-05 19:00:00,113.07,113.09772727272724
2025-02-05 20:00:00,113.07,113.07208333333332
2025-02-05 21:00:00,113.06,113.0525
2025-02-05 22:00:00,113.06,113.0525
2025-02-05 23:00:00,113.02,113.07208333333332
2025-02-06 00:00:00,113.02,113.031935483871
2025-02-06 01:00:00,112.96,113.031935483871
2025-02-06 02:00:00,112.96,112.95061224489788
2025-02-06 03:00:00,112.91,112.95061224489788
2025-02-06 04:00:00,112.91,112.91280000000002
2025-02-06 05:00:00,112.85,112.91280000000002
2025-02-06 06:00:00,112.85,112.86153846153849
2025-02-06 07:00:00,112.78,112.86153846153849
2025-02-06 08:00:00,112.78,112.76033333333334
2025-02-06 09:00:00,112.71,112.76033333333334
2025-02-06 10:00:00,112.71,112.695
2025-02-06 11:00:00,112.66,112.695
2025-02-06 12:00:00,112.66,112.64282608695652
2025-02-06 13:00:00,112.61,112.64282608695652
2025-02-06 14:00:00,112.61,112.52299999999998
2025-02-06 15:00:00,112.54,112.52299999999998
2025-02-06 16:00:00,112.54,112.49969696969698
2025-02-06 17:00:00,112.47,112.49969696969698
2025-02-06 18:00:00,112.47,112.43419354838711
2025-02-06 19:00:00,112.45,112.43419354838711
2025-02-06 20:00:00,112.45,112.43419354838711
2025-02-06 21:00:00,112.41,112.43419354838711
2025-02-06 22:00:00,112.41,112.2508
2025-02-06 23:00:00,112.35,112.2508
2025-02-07 00:00:00,112.35,112.2508
2025-02-07 01:00:00,112.3,112.2508
2025-02-07 02:00:00,112.3,112.2508
2025-02-07 03:00:00,112.24,112.2508
2025-02-07 04:00:00,112.24,112.23476190476194
2025-02-07 05:00:00,112.18,112.23476190476194
2025-02-07 06:00:00,112.18,112.15500000000002
2025-02-07 07:00:00,112.13,112.15500000000002
2025-02-07 08:00:00,112.13,112.07590909090908
2025-02-07 09:00:00,112.08,112.07590909090908
2025-02-07 10:00:00,112.08,112.07590909090908
2025-02-07 11:00:00,112.04,112.07590909090908
2025-02-07 12:00:00,112.04,111.9925
2025-02-07 13:00:00,112.0,112.0735
2025-02-07 14:00:00,112.0,112.01870967741937
2025-02-07 15:00:00,111.92,111.9925
2025-02-07 16:00:00,111.92,111.9360606060606
2025-02-07 17:00:00,111.87,111.9360606060606
2025-02-07 18:00:00,111.87,111.83444444444442
2025-02-07 19:00:00,111.81,111.83444444444442
2025-02-07 20:00:00,111.81,111.84499999999998
2025-02-07 21:00:00,111.76,111.84499999999998
2025-02-07 22:00:00,111.76,111.84499999999998
2025-02-07 23:00:00,111.69,111.84499999999998
2025-02-08 00:00:00,111.69,111.70472222222222
2025-02-08 01:00:00,111.62,111.70472222222222
2025-02-08 02:00:00,111.62,111.58849999999998
2025-02-08 03:00:00,111.55,111.58849999999998
2025-02-08 04:00:00,111.55,111.56549999999996
2025-02-08 05:00:00,111.49,111.56549999999996
2025-02-08 06:00:00,111.49,111.45956521739129
2025-02-08 07:00:00,111.43,111.45956521739129
2025-02-08 08:00:00,111.43,111.4375
2025-02-08 09:00:00,111.36,111.4375
2025-02-08 10:00:00,111.36,111.46200000000002
2025-02-08 11:00:00,111.3,111.2585
2025-02-08 12:00:00,111.3,111.2585
2025-02-08 13:00:00,111.24,111.2585
2025-02-08 14:00:00,111.24,111.30782608695652
2025-02-08 15:00:00,111.18,111.30782608695652
2025-02-08 16:00:00,111.18,111.17749999999998
2025-02-08 17:00:00,111.12,111.17749999999998
2025-02-08 18:00:00,111.12,111.09967741935483
2025-02-08 19:00:00,111.07,111.09967741935483
2025-02-08 20:00:00,111.07,110.99739130434784
2025-02-08 21:00:00,111.02,110.99739130434784
2025-02-08 22:00:00,111.02,110.99739130434784
2025-02-08 23:00:00,110.97,110.99739130434784
2025-02-09 00:00:00,110.97,111.04260869565216
2025-02-09 01:00:00,110.96,110.77714285714283
2025-02-09 02:00:00,110.96,110.77714285714283
2025-02-09 03:00:00,110.94,110.77714285714283
2025-02-09 04:00:00,110.94,110.77714285714283
2025-02-09 05:00:00,110.9,110.77714285714283
2025-02-09 06:00:00,110.9,110.77714285714283
2025-02-09 07:00:00,110.83,110.77714285714283
2025-02-09 08:00:00,110.83,110.78199999999995
2025-02-09 09:00:00,110.76,110.78199999999995
2025-02-09 10:00:00,110.76,110.78199999999995
2025-02-09 11:00:00,110.7,110.78199999999995
2025-02-09 12:00:00,110.7,110.71363636363638
2025-02-09 13:00:00,110.65,110.71363636363638
2025-02-09 14:00:00,110.65,110.71363636363638
2025-02-09 15:00:00,110.59,110.71363636363638
2025-02-09 16:00:00,110.59,110.5118181818182
2025-02-09 17:00:00,110.52,110.5118181818182
2025-02-09 18:00:00,110.52,110.5118181818182
2025-02-09 19:00:00,110.47,110.56666666666663
2025-02-09 20:00:00,110.47,110.52258064516128
2025-02-09 21:00:00,110.45,110.46523809523808
2025-02-09 22:00:00,110.45,110.46523809523808
2025-02-09 23:00:00,110.42,110.43192307692308
2025-02-10 00:00:00,110.42,110.41500000000003
2025-02-10 01:00:00,110.36,110.41500000000003
2025-02-10 02:00:00,110.36,110.32323529411764
2025-02-10 03:00:00,110.29,110.32323529411764
2025-02-10 04:00:00,110.29,110.25171428571431
2025-02-10 05:00:00,110.23,110.25171428571431
2025-02-10 06:00:00,110.23,110.2018518518518
2025-02-10 07:00:00,110.17,110.2018518518518
2025-02-10 08:00:00,110.17,110.17
2025-02-10 09:00:00,110.12,110.17
2025-02-10 10:00:00,110.12,110.09130434782608
2025-02-10 11:00:00,110.1,110.09130434782608
2025-02-10 12:00:00,110.1,110.09130434782608
2025-02-10 13:00:00,110.07,110.09130434782608
2025-02-10 14:00:00,110.07,110.04454545454544
2025-02-10 15:00:00,110.03,110.04454545454544
2025-02-10 16:00:00,110.03,110.0095
2025-02-10 17:00:00,109.99,110.0095
2025-02-10 18:00:00,109.99,109.95904761904764
2025-02-10 19:00:00,109.96,109.95904761904764
2025-02-10 20:00:00,109.96,109.95904761904764
2025-02-10 21:00:00,109.98,109.95904761904764
2025-02-10 22:00:00,109.98,109.95904761904764
2025-02-10 23:00:00,110.01,109.95904761904764
2025-02-11 00:00:00,110.01,110.0095
2025-02-11 01:00:00,110.02,110.0095
2025-02-11 02:00:00,110.02,110.0095
2025-02-11 03:00:00,109.99,110.0095
2025-02-11 04:00:00,109.99,109.95904761904764
2025-02-11 05:00:00,109.98,109.95904761904764
2025-02-11 06:00:00,109.98,109.95904761904764
2025-02-11 07:00:00,109.98,109.95904761904764
2025-02-11 08:00:00,109.98,109.95904761904764
2025-02-11 09:00:00,110.0,109.95904761904764
2025-02-11 10:00:00,110.0,109.95904761904764
2025-02-11 11:00:00,110.02,109.95904761904764
2025-02-11 12:00:00,110.02,110.0095
2025-02-11 13:00:00,110.02,110.0095
2025-02-11 14:00:00,110.02,110.0095
2025-02-11 15:00:00,110.0,110.0095
2025-02-11 16:00:00,110.0,109.95904761904764
2025-02-11 17:00:00,109.99,109.95904761904764
2025-02-11 18:00:00,109.99,109.95904761904764
2025-02-11 19:00:00,110.0,109.95904761904764
2025-02-11 20:00:00,110.0,109.95904761904764
2025-02-11 21:00:00,110.03,109.95904761904764
2025-02-11 22:00:00,110.03,110.0095
2025-02-11 23:00:00,110.04,110.0095
2025-02-12 00:00:00,110.04,110.04454545454544
2025-02-12 01:00:00,110.04,110.04454545454544
2025-02-12 02:00:00,110.04,110.04454545454544
2025-02-12 03:00:00,110.02,110.04454545454544
2025-02-12 04:00:00,110.02,110.0095
2025-02-12 05:00:00,109.99,110.0095
2025-02-12 06:00:00,109.99,109.95904761904764
2025-02-12 07:00:00,109.97,109.95904761904764
2025-02-12 08:00:00,109.97,109.95904761904764
2025-02-12 09:00:00,109.93,109.95904761904764
2025-02-12 10:00:00,109.93,109.83363636363636
2025-02-12 11:00:00,109.92,109.83363636363636
2025-02-12 12:00:00,109.92,109.83363636363636
2025-02-12 13:00:00,109.92,109.83363636363636
2025-02-12 14:00:00,109.92,109.83363636363636
2025-02-12 15:00:00,109.88,109.83363636363636
2025-02-12 16:00:00,109.88,109.83363636363636
2025-02-12 17:00:00,109.83,109.83363636363636
2025-02-12 18:00:00,109.83,109.83363636363636
2025-02-12 19:00:00,109.82,109.83363636363636
2025-02-12 20:00:00,109.82,109.80944444444444
2025-02-12 21:00:00,109.84,109.80944444444444
2025-02-12 22:00:00,109.84,109.83363636363636
2025-02-12 23:00:00,109.83,109.83363636363636
2025-02-13 00:00:00,109.83,109.83363636363636
2025-02-13 01:00:00,109.82,109.83363636363636
2025-02-13 02:00:00,109.82,109.80944444444444
2025-02-13 03:00:00,109.8,109.80944444444444
2025-02-13 04:00:00,109.8,109.80944444444444
2025-02-13 05:00:00,109.77,109.80944444444444
2025-02-13 06:00:00,109.77,109.7808823529412
2025-02-13 07:00:00,109.75,109.7808823529412
2025-02-13 08:00:00,109.75,109.75136363636362
2025-02-13 09:00:00,109.72,109.75136363636362
2025-02-13 10:00:00,109.72,109.72235294117644
2025-02-13 11:00:00,109.72,109.72235294117644
2025-02-13 12:00:00,109.72,109.72235294117644
2025-02-13 13:00:00,109.73,109.7003448275862
2025-02-13 14:00:00,109.73,109.7003448275862
2025-02-13 15:00:00,109.69,109.7003448275862
2025-02-13 16:00:00,109.69,109.7003448275862
2025-02-13 17:00:00,109.64,109.7003448275862
2025-02-13 18:00:00,109.64,109.6314285714286
2025-02-13 19:00:00,109.61,109.6314285714286
2025-02-13 20:00:00,109.61,109.61179487179484
2025-02-13 21:00:00,109.63,109.61179487179484
2025-02-13 22:00:00,109.63,109.6314285714286
2025-02-13 23:00:00,109.63,109.6314285714286
2025-02-14 00:00:00,109.63,109.6314285714286
2025-02-14 01:00:00,109.63,109.6314285714286
2025-02-14 02:00:00,109.63,109.6314285714286
2025-02-14 03:00:00,109.63,109.6314285714286
2025-02-14 04:00:00,109.63,109.6314285714286
2025-02-14 05:00:00,109.63,109.6314285714286
2025-02-14 06:00:00,109.63,109.6314285714286
2025-02-14 07:00:00,109.62,109.6314285714286
2025-02-14 08:00:00,109.62,109.61179487179484
2025-02-14 09:00:00,109.61,109.61179487179484
2025-02-14 10:00:00,109.61,109.61179487179484
2025-02-14 11:00:00,109.63,109.61179487179484
2025-02-14 12:00:00,109.63,109.6314285714286
2025-02-14 13:00:00,109.66,109.6314285714286
2025-02-14 14:00:00,109.66,109.65000000000002
2025-02-14 15:00:00,109.66,109.65000000000002
2025-02-14 16:00:00,109.66,109.65000000000002
2025-02-14 17:00:00,109.64,109.65000000000002
2025-02-14 18:00:00,109.64,109.6314285714286
2025-02-14 19:00:00,109.66,109.6314285714286
2025-02-14 20:00:00,109.66,109.65000000000002
2025-02-14 21:00:00,109.7,109.65000000000002
2025-02-14 22:00:00,109.7,109.72235294117644
2025-02-14 23:00:00,109.7,109.72235294117644
2025-02-15 00:00:00,109.7,109.72235294117644
2025-02-15 01:00:00,109.7,109.7003448275862
2025-02-15 02:00:00,109.7,109.7003448275862
2025-02-15 03:00:00,109.69,109.7003448275862
2025-02-15 04:00:00,109.69,109.7003448275862
2025-02-15 05:00:00,109.69,109.7003448275862
2025-02-15 06:00:00,109.69,109.7003448275862
2025-02-15 07:00:00,109.68,109.7003448275862
2025-02-15 08:00:00,109.68,109.65000000000002
2025-02-15 09:00:00,109.66,109.65000000000002
2025-02-15 10:00:00,109.66,109.65000000000002
2025-02-15 11:00:00,109.67,109.65000000000002
2025-02-15 12:00:00,109.67,109.65000000000002
2025-02-15 13:00:00,109.68,109.65000000000002
2025-02-15 14:00:00,109.68,109.65000000000002
2025-02-15 15:00:00,109.68,109.65000000000002
2025-02-15 16:00:00,109.68,109.65000000000002
2025-02-15 17:00:00,109.69,109.65000000000002
2025-02-15 18:00:00,109.69,109.7003448275862
2025-02-15 19:00:00,109.74,109.7003448275862
2025-02-15 20:00:00,109.74,109.7003448275862
2025-02-15 21:00:00,109.8,109.75136363636362
2025-02-15 22:00:00,109.8,109.80944444444444
2025-02-15 23:00:00,109.81,109.80944444444444
2025-02-16 00:00:00,109.81,109.80944444444444
2025-02-16 01:00:00,109.82,109.80944444444444
2025-02-16 02:00:00,109.82,109.80944444444444
2025-02-16 03:00:00,109.82,109.80944444444444
2025-02-16 04:00:00,109.82,109.80944444444444
2025-02-16 05:00:00,109.81,109.80944444444444
2025-02-16 06:00:00,109.81,109.80944444444444
2025-02-16 07:00:00,109.8,109.80944444444444
2025-02-16 08:00:00,109.8,109.80944444444444
2025-02-16 09:00:00,109.79,109.80944444444444
2025-02-16 10:00:00,109.79,109.7808823529412
2025-02-16 11:00:00,109.78,109.7808823529412
2025-02-16 12:00:00,109.78,109.7808823529412
2025-02-16 13:00:00,109.78,109.7808823529412
2025-02-16 14:00:00,109.78,109.7808823529412
2025-02-16 15:00:00,109.78,109.7808823529412
2025-02-16 16:00:00,109.78,109.7808823529412
2025-02-16 17:00:00,109.77,109.7808823529412
2025-02-16 18:00:00,109.77,109.7808823529412
2025-02-16 19:00:00,109.77,109.7808823529412
2025-02-16 20:00:00,109.77,109.7808823529412
2025-02-16 21:00:00,109.79,109.7808823529412
2025-02-16 22:00:00,109.79,109.7808823529412
2025-02-16 23:00:00,109.83,109.7808823529412
2025-02-17 00:00:00,109.83,109.85303030303034
2025-02-17 01:00:00,109.84,109.85303030303034
2025-02-17 02:00:00,109.84,109.85303030303034
2025-02-17 03:00:00,109.82,109.85303030303034
2025-02-17 04:00:00,109.82,109.80944444444444
2025-02-17 05:00:00,109.81,109.80944444444444
2025-02-17 06:00:00,109.81,109.80944444444444
2025-02-17 07:00:00,109.81,109.80944444444444
2025-02-17 08:00:00,109.81,109.80944444444444
2025-02-17 09:00:00,109.8,109.80944444444444
2025-02-17 10:00:00,109.8,109.80944444444444
2025-02-17 11:00:00,109.82,109.80944444444444
2025-02-17 12:00:00,109.82,109.80944444444444
2025-02-17 13:00:00,109.85,109.80944444444444
2025-02-17 14:00:00,109.85,109.85303030303034
2025-02-17 15:00:00,109.84,109.85303030303034
2025-02-17 16:00:00,109.84,109.85303030303034
2025-02-17 17:00:00,109.81,109.85303030303034
2025-02-17 18:00:00,109.81,109.80944444444444
2025-02-17 19:00:00,109.79,109.80944444444444
2025-02-17 20:00:00,109.79,109.7808823529412
2025-02-17 21:00:00,109.83,109.7808823529412
2025-02-17 22:00:00,109.83,109.85303030303034
2025-02-17 23:00:00,109.88,109.85303030303034
2025-02-18 00:00:00,109.88,109.88394736842106
2025-02-18 01:00:00,109.89,109.88394736842106
2025-02-18 02:00:00,109.89,109.88394736842106
2025-02-18 03:00:00,109.89,109.88394736842106
2025-02-18 04:00:00,109.89,109.88394736842106
2025-02-18 05:00:00,109.88,109.88394736842106
2025-02-18 06:00:00,109.88,109.88394736842106
2025-02-18 07:00:00,109.86,109.88394736842106
2025-02-18 08:00:00,109.86,109.85303030303034
2025-02-18 09:00:00,109.83,109.85303030303034
2025-02-18 10:00:00,109.83,109.85303030303034
2025-02-18 11:00:00,109.83,109.85303030303034
2025-02-18 12:00:00,109.83,109.85303030303034
2025-02-18 13:00:00,109.86,109.85303030303034
2025-02-18 14:00:00,109.86,109.83363636363636
2025-02-18 15:00:00,109.86,109.85303030303034
2025-02-18 16:00:00,109.86,109.85303030303034
2025-02-18 17:00:00,109.86,109.85303030303034
2025-02-18 18:00:00,109.86,109.85303030303034
2025-02-18 19:00:00,109.84,109.85303030303034
2025-02-18 20:00:00,109.84,109.85303030303034
2025-02-18 21:00:00,109.87,109.85303030303034
2025-02-18 22:00:00,109.87,109.88394736842106
2025-02-18 23:00:00,109.88,109.88394736842106
2025-02-19 00:00:00,109.88,109.88394736842106
2025-02-19 01:00:00,109.87,109.88394736842106
2025-02-19 02:00:00,109.87,109.88394736842106
2025-02-19 03:00:00,109.85,109.88394736842106
2025-02-19 04:00:00,109.85,109.85303030303034
2025-02-19 05:00:00,109.83,109.85303030303034
2025-02-19 06:00:00,109.83,109.85303030303034
2025-02-19 07:00:00,109.82,109.85303030303034
2025-02-19 08:00:00,109.82,109.80944444444444
2025-02-19 09:00:00,109.78,109.80944444444444
2025-02-19 10:00:00,109.78,109.7808823529412
2025-02-19 11:00:00,109.76,109.7808823529412
2025-02-19 12:00:00,109.76,109.75136363636362
2025-02-19 13:00:00,109.78,109.75136363636362
2025-02-19 14:00:00,109.78,109.7808823529412
2025-02-19 15:00:00,109.78,109.7808823529412
2025-02-19 16:00:00,109.78,109.7808823529412
2025-02-19 17:00:00,109.77,109.7808823529412
2025-02-19 18:00:00,109.77,109.7808823529412
2025-02-19 19:00:00,109.76,109.7808823529412
2025-02-19 20:00:00,109.76,109.75136363636362
2025-02-19 21:00:00,109.78,109.75136363636362
2025-02-19 22:00:00,109.78,109.7808823529412
2025-02-19 23:00:00,109.82,109.7808823529412
2025-02-20 00:00:00,109.82,109.80944444444444
2025-02-20 01:00:00,109.86,109.80944444444444
2025-02-20 02:00:00,109.86,109.85303030303034
2025-02-20 03:00:00,109.87,109.85303030303034
2025-02-20 04:00:00,109.87,109.88394736842106
2025-02-20 05:00:00,109.85,109.88394736842106
2025-02-20 06:00:00,109.85,109.85303030303034
2025-02-20 07:00:00,109.84,109.85303030303034
2025-02-20 08:00:00,109.84,109.85303030303034
2025-02-20 09:00:00,109.82,109.85303030303034
2025-02-20 10:00:00,109.82,109.80944444444444
2025-02-20 11:00:00,109.8,109.80944444444444
2025-02-20 12:00:00,109.8,109.80944444444444
2025-02-20 13:00:00,109.8,109.80944444444444
2025-02-20 14:00:00,109.8,109.80944444444444
2025-02-20 15:00:00,109.77,109.80944444444444
2025-02-20 16:00:00,109.77,109.7808823529412
2025-02-20 17:00:00,109.74,109.7808823529412
2025-02-20 18:00:00,109.74,109.75136363636362
2025-02-20 19:00:00,109.73,109.7003448275862
2025-02-20 20:00:00,109.73,109.7003448275862
2025-02-20 21:00:00,109.75,109.72235294117644
2025-02-20 22:00:00,109.75,109.75136363636362
2025-02-20 23:00:00,109.79,109.75136363636362
2025-02-21 00:00:00,109.79,109.7808823529412
2025-02-21 01:00:00,109.83,109.7808823529412
2025-02-21 02:00:00,109.83,109.85303030303034
2025-02-21 03:00:00,109.8,109.85303030303034
2025-02-21 04:00:00,109.8,109.80944444444444
2025-02-21 05:00:00,109.79,109.80944444444444
2025-02-21 06:00:00,109.79,109.7808823529412
2025-02-21 07:00:00,109.78,109.7808823529412
2025-02-21 08:00:00,109.78,109.7808823529412
2025-02-21 09:00:00,109.75,109.7808823529412
2025-02-21 10:00:00,109.75,109.7003448275862
2025-02-21 11:00:00,109.72,109.7003448275862
2025-02-21 12:00:00,109.72,109.7003448275862
2025-02-21 13:00:00,109.74,109.72235294117644
2025-02-21 14:00:00,109.74,109.75136363636362
2025-02-21 15:00:00,109.73,109.7003448275862
2025-02-21 16:00:00,109.73,109.7003448275862
2025-02-21 17:00:00,109.71,109.72235294117644
2025-02-21 18:00:00,109.71,109.72235294117644
2025-02-21 19:00:00,109.7,109.72235294117644
2025-02-21 20:00:00,109.7,109.72235294117644
2025-02-21 21:00:00,109.7,109.72235294117644
2025-02-21 22:00:00,109.7,109.72235294117644
2025-02-21 23:00:00,109.69,109.72235294117644
2025-02-22 00:00:00,109.69,109.72235294117644
2025-02-22 01:00:00,109.67,109.72235294117644
2025-02-22 02:00:00,109.67,109.65000000000002
2025-02-22 03:00:00,109.64,109.65000000000002
2025-02-22 04:00:00,109.64,109.6314285714286
2025-02-22 05:00:00,109.63,109.6314285714286
2025-02-22 06:00:00,109.63,109.6314285714286
2025-02-22 07:00:00,109.62,109.6314285714286
2025-02-22 08:00:00,109.62,109.61179487179484
2025-02-22 09:00:00,109.61,109.61179487179484
2025-02-22 10:00:00,109.61,109.61179487179484
2025-02-22 11:00:00,109.61,109.61179487179484
2025-02-22 12:00:00,109.61,109.61179487179484
2025-02-22 13:00:00,109.63,109.61179487179484
2025-02-22 14:00:00,109.63,109.6314285714286
2025-02-22 15:00:00,109.64,109.6314285714286
2025-02-22 16:00:00,109.64,109.6314285714286
2025-02-22 17:00:00,109.62,109.6314285714286
2025-02-22 18:00:00,109.62,109.61179487179484
2025-02-22 19:00:00,109.61,109.61179487179484
2025-02-22 20:00:00,109.61,109.61179487179484
2025-02-22 21:00:00,109.63,109.61179487179484
2025-02-22 22:00:00,109.63,109.6314285714286
2025-02-22 23:00:00,109.62,109.6314285714286
2025-02-23 00:00:00,109.62,109.61179487179484
2025-02-23 01:00:00,109.6,109.61179487179484
2025-02-23 02:00:00,109.6,109.61179487179484
2025-02-23 03:00:00,109.57,109.61179487179484
2025-02-23 04:00:00,109.57,109.5831818181818
2025-02-23 05:00:00,109.56,109.5831818181818
2025-02-23 06:00:00,109.56,109.54666666666668
2025-02-23 07:00:00,109.55,109.54666666666668
2025-02-23 08:00:00,109.55,109.54666666666668
2025-02-23 09:00:00,109.53,109.54666666666668
2025-02-23 10:00:00,109.53,109.54666666666668
2025-02-23 11:00:00,109.49,109.54666666666668
2025-02-23 12:00:00,109.49,109.49519999999998
2025-02-23 13:00:00,109.49,109.49519999999998
2025-02-23 14:00:00,109.49,109.49519999999998
2025-02-23 15:00:00,109.51,109.49519999999998
2025-02-23 16:00:00,109.51,109.49519999999998
2025-02-23 17:00:00,109.49,109.49519999999998
2025-02-23 18:00:00,109.49,109.49519999999998
2025-02-23 19:00:00,109.46,109.49519999999998
2025-02-23 20:00:00,109.46,109.45692307692303
2025-02-23 21:00:00,109.45,109.45692307692303
2025-02-23 22:00:00,109.45,109.45692307692303
2025-02-23 23:00:00,109.46,109.45692307692303
2025-02-24 00:00:00,109.46,109.45692307692303
2025-02-24 01:00:00,109.46,109.45692307692303
2025-02-24 02:00:00,109.46,109.45692307692303
2025-02-24 03:00:00,109.43,109.45692307692303
2025-02-24 04:00:00,109.43,109.42476190476194
2025-02-24 05:00:00,109.4,109.42476190476194
2025-02-24 06:00:00,109.4,109.40133333333335
2025-02-24 07:00:00,109.38,109.40133333333335
2025-02-24 08:00:00,109.38,109.40133333333335
2025-02-24 09:00:00,109.36,109.40133333333335
2025-02-24 10:00:00,109.36,109.3459375
2025-02-24 11:00:00,109.34,109.3459375
2025-02-24 12:00:00,109.34,109.3459375
2025-02-24 13:00:00,109.34,109.3459375
2025-02-24 14:00:00,109.34,109.3459375
2025-02-24 15:00:00,109.32,109.3459375
2025-02-24 16:00:00,109.32,109.3459375
2025-02-24 17:00:00,109.27,109.3459375
2025-02-24 18:00:00,109.27,109.24499999999998
2025-02-24 19:00:00,109.23,109.24499999999998
2025-02-24 20:00:00,109.23,109.22
2025-02-24 21:00:00,109.23,109.22
2025-02-24 22:00:00,109.23,109.22
2025-02-24 23:00:00,109.24,109.22
2025-02-25 00:00:00,109.24,109.24499999999998
2025-02-25 01:00:00,109.24,109.24499999999998
2025-02-25 02:00:00,109.24,109.24499999999998
2025-02-25 03:00:00,109.22,109.24499999999998
2025-02-25 04:00:00,109.22,109.22
2025-02-25 05:00:00,109.2,109.22
2025-02-25 06:00:00,109.2,109.19521739130438
2025-02-25 07:00:00,109.19,109.19521739130438
2025-02-25 08:00:00,109.19,109.19521739130438
2025-02-25 09:00:00,109.2,109.19521739130438
2025-02-25 10:00:00,109.2,109.19521739130438
2025-02-25 11:00:00,109.21,109.19521739130438
2025-02-25 12:00:00,109.21,109.22
2025-02-25 13:00:00,109.25,109.22
2025-02-25 14:00:00,109.25,109.24499999999998
2025-02-25 15:00:00,109.26,109.27400000000006
2025-02-25 16:00:00,109.26,109.27400000000006
2025-02-25 17:00:00,109.28,109.24499999999998
2025-02-25 18:00:00,109.28,109.24499999999998
2025-02-25 19:00:00,109.3,109.24499999999998
2025-02-25 20:00:00,109.3,109.24499999999998
2025-02-25 21:00:00,109.34,109.24499999999998
2025-02-25 22:00:00,109.34,109.3459375
2025-02-25 23:00:00,109.38,109.3459375
2025-02-26 00:00:00,109.38,109.40133333333335
2025-02-26 01:00:00,109.43,109.40133333333335
2025-02-26 02:00:00,109.43,109.42476190476194
2025-02-26 03:00:00,109.43,109.42476190476194
2025-02-26 04:00:00,109.43,109.42476190476194
2025-02-26 05:00:00,109.42,109.42476190476194
2025-02-26 06:00:00,109.42,109.42476190476194
2025-02-26 07:00:00,109.41,109.42476190476194
2025-02-26 08:00:00,109.41,109.40133333333335
2025-02-26 09:00:00,109.4,109.40133333333335
2025-02-26 10:00:00,109.4,109.40133333333335
2025-02-26 11:00:00,109.42,109.40133333333335
2025-02-26 12:00:00,109.42,109.42476190476194
2025-02-26 13:00:00,109.47,109.42476190476194
2025-02-26 14:00:00,109.47,109.4675
2025-02-26 15:00:00,109.51,109.4675
2025-02-26 16:00:00,109.51,109.4675
2025-02-26 17:00:00,109.54,109.4675
2025-02-26 18:00:00,109.54,109.54666666666668
2025-02-26 19:00:00,109.55,109.54666666666668
2025-02-26 20:00:00,109.55,109.54666666666668
2025-02-26 21:00:00,109.57,109.54666666666668
2025-02-26 22:00:00,109.57,109.5831818181818
2025-02-26 23:00:00,109.62,109.5831818181818
2025-02-27 00:00:00,109.62,109.61179487179484
2025-02-27 01:00:00,109.66,109.61179487179484
2025-02-27 02:00:00,109.66,109.65000000000002
2025-02-27 03:00:00,109.69,109.65000000000002
2025-02-27 04:00:00,109.69,109.7003448275862
2025-02-27 05:00:00,109.73,109.7003448275862
2025-02-27 06:00:00,109.73,109.7003448275862
2025-02-27 07:00:00,109.78,109.7003448275862
2025-02-27 08:00:00,109.78,109.7808823529412
2025-02-27 09:00:00,109.83,109.7808823529412
2025-02-27 10:00:00,109.83,109.83363636363636
2025-02-27 11:00:00,109.87,109.83363636363636
2025-02-27 12:00:00,109.87,109.88394736842106
2025-02-27 13:00:00,109.89,109.88394736842106
2025-02-27 14:00:00,109.89,109.88394736842106
2025-02-27 15:00:00,109.89,109.88394736842106
2025-02-27 16:00:00,109.89,109.88394736842106
2025-02-27 17:00:00,109.87,109.88394736842106
2025-02-27 18:00:00,109.87,109.88394736842106
2025-02-27 19:00:00,109.87,109.88394736842106
2025-02-27 20:00:00,109.87,109.88394736842106
2025-02-27 21:00:00,109.91,109.88394736842106
2025-02-27 22:00:00,109.91,109.93333333333334
2025-02-27 23:00:00,109.94,109.93333333333334
2025-02-28 00:00:00,109.94,109.93333333333334
2025-02-28 01:00:00,109.98,109.93333333333334
2025-02-28 02:00:00,109.98,109.9885
2025-02-28 03:00:00,109.99,109.9885
2025-02-28 04:00:00,109.99,109.9885
2025-02-28 05:00:00,110.0,109.9885
2025-02-28 06:00:00,110.0,109.9885
2025-02-28 07:00:00,110.01,109.9885
2025-02-28 08:00:00,110.01,110.0095
2025-02-28 09:00:00,110.01,110.0095
2025-02-28 10:00:00,110.01,110.0095
2025-02-28 11:00:00,110.0,110.0095
2025-02-28 12:00:00,110.0,109.95904761904764
2025-02-28 13:00:00,110.0,109.95904761904764
2025-02-28 14:00:00,110.0,109.95904761904764
2025-02-28 15:00:00,110.0,109.95904761904764
2025-02-28 16:00:00,110.0,109.95904761904764
2025-02-28 17:00:00,109.97,109.95904761904764
2025-02-28 18:00:00,109.97,109.95904761904764
2025-02-28 19:00:00,109.94,109.95904761904764
2025-02-28 20:00:00,109.94,109.93333333333334
2025-02-28 21:00:00,109.97,109.93333333333334
2025-02-28 22:00:00,109.97,109.95904761904764
2025-02-28 23:00:00,110.02,109.95904761904764
2025-03-01 00:00:00,110.02,110.0095
2025-03-01 01:00:00,110.05,110.0095
2025-03-01 02:00:00,110.05,110.0755
2025-03-01 03:00:00,110.04,110.0755
2025-03-01 04:00:00,110.04,110.0755
2025-03-01 05:00:00,110.02,110.0755
2025-03-01 06:00:00,110.02,110.0095
2025-03-01 07:00:00,110.01,110.0095
2025-03-01 08:00:00,110.01,110.0095
2025-03-01 09:00:00,109.99,110.0095
2025-03-01 10:00:00,109.99,109.95904761904764
2025-03-01 11:00:00,109.97,109.95904761904764
2025-03-01 12:00:00,109.97,109.95904761904764
2025-03-01 13:00:00,109.97,109.95904761904764
2025-03-01 14:00:00,109.97,109.95904761904764
2025-03-01 15:00:00,109.97,109.95904761904764
2025-03-01 16:00:00,109.97,109.95904761904764
2025-03-01 17:00:00,109.96,109.95904761904764
2025-03-01 18:00:00,109.96,109.95904761904764
2025-03-01 19:00:00,109.97,109.95904761904764
2025-03-01 20:00:00,109.97,109.95904761904764
2025-03-01 21:00:00,110.01,109.95904761904764
2025-03-01 22:00:00,110.01,110.0095
2025-03-01 23:00:00,110.03,110.0095
2025-03-02 00:00:00,110.03,110.025
2025-03-02 01:00:00,110.02,110.025
2025-03-02 02:00:00,110.02,110.025
2025-03-02 03:00:00,110.01,110.025
2025-03-02 04:00:00,110.01,110.025
2025-03-02 05:00:00,110.0,110.025
2025-03-02 06:00:00,110.0,109.95904761904764
2025-03-02 07:00:00,109.99,109.95904761904764
2025-03-02 08:00:00,109.99,109.95904761904764
2025-03-02 09:00:00,109.97,109.95904761904764
2025-03-02 10:00:00,109.97,109.95904761904764
2025-03-02 11:00:00,109.96,109.95904761904764
2025-03-02 12:00:00,109.96,109.95904761904764
2025-03-02 13:00:00,109.96,109.95904761904764
2025-03-02 14:00:00,109.96,109.95904761904764
2025-03-02 15:00:00,109.97,109.95904761904764
2025-03-02 16:00:00,109.97,109.95904761904764
2025-03-02 17:00:00,109.95,109.95904761904764
2025-03-02 18:00:00,109.95,109.95904761904764
2025-03-02 19:00:00,109.92,109.95904761904764
2025-03-02 20:00:00,109.92,109.91090909090912
2025-03-02 21:00:00,109.9,109.91090909090912
2025-03-02 22:00:00,109.9,109.91090909090912
2025-03-02 23:00:00,109.95,109.91090909090912
2025-03-03 00:00:00,109.95,109.95904761904764
2025-03-03 01:00:00,109.95,109.95904761904764
2025-03-03 02:00:00,109.95,109.95904761904764
2025-03-03 03:00:00,109.93,109.95904761904764
2025-03-03 04:00:00,109.93,109.91090909090912
2025-03-03 05:00:00,109.92,109.91090909090912
2025-03-03 06:00:00,109.92,109.91090909090912
2025-03-03 07:00:00,109.91,109.91090909090912
2025-03-03 08:00:00,109.91,109.91090909090912
2025-03-03 09:00:00,109.91,109.91090909090912
2025-03-03 10:00:00,109.91,109.91090909090912
2025-03-03 11:00:00,109.91,109.91090909090912
2025-03-03 12:00:00,109.91,109.91090909090912
2025-03-03 13:00:00,109.94,109.91090909090912
2025-03-03 14:00:00,109.94,109.91090909090912
2025-03-03 15:00:00,109.95,109.91090909090912
2025-03-03 16:00:00,109.95,109.95904761904764
2025-03-03 17:00:00,109.92,109.95904761904764
2025-03-03 18:00:00,109.92,109.91090909090912
2025-03-03 19:00:00,109.91,109.91090909090912
2025-03-03 20:00:00,109.91,109.91090909090912
2025-03-03 21:00:00,109.93,109.91090909090912
2025-03-03 22:00:00,109.93,109.91090909090912
2025-03-03 23:00:00,109.96,109.91090909090912
2025-03-04 00:00:00,109.96,109.95904761904764
2025-03-04 01:00:00,110.02,109.95904761904764
2025-03-04 02:00:00,110.02,110.025
2025-03-04 03:00:00,110.08,110.025
2025-03-04 04:00:00,110.08,110.1408
2025-03-04 05:00:00,110.11,110.1408
2025-03-04 06:00:00,110.11,110.1408
2025-03-04 07:00:00,110.11,110.1408
2025-03-04 08:00:00,110.11,110.1408
2025-03-04 09:00:00,110.1,110.1408
2025-03-04 10:00:00,110.1,110.1408
2025-03-04 11:00:00,110.12,110.1408
2025-03-04 12:00:00,110.12,110.1408
2025-03-04 13:00:00,110.17,110.1408
2025-03-04 14:00:00,110.17,110.1752
2025-03-04 15:00:00,110.13,110.1752
2025-03-04 16:00:00,110.13,110.1408
2025-03-04 17:00:00,110.07,110.1408
2025-03-04 18:00:00,110.07,110.0755
2025-03-04 19:00:00,110.01,110.0755
2025-03-04 20:00:00,110.01,110.0095
2025-03-04 21:00:00,110.0,110.0095
2025-03-04 22:00:00,110.0,109.95904761904764
2025-03-04 23:00:00,110.0,109.95904761904764
2025-03-05 00:00:00,110.0,109.95904761904764
2025-03-05 01:00:00,109.98,109.95904761904764
2025-03-05 02:00:00,109.98,109.95904761904764
2025-03-05 03:00:00,109.93,109.95904761904764
2025-03-05 04:00:00,109.93,109.91090909090912
2025-03-05 05:00:00,109.88,109.91090909090912
2025-03-05 06:00:00,109.88,109.88394736842106
2025-03-05 07:00:00,109.83,109.88394736842106
2025-03-05 08:00:00,109.83,109.85303030303034
2025-03-05 09:00:00,109.77,109.85303030303034
2025-03-05 10:00:00,109.77,109.7808823529412
2025-03-05 11:00:00,109.73,109.7808823529412
2025-03-05 12:00:00,109.73,109.7003448275862
2025-03-05 13:00:00,109.7,109.72235294117644
2025-03-05 14:00:00,109.7,109.72235294117644
2025-03-05 15:00:00,109.64,109.72235294117644
2025-03-05 16:00:00,109.64,109.66700000000004
2025-03-05 17:00:00,109.58,109.66700000000004
2025-03-05 18:00:00,109.58,109.5831818181818
2025-03-05 19:00:00,109.53,109.5831818181818
2025-03-05 20:00:00,109.53,109.54666666666668
2025-03-05 21:00:00,109.51,109.54666666666668
2025-03-05 22:00:00,109.51,109.4675
2025-03-05 23:00:00,109.47,109.4675
2025-03-06 00:00:00,109.47,109.4675
2025-03-06 01:00:00,109.43,109.4675
2025-03-06 02:00:00,109.43,109.42476190476194
2025-03-06 03:00:00,109.41,109.42476190476194
2025-03-06 04:00:00,109.41,109.40133333333335
2025-03-06 05:00:00,109.35,109.40133333333335
2025-03-06 06:00:00,109.35,109.3459375
2025-03-06 07:00:00,109.28,109.3459375
2025-03-06 08:00:00,109.28,109.24499999999998
2025-03-06 09:00:00,109.21,109.24499999999998
2025-03-06 10:00:00,109.21,109.22
2025-03-06 11:00:00,109.19,109.22
2025-03-06 12:00:00,109.19,109.19521739130438
2025-03-06 13:00:00,109.2,109.19521739130438
2025-03-06 14:00:00,109.2,109.19521739130438
2025-03-06 15:00:00,109.16,109.19521739130438
2025-03-06 16:00:00,109.16,109.16552631578944
2025-03-06 17:00:00,109.1,109.16552631578944
2025-03-06 18:00:00,109.1,109.0690625
2025-03-06 19:00:00,109.04,109.0690625
2025-03-06 20:00:00,109.04,109.0338235294118
2025-03-06 21:00:00,108.98,109.0338235294118
2025-03-06 22:00:00,108.98,108.99172413793104
2025-03-06 23:00:00,108.95,108.99172413793104
2025-03-07 00:00:00,108.95,108.9377272727273
2025-03-07 01:00:00,108.92,108.9377272727273
2025-03-07 02:00:00,108.92,108.91200000000002
2025-03-07 03:00:00,108.88,108.91200000000002
2025-03-07 04:00:00,108.88,108.85416666666669
2025-03-07 05:00:00,108.84,108.85416666666669
2025-03-07 06:00:00,108.84,108.81791666666668
2025-03-07 07:00:00,108.81,108.81791666666668
2025-03-07 08:00:00,108.81,108.79541666666668
2025-03-07 09:00:00,108.75,108.79541666666668
2025-03-07 10:00:00,108.75,108.72862068965514
2025-03-07 11:00:00,108.72,108.72862068965514
2025-03-07 12:00:00,108.72,108.72862068965514
2025-03-07 13:00:00,108.69,108.72862068965514
2025-03-07 14:00:00,108.69,108.68190476190478
2025-03-07 15:00:00,108.63,108.68190476190478
2025-03-07 16:00:00,108.63,108.60299999999997
2025-03-07 17:00:00,108.58,108.60299999999997
2025-03-07 18:00:00,108.58,108.55428571428573
2025-03-07 19:00:00,108.54,108.55428571428573
2025-03-07 20:00:00,108.54,108.52270270270276
2025-03-07 21:00:00,108.5,108.52270270270276
2025-03-07 22:00:00,108.5,108.48799999999996
2025-03-07 23:00:00,108.45,108.48799999999996
2025-03-08 00:00:00,108.45,108.43200000000004
2025-03-08 01:00:00,108.42,108.43200000000004
2025-03-08 02:00:00,108.42,108.37095238095236
2025-03-08 03:00:00,108.41,108.37095238095236
2025-03-08 04:00:00,108.41,108.37095238095236
2025-03-08 05:00:00,108.39,108.37095238095236
2025-03-08 06:00:00,108.39,108.37095238095236
2025-03-08 07:00:00,108.37,108.37095238095236
2025-03-08 08:00:00,108.37,108.34733333333334
2025-03-08 09:00:00,108.34,108.34733333333334
2025-03-08 10:00:00,108.34,108.34733333333334
2025-03-08 11:00:00,108.3,108.34733333333334
2025-03-08 12:00:00,108.3,108.2971875
2025-03-08 13:00:00,108.25,108.2971875
2025-03-08 14:00:00,108.25,108.24
2025-03-08 15:00:00,108.18,108.24
2025-03-08 16:00:00,108.18,108.16486486486488
2025-03-08 17:00:00,108.14,108.16486486486488
2025-03-08 18:00:00,108.14,108.13156250000002
2025-03-08 19:00:00,108.1,108.13156250000002
2025-03-08 20:00:00,108.1,108.10624999999996
2025-03-08 21:00:00,108.03,108.10624999999996
2025-03-08 22:00:00,108.03,108.01968750000005
2025-03-08 23:00:00,107.98,108.01968750000005
2025-03-09 00:00:00,107.98,107.9624324324324
2025-03-09 01:00:00,107.96,107.9624324324324
2025-03-09 02:00:00,107.96,107.9624324324324
2025-03-09 03:00:00,107.93,107.9624324324324
2025-03-09 04:00:00,107.93,107.89615384615384
2025-03-09 05:00:00,107.9,107.89615384615384
2025-03-09 06:00:00,107.9,107.89615384615384
2025-03-09 07:00:00,107.85,107.89615384615384
2025-03-09 08:00:00,107.85,107.81225806451612
2025-03-09 09:00:00,107.82,107.81225806451612
2025-03-09 10:00:00,107.82,107.81225806451612
2025-03-09 11:00:00,107.79,107.81225806451612
2025-03-09 12:00:00,107.79,107.7694117647059
2025-03-09 13:00:00,107.76,107.7694117647059
2025-03-09 14:00:00,107.76,107.74333333333335
2025-03-09 15:00:00,107.72,107.74333333333335
2025-03-09 16:00:00,107.72,107.69432432432431
2025-03-09 17:00:00,107.67,107.69432432432431
2025-03-09 18:00:00,107.67,107.6466666666667
2025-03-09 19:00:00,107.62,107.6466666666667
2025-03-09 20:00:00,107.62,107.60379310344828
2025-03-09 21:00:00,107.59,107.60379310344828
2025-03-09 22:00:00,107.59,107.60379310344828
2025-03-09 23:00:00,107.57,107.60379310344828
2025-03-10 00:00:00,107.57,107.55375
2025-03-10 01:00:00,107.55,107.55375
2025-03-10 02:00:00,107.55,107.53687500000004
2025-03-10 03:00:00,107.53,107.53687500000004
2025-03-10 04:00:00,107.53,107.51565217391308
2025-03-10 05:00:00,107.52,107.51565217391308
2025-03-10 06:00:00,107.52,107.51565217391308
2025-03-10 07:00:00,107.48,107.51565217391308
2025-03-10 08:00:00,107.48,107.47741935483867
2025-03-10 09:00:00,107.42,107.47741935483867
2025-03-10 10:00:00,107.42,107.42250000000004
2025-03-10 11:00:00,107.37,107.42250000000004
2025-03-10 12:00:00,107.37,107.38607142857144
2025-03-10 13:00:00,107.34,107.38607142857144
2025-03-10 14:00:00,107.34,107.325652173913
2025-03-10 15:00:00,107.27,107.325652173913
2025-03-10 16:00:00,107.27,107.25999999999998
2025-03-10 17:00:00,107.19,107.25999999999998
2025-03-10 18:00:00,107.19,107.1753125
2025-03-10 19:00:00,107.16,107.1753125
2025-03-10 20:00:00,107.16,107.1325
2025-03-10 21:00:00,107.12,107.1325
2025-03-10 22:00:00,107.12,107.1062068965517
2025-03-10 23:00:00,107.08,107.1062068965517
2025-03-11 00:00:00,107.08,107.07346153846152
2025-03-11 01:00:00,107.03,107.04875
2025-03-11 02:00:00,107.03,107.00759999999998
2025-03-11 03:00:00,106.97,107.00759999999998
2025-03-11 04:00:00,106.97,106.9755
2025-03-11 05:00:00,106.91,106.9755
2025-03-11 06:00:00,106.91,106.9274285714286
2025-03-11 07:00:00,106.84,106.9274285714286
2025-03-11 08:00:00,106.84,106.81324324324324
2025-03-11 09:00:00,106.78,106.81324324324324
2025-03-11 10:00:00,106.78,106.7937037037037
2025-03-11 11:00:00,106.72,106.7937037037037
2025-03-11 12:00:00,106.72,106.70535714285714
2025-03-11 13:00:00,106.66,106.70535714285714
2025-03-11 14:00:00,106.66,106.65375
2025-03-11 15:00:00,106.6,106.65375
2025-03-11 16:00:00,106.6,106.60649999999995
2025-03-11 17:00:00,106.53,106.60649999999995
2025-03-11 18:00:00,106.53,106.47428571428571
2025-03-11 19:00:00,106.47,106.47428571428571
2025-03-11 20:00:00,106.47,106.47428571428571
2025-03-11 21:00:00,106.45,106.47428571428571
2025-03-11 22:00:00,106.45,106.37318181818182
2025-03-11 23:00:00,106.42,106.37318181818182
2025-03-12 00:00:00,106.42,106.37318181818182
2025-03-12 01:00:00,106.37,106.37318181818182
2025-03-12 02:00:00,106.37,106.3290476190476
2025-03-12 03:00:00,106.31,106.3290476190476
2025-03-12 04:00:00,106.31,106.29916666666666
2025-03-12 05:00:00,106.25,106.29916666666666
2025-03-12 06:00:00,106.25,106.2508823529412
2025-03-12 07:00:00,106.19,106.2508823529412
2025-03-12 08:00:00,106.19,106.15750000000004
2025-03-12 09:00:00,106.14,106.15750000000004
2025-03-12 10:00:00,106.14,106.1124
2025-03-12 11:00:00,106.1,106.1124
2025-03-12 12:00:00,106.1,106.05763157894734
2025-03-12 13:00:00,106.04,106.05763157894734
2025-03-12 14:00:00,106.04,106.0465217391304
2025-03-12 15:00:00,105.96,106.0465217391304
2025-03-12 16:00:00,105.96,105.94904761904763
2025-03-12 17:00:00,105.88,105.94904761904763
2025-03-12 18:00:00,105.88,105.86181818181817
2025-03-12 19:00:00,105.83,105.86181818181817
2025-03-12 20:00:00,105.83,105.82444444444444
2025-03-12 21:00:00,105.78,105.82444444444444
2025-03-12 22:00:00,105.78,105.7373913043478
2025-03-12 23:00:00,105.74,105.7373913043478
2025-03-13 00:00:00,105.74,105.76190476190476
2025-03-13 01:00:00,105.69,105.76190476190476
2025-03-13 02:00:00,105.69,105.68090909090913
2025-03-13 03:00:00,105.63,105.68090909090913
2025-03-13 04:00:00,105.63,105.61349999999996
2025-03-13 05:00:00,105.57,105.61349999999996
2025-03-13 06:00:00,105.57,105.54777777777775
2025-03-13 07:00:00,105.5,105.54777777777775
2025-03-13 08:00:00,105.5,105.5
2025-03-13 09:00:00,105.44,105.5
2025-03-13 10:00:00,105.44,105.44739130434782
2025-03-13 11:00:00,105.38,105.44739130434782
2025-03-13 12:00:00,105.38,105.36131578947372
2025-03-13 13:00:00,105.33,105.36131578947372
2025-03-13 14:00:00,105.33,105.3173913043478
2025-03-13 15:00:00,105.26,105.3173913043478
2025-03-13 16:00:00,105.26,105.268
2025-03-13 17:00:00,105.19,105.268
2025-03-13 18:00:00,105.19,105.1622222222222
2025-03-13 19:00:00,105.15,105.1622222222222
2025-03-13 20:00:00,105.15,105.1622222222222
2025-03-13 21:00:00,105.14,105.1622222222222
2025-03-13 22:00:00,105.14,105.1622222222222
2025-03-13 23:00:00,105.12,105.1622222222222
2025-03-14 00:00:00,105.12,105.11548387096774
2025-03-14 01:00:00,105.08,105.11548387096774
2025-03-14 02:00:00,105.08,105.066875
2025-03-14 03:00:00,105.02,105.066875
2025-03-14 04:00:00,105.02,105.01971428571429
2025-03-14 05:00:00,104.94,105.01971428571429
2025-03-14 06:00:00,104.94,104.92027027027028
2025-03-14 07:00:00,104.88,104.92027027027028
2025-03-14 08:00:00,104.88,104.88
2025-03-14 09:00:00,104.82,104.88
2025-03-14 10:00:00,104.82,104.79333333333332
2025-03-14 11:00:00,104.77,104.79333333333332
2025-03-14 12:00:00,104.77,104.75375000000004
2025-03-14 13:00:00,104.73,104.75375000000004
2025-03-14 14:00:00,104.73,104.72086956521738
2025-03-14 15:00:00,104.64,104.72086956521738
2025-03-14 16:00:00,104.64,104.66774193548386
2025-03-14 17:00:00,104.57,104.66774193548386
2025-03-14 18:00:00,104.57,104.60172413793104
2025-03-14 19:00:00,104.51,104.60172413793104
2025-03-14 20:00:00,104.51,104.49729729729734
2025-03-14 21:00:00,104.46,104.49729729729734
2025-03-14 22:00:00,104.46,104.49729729729734
2025-03-14 23:00:00,104.44,104.49729729729734
2025-03-15 00:00:00,104.44,104.37433333333335
2025-03-15 01:00:00,104.42,104.37433333333335
2025-03-15 02:00:00,104.42,104.37433333333335
2025-03-15 03:00:00,104.38,104.37433333333335
2025-03-15 04:00:00,104.38,104.37433333333335
2025-03-15 05:00:00,104.34,104.37433333333335
2025-03-15 06:00:00,104.34,104.37433333333335
2025-03-15 07:00:00,104.29,104.37433333333335
2025-03-15 08:00:00,104.29,104.295
2025-03-15 09:00:00,104.25,104.295
2025-03-15 10:00:00,104.25,104.2413043478261
2025-03-15 11:00:00,104.21,104.2413043478261
2025-03-15 12:00:00,104.21,104.17851851851852
2025-03-15 13:00:00,104.18,104.17851851851852
2025-03-15 14:00:00,104.18,104.17851851851852
2025-03-15 15:00:00,104.14,104.17851851851852
2025-03-15 16:00:00,104.14,104.17851851851852
2025-03-15 17:00:00,104.08,104.17851851851852
2025-03-15 18:00:00,104.08,104.04740740740742
2025-03-15 19:00:00,104.05,104.04740740740742
2025-03-15 20:00:00,104.05,104.04740740740742
2025-03-15 21:00:00,104.03,104.04740740740742
2025-03-15 22:00:00,104.03,104.04740740740742
2025-03-15 23:00:00,104.01,104.04740740740742
2025-03-16 00:00:00,104.01,104.00107142857144
2025-03-16 01:00:00,103.98,104.00107142857144
2025-03-16 02:00:00,103.98,104.00107142857144
2025-03-16 03:00:00,103.95,104.00107142857144
2025-03-16 04:00:00,103.95,103.8920588235294
2025-03-16 05:00:00,103.91,103.8920588235294
2025-03-16 06:00:00,103.91,103.8920588235294
2025-03-16 07:00:00,103.87,103.8920588235294
2025-03-16 08:00:00,103.87,103.8920588235294
2025-03-16 09:00:00,103.85,103.8920588235294
2025-03-16 10:00:00,103.85,103.89407407407408
2025-03-16 11:00:00,103.82,103.89407407407408
2025-03-16 12:00:00,103.82,103.818
2025-03-16 13:00:00,103.81,103.818
2025-03-16 14:00:00,103.81,103.818
2025-03-16 15:00:00,103.8,103.818
2025-03-16 16:00:00,103.8,103.818
2025-03-16 17:00:00,103.78,103.818
2025-03-16 18:00:00,103.78,103.818
2025-03-16 19:00:00,103.76,103.818
2025-03-16 20:00:00,103.76,103.73043478260868
2025-03-16 21:00:00,103.75,103.73043478260868
2025-03-16 22:00:00,103.75,103.73043478260868
2025-03-16 23:00:00,103.77,103.73043478260868
2025-03-17 00:00:00,103.77,103.73043478260868
2025-03-17 01:00:00,103.77,103.73043478260868
2025-03-17 02:00:00,103.77,103.73043478260868
2025-03-17 03:00:00,103.76,103.73043478260868
2025-03-17 04:00:00,103.76,103.73043478260868
2025-03-17 05:00:00,103.72,103.73043478260868
2025-03-17 06:00:00,103.72,103.65727272727275
2025-03-17 07:00:00,103.7,103.65727272727275
2025-03-17 08:00:00,103.7,103.65727272727275
2025-03-17 09:00:00,103.66,103.65727272727275
2025-03-17 10:00:00,103.66,103.65727272727275
2025-03-17 11:00:00,103.62,103.65727272727275
2025-03-17 12:00:00,103.62,103.4435
2025-03-17 13:00:00,103.58,103.4435
2025-03-17 14:00:00,103.58,103.4435
2025-03-17 15:00:00,103.54,103.4435
2025-03-17 16:00:00,103.54,103.4435
2025-03-17 17:00:00,103.5,103.4435
2025-03-17 18:00:00,103.5,103.4435
2025-03-17 19:00:00,103.46,103.4435
2025-03-17 20:00:00,103.46,103.475
2025-03-17 21:00:00,103.48,103.475
2025-03-17 22:00:00,103.48,103.475
2025-03-17 23:00:00,103.49,103.475
2025-03-18 00:00:00,103.49,103.475
2025-03-18 01:00:00,103.47,103.475
2025-03-18 02:00:00,103.47,103.475
2025-03-18 03:00:00,103.47,103.475
2025-03-18 04:00:00,103.47,103.475
2025-03-18 05:00:00,103.46,103.475
2025-03-18 06:00:00,103.46,103.475
2025-03-18 07:00:00,103.44,103.475
2025-03-18 08:00:00,103.44,103.475
2025-03-18 09:00:00,103.42,103.475
2025-03-18 10:00:00,103.42,103.41420833333332
2025-03-18 11:00:00,103.4,103.41420833333332
2025-03-18 12:00:00,103.4,103.41420833333332
2025-03-18 13:00:00,103.37,103.41420833333332
2025-03-18 14:00:00,103.37,103.35099999999996
2025-03-18 15:00:00,103.31,103.35099999999996
2025-03-18 16:00:00,103.31,103.35099999999996
2025-03-18 17:00:00,103.27,103.35099999999996
2025-03-18 18:00:00,103.27,103.25235294117644
2025-03-18 19:00:00,103.25,103.25235294117644
2025-03-18 20:00:00,103.25,103.25235294117644
2025-03-18 21:00:00,103.24,103.25235294117644
2025-03-18 22:00:00,103.24,103.25235294117644
2025-03-18 23:00:00,103.23,103.25235294117644
2025-03-19 00:00:00,103.23,103.25235294117644
2025-03-19 01:00:00,103.23,103.25235294117644
2025-03-19 02:00:00,103.23,103.25235294117644
2025-03-19 03:00:00,103.2,103.25235294117644
2025-03-19 04:00:00,103.2,103.18884615384614
2025-03-19 05:00:00,103.16,103.18884615384614
2025-03-19 06:00:00,103.16,103.18884615384614
2025-03-19 07:00:00,103.14,103.18884615384614
2025-03-19 08:00:00,103.14,103.10342105263156
2025-03-19 09:00:00,103.11,103.10342105263156
2025-03-19 10:00:00,103.11,103.10342105263156
2025-03-19 11:00:00,103.09,103.10342105263156
2025-03-19 12:00:00,103.09,103.10342105263156
2025-03-19 13:00:00,103.07,103.10342105263156
2025-03-19 14:00:00,103.07,103.10342105263156
2025-03-19 15:00:00,103.04,103.10342105263156
2025-03-19 16:00:00,103.04,103.03285714285713
2025-03-19 17:00:00,102.99,103.03285714285713
2025-03-19 18:00:00,102.99,102.99
2025-03-19 19:00:00,102.94,102.99
2025-03-19 20:00:00,102.94,102.92586206896551
2025-03-19 21:00:00,102.94,102.92586206896551
2025-03-19 22:00:00,102.94,102.92586206896551
2025-03-19 23:00:00,102.96,102.92586206896551
2025-03-20 00:00:00,102.96,102.99
2025-03-20 01:00:00,102.97,102.99
2025-03-20 02:00:00,102.97,102.99
2025-03-20 03:00:00,102.96,102.99
2025-03-20 04:00:00,102.96,102.99
2025-03-20 05:00:00,102.94,102.99
2025-03-20 06:00:00,102.94,102.92586206896551
2025-03-20 07:00:00,102.92,102.92586206896551
2025-03-20 08:00:00,102.92,102.92586206896551
2025-03-20 09:00:00,102.9,102.92586206896551
2025-03-20 10:00:00,102.9,102.92586206896551
2025-03-20 11:00:00,102.87,102.92586206896551
2025-03-20 12:00:00,102.87,102.8675
2025-03-20 13:00:00,102.85,102.8675
2025-03-20 14:00:00,102.85,102.82571428571428
2025-03-20 15:00:00,102.82,102.82571428571428
2025-03-20 16:00:00,102.82,102.82571428571428
2025-03-20 17:00:00,102.77,102.82571428571428
2025-03-20 18:00:00,102.77,102.77861111111116
2025-03-20 19:00:00,102.72,102.77861111111116
2025-03-20 20:00:00,102.72,102.71850000000002
2025-03-20 21:00:00,102.71,102.71850000000002
2025-03-20 22:00:00,102.71,102.71850000000002
2025-03-20 23:00:00,102.71,102.71850000000002
2025-03-21 00:00:00,102.71,102.71850000000002
2025-03-21 01:00:00,102.72,102.71850000000002
2025-03-21 02:00:00,102.72,102.71850000000002
2025-03-21 03:00:00,102.7,102.71850000000002
2025-03-21 04:00:00,102.7,102.67900000000004
2025-03-21 05:00:00,102.7,102.67900000000004
2025-03-21 06:00:00,102.7,102.67900000000004
2025-03-21 07:00:00,102.7,102.67900000000004
2025-03-21 08:00:00,102.7,102.67900000000004
2025-03-21 09:00:00,102.7,102.67900000000004
2025-03-21 10:00:00,102.7,102.67900000000004
2025-03-21 11:00:00,102.7,102.67900000000004
2025-03-21 12:00:00,102.7,102.67900000000004
2025-03-21 13:00:00,102.69,102.67900000000004
2025-03-21 14:00:00,102.69,102.67900000000004
2025-03-21 15:00:00,102.65,102.67900000000004
2025-03-21 16:00:00,102.65,102.6558333333333
2025-03-21 17:00:00,102.63,102.6558333333333
2025-03-21 18:00:00,102.63,102.62472222222225
2025-03-21 19:00:00,102.62,102.62472222222225
2025-03-21 20:00:00,102.62,102.62472222222225
2025-03-21 21:00:00,102.62,102.62472222222225
2025-03-21 22:00:00,102.62,102.62472222222225
2025-03-21 23:00:00,102.64,102.62472222222225
2025-03-22 00:00:00,102.64,102.62472222222225
2025-03-22 01:00:00,102.64,102.62472222222225
2025-03-22 02:00:00,102.64,102.62472222222225
2025-03-22 03:00:00,102.63,102.62472222222225
2025-03-22 04:00:00,102.63,102.62472222222225
2025-03-22 05:00:00,102.61,102.62472222222225
2025-03-22 06:00:00,102.61,102.62472222222225
2025-03-22 07:00:00,102.61,102.62472222222225
2025-03-22 08:00:00,102.61,102.62472222222225
2025-03-22 09:00:00,102.61,102.62472222222225
2025-03-22 10:00:00,102.61,102.62472222222225
2025-03-22 11:00:00,102.63,102.62472222222225
2025-03-22 12:00:00,102.63,102.62472222222225
2025-03-22 13:00:00,102.63,102.62472222222225
2025-03-22 14:00:00,102.63,102.62472222222225
2025-03-22 15:00:00,102.62,102.62472222222225
2025-03-22 16:00:00,102.62,102.62472222222225
2025-03-22 17:00:00,102.61,102.62472222222225
2025-03-22 18:00:00,102.61,102.62472222222225
2025-03-22 19:00:00,102.6,102.62472222222225
2025-03-22 20:00:00,102.6,102.57136363636364
2025-03-22 21:00:00,102.6,102.57136363636364
2025-03-22 22:00:00,102.6,102.57136363636364
2025-03-22 23:00:00,102.61,102.57136363636364
2025-03-23 00:00:00,102.61,102.62472222222225
2025-03-23 01:00:00,102.63,102.62472222222225
2025-03-23 02:00:00,102.63,102.62472222222225
2025-03-23 03:00:00,102.6,102.62472222222225
2025-03-23 04:00:00,102.6,102.57136363636364
2025-03-23 05:00:00,102.57,102.57136363636364
2025-03-23 06:00:00,102.57,102.57136363636364
2025-03-23 07:00:00,102.54,102.57136363636364
2025-03-23 08:00:00,102.54,102.5205
2025-03-23 09:00:00,102.51,102.5205
2025-03-23 10:00:00,102.51,102.5205
2025-03-23 11:00:00,102.49,102.5205
2025-03-23 12:00:00,102.49,102.47454545454546
2025-03-23 13:00:00,102.49,102.47454545454546
2025-03-23 14:00:00,102.49,102.47454545454546
2025-03-23 15:00:00,102.48,102.47454545454546
2025-03-23 16:00:00,102.48,102.47454545454546
2025-03-23 17:00:00,102.46,102.47454545454546
2025-03-23 18:00:00,102.46,102.47454545454546
2025-03-23 19:00:00,102.44,102.47454545454546
2025-03-23 20:00:00,102.44,102.4117391304348
2025-03-23 21:00:00,102.43,102.4117391304348
2025-03-23 22:00:00,102.43,102.4117391304348
2025-03-23 23:00:00,102.44,102.4117391304348
2025-03-24 00:00:00,102.44,102.4117391304348
2025-03-24 01:00:00,102.42,102.4117391304348
2025-03-24 02:00:00,102.42,102.4117391304348
2025-03-24 03:00:00,102.39,102.4117391304348
2025-03-24 04:00:00,102.39,102.4117391304348
2025-03-24 05:00:00,102.37,102.4117391304348
2025-03-24 06:00:00,102.37,102.32848484848488
2025-03-24 07:00:00,102.37,102.32848484848488
2025-03-24 08:00:00,102.37,102.32848484848488
2025-03-24 09:00:00,102.38,102.32848484848488
2025-03-24 10:00:00,102.38,102.32848484848488
2025-03-24 11:00:00,102.38,102.32848484848488
2025-03-24 12:00:00,102.38,102.32848484848488
2025-03-24 13:00:00,102.37,102.32848484848488
2025-03-24 14:00:00,102.37,102.32848484848488
2025-03-24 15:00:00,102.32,102.32848484848488
2025-03-24 16:00:00,102.32,102.32848484848488
2025-03-24 17:00:00,102.26,102.32848484848488
2025-03-24 18:00:00,102.26,102.21
2025-03-24 19:00:00,102.22,102.21
2025-03-24 20:00:00,102.22,102.21
2025-03-24 21:00:00,102.2,102.21
2025-03-24 22:00:00,102.2,102.21
2025-03-24 23:00:00,102.18,102.21
2025-03-25 00:00:00,102.18,102.14800000000002
2025-03-25 01:00:00,102.14,102.14800000000002
2025-03-25 02:00:00,102.14,102.13448275862066
2025-03-25 03:00:00,102.1,102.13448275862066
2025-03-25 04:00:00,102.1,102.1021212121212
2025-03-25 05:00:00,102.06,102.1021212121212
2025-03-25 06:00:00,102.06,102.0488888888889
2025-03-25 07:00:00,102.0,102.0488888888889
2025-03-25 08:00:00,102.0,102.0635
2025-03-25 09:00:00,101.95,102.0635
2025-03-25 10:00:00,101.95,102.0635
2025-03-25 11:00:00,101.93,102.0635
2025-03-25 12:00:00,101.93,102.0635
2025-03-25 13:00:00,101.89,102.0635
2025-03-25 14:00:00,101.89,102.0635
2025-03-25 15:00:00,101.85,102.0635
2025-03-25 16:00:00,101.85,102.0635
2025-03-25 17:00:00,101.81,102.0635
2025-03-25 18:00:00,101.81,102.0635
2025-03-25 19:00:00,101.76,102.0635
2025-03-25 20:00:00,101.76,102.0635
2025-03-25 21:00:00,101.72,102.0635
2025-03-25 22:00:00,101.72,102.0635
2025-03-25 23:00:00,101.69,102.0635
2025-03-26 00:00:00,101.69,102.0635
2025-03-26 01:00:00,101.69,102.0635
2025-03-26 02:00:00,101.69,102.0635
2025-03-26 03:00:00,101.67,102.0635
2025-03-26 04:00:00,101.67,102.0635
2025-03-26 05:00:00,101.65,102.0635
2025-03-26 06:00:00,101.65,102.0635
2025-03-26 07:00:00,101.62,102.0635
2025-03-26 08:00:00,101.62,101.61666666666665
2025-03-26 09:00:00,101.61,101.61666666666665
2025-03-26 10:00:00,101.61,101.61666666666665
2025-03-26 11:00:00,101.58,101.61666666666665
2025-03-26 12:00:00,101.58,101.61666666666665
2025-03-26 13:00:00,101.56,101.61666666666665
2025-03-26 14:00:00,101.56,101.61666666666665
2025-03-26 15:00:00,101.53,101.61666666666665
2025-03-26 16:00:00,101.53,101.61666666666665
2025-03-26 17:00:00,101.49,101.61666666666665
2025-03-26 18:00:00,101.49,101.61666666666665
2025-03-26 19:00:00,101.44,101.61666666666665
2025-03-26 20:00:00,101.44,101.3863636363636
2025-03-26 21:00:00,101.43,101.3863636363636
2025-03-26 22:00:00,101.43,101.3863636363636
2025-03-26 23:00:00,101.43,101.3863636363636
2025-03-27 00:00:00,101.43,101.3863636363636
2025-03-27 01:00:00,101.43,101.3863636363636
2025-03-27 02:00:00,101.43,101.3863636363636
2025-03-27 03:00:00,101.4,101.3863636363636
2025-03-27 04:00:00,101.4,101.3863636363636
2025-03-27 05:00:00,101.34,101.3863636363636
2025-03-27 06:00:00,101.34,101.3863636363636
2025-03-27 07:00:00,101.28,101.3863636363636
2025-03-27 08:00:00,101.28,101.2571875
2025-03-27 09:00:00,101.22,101.2571875
2025-03-27 10:00:00,101.22,101.2571875
2025-03-27 11:00:00,101.19,101.2571875
2025-03-27 12:00:00,101.19,101.2571875
2025-03-27 13:00:00,101.16,101.2571875
2025-03-27 14:00:00,101.16,101.09606249999996
2025-03-27 15:00:00,101.09,101.09606249999996
2025-03-27 16:00:00,101.09,101.09606249999996
2025-03-27 17:00:00,101.02,101.09606249999996
2025-03-27 18:00:00,101.02,100.99379310344824
2025-03-27 19:00:00,100.98,100.99379310344824
2025-03-27 20:00:00,100.98,100.95476190476194
2025-03-27 21:00:00,100.95,100.95476190476194
2025-03-27 22:00:00,100.95,100.95476190476194
2025-03-27 23:00:00,100.92,100.95476190476194
2025-03-28 00:00:00,100.92,100.88562500000003
2025-03-28 01:00:00,100.89,100.88562500000003
2025-03-28 02:00:00,100.89,100.88562500000003
2025-03-28 03:00:00,100.83,100.88562500000003
2025-03-28 04:00:00,100.83,100.84535714285713
2025-03-28 05:00:00,100.77,100.84535714285713
2025-03-28 06:00:00,100.77,100.75107142857144
2025-03-28 07:00:00,100.7,100.75107142857144
2025-03-28 08:00:00,100.7,100.75107142857144
2025-03-28 09:00:00,100.63,100.75107142857144
2025-03-28 10:00:00,100.63,100.64333333333336
2025-03-28 11:00:00,100.62,100.64333333333336
2025-03-28 12:00:00,100.62,100.64333333333336
2025-03-28 13:00:00,100.61,100.64333333333336
2025-03-28 14:00:00,100.61,100.64333333333336
2025-03-28 15:00:00,100.55,100.64333333333336
2025-03-28 16:00:00,100.55,100.51194444444448
2025-03-28 17:00:00,100.47,100.51194444444448
2025-03-28 18:00:00,100.47,100.51194444444448
2025-03-28 19:00:00,100.44,100.51194444444448
2025-03-28 20:00:00,100.44,100.37454545454544
2025-03-28 21:00:00,100.41,100.37454545454544
2025-03-28 22:00:00,100.41,100.37454545454544
2025-03-28 23:00:00,100.38,100.37454545454544
2025-03-29 00:00:00,100.38,100.37454545454544
2025-03-29 01:00:00,100.35,100.37454545454544
2025-03-29 02:00:00,100.35,100.33149999999998
2025-03-29 03:00:00,100.3,100.33149999999998
2025-03-29 04:00:00,100.3,100.2821739130435
2025-03-29 05:00:00,100.24,100.2821739130435
2025-03-29 06:00:00,100.24,100.18400000000004
2025-03-29 07:00:00,100.19,100.18400000000004
2025-03-29 08:00:00,100.19,100.18400000000004
2025-03-29 09:00:00,100.12,100.18400000000004
2025-03-29 10:00:00,100.12,100.18400000000004
2025-03-29 11:00:00,100.07,100.18400000000004
2025-03-29 12:00:00,100.07,99.92294117647062
2025-03-29 13:00:00,100.07,99.92294117647062
2025-03-29 14:00:00,100.07,99.92294117647062
2025-03-29 15:00:00,100.02,99.92294117647062
2025-03-29 16:00:00,100.02,99.92294117647062
2025-03-29 17:00:00,99.96,99.92294117647062
2025-03-29 18:00:00,99.96,99.92294117647062
2025-03-29 19:00:00,99.92,99.92294117647062
2025-03-29 20:00:00,99.92,99.92294117647062
2025-03-29 21:00:00,99.89,99.92294117647062
2025-03-29 22:00:00,99.89,99.92294117647062
2025-03-29 23:00:00,99.84,99.92294117647062
2025-03-30 00:00:00,99.84,99.92294117647062
2025-03-30 01:00:00,99.85,99.92294117647062
2025-03-30 02:00:00,99.85,99.92294117647062
2025-03-30 03:00:00,99.87,99.92294117647062
2025-03-30 04:00:00,99.87,99.92294117647062
2025-03-30 05:00:00,99.87,99.92294117647062
2025-03-30 06:00:00,99.87,99.92294117647062
2025-03-30 07:00:00,99.85,99.92294117647062
2025-03-30 08:00:00,99.85,99.92294117647062
2025-03-30 09:00:00,99.83,99.92294117647062
2025-03-30 10:00:00,99.83,99.92294117647062
2025-03-30 11:00:00,99.8,99.92294117647062
2025-03-30 12:00:00,99.8,99.92294117647062
2025-03-30 13:00:00,99.76,99.92294117647062
2025-03-30 14:00:00,99.76,99.7282857142857
2025-03-30 15:00:00,99.73,99.7282857142857
2025-03-30 16:00:00,99.73,99.7282857142857
2025-03-30 17:00:00,99.68,99.7282857142857
2025-03-30 18:00:00,99.68,99.6320588235294
2025-03-30 19:00:00,99.6,99.6320588235294
2025-03-30 20:00:00,99.6,99.6320588235294
2025-03-30 21:00:00,99.57,99.6320588235294
2025-03-30 22:00:00,99.57,99.6320588235294
2025-03-30 23:00:00,99.56,99.6320588235294
2025-03-31 00:00:00,99.56,99.6320588235294
2025-03-31 01:00:00,99.54,99.6320588235294
2025-03-31 02:00:00,99.54,99.47433333333332
2025-03-31 03:00:00,99.52,99.47433333333332
2025-03-31 04:00:00,99.52,99.47433333333332
2025-03-31 05:00:00,99.5,99.47433333333332
2025-03-31 06:00:00,99.5,99.47433333333332
2025-03-31 07:00:00,99.47,99.47433333333332
2025-03-31 08:00:00,99.47,99.47433333333332
2025-03-31 09:00:00,99.43,99.47433333333332
2025-03-31 10:00:00,99.43,99.47433333333332
2025-03-31 11:00:00,99.39,99.47433333333332
2025-03-31 12:00:00,99.39,99.32708333333332
2025-03-31 13:00:00,99.35,99.32708333333332
2025-03-31 14:00:00,99.35,99.32708333333332
2025-03-31 15:00:00,99.33,99.32708333333332
2025-03-31 16:00:00,99.33,99.32708333333332
2025-03-31 17:00:00,99.3,99.32708333333332
2025-03-31 18:00:00,99.3,99.32708333333332
2025-03-31 19:00:00,99.27,99.32708333333332
2025-03-31 20:00:00,99.27,99.22736842105262
2025-03-31 21:00:00,99.28,99.22736842105262
2025-03-31 22:00:00,99.28,99.22736842105262
2025-03-31 23:00:00,99.33,99.22736842105262
2025-04-01 00:00:00,99.33,99.32708333333332
2025-04-01 01:00:00,99.36,99.32708333333332
2025-04-01 02:00:00,99.36,99.32708333333332
2025-04-01 03:00:00,99.35,99.32708333333332
2025-04-01 04:00:00,99.35,99.32708333333332
2025-04-01 05:00:00,99.33,99.32708333333332
2025-04-01 06:00:00,99.33,99.32708333333332
2025-04-01 07:00:00,99.3,99.32708333333332
2025-04-01 08:00:00,99.3,99.32708333333332
2025-04-01 09:00:00,99.27,99.32708333333332
2025-04-01 10:00:00,99.27,99.22736842105262
2025-04-01 11:00:00,99.25,99.22736842105262
2025-04-01 12:00:00,99.25,99.22736842105262
2025-04-01 13:00:00,99.25,99.22736842105262
2025-04-01 14:00:00,99.25,99.22736842105262
2025-04-01 15:00:00,99.23,99.22736842105262
2025-04-01 16:00:00,99.23,99.22736842105262
2025-04-01 17:00:00,99.23,99.22736842105262
2025-04-01 18:00:00,99.23,99.22736842105262
2025-04-01 19:00:00,99.2,99.22736842105262
2025-04-01 20:00:00,99.2,99.22736842105262
2025-04-01 21:00:00,99.16,99.22736842105262
2025-04-01 22:00:00,99.16,99.11026315789474
2025-04-01 23:00:00,99.18,99.11026315789474
2025-04-02 00:00:00,99.18,99.22736842105262
2025-04-02 01:00:00,99.16,99.22736842105262
2025-04-02 02:00:00,99.16,99.11026315789474
2025-04-02 03:00:00,99.15,99.11026315789474
2025-04-02 04:00:00,99.15,99.11026315789474
2025-04-02 05:00:00,99.14,99.11026315789474
2025-04-02 06:00:00,99.14,99.11026315789474
2025-04-02 07:00:00,99.12,99.11026315789474
2025-04-02 08:00:00,99.12,99.11026315789474
2025-04-02 09:00:00,99.09,99.11026315789474
2025-04-02 10:00:00,99.09,99.11026315789474
2025-04-02 11:00:00,99.09,99.11026315789474
2025-04-02 12:00:00,99.09,99.11026315789474
2025-04-02 13:00:00,99.08,99.11026315789474
2025-04-02 14:00:00,99.08,99.11026315789474
2025-04-02 15:00:00,99.06,99.11026315789474
2025-04-02 16:00:00,99.06,99.11026315789474
2025-04-02 17:00:00,99.04,99.11026315789474
2025-04-02 18:00:00,99.04,98.98181818181816
2025-04-02 19:00:00,99.0,98.98181818181816
2025-04-02 20:00:00,99.0,98.98181818181816
2025-04-02 21:00:00,98.96,98.98181818181816
2025-04-02 22:00:00,98.96,98.98181818181816
2025-04-02 23:00:00,98.96,98.98181818181816
2025-04-03 00:00:00,98.96,98.98181818181816
2025-04-03 01:00:00,98.97,98.98181818181816
2025-04-03 02:00:00,98.97,98.98181818181816
2025-04-03 03:00:00,98.96,98.98181818181816
2025-04-03 04:00:00,98.96,98.98181818181816
2025-04-03 05:00:00,98.94,98.98181818181816
2025-04-03 06:00:00,98.94,98.9186206896552
2025-04-03 07:00:00,98.91,98.9186206896552
2025-04-03 08:00:00,98.91,98.9186206896552
2025-04-03 09:00:00,98.87,98.9186206896552
2025-04-03 10:00:00,98.87,98.9186206896552
2025-04-03 11:00:00,98.86,98.9186206896552
2025-04-03 12:00:00,98.86,98.77323529411764
2025-04-03 13:00:00,98.83,98.77323529411764
2025-04-03 14:00:00,98.83,98.77323529411764
2025-04-03 15:00:00,98.79,98.77323529411764
2025-04-03 16:00:00,98.79,98.77323529411764
2025-04-03 17:00:00,98.74,98.77323529411764
2025-04-03 18:00:00,98.74,98.77323529411764
2025-04-03 19:00:00,98.7,98.77323529411764
2025-04-03 20:00:00,98.7,98.77323529411764
2025-04-03 21:00:00,98.67,98.77323529411764
2025-04-03 22:00:00,98.67,98.63481481481482
2025-04-03 23:00:00,98.66,98.63481481481482
2025-04-04 00:00:00,98.66,98.63481481481482
2025-04-04 01:00:00,98.66,98.63481481481482
2025-04-04 02:00:00,98.66,98.63481481481482
2025-04-04 03:00:00,98.64,98.63481481481482
2025-04-04 04:00:00,98.64,98.63481481481482
2025-04-04 05:00:00,98.61,98.63481481481482
2025-04-04 06:00:00,98.61,98.63481481481482
2025-04-04 07:00:00,98.58,98.63481481481482
2025-04-04 08:00:00,98.58,98.63481481481482
2025-04-04 09:00:00,98.54,98.63481481481482
2025-04-04 10:00:00,98.54,98.52709677419357
2025-04-04 11:00:00,98.51,98.52709677419357
2025-04-04 12:00:00,98.51,98.52709677419357
2025-04-04 13:00:00,98.5,98.52709677419357
2025-04-04 14:00:00,98.5,98.52709677419357
2025-04-04 15:00:00,98.45,98.52709677419357
2025-04-04 16:00:00,98.45,98.42200000000004
2025-04-04 17:00:00,98.4,98.42200000000004
2025-04-04 18:00:00,98.4,98.37190476190476
2025-04-04 19:00:00,98.37,98.37190476190476
2025-04-04 20:00:00,98.37,98.37190476190476
2025-04-04 21:00:00,98.35,98.37190476190476
2025-04-04 22:00:00,98.35,98.37190476190476
2025-04-04 23:00:00,98.35,98.37190476190476
2025-04-05 00:00:00,98.35,98.37190476190476
2025-04-05 01:00:00,98.37,98.37190476190476
2025-04-05 02:00:00,98.37,98.37190476190476
2025-04-05 03:00:00,98.39,98.37190476190476
2025-04-05 04:00:00,98.39,98.37190476190476
2025-04-05 05:00:00,98.4,98.37190476190476
2025-04-05 06:00:00,98.4,98.37190476190476
2025-04-05 07:00:00,98.4,98.37190476190476
2025-04-05 08:00:00,98.4,98.37190476190476
2025-04-05 09:00:00,98.38,98.37190476190476
2025-04-05 10:00:00,98.38,98.37190476190476
2025-04-05 11:00:00,98.35,98.37190476190476
2025-04-05 12:00:00,98.35,98.37190476190476
2025-04-05 13:00:00,98.36,98.37190476190476
2025-04-05 14:00:00,98.36,98.37190476190476
2025-04-05 15:00:00,98.37,98.37190476190476
2025-04-05 16:00:00,98.37,98.37190476190476
2025-04-05 17:00:00,98.36,98.37190476190476
2025-04-05 18:00:00,98.36,98.37190476190476
2025-04-05 19:00:00,98.36,98.37190476190476
2025-04-05 20:00:00,98.36,98.37190476190476
2025-04-05 21:00:00,98.37,98.37190476190476
2025-04-05 22:00:00,98.37,98.37190476190476
2025-04-05 23:00:00,98.36,98.37190476190476
2025-04-06 00:00:00,98.36,98.37190476190476
2025-04-06 01:00:00,98.35,98.37190476190476
2025-04-06 02:00:00,98.35,98.37190476190476
2025-04-06 03:00:00,98.32,98.37190476190476
2025-04-06 04:00:00,98.32,98.23359999999998
2025-04-06 05:00:00,98.3,98.23359999999998
2025-04-06 06:00:00,98.3,98.23359999999998
2025-04-06 07:00:00,98.3,98.23359999999998
2025-04-06 08:00:00,98.3,98.23359999999998
2025-04-06 09:00:00,98.3,98.23359999999998
2025-04-06 10:00:00,98.3,98.23359999999998
2025-04-06 11:00:00,98.3,98.23359999999998
2025-04-06 12:00:00,98.3,98.23359999999998
2025-04-06 13:00:00,98.3,98.23359999999998
2025-04-06 14:00:00,98.3,98.23359999999998
2025-04-06 15:00:00,98.3,98.23359999999998
2025-04-06 16:00:00,98.3,98.23359999999998
2025-04-06 17:00:00,98.3,98.23359999999998
2025-04-06 18:00:00,98.3,98.23359999999998
2025-04-06 19:00:00,98.3,98.23359999999998
2025-04-06 20:00:00,98.3,98.23359999999998
2025-04-06 21:00:00,98.3,98.23359999999998
2025-04-06 22:00:00,98.3,98.23359999999998
2025-04-06 23:00:00,98.3,98.23359999999998
2025-04-07 00:00:00,98.3,98.23359999999998
2025-04-07 01:00:00,98.11,98.23359999999998
2025-04-07 02:00:00,98.11,98.08413793103443
2025-04-07 03:00:00,98.1,98.08413793103443
2025-04-07 04:00:00,98.1,98.08413793103443
2025-04-07 05:00:00,98.08,98.08413793103443
2025-04-07 06:00:00,98.08,98.08413793103443
2025-04-07 07:00:00,98.06,98.08413793103443
2025-04-07 08:00:00,98.06,98.08413793103443
2025-04-07 09:00:00,98.04,98.08413793103443
2025-04-07 10:00:00,98.04,98.00815789473688
2025-04-07 11:00:00,98.02,98.00815789473688
2025-04-07 12:00:00,98.02,98.00815789473688
2025-04-07 13:00:00,98.0,98.00815789473688
2025-04-07 14:00:00,98.0,98.00815789473688
2025-04-07 15:00:00,97.98,98.00815789473688
2025-04-07 16:00:00,97.98,98.00815789473688
2025-04-07 17:00:00,97.95,98.00815789473688
2025-04-07 18:00:00,97.95,97.94535714285712
2025-04-07 19:00:00,97.92,97.94535714285712
2025-04-07 20:00:00,97.92,97.94535714285712
2025-04-07 21:00:00,97.9,97.94535714285712
2025-04-07 22:00:00,97.9,97.88189189189188
2025-04-07 23:00:00,97.88,97.88189189189188
2025-04-08 00:00:00,97.88,97.88189189189188
2025-04-08 01:00:00,97.85,97.88189189189188
2025-04-08 02:00:00,97.85,97.88189189189188
2025-04-08 03:00:00,97.83,97.88189189189188
2025-04-08 04:00:00,97.83,97.7975
2025-04-08 05:00:00,97.8,97.7975
2025-04-08 06:00:00,97.8,97.7975
2025-04-08 07:00:00,97.76,97.7975
2025-04-08 08:00:00,97.76,97.73217391304348
2025-04-08 09:00:00,97.72,97.73217391304348
2025-04-08 10:00:00,97.72,97.73217391304348
2025-04-08 11:00:00,97.7,97.73217391304348
2025-04-08 12:00:00,97.7,97.73217391304348
2025-04-08 13:00:00,97.69,97.73217391304348
2025-04-08 14:00:00,97.69,97.73217391304348
2025-04-08 15:00:00,97.67,97.73217391304348
2025-04-08 16:00:00,97.67,97.6176923076923
2025-04-08 17:00:00,97.64,97.6176923076923
2025-04-08 18:00:00,97.64,97.6176923076923
2025-04-08 19:00:00,97.6,97.6176923076923
2025-04-08 20:00:00,97.6,97.6176923076923
2025-04-08 21:00:00,97.58,97.6176923076923
2025-04-08 22:00:00,97.58,97.6176923076923
2025-04-08 23:00:00,97.55,97.6176923076923
2025-04-09 00:00:00,97.55,97.6176923076923
2025-04-09 01:00:00,97.54,97.6176923076923
2025-04-09 02:00:00,97.54,97.6176923076923
2025-04-09 03:00:00,97.51,97.6176923076923
2025-04-09 04:00:00,97.51,97.498
2025-04-09 05:00:00,97.46,97.498
2025-04-09 06:00:00,97.46,97.44809523809526
2025-04-09 07:00:00,97.42,97.44809523809526
2025-04-09 08:00:00,97.42,97.44809523809526
2025-04-09 09:00:00,97.39,97.44809523809526
2025-04-09 10:00:00,97.39,97.39272727272729
2025-04-09 11:00:00,97.37,97.39272727272729
2025-04-09 12:00:00,97.37,97.39272727272729
2025-04-09 13:00:00,97.34,97.39272727272729
2025-04-09 14:00:00,97.34,97.32470588235292
2025-04-09 15:00:00,97.29,97.32470588235292
2025-04-09 16:00:00,97.29,97.244
2025-04-09 17:00:00,97.24,97.244
2025-04-09 18:00:00,97.24,97.244
2025-04-09 19:00:00,97.19,97.2736
2025-04-09 20:00:00,97.19,97.21000000000002
2025-04-09 21:00:00,97.15,97.21000000000002
2025-04-09 22:00:00,97.15,97.21000000000002
2025-04-09 23:00:00,97.11,97.21000000000002
2025-04-10 00:00:00,97.11,97.10666666666668
2025-04-10 01:00:00,97.14,97.10666666666668
2025-04-10 02:00:00,97.14,97.10666666666668
2025-04-10 03:00:00,97.15,97.10666666666668
2025-04-10 04:00:00,97.15,97.21000000000002
2025-04-10 05:00:00,97.14,97.1808695652174
2025-04-10 06:00:00,97.14,97.10666666666668
2025-04-10 07:00:00,97.12,97.10666666666668
2025-04-10 08:00:00,97.12,97.10666666666668
2025-04-10 09:00:00,97.08,97.10666666666668
2025-04-10 10:00:00,97.08,97.10666666666668
2025-04-10 11:00:00,97.04,97.10666666666668
2025-04-10 12:00:00,97.04,97.057
2025-04-10 13:00:00,97.03,97.057
2025-04-10 14:00:00,97.03,97.057
2025-04-10 15:00:00,96.98,97.057
2025-04-10 16:00:00,96.98,96.95085714285712
2025-04-10 17:00:00,96.93,96.95085714285712
2025-04-10 18:00:00,96.93,96.95085714285712
2025-04-10 19:00:00,96.88,96.95085714285712
2025-04-10 20:00:00,96.88,96.84206896551724
2025-04-10 21:00:00,96.87,96.84206896551724
2025-04-10 22:00:00,96.87,96.84206896551724
2025-04-10 23:00:00,96.86,96.84206896551724
2025-04-11 00:00:00,96.86,96.84206896551724
2025-04-11 01:00:00,96.85,96.84206896551724
2025-04-11 02:00:00,96.85,96.84206896551724
2025-04-11 03:00:00,96.82,96.84206896551724
2025-04-11 04:00:00,96.82,96.84206896551724
2025-04-11 05:00:00,96.79,96.84206896551724
2025-04-11 06:00:00,96.79,96.84206896551724
2025-04-11 07:00:00,96.73,96.84206896551724
2025-04-11 08:00:00,96.73,96.84206896551724
2025-04-11 09:00:00,96.67,96.84206896551724
2025-04-11 10:00:00,96.67,96.50210526315789
2025-04-11 11:00:00,96.65,96.50210526315789
2025-04-11 12:00:00,96.65,96.50210526315789
2025-04-11 13:00:00,96.66,96.50210526315789
2025-04-11 14:00:00,96.66,96.50210526315789
2025-04-11 15:00:00,96.65,96.50210526315789
2025-04-11 16:00:00,96.65,96.50210526315789
2025-04-11 17:00:00,96.61,96.50210526315789
2025-04-11 18:00:00,96.61,96.50210526315789
2025-04-11 19:00:00,96.54,96.50210526315789
2025-04-11 20:00:00,96.54,96.50210526315789
2025-04-11 21:00:00,96.5,96.50210526315789
2025-04-11 22:00:00,96.5,96.50210526315789
2025-04-11 23:00:00,96.47,96.50210526315789
2025-04-12 00:00:00,96.47,96.50210526315789
2025-04-12 01:00:00,96.44,96.50210526315789
2025-04-12 02:00:00,96.44,96.50210526315789
2025-04-12 03:00:00,96.41,96.50210526315789
2025-04-12 04:00:00,96.41,96.50210526315789
2025-04-12 05:00:00,96.41,96.50210526315789
2025-04-12 06:00:00,96.41,96.50210526315789
2025-04-12 07:00:00,96.39,96.50210526315789
2025-04-12 08:00:00,96.39,96.50210526315789
2025-04-12 09:00:00,96.36,96.50210526315789
2025-04-12 10:00:00,96.36,96.50210526315789
2025-04-12 11:00:00,96.35,96.50210526315789
2025-04-12 12:00:00,96.35,96.50210526315789
2025-04-12 13:00:00,96.32,96.50210526315789
2025-04-12 14:00:00,96.32,96.50210526315789
2025-04-12 15:00:00,96.3,96.50210526315789
2025-04-12 16:00:00,96.3,96.14
2025-04-12 17:00:00,96.24,96.14
2025-04-12 18:00:00,96.24,96.14
2025-04-12 19:00:00,96.16,96.14
2025-04-12 20:00:00,96.16,96.14
2025-04-12 21:00:00,96.13,96.14
2025-04-12 22:00:00,96.13,96.14
2025-04-12 23:00:00,96.13,96.14
2025-04-13 00:00:00,96.13,96.14
2025-04-13 01:00:00,96.19,96.14
2025-04-13 02:00:00,96.19,96.14
2025-04-13 03:00:00,96.23,96.14
2025-04-13 04:00:00,96.23,96.14
2025-04-13 05:00:00,96.26,96.14
2025-04-13 06:00:00,96.26,96.14
2025-04-13 07:00:00,96.27,96.14
2025-04-13 08:00:00,96.27,96.14
2025-04-13 09:00:00,96.25,96.14
2025-04-13 10:00:00,96.25,96.14
2025-04-13 11:00:00,96.23,96.14
2025-04-13 12:00:00,96.23,96.14
2025-04-13 13:00:00,96.21,96.14
2025-04-13 14:00:00,96.21,96.14
2025-04-13 15:00:00,96.18,96.14
2025-04-13 16:00:00,96.18,96.14
2025-04-13 17:00:00,96.15,96.14
2025-04-13 18:00:00,96.15,96.14
2025-04-13 19:00:00,96.12,96.14
2025-04-13 20:00:00,96.12,96.14
2025-04-13 21:00:00,96.08,96.14
2025-04-13 22:00:00,96.08,96.14
2025-04-13 23:00:00,96.05,96.14
2025-04-14 00:00:00,96.05,96.14
2025-04-14 01:00:00,96.02,96.14
2025-04-14 02:00:00,96.02,96.14
2025-04-14 03:00:00,95.99,96.14
2025-04-14 04:00:00,95.99,95.9404347826087
2025-04-14 05:00:00,95.96,95.9404347826087
2025-04-14 06:00:00,95.96,95.9404347826087
2025-04-14 07:00:00,95.94,95.9404347826087
2025-04-14 08:00:00,95.94,95.9404347826087
2025-04-14 09:00:00,95.9,95.9404347826087
2025-04-14 10:00:00,95.9,95.9404347826087
2025-04-14 11:00:00,95.89,95.9404347826087
2025-04-14 12:00:00,95.89,95.9404347826087
2025-04-14 13:00:00,95.86,95.9404347826087
2025-04-14 14:00:00,95.86,95.9404347826087
2025-04-14 15:00:00,95.81,95.9404347826087
2025-04-14 16:00:00,95.81,95.72291666666668
2025-04-14 17:00:00,95.76,95.72291666666668
2025-04-14 18:00:00,95.76,95.72291666666668
2025-04-14 19:00:00,95.73,95.72291666666668
2025-04-14 20:00:00,95.73,95.72291666666668
2025-04-14 21:00:00,95.7,95.72291666666668
2025-04-14 22:00:00,95.7,95.72291666666668
2025-04-14 23:00:00,95.67,95.72291666666668
2025-04-15 00:00:00,95.67,95.642
2025-04-15 01:00:00,95.67,95.642
2025-04-15 02:00:00,95.67,95.642
2025-04-15 03:00:00,95.67,95.642
2025-04-15 04:00:00,95.67,95.642
2025-04-15 05:00:00,95.65,95.642
2025-04-15 06:00:00,95.65,95.642
2025-04-15 07:00:00,95.64,95.642
2025-04-15 08:00:00,95.64,95.642
2025-04-15 09:00:00,95.6,95.642
2025-04-15 10:00:00,95.6,95.59434782608696
2025-04-15 11:00:00,95.55,95.59434782608696
2025-04-15 12:00:00,95.55,95.52080000000002
2025-04-15 13:00:00,95.5,95.52080000000002
2025-04-15 14:00:00,95.5,95.52080000000002
2025-04-15 15:00:00,95.47,95.52080000000002
2025-04-15 16:00:00,95.47,95.52080000000002
2025-04-15 17:00:00,95.43,95.52080000000002
2025-04-15 18:00:00,95.43,95.52080000000002
2025-04-15 19:00:00,95.39,95.52080000000002
2025-04-15 20:00:00,95.39,95.52080000000002
2025-04-15 21:00:00,95.35,95.52080000000002
2025-04-15 22:00:00,95.35,95.52080000000002
2025-04-15 23:00:00,95.35,95.52080000000002
2025-04-16 00:00:00,95.35,95.52080000000002
2025-04-16 01:00:00,95.36,95.52080000000002
2025-04-16 02:00:00,95.36,95.52080000000002
2025-04-16 03:00:00,95.38,95.52080000000002
2025-04-16 04:00:00,95.38,95.52080000000002
2025-04-16 05:00:00,95.37,95.52080000000002
2025-04-16 06:00:00,95.37,95.52080000000002
2025-04-16 07:00:00,95.37,95.52080000000002
2025-04-16 08:00:00,95.37,95.52080000000002
2025-04-16 09:00:00,95.33,95.52080000000002
2025-04-16 10:00:00,95.33,95.52080000000002
2025-04-16 11:00:00,95.29,95.52080000000002
2025-04-16 12:00:00,95.29,95.52080000000002
2025-04-16 13:00:00,95.25,95.52080000000002
2025-04-16 14:00:00,95.25,95.52080000000002
2025-04-16 15:00:00,95.21,95.52080000000002
2025-04-16 16:00:00,95.21,95.52080000000002
2025-04-16 17:00:00,95.16,95.52080000000002
2025-04-16 18:00:00,95.16,95.52080000000002
2025-04-16 19:00:00,95.12,95.52080000000002
2025-04-16 20:00:00,95.12,95.52080000000002
2025-04-16 21:00:00,95.14,95.52080000000002
2025-04-16 22:00:00,95.14,95.52080000000002
2025-04-16 23:00:00,95.15,95.52080000000002
2025-04-17 00:00:00,95.15,95.52080000000002
2025-04-17 01:00:00,95.15,95.52080000000002
2025-04-17 02:00:00,95.15,95.52080000000002
2025-04-17 03:00:00,95.17,95.52080000000002
2025-04-17 04:00:00,95.17,95.52080000000002
2025-04-17 05:00:00,95.18,95.52080000000002
2025-04-17 06:00:00,95.18,95.52080000000002
2025-04-17 07:00:00,95.15,95.52080000000002
2025-04-17 08:00:00,95.15,95.52080000000002
2025-04-17 09:00:00,95.1,95.52080000000002
2025-04-17 10:00:00,95.1,95.52080000000002
2025-04-17 11:00:00,95.07,95.52080000000002
2025-04-17 12:00:00,95.07,95.52080000000002
2025-04-17 13:00:00,95.06,95.52080000000002
2025-04-17 14:00:00,95.06,95.52080000000002
2025-04-17 15:00:00,95.01,95.52080000000002
2025-04-17 16:00:00,95.01,95.52080000000002
2025-04-17 17:00:00,94.94,95.52080000000002
2025-04-17 18:00:00,94.94,95.52080000000002
2025-04-17 19:00:00,94.89,95.52080000000002
2025-04-17 20:00:00,94.89,95.52080000000002
2025-04-17 21:00:00,94.88,95.52080000000002
2025-04-17 22:00:00,94.88,95.52080000000002
2025-04-17 23:00:00,94.88,95.52080000000002
2025-04-18 00:00:00,94.88,95.52080000000002
2025-04-18 01:00:00,94.9,95.52080000000002
2025-04-18 02:00:00,94.9,95.52080000000002
2025-04-18 03:00:00,94.89,95.52080000000002
2025-04-18 04:00:00,94.89,95.52080000000002
2025-04-18 05:00:00,94.89,95.52080000000002
2025-04-18 06:00:00,94.89,95.52080000000002
2025-04-18 07:00:00,94.85,95.52080000000002
2025-04-18 08:00:00,94.85,95.52080000000002
2025-04-18 09:00:00,94.82,95.52080000000002
2025-04-18 10:00:00,94.82,95.52080000000002
2025-04-18 11:00:00,94.82,95.52080000000002
2025-04-18 12:00:00,94.82,95.52080000000002
2025-04-18 13:00:00,94.83,95.52080000000002
2025-04-18 14:00:00,94.83,95.52080000000002
2025-04-18 15:00:00,94.81,95.52080000000002
2025-04-18 16:00:00,94.81,95.52080000000002
2025-04-18 17:00:00,94.79,95.52080000000002
2025-04-18 18:00:00,94.79,95.52080000000002
2025-04-18 19:00:00,94.77,95.52080000000002
2025-04-18 20:00:00,94.77,95.52080000000002
2025-04-18 21:00:00,94.76,95.52080000000002
2025-04-18 22:00:00,94.76,95.52080000000002
2025-04-18 23:00:00,94.75,95.52080000000002
2025-04-19 00:00:00,94.75,95.52080000000002
2025-04-19 01:00:00,94.8,95.52080000000002
2025-04-19 02:00:00,94.8,95.52080000000002
2025-04-19 03:00:00,94.86,95.52080000000002
2025-04-19 04:00:00,94.86,95.52080000000002
2025-04-19 05:00:00,94.9,95.52080000000002
2025-04-19 06:00:00,94.9,95.52080000000002
2025-04-19 07:00:00,94.93,95.52080000000002
2025-04-19 08:00:00,94.93,95.52080000000002
2025-04-19 09:00:00,94.95,95.52080000000002
2025-04-19 10:00:00,94.95,95.52080000000002
2025-04-19 11:00:00,94.96,95.52080000000002
2025-04-19 12:00:00,94.96,95.52080000000002
2025-04-19 13:00:00,95.0,95.52080000000002
2025-04-19 14:00:00,95.0,95.52080000000002
2025-04-19 15:00:00,95.04,95.52080000000002
2025-04-19 16:00:00,95.04,95.52080000000002
2025-04-19 17:00:00,95.06,95.52080000000002
2025-04-19 18:00:00,95.06,95.52080000000002
2025-04-19 19:00:00,95.02,95.52080000000002
2025-04-19 20:00:00,95.02,95.52080000000002
2025-04-19 21:00:00,94.99,95.52080000000002
2025-04-19 22:00:00,94.99,95.52080000000002
2025-04-19 23:00:00,94.97,95.52080000000002
2025-04-20 00:00:00,94.97,95.52080000000002
2025-04-20 01:00:00,94.97,95.52080000000002
2025-04-20 02:00:00,94.97,95.52080000000002
2025-04-20 03:00:00,95.01,95.52080000000002
2025-04-20 04:00:00,95.01,95.52080000000002
2025-04-20 05:00:00,95.02,95.52080000000002
2025-04-20 06:00:00,95.02,95.52080000000002
2025-04-20 07:00:00,95.03,95.52080000000002
2025-04-20 08:00:00,95.03,95.52080000000002
2025-04-20 09:00:00,95.05,95.52080000000002
2025-04-20 10:00:00,95.05,95.52080000000002
2025-04-20 11:00:00,95.06,95.52080000000002
2025-04-20 12:00:00,95.06,95.52080000000002
2025-04-20 13:00:00,95.05,95.52080000000002
2025-04-20 14:00:00,95.05,95.52080000000002
2025-04-20 15:00:00,95.02,95.52080000000002
2025-04-20 16:00:00,95.02,95.52080000000002
2025-04-20 17:00:00,94.98,95.52080000000002
2025-04-20 18:00:00,94.98,95.52080000000002
2025-04-20 19:00:00,94.96,95.52080000000002
2025-04-20 20:00:00,94.96,95.52080000000002
2025-04-20 21:00:00,94.93,95.52080000000002
2025-04-20 22:00:00,94.93,95.52080000000002
2025-04-20 23:00:00,94.95,95.52080000000002
2025-04-21 00:00:00,94.95,95.52080000000002
2025-04-21 01:00:00,94.97,95.52080000000002
2025-04-21 02:00:00,94.97,95.52080000000002
2025-04-21 03:00:00,94.98,95.52080000000002
2025-04-21 04:00:00,94.98,95.52080000000002
2025-04-21 05:00:00,94.99,95.52080000000002
2025-04-21 06:00:00,94.99,95.52080000000002
2025-04-21 07:00:00,95.0,95.52080000000002
2025-04-21 08:00:00,95.0,95.52080000000002
2025-04-21 09:00:00,95.0,94.99160000000002
2025-04-21 10:00:00,95.0,94.99160000000002
2025-04-21 11:00:00,94.99,94.99160000000002
2025-04-21 12:00:00,94.99,94.99160000000002
2025-04-21 13:00:00,94.98,94.99160000000002
2025-04-21 14:00:00,94.98,94.99160000000002
2025-04-21 15:00:00,94.97,94.99160000000002
2025-04-21 16:00:00,94.97,94.99160000000002
2025-04-21 17:00:00,94.97,94.99160000000002
2025-04-21 18:00:00,94.97,94.99160000000002
2025-04-21 19:00:00,94.96,94.99160000000002
2025-04-21 20:00:00,94.96,94.99160000000002
2025-04-21 21:00:00,94.95,94.99160000000002
2025-04-21 22:00:00,94.95,94.99160000000002
2025-04-21 23:00:00,94.92,94.99160000000002
2025-04-22 00:00:00,94.92,94.8342857142857
2025-04-22 01:00:00,94.92,94.8342857142857
2025-04-22 02:00:00,94.92,94.8342857142857
2025-04-22 03:00:00,94.92,94.8342857142857
2025-04-22 04:00:00,94.92,94.8342857142857
2025-04-22 05:00:00,94.92,94.8342857142857
2025-04-22 06:00:00,94.92,94.8342857142857
2025-04-22 07:00:00,94.92,94.8342857142857
2025-04-22 08:00:00,94.92,94.8342857142857
2025-04-22 09:00:00,94.92,94.8342857142857
2025-04-22 10:00:00,94.92,94.8342857142857
2025-04-22 11:00:00,94.92,94.8342857142857
2025-04-22 12:00:00,94.92,94.8342857142857
2025-04-22 13:00:00,94.92,94.8342857142857
2025-04-22 14:00:00,94.92,94.8342857142857
2025-04-22 15:00:00,94.92,94.8342857142857
2025-04-22 16:00:00,94.92,94.8342857142857
2025-04-22 17:00:00,94.92,94.8342857142857
2025-04-22 18:00:00,94.92,94.8342857142857
2025-04-22 19:00:00,94.92,94.8342857142857
2025-04-22 20:00:00,94.92,94.8342857142857
2025-04-22 21:00:00,94.92,94.8342857142857
2025-04-22 22:00:00,94.92,94.8342857142857
2025-04-22 23:00:00,94.92,94.8342857142857
2025-04-23 00:00:00,94.92,94.8342857142857
2025-04-23 01:00:00,94.86,95.52080000000002
2025-04-23 02:00:00,94.86,95.52080000000002
2025-04-23 03:00:00,94.91,95.52080000000002
2025-04-23 04:00:00,94.91,95.52080000000002
2025-04-23 05:00:00,94.94,95.52080000000002
2025-04-23 06:00:00,94.94,95.52080000000002
2025-04-23 07:00:00,94.97,95.52080000000002
2025-04-23 08:00:00,94.97,95.52080000000002
2025-04-23 09:00:00,94.95,95.52080000000002
2025-04-23 10:00:00,94.95,95.52080000000002
2025-04-23 11:00:00,94.95,95.52080000000002
2025-04-23 12:00:00,94.95,95.52080000000002
2025-04-23 13:00:00,94.93,95.52080000000002
2025-04-23 14:00:00,94.93,95.52080000000002
2025-04-23 15:00:00,94.89,95.52080000000002
2025-04-23 16:00:00,94.89,95.52080000000002
2025-04-23 17:00:00,94.84,95.52080000000002
2025-04-23 18:00:00,94.84,95.52080000000002
2025-04-23 19:00:00,94.83,95.52080000000002
2025-04-23 20:00:00,94.83,95.52080000000002
2025-04-23 21:00:00,94.82,95.52080000000002
2025-04-23 22:00:00,94.82,95.52080000000002
2025-04-23 23:00:00,94.81,95.52080000000002
2025-04-24 00:00:00,94.81,95.52080000000002
2025-04-24 01:00:00,94.84,95.52080000000002
2025-04-24 02:00:00,94.84,95.52080000000002
2025-04-24 03:00:00,94.88,95.52080000000002
2025-04-24 04:00:00,94.88,95.52080000000002
2025-04-24 05:00:00,94.91,95.52080000000002
2025-04-24 06:00:00,94.91,95.52080000000002
2025-04-24 07:00:00,94.95,95.52080000000002
2025-04-24 08:00:00,94.95,95.52080000000002
2025-04-24 09:00:00,94.98,95.52080000000002
2025-04-24 10:00:00,94.98,95.52080000000002
2025-04-24 11:00:00,94.98,95.52080000000002
2025-04-24 12:00:00,94.98,95.52080000000002
2025-04-24 13:00:00,94.98,95.52080000000002
2025-04-24 14:00:00,94.98,95.52080000000002
2025-04-24 15:00:00,94.94,95.52080000000002
2025-04-24 16:00:00,94.94,95.52080000000002
2025-04-24 17:00:00,94.89,95.52080000000002
2025-04-24 18:00:00,94.89,95.52080000000002
2025-04-24 19:00:00,94.86,95.52080000000002
2025-04-24 20:00:00,94.86,95.52080000000002
2025-04-24 21:00:00,94.83,95.52080000000002
2025-04-24 22:00:00,94.83,95.52080000000002
2025-04-24 23:00:00,94.84,95.52080000000002
2025-04-25 00:00:00,94.84,95.52080000000002
2025-04-25 01:00:00,94.87,95.52080000000002
2025-04-25 02:00:00,94.87,95.52080000000002
2025-04-25 03:00:00,94.92,95.52080000000002
2025-04-25 04:00:00,94.92,95.52080000000002
2025-04-25 05:00:00,94.93,95.52080000000002
2025-04-25 06:00:00,94.93,95.52080000000002
2025-04-25 07:00:00,94.93,95.52080000000002
2025-04-25 08:00:00,94.93,95.52080000000002
2025-04-25 09:00:00,94.93,95.52080000000002
2025-04-25 10:00:00,94.93,95.52080000000002
2025-04-25 11:00:00,94.93,95.52080000000002
2025-04-25 12:00:00,94.93,95.52080000000002
2025-04-25 13:00:00,94.9,95.52080000000002
2025-04-25 14:00:00,94.9,95.52080000000002
2025-04-25 15:00:00,94.85,95.52080000000002
2025-04-25 16:00:00,94.85,95.52080000000002
2025-04-25 17:00:00,94.81,95.52080000000002
2025-04-25 18:00:00,94.81,95.52080000000002
2025-04-25 19:00:00,94.78,95.52080000000002
2025-04-25 20:00:00,94.78,95.52080000000002
2025-04-25 21:00:00,94.76,95.52080000000002
2025-04-25 22:00:00,94.76,95.52080000000002
2025-04-25 23:00:00,94.77,95.52080000000002
2025-04-26 00:00:00,94.77,95.52080000000002
2025-04-26 01:00:00,94.79,95.52080000000002
2025-04-26 02:00:00,94.79,95.52080000000002
2025-04-26 03:00:00,94.84,95.52080000000002
2025-04-26 04:00:00,94.84,95.52080000000002
2025-04-26 05:00:00,94.9,95.52080000000002
2025-04-26 06:00:00,94.9,95.52080000000002
2025-04-26 07:00:00,94.92,95.52080000000002
2025-04-26 08:00:00,94.92,95.52080000000002
2025-04-26 09:00:00,94.95,95.52080000000002
2025-04-26 10:00:00,94.95,95.52080000000002
2025-04-26 11:00:00,94.96,95.52080000000002
2025-04-26 12:00:00,94.96,95.52080000000002
2025-04-26 13:00:00,95.0,94.99160000000002
2025-04-26 14:00:00,95.0,94.99160000000002
2025-04-26 15:00:00,95.0,94.99160000000002
2025-04-26 16:00:00,95.0,94.99160000000002
2025-04-26 17:00:00,94.95,94.99160000000002
2025-04-26 18:00:00,94.95,94.99160000000002
2025-04-26 19:00:00,94.9,94.99160000000002
2025-04-26 20:00:00,94.9,94.8342857142857
2025-04-26 21:00:00,94.85,94.8342857142857
2025-04-26 22:00:00,94.85,94.8342857142857
2025-04-26 23:00:00,94.83,94.8342857142857
2025-04-27 00:00:00,94.83,94.8342857142857
2025-04-27 01:00:00,94.83,94.8342857142857
2025-04-27 02:00:00,94.83,94.8342857142857
2025-04-27 03:00:00,94.84,94.8342857142857
2025-04-27 04:00:00,94.84,94.8342857142857
2025-04-27 05:00:00,94.87,94.8342857142857
2025-04-27 06:00:00,94.87,95.52080000000002
2025-04-27 07:00:00,94.89,95.52080000000002
2025-04-27 08:00:00,94.89,95.52080000000002
2025-04-27 09:00:00,94.9,95.52080000000002
2025-04-27 10:00:00,94.9,95.52080000000002
2025-04-27 11:00:00,94.92,95.52080000000002
2025-04-27 12:00:00,94.92,95.52080000000002
2025-04-27 13:00:00,94.93,95.52080000000002
2025-04-27 14:00:00,94.93,95.52080000000002
2025-04-27 15:00:00,94.92,95.52080000000002
2025-04-27 16:00:00,94.92,95.52080000000002
2025-04-27 17:00:00,94.88,95.52080000000002
2025-04-27 18:00:00,94.88,95.52080000000002
2025-04-27 19:00:00,94.82,95.52080000000002
2025-04-27 20:00:00,94.82,95.52080000000002
2025-04-27 21:00:00,94.8,95.52080000000002
2025-04-27 22:00:00,94.8,95.52080000000002
2025-04-27 23:00:00,94.78,95.52080000000002
2025-04-28 00:00:00,94.78,95.52080000000002
2025-04-28 01:00:00,94.8,95.52080000000002
2025-04-28 02:00:00,94.8,95.52080000000002
2025-04-28 03:00:00,94.86,95.52080000000002
2025-04-28 04:00:00,94.86,95.52080000000002
2025-04-28 05:00:00,94.92,95.52080000000002
2025-04-28 06:00:00,94.92,95.52080000000002
2025-04-28 07:00:00,94.94,95.52080000000002
2025-04-28 08:00:00,94.94,95.52080000000002
2025-04-28 09:00:00,94.95,95.52080000000002
2025-04-28 10:00:00,94.95,95.52080000000002
2025-04-28 11:00:00,94.95,95.52080000000002
2025-04-28 12:00:00,94.95,95.52080000000002
2025-04-28 13:00:00,94.97,95.52080000000002
2025-04-28 14:00:00,94.97,95.52080000000002
2025-04-28 15:00:00,94.98,95.52080000000002
2025-04-28 16:00:00,94.98,95.52080000000002
2025-04-28 17:00:00,94.97,95.52080000000002
2025-04-28 18:00:00,94.97,95.52080000000002
2025-04-28 19:00:00,94.94,95.52080000000002
2025-04-28 20:00:00,94.94,95.52080000000002
2025-04-28 21:00:00,94.9,95.52080000000002
2025-04-28 22:00:00,94.9,95.52080000000002
2025-04-28 23:00:00,94.85,95.52080000000002
2025-04-29 00:00:00,94.85,95.52080000000002
2025-04-29 01:00:00,94.83,95.52080000000002
2025-04-29 02:00:00,94.83,95.52080000000002
2025-04-29 03:00:00,94.85,95.52080000000002
2025-04-29 04:00:00,94.85,95.52080000000002
2025-04-29 05:00:00,94.84,95.52080000000002
2025-04-29 06:00:00,94.84,95.52080000000002
2025-04-29 07:00:00,94.82,95.52080000000002
2025-04-29 08:00:00,94.82,95.52080000000002
2025-04-29 09:00:00,94.79,95.52080000000002
2025-04-29 10:00:00,94.79,95.52080000000002
2025-04-29 11:00:00,94.8,95.52080000000002
2025-04-29 12:00:00,94.8,95.52080000000002
2025-04-29 13:00:00,94.83,95.52080000000002
2025-04-29 14:00:00,94.83,95.52080000000002
2025-04-29 15:00:00,94.83,95.52080000000002
2025-04-29 16:00:00,94.83,95.52080000000002
2025-04-29 17:00:00,94.81,95.52080000000002
2025-04-29 18:00:00,94.81,95.52080000000002
2025-04-29 19:00:00,94.78,95.52080000000002
2025-04-29 20:00:00,94.78,95.52080000000002
2025-04-29 21:00:00,94.77,95.52080000000002
2025-04-29 22:00:00,94.77,95.52080000000002
2025-04-29 23:00:00,94.77,95.52080000000002
2025-04-30 00:00:00,94.77,95.52080000000002
2025-04-30 01:00:00,94.77,95.52080000000002
2025-04-30 02:00:00,94.77,95.52080000000002
2025-04-30 03:00:00,94.74,95.52080000000002
2025-04-30 04:00:00,94.74,95.52080000000002
2025-04-30 05:00:00,94.71,95.52080000000002
2025-04-30 06:00:00,94.71,95.52080000000002
2025-04-30 07:00:00,94.7,95.52080000000002
2025-04-30 08:00:00,94.7,95.52080000000002
2025-04-30 09:00:00,94.69,95.52080000000002
2025-04-30 10:00:00,94.69,95.52080000000002
2025-04-30 11:00:00,94.68,95.52080000000002
2025-04-30 12:00:00,94.68,95.52080000000002
2025-04-30 13:00:00,94.68,95.52080000000002
2025-04-30 14:00:00,94.68,95.52080000000002
2025-04-30 15:00:00,94.66,95.52080000000002
2025-04-30 16:00:00,94.66,95.52080000000002
2025-04-30 17:00:00,94.63,95.52080000000002
2025-04-30 18:00:00,94.63,95.52080000000002
2025-04-30 19:00:00,94.62,95.52080000000002
2025-04-30 20:00:00,94.62,95.52080000000002
2025-04-30 21:00:00,94.63,95.52080000000002
2025-04-30 22:00:00,94.63,95.52080000000002
2025-04-30 23:00:00,94.65,95.52080000000002
2025-05-01 00:00:00,94.65,95.52080000000002
2025-05-01 01:00:00,94.67,95.52080000000002
2025-05-01 02:00:00,94.67,95.52080000000002
2025-05-01 03:00:00,94.69,95.52080000000002
2025-05-01 04:00:00,94.69,95.52080000000002
2025-05-01 05:00:00,94.67,95.52080000000002
2025-05-01 06:00:00,94.67,95.52080000000002
2025-05-01 07:00:00,94.66,95.52080000000002
2025-05-01 08:00:00,94.66,95.52080000000002
2025-05-01 09:00:00,94.7,95.52080000000002
2025-05-01 10:00:00,94.7,95.52080000000002
2025-05-01 11:00:00,94.74,95.52080000000002
2025-05-01 12:00:00,94.74,95.52080000000002
2025-05-01 13:00:00,94.74,95.52080000000002
2025-05-01 14:00:00,94.74,95.52080000000002
2025-05-01 15:00:00,94.75,95.52080000000002
2025-05-01 16:00:00,94.75,95.52080000000002
2025-05-01 17:00:00,94.75,95.52080000000002
2025-05-01 18:00:00,94.75,95.52080000000002
2025-05-01 19:00:00,94.72,95.52080000000002
2025-05-01 20:00:00,94.72,95.52080000000002
2025-05-01 21:00:00,94.65,95.52080000000002
2025-05-01 22:00:00,94.65,95.52080000000002
2025-05-01 23:00:00,94.6,95.52080000000002
2025-05-02 00:00:00,94.6,95.52080000000002
2025-05-02 01:00:00,94.61,95.52080000000002
2025-05-02 02:00:00,94.61,95.52080000000002
2025-05-02 03:00:00,94.64,95.52080000000002
2025-05-02 04:00:00,94.64,95.52080000000002
2025-05-02 05:00:00,94.64,95.52080000000002
2025-05-02 06:00:00,94.64,95.52080000000002
2025-05-02 07:00:00,94.6,95.52080000000002
2025-05-02 08:00:00,94.6,95.52080000000002
2025-05-02 09:00:00,94.58,95.52080000000002
2025-05-02 10:00:00,94.58,95.52080000000002
2025-05-02 11:00:00,94.55,95.52080000000002
2025-05-02 12:00:00,94.55,95.52080000000002
2025-05-02 13:00:00,94.5,95.52080000000002
2025-05-02 14:00:00,94.5,95.52080000000002
2025-05-02 15:00:00,94.41,95.52080000000002
2025-05-02 16:00:00,94.41,95.52080000000002
2025-05-02 17:00:00,94.33,95.52080000000002
2025-05-02 18:00:00,94.33,95.52080000000002
2025-05-02 19:00:00,94.3,95.52080000000002
2025-05-02 20:00:00,94.3,95.52080000000002
2025-05-02 21:00:00,94.28,95.52080000000002
2025-05-02 22:00:00,94.28,95.52080000000002
2025-05-02 23:00:00,94.25,95.52080000000002
2025-05-03 00:00:00,94.25,95.52080000000002
2025-05-03 01:00:00,94.23,95.52080000000002
2025-05-03 02:00:00,94.23,95.52080000000002
2025-05-03 03:00:00,94.24,95.52080000000002
2025-05-03 04:00:00,94.24,95.52080000000002
2025-05-03 05:00:00,94.26,95.52080000000002
2025-05-03 06:00:00,94.26,95.52080000000002
2025-05-03 07:00:00,94.29,95.52080000000002
2025-05-03 08:00:00,94.29,95.52080000000002
2025-05-03 09:00:00,94.29,95.52080000000002
2025-05-03 10:00:00,94.29,95.52080000000002
2025-05-03 11:00:00,94.31,95.52080000000002
2025-05-03 12:00:00,94.31,95.52080000000002
2025-05-03 13:00:00,94.33,95.52080000000002
2025-05-03 14:00:00,94.33,95.52080000000002
2025-05-03 15:00:00,94.34,95.52080000000002
2025-05-03 16:00:00,94.34,95.52080000000002
2025-05-03 17:00:00,94.31,95.52080000000002
2025-05-03 18:00:00,94.31,95.52080000000002
2025-05-03 19:00:00,94.32,95.52080000000002
2025-05-03 20:00:00,94.32,95.52080000000002
2025-05-03 21:00:00,94.31,95.52080000000002
2025-05-03 22:00:00,94.31,95.52080000000002
2025-05-03 23:00:00,94.28,95.52080000000002
2025-05-04 00:00:00,94.28,95.52080000000002
2025-05-04 01:00:00,94.25,95.52080000000002
2025-05-04 02:00:00,94.25,95.52080000000002
2025-05-04 03:00:00,94.23,95.52080000000002
2025-05-04 04:00:00,94.23,95.52080000000002
2025-05-04 05:00:00,94.22,95.52080000000002
2025-05-04 06:00:00,94.22,95.52080000000002
2025-05-04 07:00:00,94.23,95.52080000000002
2025-05-04 08:00:00,94.23,95.52080000000002
2025-05-04 09:00:00,94.27,95.52080000000002
2025-05-04 10:00:00,94.27,95.52080000000002
2025-05-04 11:00:00,94.31,95.52080000000002
2025-05-04 12:00:00,94.31,95.52080000000002
2025-05-04 13:00:00,94.35,95.52080000000002
2025-05-04 14:00:00,94.35,95.52080000000002
2025-05-04 15:00:00,94.36,95.52080000000002
2025-05-04 16:00:00,94.36,95.52080000000002
2025-05-04 17:00:00,94.34,95.52080000000002
2025-05-04 18:00:00,94.34,95.52080000000002
2025-05-04 19:00:00,94.34,95.52080000000002
2025-05-04 20:00:00,94.34,95.52080000000002
2025-05-04 21:00:00,94.32,95.52080000000002
2025-05-04 22:00:00,94.32,95.52080000000002
2025-05-04 23:00:00,94.31,95.52080000000002
2025-05-05 00:00:00,94.31,95.52080000000002
2025-05-05 01:00:00,94.31,95.52080000000002
2025-05-05 02:00:00,94.31,95.52080000000002
2025-05-05 03:00:00,94.3,94.8342857142857
2025-05-05 04:00:00,94.3,94.8342857142857
2025-05-05 05:00:00,94.27,94.8342857142857
2025-05-05 06:00:00,94.27,94.8342857142857
2025-05-05 07:00:00,94.26,94.8342857142857
2025-05-05 08:00:00,94.26,94.8342857142857
2025-05-05 09:00:00,94.23,94.8342857142857
2025-05-05 10:00:00,94.23,94.8342857142857
2025-05-05 11:00:00,94.2,94.8342857142857
2025-05-05 12:00:00,94.2,94.8342857142857
2025-05-05 13:00:00,94.14,94.8342857142857
2025-05-05 14:00:00,94.14,94.8342857142857
2025-05-05 15:00:00,94.05,94.8342857142857
2025-05-05 16:00:00,94.05,94.8342857142857
2025-05-05 17:00:00,93.95,94.8342857142857
2025-05-05 18:00:00,93.95,94.8342857142857
2025-05-05 19:00:00,93.87,94.8342857142857
2025-05-05 20:00:00,93.87,94.8342857142857
2025-05-05 21:00:00,93.79,94.8342857142857
2025-05-05 22:00:00,93.79,94.8342857142857
2025-05-05 23:00:00,93.75,94.8342857142857
2025-05-06 00:00:00,93.75,94.8342857142857
2025-05-06 01:00:00,93.73,94.8342857142857
2025-05-06 02:00:00,93.73,94.8342857142857
2025-05-06 03:00:00,93.74,94.8342857142857
2025-05-06 04:00:00,93.74,94.8342857142857
2025-05-06 05:00:00,93.72,94.8342857142857
2025-05-06 06:00:00,93.72,94.8342857142857
2025-05-06 07:00:00,93.68,94.8342857142857
2025-05-06 08:00:00,93.68,94.8342857142857
2025-05-06 09:00:00,93.6,94.8342857142857
2025-05-06 10:00:00,93.6,94.8342857142857
2025-05-06 11:00:00,93.55,94.8342857142857
2025-05-06 12:00:00,93.55,94.8342857142857
2025-05-06 13:00:00,93.51,94.8342857142857
2025-05-06 14:00:00,93.51,94.8342857142857
2025-05-06 15:00:00,93.46,94.8342857142857
2025-05-06 16:00:00,93.46,94.8342857142857
2025-05-06 17:00:00,93.39,94.8342857142857
2025-05-06 18:00:00,93.39,94.8342857142857
2025-05-06 19:00:00,93.33,94.8342857142857
2025-05-06 20:00:00,93.33,94.8342857142857
2025-05-06 21:00:00,93.28,94.8342857142857
2025-05-06 22:00:00,93.28,94.8342857142857
2025-05-06 23:00:00,93.22,94.8342857142857
2025-05-07 00:00:00,93.22,94.8342857142857
2025-05-07 01:00:00,93.2,94.8342857142857
2025-05-07 02:00:00,93.2,94.8342857142857
2025-05-07 03:00:00,93.17,94.8342857142857
2025-05-07 04:00:00,93.17,94.8342857142857
2025-05-07 05:00:00,93.1,94.8342857142857
2025-05-07 06:00:00,93.1,94.8342857142857
2025-05-07 07:00:00,93.08,94.8342857142857
2025-05-07 08:00:00,93.08,94.8342857142857
2025-05-07 09:00:00,93.03,94.8342857142857
2025-05-07 10:00:00,93.03,94.8342857142857
2025-05-07 11:00:00,92.99,94.8342857142857
2025-05-07 12:00:00,92.99,94.8342857142857
2025-05-07 13:00:00,92.9,94.8342857142857
2025-05-07 14:00:00,92.9,94.8342857142857
2025-05-07 15:00:00,92.83,94.8342857142857
2025-05-07 16:00:00,92.83,94.8342857142857
2025-05-07 17:00:00,92.76,94.8342857142857
2025-05-07 18:00:00,92.76,94.8342857142857
2025-05-07 19:00:00,92.71,94.8342857142857
2025-05-07 20:00:00,92.71,94.8342857142857
2025-05-07 21:00:00,92.65,94.8342857142857
2025-05-07 22:00:00,92.65,94.8342857142857
2025-05-07 23:00:00,92.61,94.8342857142857
2025-05-08 00:00:00,92.61,94.8342857142857
2025-05-08 01:00:00,92.55,94.8342857142857
2025-05-08 02:00:00,92.55,94.8342857142857
2025-05-08 03:00:00,92.51,94.8342857142857
2025-05-08 04:00:00,92.51,94.8342857142857
2025-05-08 05:00:00,92.49,94.8342857142857
2025-05-08 06:00:00,92.49,94.8342857142857
2025-05-08 07:00:00,92.46,94.8342857142857
2025-05-08 08:00:00,92.46,94.8342857142857
2025-05-08 09:00:00,92.42,94.8342857142857
2025-05-08 10:00:00,92.42,94.8342857142857
2025-05-08 11:00:00,92.4,94.8342857142857
2025-05-08 12:00:00,92.4,94.8342857142857
2025-05-08 13:00:00,92.35,94.8342857142857
2025-05-08 14:00:00,92.35,94.8342857142857
2025-05-08 15:00:00,92.26,94.8342857142857
2025-05-08 16:00:00,92.26,94.8342857142857
2025-05-08 17:00:00,92.18,94.8342857142857
2025-05-08 18:00:00,92.18,94.8342857142857
2025-05-08 19:00:00,92.12,94.8342857142857
2025-05-08 20:00:00,92.12,94.8342857142857
2025-05-08 21:00:00,92.07,94.8342857142857
2025-05-08 22:00:00,92.07,94.8342857142857
2025-05-08 23:00:00,92.03,94.8342857142857
2025-05-09 00:00:00,92.03,94.8342857142857
2025-05-09 01:00:00,92.02,94.8342857142857
2025-05-09 02:00:00,92.02,94.8342857142857
2025-05-09 03:00:00,91.99,94.8342857142857
2025-05-09 04:00:00,91.99,94.8342857142857
2025-05-09 05:00:00,91.96,94.8342857142857
2025-05-09 06:00:00,91.96,94.8342857142857
2025-05-09 07:00:00,91.9,94.8342857142857
2025-05-09 08:00:00,91.9,94.8342857142857
2025-05-09 09:00:00,91.83,94.8342857142857
2025-05-09 10:00:00,91.83,94.8342857142857
2025-05-09 11:00:00,91.75,94.8342857142857
2025-05-09 12:00:00,91.75,94.8342857142857
2025-05-09 13:00:00,91.68,94.8342857142857
2025-05-09 14:00:00,91.68,94.8342857142857
2025-05-09 15:00:00,91.6,94.8342857142857
2025-05-09 16:00:00,91.6,94.8342857142857
2025-05-09 17:00:00,91.54,94.8342857142857
2025-05-09 18:00:00,91.54,95.52080000000002
2025-05-09 19:00:00,91.5,95.52080000000002
2025-05-09 20:00:00,91.5,95.52080000000002
2025-05-09 21:00:00,91.48,95.52080000000002
2025-05-09 22:00:00,91.48,95.52080000000002
2025-05-09 23:00:00,91.4,95.52080000000002
2025-05-10 00:00:00,91.4,95.52080000000002
2025-05-10 01:00:00,91.36,95.52080000000002
2025-05-10 02:00:00,91.36,95.52080000000002
2025-05-10 03:00:00,91.32,95.52080000000002
2025-05-10 04:00:00,91.32,95.52080000000002
2025-05-10 05:00:00,91.27,95.52080000000002
2025-05-10 06:00:00,91.27,95.52080000000002
2025-05-10 07:00:00,91.24,95.52080000000002
2025-05-10 08:00:00,91.24,95.52080000000002
2025-05-10 09:00:00,91.2,95.52080000000002
2025-05-10 10:00:00,91.2,95.52080000000002
2025-05-10 11:00:00,91.14,95.52080000000002
2025-05-10 12:00:00,91.14,95.52080000000002
2025-05-10 13:00:00,91.1,95.52080000000002
2025-05-10 14:00:00,91.1,95.52080000000002
2025-05-10 15:00:00,91.03,95.52080000000002
2025-05-10 16:00:00,91.03,95.52080000000002
2025-05-10 17:00:00,90.97,95.52080000000002
2025-05-10 18:00:00,90.97,95.52080000000002
2025-05-10 19:00:00,90.92,95.52080000000002
2025-05-10 20:00:00,90.92,95.52080000000002
2025-05-10 21:00:00,90.88,95.52080000000002
2025-05-10 22:00:00,90.88,95.52080000000002
2025-05-10 23:00:00,90.81,95.52080000000002
2025-05-11 00:00:00,90.81,95.52080000000002
2025-05-11 01:00:00,90.78,95.52080000000002
2025-05-11 02:00:00,90.78,95.52080000000002
2025-05-11 03:00:00,90.75,95.52080000000002
2025-05-11 04:00:00,90.75,95.52080000000002
2025-05-11 05:00:00,90.74,95.52080000000002
2025-05-11 06:00:00,90.74,95.52080000000002
2025-05-11 07:00:00,90.73,95.52080000000002
2025-05-11 08:00:00,90.73,95.52080000000002
2025-05-11 09:00:00,90.75,95.52080000000002
2025-05-11 10:00:00,90.75,95.52080000000002
2025-05-11 11:00:00,90.76,95.52080000000002
2025-05-11 12:00:00,90.76,95.52080000000002
2025-05-11 13:00:00,90.75,95.52080000000002
2025-05-11 14:00:00,90.75,95.52080000000002
2025-05-11 15:00:00,90.75,95.52080000000002
2025-05-11 16:00:00,90.75,95.52080000000002
2025-05-11 17:00:00,90.69,95.52080000000002
2025-05-11 18:00:00,90.69,95.52080000000002
2025-05-11 19:00:00,90.62,95.52080000000002
2025-05-11 20:00:00,90.62,95.52080000000002
2025-05-11 21:00:00,90.53,95.52080000000002
2025-05-11 22:00:00,90.53,95.52080000000002
2025-05-11 23:00:00,90.44,95.52080000000002
2025-05-12 00:00:00,90.44,95.52080000000002
2025-05-12 01:00:00,90.41,95.52080000000002
2025-05-12 02:00:00,90.41,95.52080000000002
2025-05-12 03:00:00,90.41,95.52080000000002
2025-05-12 04:00:00,90.41,95.52080000000002
2025-05-12 05:00:00,90.4,95.52080000000002
2025-05-12 06:00:00,90.4,95.52080000000002
2025-05-12 07:00:00,90.37,95.52080000000002
2025-05-12 08:00:00,90.37,95.52080000000002
2025-05-12 09:00:00,90.32,95.52080000000002
2025-05-12 10:00:00,90.32,95.52080000000002
2025-05-12 11:00:00,90.3,95.52080000000002
2025-05-12 12:00:00,90.3,95.52080000000002
2025-05-12 13:00:00,90.25,95.52080000000002
2025-05-12 14:00:00,90.25,95.52080000000002
2025-05-12 15:00:00,90.16,95.52080000000002
2025-05-12 16:00:00,90.16,95.52080000000002
2025-05-12 17:00:00,90.1,95.52080000000002
2025-05-12 18:00:00,90.1,95.52080000000002
2025-05-12 19:00:00,90.03,95.52080000000002
2025-05-12 20:00:00,90.03,95.52080000000002
2025-05-12 21:00:00,89.96,95.52080000000002
2025-05-12 22:00:00,89.96,95.52080000000002
2025-05-12 23:00:00,89.91,95.52080000000002
2025-05-13 00:00:00,89.91,95.52080000000002
2025-05-13 01:00:00,89.89,95.52080000000002
2025-05-13 02:00:00,89.89,95.52080000000002
2025-05-13 03:00:00,89.9,95.52080000000002
2025-05-13 04:00:00,89.9,95.52080000000002
2025-05-13 05:00:00,89.91,95.52080000000002
2025-05-13 06:00:00,89.91,95.52080000000002
2025-05-13 07:00:00,89.92,95.52080000000002
2025-05-13 08:00:00,89.92,95.52080000000002
2025-05-13 09:00:00,89.92,95.52080000000002
2025-05-13 10:00:00,89.92,95.52080000000002
2025-05-13 11:00:00,89.94,95.52080000000002
2025-05-13 12:00:00,89.94,94.8342857142857
2025-05-13 13:00:00,89.93,94.8342857142857
2025-05-13 14:00:00,89.93,94.8342857142857
2025-05-13 15:00:00,89.91,94.8342857142857
2025-05-13 16:00:00,89.91,94.8342857142857
2025-05-13 17:00:00,89.87,94.8342857142857
2025-05-13 18:00:00,89.87,94.8342857142857
2025-05-13 19:00:00,89.8,94.8342857142857
2025-05-13 20:00:00,89.8,94.8342857142857
2025-05-13 21:00:00,89.75,94.8342857142857
2025-05-13 22:00:00,89.75,94.8342857142857
2025-05-13 23:00:00,89.67,94.8342857142857
2025-05-14 00:00:00,89.67,94.8342857142857
2025-05-14 01:00:00,89.62,94.8342857142857
2025-05-14 02:00:00,89.62,94.8342857142857
2025-05-14 03:00:00,89.57,94.8342857142857
2025-05-14 04:00:00,89.57,94.8342857142857
2025-05-14 05:00:00,89.5,94.8342857142857
2025-05-14 06:00:00,89.5,94.8342857142857
2025-05-14 07:00:00,89.45,94.8342857142857
2025-05-14 08:00:00,89.45,94.8342857142857
2025-05-14 09:00:00,89.41,94.8342857142857
2025-05-14 10:00:00,89.41,94.8342857142857
2025-05-14 11:00:00,89.39,94.8342857142857
2025-05-14 12:00:00,89.39,94.8342857142857
2025-05-14 13:00:00,89.38,94.8342857142857
2025-05-14 14:00:00,89.38,94.8342857142857
2025-05-14 15:00:00,89.33,94.8342857142857
2025-05-14 16:00:00,89.33,94.8342857142857
2025-05-14 17:00:00,89.25,94.8342857142857
2025-05-14 18:00:00,89.25,94.8342857142857
2025-05-14 19:00:00,89.17,94.8342857142857
2025-05-14 20:00:00,89.17,94.8342857142857
2025-05-14 21:00:00,89.1,94.8342857142857
2025-05-14 22:00:00,89.1,94.8342857142857
2025-05-14 23:00:00,89.01,94.8342857142857
2025-05-15 00:00:00,89.01,94.8342857142857
2025-05-15 01:00:00,88.95,94.8342857142857
2025-05-15 02:00:00,88.95,94.8342857142857
2025-05-15 03:00:00,88.92,94.8342857142857
2025-05-15 04:00:00,88.92,94.8342857142857
2025-05-15 05:00:00,88.9,94.8342857142857
2025-05-15 06:00:00,88.9,94.8342857142857
2025-05-15 07:00:00,88.89,94.8342857142857
2025-05-15 08:00:00,88.89,94.8342857142857
2025-05-15 09:00:00,88.89,94.8342857142857
2025-05-15 10:00:00,88.89,94.8342857142857
2025-05-15 11:00:00,88.9,94.8342857142857
2025-05-15 12:00:00,88.9,94.8342857142857
2025-05-15 13:00:00,88.93,94.8342857142857
2025-05-15 14:00:00,88.93,94.8342857142857
2025-05-15 15:00:00,88.9,94.8342857142857
2025-05-15 16:00:00,88.9,94.8342857142857
2025-05-15 17:00:00,88.83,94.8342857142857
2025-05-15 18:00:00,88.83,94.8342857142857
2025-05-15 19:00:00,88.83,94.8342857142857
2025-05-15 20:00:00,88.83,94.8342857142857
2025-05-15 21:00:00,88.85,94.8342857142857
2025-05-15 22:00:00,88.85,94.8342857142857
2025-05-15 23:00:00,88.86,94.8342857142857
2025-05-16 00:00:00,88.86,94.8342857142857
2025-05-16 01:00:00,88.86,94.8342857142857
2025-05-16 02:00:00,88.86,94.8342857142857
2025-05-16 03:00:00,88.9,94.8342857142857
2025-05-16 04:00:00,88.9,94.8342857142857
2025-05-16 05:00:00,88.91,94.8342857142857
2025-05-16 06:00:00,88.91,94.8342857142857
2025-05-16 07:00:00,88.91,94.8342857142857
2025-05-16 08:00:00,88.91,94.8342857142857
2025-05-16 09:00:00,88.91,94.8342857142857
2025-05-16 10:00:00,88.91,94.8342857142857
2025-05-16 11:00:00,88.93,94.8342857142857
2025-05-16 12:00:00,88.93,94.8342857142857
2025-05-16 13:00:00,88.92,94.8342857142857
2025-05-16 14:00:00,88.92,94.8342857142857
2025-05-16 15:00:00,88.9,94.8342857142857
2025-05-16 16:00:00,88.9,94.8342857142857
2025-05-16 17:00:00,88.87,94.8342857142857
2025-05-16 18:00:00,88.87,94.8342857142857
2025-05-16 19:00:00,88.84,94.8342857142857
2025-05-16 20:00:00,88.84,94.8342857142857
2025-05-16 21:00:00,88.83,94.8342857142857
2025-05-16 22:00:00,88.83,94.8342857142857
2025-05-16 23:00:00,88.86,94.8342857142857
2025-05-17 00:00:00,88.86,94.8342857142857
2025-05-17 01:00:00,88.86,94.8342857142857
2025-05-17 02:00:00,88.86,94.8342857142857
2025-05-17 03:00:00,88.86,94.8342857142857
2025-05-17 04:00:00,88.86,94.8342857142857
2025-05-17 05:00:00,88.86,94.8342857142857
2025-05-17 06:00:00,88.86,94.8342857142857
2025-05-17 07:00:00,88.86,94.8342857142857
2025-05-17 08:00:00,88.86,94.8342857142857
2025-05-17 09:00:00,88.86,94.8342857142857
2025-05-17 10:00:00,88.86,94.8342857142857
2025-05-17 11:00:00,88.86,94.8342857142857
2025-05-17 12:00:00,88.86,94.8342857142857
2025-05-17 13:00:00,88.86,94.8342857142857
2025-05-17 14:00:00,88.86,94.8342857142857
2025-05-17 15:00:00,88.86,94.8342857142857
2025-05-17 16:00:00,88.86,94.8342857142857
2025-05-17 17:00:00,88.86,94.8342857142857
2025-05-17 18:00:00,88.86,94.8342857142857
2025-05-17 19:00:00,88.86,94.8342857142857
2025-05-17 20:00:00,88.86,94.8342857142857
2025-05-17 21:00:00,88.86,94.8342857142857
2025-05-17 22:00:00,88.86,94.8342857142857
2025-05-17 23:00:00,88.86,94.8342857142857
2025-05-18 00:00:00,88.86,94.8342857142857
2025-05-18 01:00:00,88.96,94.8342857142857
2025-05-18 02:00:00,88.96,94.8342857142857
2025-05-18 03:00:00,88.95,94.8342857142857
2025-05-18 04:00:00,88.95,94.8342857142857
2025-05-18 05:00:00,88.94,94.8342857142857
2025-05-18 06:00:00,88.94,94.8342857142857
2025-05-18 07:00:00,88.94,94.8342857142857
2025-05-18 08:00:00,88.94,94.8342857142857
2025-05-18 09:00:00,88.93,94.8342857142857
2025-05-18 10:00:00,88.93,94.8342857142857
2025-05-18 11:00:00,88.93,94.8342857142857
2025-05-18 12:00:00,88.93,94.8342857142857
2025-05-18 13:00:00,88.92,94.8342857142857
2025-05-18 14:00:00,88.92,94.8342857142857
2025-05-18 15:00:00,88.94,94.8342857142857
2025-05-18 16:00:00,88.94,94.8342857142857
2025-05-18 17:00:00,88.95,94.8342857142857
2025-05-18 18:00:00,88.95,94.8342857142857
2025-05-18 19:00:00,88.95,94.8342857142857
2025-05-18 20:00:00,88.95,94.8342857142857
2025-05-18 21:00:00,88.9,94.8342857142857
2025-05-18 22:00:00,88.9,94.8342857142857
2025-05-18 23:00:00,88.86,94.8342857142857
2025-05-19 00:00:00,88.86,94.8342857142857
2025-05-19 01:00:00,88.85,94.8342857142857
2025-05-19 02:00:00,88.85,94.8342857142857
2025-05-19 03:00:00,88.85,94.8342857142857
2025-05-19 04:00:00,88.85,94.8342857142857
2025-05-19 05:00:00,88.87,94.8342857142857
2025-05-19 06:00:00,88.87,94.8342857142857
2025-05-19 07:00:00,88.89,94.8342857142857
2025-05-19 08:00:00,88.89,94.8342857142857
2025-05-19 09:00:00,88.9,94.8342857142857
2025-05-19 10:00:00,88.9,94.8342857142857
2025-05-19 11:00:00,88.92,94.8342857142857
2025-05-19 12:00:00,88.92,94.8342857142857
2025-05-19 13:00:00,88.95,94.8342857142857
2025-05-19 14:00:00,88.95,94.8342857142857
2025-05-19 15:00:00,88.93,94.8342857142857
2025-05-19 16:00:00,88.93,95.52080000000002
2025-05-19 17:00:00,88.9,95.52080000000002
2025-05-19 18:00:00,88.9,95.52080000000002
2025-05-19 19:00:00,88.88,95.52080000000002
2025-05-19 20:00:00,88.88,95.52080000000002
2025-05-19 21:00:00,88.89,95.52080000000002
2025-05-19 22:00:00,88.89,95.52080000000002
2025-05-19 23:00:00,88.92,95.52080000000002
2025-05-20 00:00:00,88.92,95.52080000000002
2025-05-20 01:00:00,88.95,95.52080000000002
2025-05-20 02:00:00,88.95,95.52080000000002
2025-05-20 03:00:00,88.98,95.52080000000002
2025-05-20 04:00:00,88.98,95.52080000000002
2025-05-20 05:00:00,88.98,95.52080000000002
2025-05-20 06:00:00,88.98,95.52080000000002
2025-05-20 07:00:00,88.97,95.52080000000002
2025-05-20 08:00:00,88.97,95.52080000000002
2025-05-20 09:00:00,88.95,95.52080000000002
2025-05-20 10:00:00,88.95,95.52080000000002
2025-05-20 11:00:00,88.93,95.52080000000002
2025-05-20 12:00:00,88.93,95.52080000000002
2025-05-20 13:00:00,88.9,95.52080000000002
2025-05-20 14:00:00,88.9,95.52080000000002
2025-05-20 15:00:00,88.88,95.52080000000002
2025-05-20 16:00:00,88.88,95.52080000000002
2025-05-20 17:00:00,88.86,95.52080000000002
2025-05-20 18:00:00,88.86,95.52080000000002
2025-05-20 19:00:00,88.85,95.52080000000002
2025-05-20 20:00:00,88.85,95.52080000000002
2025-05-20 21:00:00,88.83,95.52080000000002
2025-05-20 22:00:00,88.83,95.52080000000002
2025-05-20 23:00:00,88.8,95.52080000000002
2025-05-21 00:00:00,88.8,95.52080000000002
2025-05-21 01:00:00,88.79,95.52080000000002
2025-05-21 02:00:00,88.79,95.52080000000002
2025-05-21 03:00:00,88.81,95.52080000000002
2025-05-21 04:00:00,88.81,95.52080000000002
2025-05-21 05:00:00,88.86,95.52080000000002
2025-05-21 06:00:00,88.86,95.52080000000002
2025-05-21 07:00:00,88.92,95.52080000000002
2025-05-21 08:00:00,88.92,95.52080000000002
2025-05-21 09:00:00,88.96,95.52080000000002
2025-05-21 10:00:00,88.96,95.52080000000002
2025-05-21 11:00:00,88.96,95.52080000000002
2025-05-21 12:00:00,88.96,95.52080000000002
2025-05-21 13:00:00,88.96,95.52080000000002
2025-05-21 14:00:00,88.96,95.52080000000002
2025-05-21 15:00:00,88.96,95.52080000000002
2025-05-21 16:00:00,88.96,95.52080000000002
2025-05-21 17:00:00,88.96,95.52080000000002
2025-05-21 18:00:00,88.95,95.52080000000002
2025-05-21 19:00:00,88.94,95.52080000000002
2025-05-21 20:00:00,88.93,95.52080000000002
2025-05-21 21:00:00,88.92,95.52080000000002
2025-05-21 22:00:00,88.92,95.52080000000002
2025-05-21 23:00:00,88.91,95.52080000000002
2025-05-22 00:00:00,88.9,95.52080000000002
2025-05-22 01:00:00,88.9,95.52080000000002
2025-05-22 02:00:00,88.89,95.52080000000002
2025-05-22 03:00:00,88.88,95.52080000000002
2025-05-22 04:00:00,88.88,95.52080000000002
2025-05-22 05:00:00,88.88,95.52080000000002
2025-05-22 06:00:00,88.88,95.52080000000002
2025-05-22 07:00:00,88.88,95.52080000000002
2025-05-22 08:00:00,88.88,95.52080000000002
2025-05-22 09:00:00,88.88,95.52080000000002
2025-05-22 10:00:00,88.88,95.52080000000002
2025-05-22 11:00:00,88.88,95.52080000000002
2025-05-22 12:00:00,88.88,95.52080000000002
2025-05-22 13:00:00,88.87,95.52080000000002
2025-05-22 14:00:00,88.87,95.52080000000002
2025-05-22 15:00:00,88.86,95.52080000000002
2025-05-22 16:00:00,88.86,95.52080000000002
2025-05-22 17:00:00,88.85,95.52080000000002
2025-05-22 18:00:00,88.85,95.52080000000002
2025-05-22 19:00:00,88.85,95.52080000000002
2025-05-22 20:00:00,88.85,95.52080000000002
2025-05-22 21:00:00,88.86,95.52080000000002
2025-05-22 22:00:00,88.86,95.52080000000002
2025-05-22 23:00:00,88.86,95.52080000000002
2025-05-23 00:00:00,88.86,95.52080000000002
2025-05-23 01:00:00,88.86,95.52080000000002
2025-05-23 02:00:00,88.86,95.52080000000002
2025-05-23 03:00:00,88.87,95.52080000000002
2025-05-23 04:00:00,88.87,95.52080000000002
2025-05-23 05:00:00,88.88,95.52080000000002
2025-05-23 06:00:00,88.88,95.52080000000002
2025-05-23 07:00:00,88.89,95.52080000000002
2025-05-23 08:00:00,88.89,95.52080000000002
2025-05-23 09:00:00,88.9,95.52080000000002
2025-05-23 10:00:00,88.9,95.52080000000002
2025-05-23 11:00:00,88.9,95.52080000000002
2025-05-23 12:00:00,88.9,95.52080000000002
2025-05-23 13:00:00,88.88,95.52080000000002
2025-05-23 14:00:00,88.88,95.52080000000002
2025-05-23 15:00:00,88.87,95.52080000000002
2025-05-23 16:00:00,88.87,95.52080000000002
2025-05-23 17:00:00,88.85,95.52080000000002
2025-05-23 18:00:00,88.85,95.52080000000002
2025-05-23 19:00:00,88.82,95.52080000000002
2025-05-23 20:00:00,88.82,95.52080000000002
2025-05-23 21:00:00,88.77,95.52080000000002
2025-05-23 22:00:00,88.77,95.52080000000002
2025-05-23 23:00:00,88.76,95.52080000000002
2025-05-24 00:00:00,88.76,95.52080000000002
2025-05-24 01:00:00,88.74,95.52080000000002
2025-05-24 02:00:00,88.74,95.52080000000002
2025-05-24 03:00:00,88.74,95.52080000000002
2025-05-24 04:00:00,88.74,95.52080000000002
2025-05-24 05:00:00,88.74,95.52080000000002
2025-05-24 06:00:00,88.74,95.52080000000002
2025-05-24 07:00:00,88.74,95.52080000000002
2025-05-24 08:00:00,88.74,95.52080000000002
2025-05-24 09:00:00,88.74,95.52080000000002
2025-05-24 10:00:00,88.74,95.52080000000002
2025-05-24 11:00:00,88.74,95.52080000000002
2025-05-24 12:00:00,88.74,95.52080000000002
2025-05-24 13:00:00,88.74,95.52080000000002
2025-05-24 14:00:00,88.74,95.52080000000002
2025-05-24 15:00:00,88.74,95.52080000000002
2025-05-24 16:00:00,88.74,95.52080000000002
2025-05-24 17:00:00,88.74,95.52080000000002
2025-05-24 18:00:00,88.74,95.52080000000002
2025-05-24 19:00:00,88.74,95.52080000000002
2025-05-24 20:00:00,88.74,95.52080000000002
2025-05-24 21:00:00,88.74,95.52080000000002
2025-05-24 22:00:00,88.74,95.52080000000002
2025-05-24 23:00:00,88.74,95.52080000000002
2025-05-25 00:00:00,88.74,95.52080000000002
2025-05-25 01:00:00,88.74,95.52080000000002
2025-05-25 02:00:00,88.74,95.52080000000002
2025-05-25 03:00:00,88.74,95.52080000000002
2025-05-25 04:00:00,88.74,95.52080000000002
2025-05-25 05:00:00,88.74,95.52080000000002
2025-05-25 06:00:00,88.74,95.52080000000002
2025-05-25 07:00:00,88.74,95.52080000000002
2025-05-25 08:00:00,88.74,95.52080000000002
2025-05-25 09:00:00,88.74,95.52080000000002
2025-05-25 10:00:00,88.74,95.52080000000002
2025-05-25 11:00:00,88.74,95.52080000000002
2025-05-25 12:00:00,88.74,95.52080000000002
2025-05-25 13:00:00,88.74,95.52080000000002
2025-05-25 14:00:00,88.74,95.52080000000002
2025-05-25 15:00:00,88.74,95.52080000000002
2025-05-25 16:00:00,88.74,95.52080000000002
2025-05-25 17:00:00,88.74,95.52080000000002
2025-05-25 18:00:00,88.74,95.52080000000002
2025-05-25 19:00:00,88.74,95.52080000000002
2025-05-25 20:00:00,88.74,95.52080000000002
2025-05-25 21:00:00,88.74,95.52080000000002
2025-05-25 22:00:00,88.74,95.52080000000002
2025-05-25 23:00:00,88.74,95.52080000000002
2025-05-26 00:00:00,88.74,95.52080000000002
2025-05-26 01:00:00,88.3,95.52080000000002
2025-05-26 02:00:00,88.3,95.52080000000002
2025-05-26 03:00:00,88.23,95.52080000000002
2025-05-26 04:00:00,88.23,95.52080000000002
2025-05-26 05:00:00,88.19,95.52080000000002
2025-05-26 06:00:00,88.19,95.52080000000002
2025-05-26 07:00:00,88.14,95.52080000000002
2025-05-26 08:00:00,88.14,95.52080000000002
2025-05-26 09:00:00,88.12,95.52080000000002
2025-05-26 10:00:00,88.12,95.52080000000002
2025-05-26 11:00:00,88.08,95.52080000000002
2025-05-26 12:00:00,88.08,95.52080000000002
2025-05-26 13:00:00,88.04,95.52080000000002
2025-05-26 14:00:00,88.04,95.52080000000002
2025-05-26 15:00:00,87.98,95.52080000000002
2025-05-26 16:00:00,87.98,95.52080000000002
2025-05-26 17:00:00,87.92,95.52080000000002
2025-05-26 18:00:00,87.92,95.52080000000002
2025-05-26 19:00:00,87.88,95.52080000000002
2025-05-26 20:00:00,87.88,95.52080000000002
2025-05-26 21:00:00,87.84,95.52080000000002
2025-05-26 22:00:00,87.84,95.52080000000002
2025-05-26 23:00:00,87.79,95.52080000000002
2025-05-27 00:00:00,87.79,95.52080000000002
2025-05-27 01:00:00,87.74,95.52080000000002
2025-05-27 02:00:00,87.74,95.52080000000002
2025-05-27 03:00:00,87.69,95.52080000000002
2025-05-27 04:00:00,87.69,95.52080000000002
2025-05-27 05:00:00,87.64,95.52080000000002
2025-05-27 06:00:00,87.64,95.52080000000002
2025-05-27 07:00:00,87.6,95.52080000000002
2025-05-27 08:00:00,87.6,95.52080000000002
2025-05-27 09:00:00,87.55,95.52080000000002
2025-05-27 10:00:00,87.55,95.52080000000002
2025-05-27 11:00:00,87.5,95.52080000000002
2025-05-27 12:00:00,87.5,95.52080000000002
2025-05-27 13:00:00,87.46,95.52080000000002
2025-05-27 14:00:00,87.46,95.52080000000002
2025-05-27 15:00:00,87.42,95.52080000000002
2025-05-27 16:00:00,87.42,95.52080000000002
2025-05-27 17:00:00,87.38,95.52080000000002
2025-05-27 18:00:00,87.38,95.52080000000002
2025-05-27 19:00:00,87.34,95.52080000000002
2025-05-27 20:00:00,87.34,95.52080000000002
2025-05-27 21:00:00,87.3,95.52080000000002
2025-05-27 22:00:00,87.3,95.52080000000002
2025-05-27 23:00:00,87.27,95.52080000000002
2025-05-28 00:00:00,87.27,95.52080000000002
2025-05-28 01:00:00,87.25,95.52080000000002
2025-05-28 02:00:00,87.25,95.52080000000002
2025-05-28 03:00:00,87.24,95.52080000000002
2025-05-28 04:00:00,87.24,95.52080000000002
2025-05-28 05:00:00,87.23,95.52080000000002
2025-05-28 06:00:00,87.23,95.52080000000002
2025-05-28 07:00:00,87.23,95.52080000000002
2025-05-28 08:00:00,87.23,95.52080000000002
2025-05-28 09:00:00,87.23,95.52080000000002
2025-05-28 10:00:00,87.23,95.52080000000002
2025-05-28 11:00:00,87.23,95.52080000000002
2025-05-28 12:00:00,87.23,95.52080000000002
2025-05-28 13:00:00,87.23,95.52080000000002
2025-05-28 14:00:00,87.23,95.52080000000002
2025-05-28 15:00:00,87.23,95.52080000000002
2025-05-28 16:00:00,87.23,95.52080000000002
2025-05-28 17:00:00,87.23,95.52080000000002
2025-05-28 18:00:00,87.23,95.52080000000002
2025-05-28 19:00:00,87.23,95.52080000000002
2025-05-28 20:00:00,87.23,95.52080000000002
2025-05-28 21:00:00,87.23,95.52080000000002
2025-05-28 22:00:00,87.23,95.52080000000002
2025-05-28 23:00:00,87.23,95.52080000000002
2025-05-29 00:00:00,87.23,95.52080000000002
2025-05-29 01:00:00,87.23,95.52080000000002
2025-05-29 02:00:00,87.23,95.52080000000002
2025-05-29 03:00:00,87.22,95.52080000000002
2025-05-29 04:00:00,87.22,95.52080000000002
2025-05-29 05:00:00,87.22,95.52080000000002
2025-05-29 06:00:00,87.22,95.52080000000002
2025-05-29 07:00:00,87.23,95.52080000000002
2025-05-29 08:00:00,87.23,95.52080000000002
2025-05-29 09:00:00,87.24,95.52080000000002
2025-05-29 10:00:00,87.24,95.52080000000002
2025-05-29 11:00:00,87.25,95.52080000000002
2025-05-29 12:00:00,87.25,95.52080000000002
2025-05-29 13:00:00,87.24,95.52080000000002
2025-05-29 14:00:00,87.24,95.52080000000002
2025-05-29 15:00:00,87.23,95.52080000000002
2025-05-29 16:00:00,87.23,95.52080000000002
2025-05-29 17:00:00,87.23,95.52080000000002
2025-05-29 18:00:00,87.23,95.52080000000002
2025-05-29 19:00:00,87.22,95.52080000000002
2025-05-29 20:00:00,87.22,95.52080000000002
2025-05-29 21:00:00,87.2,95.52080000000002
2025-05-29 22:00:00,87.2,95.52080000000002
2025-05-29 23:00:00,87.18,95.52080000000002
2025-05-30 00:00:00,87.18,95.52080000000002
2025-05-30 01:00:00,87.13,95.52080000000002
2025-05-30 02:00:00,87.13,95.52080000000002
2025-05-30 03:00:00,87.11,95.52080000000002
2025-05-30 04:00:00,87.11,95.52080000000002
2025-05-30 05:00:00,87.12,95.52080000000002
2025-05-30 06:00:00,87.12,95.52080000000002
2025-05-30 07:00:00,87.12,95.52080000000002
2025-05-30 08:00:00,87.12,95.52080000000002
2025-05-30 09:00:00,87.1,95.52080000000002
2025-05-30 10:00:00,87.1,95.52080000000002
2025-05-30 11:00:00,87.08,95.52080000000002
2025-05-30 12:00:00,87.08,95.52080000000002
2025-05-30 13:00:00,87.04,95.52080000000002
2025-05-30 14:00:00,87.04,95.52080000000002
2025-05-30 15:00:00,87.0,95.52080000000002
2025-05-30 16:00:00,87.0,95.52080000000002
2025-05-30 17:00:00,86.94,95.52080000000002
2025-05-30 18:00:00,86.94,95.52080000000002
2025-05-30 19:00:00,86.87,95.52080000000002
2025-05-30 20:00:00,86.87,95.52080000000002
2025-05-30 21:00:00,86.84,95.52080000000002
2025-05-30 22:00:00,86.84,95.52080000000002
2025-05-30 23:00:00,86.81,95.52080000000002
2025-05-31 00:00:00,86.81,95.52080000000002
2025-05-31 01:00:00,86.78,95.52080000000002
2025-05-31 02:00:00,86.78,95.52080000000002
2025-05-31 03:00:00,86.77,95.52080000000002
2025-05-31 04:00:00,86.77,95.52080000000002
2025-05-31 05:00:00,86.76,95.52080000000002
2025-05-31 06:00:00,86.76,95.52080000000002
2025-05-31 07:00:00,86.72,95.52080000000002
2025-05-31 08:00:00,86.72,95.52080000000002
2025-05-31 09:00:00,86.69,95.52080000000002
2025-05-31 10:00:00,86.69,95.52080000000002
2025-05-31 11:00:00,86.66,95.52080000000002
2025-05-31 12:00:00,86.66,95.52080000000002
2025-05-31 13:00:00,86.63,95.52080000000002
2025-05-31 14:00:00,86.63,95.52080000000002
2025-05-31 15:00:00,86.59,95.52080000000002
2025-05-31 16:00:00,86.59,95.52080000000002
2025-05-31 17:00:00,86.55,95.52080000000002
2025-05-31 18:00:00,86.55,95.52080000000002
2025-05-31 19:00:00,86.53,95.52080000000002
2025-05-31 20:00:00,86.53,95.52080000000002
2025-05-31 21:00:00,86.52,95.52080000000002
2025-05-31 22:00:00,86.52,95.52080000000002
2025-05-31 23:00:00,86.5,95.52080000000002
2025-06-01 00:00:00,86.5,95.52080000000002
2025-06-01 01:00:00,86.47,95.52080000000002
2025-06-01 02:00:00,86.47,95.52080000000002
2025-06-01 03:00:00,86.44,95.52080000000002
2025-06-01 04:00:00,86.44,95.52080000000002
2025-06-01 05:00:00,86.42,95.52080000000002
2025-06-01 06:00:00,86.42,95.52080000000002
2025-06-01 07:00:00,86.43,95.52080000000002
2025-06-01 08:00:00,86.43,95.52080000000002
2025-06-01 09:00:00,86.43,95.52080000000002
2025-06-01 10:00:00,86.43,95.52080000000002
2025-06-01 11:00:00,86.43,95.52080000000002
2025-06-01 12:00:00,86.43,95.52080000000002
2025-06-01 13:00:00,86.4,95.52080000000002
2025-06-01 14:00:00,86.4,95.52080000000002
2025-06-01 15:00:00,86.36,95.52080000000002
2025-06-01 16:00:00,86.36,95.52080000000002
2025-06-01 17:00:00,86.3,95.52080000000002
2025-06-01 18:00:00,86.3,95.52080000000002
2025-06-01 19:00:00,86.23,95.52080000000002
2025-06-01 20:00:00,86.23,95.52080000000002
2025-06-01 21:00:00,86.15,95.52080000000002
2025-06-01 22:00:00,86.15,95.52080000000002
2025-06-01 23:00:00,86.07,95.52080000000002
2025-06-02 00:00:00,86.07,95.52080000000002
2025-06-02 01:00:00,85.99,95.52080000000002
2025-06-02 02:00:00,85.99,95.52080000000002
2025-06-02 03:00:00,85.92,95.52080000000002
2025-06-02 04:00:00,85.92,95.52080000000002
2025-06-02 05:00:00,85.88,95.52080000000002
2025-06-02 06:00:00,85.88,95.52080000000002
2025-06-02 07:00:00,85.87,95.52080000000002
2025-06-02 08:00:00,85.87,95.52080000000002
2025-06-02 09:00:00,85.86,95.52080000000002
2025-06-02 10:00:00,85.86,95.52080000000002
2025-06-02 11:00:00,85.81,95.52080000000002
2025-06-02 12:00:00,85.81,95.52080000000002
2025-06-02 13:00:00,85.74,95.52080000000002
2025-06-02 14:00:00,85.74,95.52080000000002
2025-06-02 15:00:00,85.69,95.52080000000002
2025-06-02 16:00:00,85.69,95.52080000000002
2025-06-02 17:00:00,85.7,95.52080000000002
2025-06-02 18:00:00,85.7,95.52080000000002
2025-06-02 19:00:00,85.66,95.52080000000002
2025-06-02 20:00:00,85.66,95.52080000000002
2025-06-02 21:00:00,85.64,95.52080000000002
2025-06-02 22:00:00,85.64,95.52080000000002
2025-06-02 23:00:00,85.58,95.52080000000002
2025-06-03 00:00:00,85.58,95.52080000000002
2025-06-03 01:00:00,85.57,95.52080000000002
2025-06-03 02:00:00,85.57,95.52080000000002
2025-06-03 03:00:00,85.57,95.52080000000002
2025-06-03 04:00:00,85.57,95.52080000000002
2025-06-03 05:00:00,85.57,95.52080000000002
2025-06-03 06:00:00,85.57,95.52080000000002
2025-06-03 07:00:00,85.57,95.52080000000002
2025-06-03 08:00:00,85.57,95.52080000000002
2025-06-03 09:00:00,85.57,95.52080000000002
2025-06-03 10:00:00,85.57,95.52080000000002
2025-06-03 11:00:00,85.57,95.52080000000002
2025-06-03 12:00:00,85.57,95.52080000000002
2025-06-03 13:00:00,85.57,95.52080000000002
2025-06-03 14:00:00,85.57,95.52080000000002
2025-06-03 15:00:00,85.57,95.52080000000002
2025-06-03 16:00:00,85.57,95.52080000000002
2025-06-03 17:00:00,85.57,95.52080000000002
2025-06-03 18:00:00,85.57,95.52080000000002
2025-06-03 19:00:00,85.57,95.52080000000002
2025-06-03 20:00:00,85.57,95.52080000000002
2025-06-03 21:00:00,85.57,95.52080000000002
2025-06-03 22:00:00,85.57,95.52080000000002
2025-06-03 23:00:00,85.57,95.52080000000002
2025-06-04 00:00:00,85.57,95.52080000000002
2025-06-04 01:00:00,85.49,95.52080000000002
2025-06-04 02:00:00,85.49,95.52080000000002
2025-06-04 03:00:00,85.51,95.52080000000002
2025-06-04 04:00:00,85.51,95.52080000000002
2025-06-04 05:00:00,85.57,95.52080000000002
2025-06-04 06:00:00,85.57,95.52080000000002
2025-06-04 07:00:00,85.64,95.52080000000002
2025-06-04 08:00:00,85.64,95.52080000000002
2025-06-04 09:00:00,85.66,95.52080000000002
2025-06-04 10:00:00,85.66,95.52080000000002
2025-06-04 11:00:00,85.62,95.52080000000002
2025-06-04 12:00:00,85.62,95.52080000000002
2025-06-04 13:00:00,85.58,95.52080000000002
2025-06-04 14:00:00,85.58,95.52080000000002
2025-06-04 15:00:00,85.52,95.52080000000002
2025-06-04 16:00:00,85.52,95.52080000000002
2025-06-04 17:00:00,85.43,95.52080000000002
2025-06-04 18:00:00,85.43,95.52080000000002
2025-06-04 19:00:00,85.34,95.52080000000002
2025-06-04 20:00:00,85.34,95.52080000000002
2025-06-04 21:00:00,85.28,95.52080000000002
2025-06-04 22:00:00,85.28,95.52080000000002
2025-06-04 23:00:00,85.25,95.52080000000002
2025-06-05 00:00:00,85.25,95.52080000000002
2025-06-05 01:00:00,85.22,95.52080000000002
2025-06-05 02:00:00,85.22,95.52080000000002
2025-06-05 03:00:00,85.14,95.52080000000002
2025-06-05 04:00:00,85.14,95.52080000000002
2025-06-05 05:00:00,85.05,95.52080000000002
2025-06-05 06:00:00,85.05,95.52080000000002
2025-06-05 07:00:00,84.98,95.52080000000002
2025-06-05 08:00:00,84.98,95.52080000000002
2025-06-05 09:00:00,84.96,95.52080000000002
2025-06-05 10:00:00,84.96,95.52080000000002
2025-06-05 11:00:00,84.95,95.52080000000002
2025-06-05 12:00:00,84.95,95.52080000000002
2025-06-05 13:00:00,84.89,95.52080000000002
2025-06-05 14:00:00,84.89,95.52080000000002
2025-06-05 15:00:00,84.84,95.52080000000002
2025-06-05 16:00:00,84.84,95.52080000000002
2025-06-05 17:00:00,84.84,95.52080000000002
2025-06-05 18:00:00,84.84,95.52080000000002
2025-06-05 19:00:00,84.84,95.52080000000002
2025-06-05 20:00:00,84.84,95.52080000000002
2025-06-05 21:00:00,84.84,95.52080000000002
2025-06-05 22:00:00,84.84,95.52080000000002
2025-06-05 23:00:00,84.84,95.52080000000002
2025-06-06 00:00:00,84.84,95.52080000000002
2025-06-06 01:00:00,84.84,95.52080000000002
2025-06-06 02:00:00,84.84,95.52080000000002
2025-06-06 03:00:00,84.84,95.52080000000002
2025-06-06 04:00:00,84.84,95.52080000000002
2025-06-06 05:00:00,84.84,95.52080000000002
2025-06-06 06:00:00,84.84,95.52080000000002
2025-06-06 07:00:00,84.84,95.52080000000002
2025-06-06 08:00:00,84.84,95.52080000000002
2025-06-06 09:00:00,84.84,95.52080000000002
2025-06-06 10:00:00,84.84,95.52080000000002
2025-06-06 11:00:00,84.84,95.52080000000002
2025-06-06 12:00:00,84.84,95.52080000000002
2025-06-06 13:00:00,84.84,95.52080000000002
2025-06-06 14:00:00,84.84,95.52080000000002
2025-06-06 15:00:00,84.84,95.52080000000002
2025-06-06 16:00:00,84.84,95.52080000000002
2025-06-06 17:00:00,84.84,95.52080000000002
2025-06-06 18:00:00,84.84,95.52080000000002
2025-06-06 19:00:00,84.84,95.52080000000002
2025-06-06 20:00:00,84.84,95.52080000000002
2025-06-06 21:00:00,84.84,95.52080000000002
2025-06-06 22:00:00,84.84,95.52080000000002
2025-06-06 23:00:00,84.84,95.52080000000002
2025-06-07 00:00:00,84.84,95.52080000000002
2025-06-07 01:00:00,84.84,95.52080000000002
2025-06-07 02:00:00,84.84,95.52080000000002
2025-06-07 03:00:00,84.84,95.52080000000002
2025-06-07 04:00:00,84.84,95.52080000000002
2025-06-07 05:00:00,84.84,95.52080000000002
2025-06-07 06:00:00,84.84,95.52080000000002
2025-06-07 07:00:00,84.84,95.52080000000002
2025-06-07 08:00:00,84.84,95.52080000000002
2025-06-07 09:00:00,84.84,95.52080000000002
2025-06-07 10:00:00,84.84,95.52080000000002
2025-06-07 11:00:00,84.84,95.52080000000002
2025-06-07 12:00:00,84.84,95.52080000000002
2025-06-07 13:00:00,84.84,95.52080000000002
2025-06-07 14:00:00,84.84,95.52080000000002
2025-06-07 15:00:00,84.84,95.52080000000002
2025-06-07 16:00:00,84.84,95.52080000000002
2025-06-07 17:00:00,84.84,95.52080000000002
2025-06-07 18:00:00,84.84,95.52080000000002
2025-06-07 19:00:00,84.84,95.52080000000002
2025-06-07 20:00:00,84.84,95.52080000000002
2025-06-07 21:00:00,84.84,95.52080000000002
2025-06-07 22:00:00,84.84,95.52080000000002
2025-06-07 23:00:00,84.84,95.52080000000002
2025-06-08 00:00:00,84.84,95.52080000000002
2025-06-08 01:00:00,85.05,95.52080000000002
2025-06-08 02:00:00,85.05,95.52080000000002
2025-06-08 03:00:00,85.02,95.52080000000002
2025-06-08 04:00:00,85.02,95.52080000000002
2025-06-08 05:00:00,85.02,95.52080000000002
2025-06-08 06:00:00,85.02,95.52080000000002
2025-06-08 07:00:00,85.05,95.52080000000002
2025-06-08 08:00:00,85.05,95.52080000000002
2025-06-08 09:00:00,85.06,95.52080000000002
2025-06-08 10:00:00,85.06,95.52080000000002
2025-06-08 11:00:00,85.04,95.52080000000002
2025-06-08 12:00:00,85.04,95.52080000000002
2025-06-08 13:00:00,84.99,95.52080000000002
2025-06-08 14:00:00,84.99,95.52080000000002
2025-06-08 15:00:00,84.95,95.52080000000002
2025-06-08 16:00:00,84.95,95.52080000000002
2025-06-08 17:00:00,84.91,95.52080000000002
2025-06-08 18:00:00,84.91,95.52080000000002
2025-06-08 19:00:00,84.84,95.52080000000002
2025-06-08 20:00:00,84.84,95.52080000000002
2025-06-08 21:00:00,84.78,95.52080000000002
2025-06-08 22:00:00,84.78,95.52080000000002
2025-06-08 23:00:00,84.71,95.52080000000002
2025-06-09 00:00:00,84.71,95.52080000000002
2025-06-09 01:00:00,84.69,95.52080000000002
2025-06-09 02:00:00,84.69,95.52080000000002
2025-06-09 03:00:00,84.71,95.52080000000002
2025-06-09 04:00:00,84.71,95.52080000000002
2025-06-09 05:00:00,84.78,95.52080000000002
2025-06-09 06:00:00,84.78,95.52080000000002
2025-06-09 07:00:00,84.86,95.52080000000002
2025-06-09 08:00:00,84.86,95.52080000000002
2025-06-09 09:00:00,84.94,95.52080000000002
2025-06-09 10:00:00,84.94,95.52080000000002
2025-06-09 11:00:00,84.96,95.52080000000002
2025-06-09 12:00:00,84.96,95.52080000000002
2025-06-09 13:00:00,84.94,95.52080000000002
2025-06-09 14:00:00,84.94,95.52080000000002
2025-06-09 15:00:00,84.9,95.52080000000002
2025-06-09 16:00:00,84.9,95.52080000000002
2025-06-09 17:00:00,84.84,95.52080000000002
2025-06-09 18:00:00,84.84,95.52080000000002
2025-06-09 19:00:00,84.78,95.52080000000002
2025-06-09 20:00:00,84.78,95.52080000000002
2025-06-09 21:00:00,84.8,95.52080000000002
2025-06-09 22:00:00,84.8,95.52080000000002
2025-06-09 23:00:00,84.78,95.52080000000002
2025-06-10 00:00:00,84.78,95.52080000000002
2025-06-10 01:00:00,84.81,95.52080000000002
2025-06-10 02:00:00,84.81,95.52080000000002
2025-06-10 03:00:00,84.86,95.52080000000002
2025-06-10 04:00:00,84.86,95.52080000000002
2025-06-10 05:00:00,84.94,95.52080000000002
2025-06-10 06:00:00,84.94,95.52080000000002
2025-06-10 07:00:00,84.99,95.52080000000002
2025-06-10 08:00:00,84.99,95.52080000000002
2025-06-10 09:00:00,85.0,95.52080000000002
2025-06-10 10:00:00,85.0,95.52080000000002
2025-06-10 11:00:00,85.01,95.52080000000002
2025-06-10 12:00:00,85.01,95.52080000000002
2025-06-10 13:00:00,85.01,95.52080000000002
2025-06-10 14:00:00,85.01,95.52080000000002
2025-06-10 15:00:00,85.01,95.52080000000002
2025-06-10 16:00:00,85.01,95.52080000000002
2025-06-10 17:00:00,84.99,95.52080000000002
2025-06-10 18:00:00,84.98,95.52080000000002
2025-06-10 19:00:00,84.97,95.52080000000002
2025-06-10 20:00:00,84.95,95.52080000000002
2025-06-10 21:00:00,84.94,95.52080000000002
2025-06-10 22:00:00,84.94,95.52080000000002
2025-06-10 23:00:00,84.92,95.52080000000002
2025-06-11 00:00:00,84.92,95.52080000000002
2025-06-11 01:00:00,84.9,95.52080000000002
2025-06-11 02:00:00,84.9,95.52080000000002
2025-06-11 03:00:00,84.89,95.52080000000002
2025-06-11 04:00:00,84.89,95.52080000000002
2025-06-11 05:00:00,84.89,95.52080000000002
2025-06-11 06:00:00,84.89,95.52080000000002
2025-06-11 07:00:00,84.9,95.52080000000002
2025-06-11 08:00:00,84.9,95.52080000000002
2025-06-11 09:00:00,84.88,95.52080000000002
2025-06-11 10:00:00,84.88,95.52080000000002
2025-06-11 11:00:00,84.83,95.52080000000002
2025-06-11 12:00:00,84.83,95.52080000000002
2025-06-11 13:00:00,84.79,95.52080000000002
2025-06-11 14:00:00,84.79,95.52080000000002
2025-06-11 15:00:00,84.77,95.52080000000002
2025-06-11 16:00:00,84.77,95.52080000000002
2025-06-11 17:00:00,84.76,95.52080000000002
2025-06-11 18:00:00,84.76,95.52080000000002
2025-06-11 19:00:00,84.75,95.52080000000002
2025-06-11 20:00:00,84.75,95.52080000000002
2025-06-11 21:00:00,84.74,95.52080000000002
2025-06-11 22:00:00,84.74,95.52080000000002
2025-06-11 23:00:00,84.74,95.52080000000002
2025-06-12 00:00:00,84.74,95.52080000000002
2025-06-12 01:00:00,84.75,95.52080000000002
2025-06-12 02:00:00,84.75,95.52080000000002
2025-06-12 03:00:00,84.76,95.52080000000002
2025-06-12 04:00:00,84.76,95.52080000000002
2025-06-12 05:00:00,84.81,95.52080000000002
2025-06-12 06:00:00,84.81,95.52080000000002
2025-06-12 07:00:00,84.85,95.52080000000002
2025-06-12 08:00:00,84.85,95.52080000000002
2025-06-12 09:00:00,84.81,95.52080000000002
2025-06-12 10:00:00,84.81,95.52080000000002
2025-06-12 11:00:00,84.74,95.52080000000002
2025-06-12 12:00:00,84.74,95.52080000000002
2025-06-12 13:00:00,84.64,95.52080000000002
2025-06-12 14:00:00,84.64,95.52080000000002
2025-06-12 15:00:00,84.53,95.52080000000002
2025-06-12 16:00:00,84.53,95.52080000000002
2025-06-12 17:00:00,84.42,95.52080000000002
2025-06-12 18:00:00,84.42,95.52080000000002
2025-06-12 19:00:00,84.32,95.52080000000002
2025-06-12 20:00:00,84.32,95.52080000000002
2025-06-12 21:00:00,84.32,95.52080000000002
2025-06-12 22:00:00,84.32,95.52080000000002
2025-06-12 23:00:00,84.27,95.52080000000002
2025-06-13 00:00:00,84.27,95.52080000000002
2025-06-13 01:00:00,84.24,95.52080000000002
2025-06-13 02:00:00,84.24,95.52080000000002
2025-06-13 03:00:00,84.24,95.52080000000002
2025-06-13 04:00:00,84.24,95.52080000000002
2025-06-13 05:00:00,84.27,95.52080000000002
2025-06-13 06:00:00,84.27,95.52080000000002
2025-06-13 07:00:00,84.28,95.52080000000002
2025-06-13 08:00:00,84.28,95.52080000000002
2025-06-13 09:00:00,84.27,95.52080000000002
2025-06-13 10:00:00,84.27,95.52080000000002
2025-06-13 11:00:00,84.27,95.52080000000002
2025-06-13 12:00:00,84.27,95.52080000000002
2025-06-13 13:00:00,84.27,95.52080000000002
2025-06-13 14:00:00,84.27,95.52080000000002
2025-06-13 15:00:00,84.26,95.52080000000002
2025-06-13 16:00:00,84.26,95.52080000000002
2025-06-13 17:00:00,84.24,95.52080000000002
2025-06-13 18:00:00,84.24,95.52080000000002
2025-06-13 19:00:00,84.23,95.52080000000002
2025-06-13 20:00:00,84.23,95.52080000000002
2025-06-13 21:00:00,84.21,95.52080000000002
2025-06-13 22:00:00,84.21,95.52080000000002
2025-06-13 23:00:00,84.25,95.52080000000002
2025-06-14 00:00:00,84.25,95.52080000000002
2025-06-14 01:00:00,84.29,95.52080000000002
2025-06-14 02:00:00,84.29,95.52080000000002
2025-06-14 03:00:00,84.35,95.52080000000002
2025-06-14 04:00:00,84.35,95.52080000000002
2025-06-14 05:00:00,84.41,95.52080000000002
2025-06-14 06:00:00,84.41,95.52080000000002
2025-06-14 07:00:00,84.46,95.52080000000002
2025-06-14 08:00:00,84.46,95.52080000000002
2025-06-14 09:00:00,84.52,95.52080000000002
2025-06-14 10:00:00,84.52,95.52080000000002
2025-06-14 11:00:00,84.58,95.52080000000002
2025-06-14 12:00:00,84.58,95.52080000000002
2025-06-14 13:00:00,84.64,95.52080000000002
2025-06-14 14:00:00,84.64,95.52080000000002
2025-06-14 15:00:00,84.7,95.52080000000002
2025-06-14 16:00:00,84.7,95.52080000000002
2025-06-14 17:00:00,84.76,95.52080000000002
2025-06-14 18:00:00,84.76,95.52080000000002
2025-06-14 19:00:00,84.83,95.52080000000002
2025-06-14 20:00:00,84.83,95.52080000000002
2025-06-14 21:00:00,84.9,95.52080000000002
2025-06-14 22:00:00,84.9,95.52080000000002
2025-06-14 23:00:00,84.99,95.52080000000002
2025-06-15 00:00:00,84.99,95.52080000000002
2025-06-15 01:00:00,85.08,95.52080000000002
2025-06-15 02:00:00,85.08,95.52080000000002
2025-06-15 03:00:00,85.17,95.52080000000002
2025-06-15 04:00:00,85.17,95.52080000000002
2025-06-15 05:00:00,85.24,95.52080000000002
2025-06-15 06:00:00,85.24,95.52080000000002
2025-06-15 07:00:00,85.35,95.52080000000002
2025-06-15 08:00:00,85.35,95.52080000000002
2025-06-15 09:00:00,85.49,95.52080000000002
2025-06-15 10:00:00,85.49,95.52080000000002
2025-06-15 11:00:00,85.6,95.52080000000002
2025-06-15 12:00:00,85.6,95.52080000000002
2025-06-15 13:00:00,85.68,95.52080000000002
2025-06-15 14:00:00,85.68,95.52080000000002
2025-06-15 15:00:00,85.76,95.52080000000002
2025-06-15 16:00:00,85.76,95.52080000000002
2025-06-15 17:00:00,85.83,95.52080000000002
2025-06-15 18:00:00,85.83,95.52080000000002
2025-06-15 19:00:00,85.9,95.52080000000002
2025-06-15 20:00:00,85.9,95.52080000000002
2025-06-15 21:00:00,86.0,95.52080000000002
2025-06-15 22:00:00,86.0,95.52080000000002
2025-06-15 23:00:00,86.1,95.52080000000002
2025-06-16 00:00:00,86.1,95.52080000000002
2025-06-16 01:00:00,86.2,95.52080000000002
2025-06-16 02:00:00,86.26,95.52080000000002
2025-06-16 03:00:00,86.32,95.52080000000002
2025-06-16 04:00:00,86.38,95.52080000000002
2025-06-16 05:00:00,86.44,95.52080000000002
2025-06-16 06:00:00,86.51,95.52080000000002
2025-06-16 07:00:00,86.58,95.52080000000002
2025-06-16 08:00:00,86.63,95.52080000000002
2025-06-16 09:00:00,86.68,95.52080000000002
2025-06-16 10:00:00,86.71,95.52080000000002
2025-06-16 11:00:00,86.74,95.52080000000002
2025-06-16 12:00:00,86.76,95.52080000000002
2025-06-16 13:00:00,86.77,95.52080000000002
2025-06-16 14:00:00,86.78,95.52080000000002
2025-06-16 15:00:00,86.8,95.52080000000002
2025-06-16 16:00:00,86.82,95.52080000000002
2025-06-16 17:00:00,86.85,95.52080000000002
2025-06-16 18:00:00,86.89,95.52080000000002
2025-06-16 19:00:00,86.93,95.52080000000002
2025-06-16 20:00:00,86.97,95.52080000000002
2025-06-16 21:00:00,87.01,95.52080000000002
2025-06-16 22:00:00,87.05,95.52080000000002
2025-06-16 23:00:00,87.09,95.52080000000002
2025-06-17 00:00:00,87.14,95.52080000000002
2025-06-17 01:00:00,87.2,95.52080000000002
2025-06-17 02:00:00,87.26,95.52080000000002
2025-06-17 03:00:00,87.33,95.52080000000002
2025-06-17 04:00:00,87.39,95.52080000000002
2025-06-17 05:00:00,87.45,95.52080000000002
2025-06-17 06:00:00,87.52,95.52080000000002
2025-06-17 07:00:00,87.59,95.52080000000002
2025-06-17 08:00:00,87.63,95.52080000000002
2025-06-17 09:00:00,87.69,95.52080000000002
2025-06-17 10:00:00,87.74,95.52080000000002
2025-06-17 11:00:00,87.79,95.52080000000002
2025-06-17 12:00:00,87.84,95.52080000000002
2025-06-17 13:00:00,87.9,95.52080000000002
2025-06-17 14:00:00,87.94,95.52080000000002
2025-06-17 15:00:00,87.97,95.52080000000002
2025-06-17 16:00:00,88.0,95.52080000000002
2025-06-17 17:00:00,88.04,95.52080000000002
2025-06-17 18:00:00,88.07,95.52080000000002
2025-06-17 19:00:00,88.1,95.52080000000002
2025-06-17 20:00:00,88.14,95.52080000000002
2025-06-17 21:00:00,88.18,95.52080000000002
2025-06-17 22:00:00,88.21,95.52080000000002
2025-06-17 23:00:00,88.26,95.52080000000002
2025-06-18 00:00:00,88.32,95.52080000000002
2025-06-18 01:00:00,88.38,95.52080000000002
2025-06-18 02:00:00,88.44,95.52080000000002
2025-06-18 03:00:00,88.49,95.52080000000002
2025-06-18 04:00:00,88.55,95.52080000000002
2025-06-18 05:00:00,88.61,95.52080000000002
2025-06-18 06:00:00,88.68,95.52080000000002
2025-06-18 07:00:00,88.74,95.52080000000002
2025-06-18 08:00:00,88.78,95.52080000000002
2025-06-18 09:00:00,88.82,95.52080000000002
2025-06-18 10:00:00,88.86,95.52080000000002
2025-06-18 11:00:00,88.9,95.52080000000002
2025-06-18 12:00:00,88.95,95.52080000000002
2025-06-18 13:00:00,88.99,95.52080000000002
2025-06-18 14:00:00,89.03,95.52080000000002
2025-06-18 15:00:00,89.07,95.52080000000002
2025-06-18 16:00:00,89.11,95.52080000000002
2025-06-18 17:00:00,89.14,95.52080000000002
2025-06-18 18:00:00,89.16,95.52080000000002
2025-06-18 19:00:00,89.2,95.52080000000002
2025-06-18 20:00:00,89.24,95.52080000000002
2025-06-18 21:00:00,89.28,95.52080000000002
2025-06-18 22:00:00,89.31,95.52080000000002
2025-06-18 23:00:00,89.35,95.52080000000002
2025-06-19 00:00:00,89.4,95.52080000000002
2025-06-19 01:00:00,89.45,95.52080000000002
2025-06-19 02:00:00,89.5,95.52080000000002
2025-06-19 03:00:00,89.55,95.52080000000002
2025-06-19 04:00:00,89.61,95.52080000000002
2025-06-19 05:00:00,89.68,95.52080000000002
2025-06-19 06:00:00,89.75,95.52080000000002
2025-06-19 07:00:00,89.81,95.52080000000002
2025-06-19 08:00:00,89.85,95.52080000000002
2025-06-19 09:00:00,89.89,95.52080000000002
2025-06-19 10:00:00,89.93,95.52080000000002
2025-06-19 11:00:00,89.97,95.52080000000002
2025-06-19 12:00:00,90.01,95.52080000000002
2025-06-19 13:00:00,90.04,95.52080000000002
2025-06-19 14:00:00,90.07,95.52080000000002
2025-06-19 15:00:00,90.1,95.52080000000002
2025-06-19 16:00:00,90.13,95.52080000000002
2025-06-19 17:00:00,90.16,95.52080000000002
2025-06-19 18:00:00,90.2,95.52080000000002
2025-06-19 19:00:00,90.23,95.52080000000002
2025-06-19 20:00:00,90.27,95.52080000000002
2025-06-19 21:00:00,90.31,95.52080000000002
2025-06-19 22:00:00,90.35,95.52080000000002
2025-06-19 23:00:00,90.37,95.52080000000002
2025-06-20 00:00:00,90.4,95.52080000000002
2025-06-20 01:00:00,90.44,95.52080000000002
2025-06-20 02:00:00,90.47,95.52080000000002
2025-06-20 03:00:00,90.51,95.52080000000002
2025-06-20 04:00:00,90.54,95.52080000000002
2025-06-20 05:00:00,90.57,95.52080000000002
2025-06-20 06:00:00,90.61,95.52080000000002
2025-06-20 07:00:00,90.65,95.52080000000002
2025-06-20 08:00:00,90.68,95.52080000000002
2025-06-20 09:00:00,90.71,95.52080000000002
2025-06-20 10:00:00,90.73,95.52080000000002
2025-06-20 11:00:00,90.75,95.52080000000002
2025-06-20 12:00:00,90.79,95.52080000000002
2025-06-20 13:00:00,90.83,95.52080000000002
2025-06-20 14:00:00,90.87,95.52080000000002
2025-06-20 15:00:00,90.91,95.52080000000002
2025-06-20 16:00:00,90.95,95.52080000000002
2025-06-20 17:00:00,90.99,95.52080000000002
2025-06-20 18:00:00,91.02,95.52080000000002
2025-06-20 19:00:00,91.06,95.52080000000002
2025-06-20 20:00:00,91.1,95.52080000000002
2025-06-20 21:00:00,91.14,95.52080000000002
2025-06-20 22:00:00,91.18,95.52080000000002
2025-06-20 23:00:00,91.22,95.41476190476196
2025-06-21 00:00:00,91.26,95.41476190476196
2025-06-21 01:00:00,91.3,95.41476190476196
2025-06-21 02:00:00,91.34,95.41476190476196
2025-06-21 03:00:00,91.38,95.41476190476196
2025-06-21 04:00:00,91.42,95.41476190476196
2025-06-21 05:00:00,91.46,95.41476190476196
2025-06-21 06:00:00,91.5,95.41476190476196
2025-06-21 07:00:00,91.55,95.41476190476196
2025-06-21 08:00:00,91.59,95.41476190476196
2025-06-21 09:00:00,91.63,95.41476190476196
2025-06-21 10:00:00,91.67,95.41476190476196
2025-06-21 11:00:00,91.72,95.41476190476196
2025-06-21 12:00:00,91.77,95.41476190476196
2025-06-21 13:00:00,91.82,95.41476190476196
2025-06-21 14:00:00,91.86,95.41476190476196
2025-06-21 15:00:00,91.89,95.41476190476196
2025-06-21 16:00:00,91.92,95.41476190476196
2025-06-21 17:00:00,91.96,95.41476190476196
2025-06-21 18:00:00,91.99,95.41476190476196
2025-06-21 19:00:00,92.02,95.41476190476196
2025-06-21 20:00:00,92.05,95.41476190476196
2025-06-21 21:00:00,92.09,95.41476190476196
2025-06-21 22:00:00,92.12,95.41476190476196
2025-06-21 23:00:00,92.16,95.41476190476196
2025-06-22 00:00:00,92.19,95.41476190476196
2025-06-22 01:00:00,92.23,95.41476190476196
2025-06-22 02:00:00,92.27,95.41476190476196
2025-06-22 03:00:00,92.31,95.41476190476196
2025-06-22 04:00:00,92.36,95.41476190476196
2025-06-22 05:00:00,92.42,95.41476190476196
2025-06-22 06:00:00,92.49,95.41476190476196
2025-06-22 07:00:00,92.56,95.41476190476196
2025-06-22 08:00:00,92.64,95.41476190476196
2025-06-22 09:00:00,92.72,95.41476190476196
2025-06-22 10:00:00,92.8,95.41476190476196
2025-06-22 11:00:00,92.89,95.41476190476196
2025-06-22 12:00:00,92.98,95.41476190476196
2025-06-22 13:00:00,93.07,95.41476190476196
2025-06-22 14:00:00,93.17,95.41476190476196
2025-06-22 15:00:00,93.25,95.41476190476196
2025-06-22 16:00:00,93.33,95.41476190476196
2025-06-22 17:00:00,93.4,95.41476190476196
2025-06-22 18:00:00,93.46,95.41476190476196
2025-06-22 19:00:00,93.5,95.41476190476196
2025-06-22 20:00:00,93.54,95.41476190476196
2025-06-22 21:00:00,93.59,95.41476190476196
2025-06-22 22:00:00,93.63,95.41476190476196
2025-06-22 23:00:00,93.69,95.41476190476196
2025-06-23 00:00:00,93.74,95.41476190476196
2025-06-23 01:00:00,93.8,95.41476190476196
2025-06-23 02:00:00,93.86,95.41476190476196
2025-06-23 03:00:00,93.93,95.41476190476196
2025-06-23 04:00:00,94.0,95.41476190476196
2025-06-23 05:00:00,94.06,95.41476190476196
2025-06-23 06:00:00,94.13,95.41476190476196
2025-06-23 07:00:00,94.2,95.41476190476196
2025-06-23 08:00:00,94.25,95.41476190476196
2025-06-23 09:00:00,94.3,95.41476190476196
2025-06-23 10:00:00,94.34,95.41476190476196
2025-06-23 11:00:00,94.38,95.41476190476196
2025-06-23 12:00:00,94.42,95.41476190476196
2025-06-23 13:00:00,94.46,95.41476190476196
2025-06-23 14:00:00,94.5,95.41476190476196
2025-06-23 15:00:00,94.54,95.41476190476196
2025-06-23 16:00:00,94.59,95.41476190476196
2025-06-23 17:00:00,94.64,95.41476190476196
2025-06-23 18:00:00,94.68,95.41476190476196
2025-06-23 19:00:00,94.73,95.41476190476196
2025-06-23 20:00:00,94.78,95.41476190476196
2025-06-23 21:00:00,94.83,95.41476190476196
2025-06-23 22:00:00,94.88,95.41476190476196
2025-06-23 23:00:00,94.93,95.41476190476196
2025-06-24 00:00:00,94.99,95.41476190476196
2025-06-24 01:00:00,95.05,95.41476190476196
2025-06-24 02:00:00,95.1,95.41476190476196
2025-06-24 03:00:00,95.14,95.41476190476196
2025-06-24 04:00:00,95.18,95.41476190476196
2025-06-24 05:00:00,95.22,95.41476190476196
2025-06-24 06:00:00,95.27,95.41476190476196
2025-06-24 07:00:00,95.33,95.41476190476196
2025-06-24 08:00:00,95.38,95.41476190476196
2025-06-24 09:00:00,95.43,95.41476190476196
2025-06-24 10:00:00,95.48,95.41476190476196
2025-06-24 11:00:00,95.53,95.41476190476196
2025-06-24 12:00:00,95.57,95.41476190476196
2025-06-24 13:00:00,95.6,95.59434782608696
2025-06-24 14:00:00,95.63,95.59434782608696
2025-06-24 15:00:00,95.66,95.642
2025-06-24 16:00:00,95.69,95.642
2025-06-24 17:00:00,95.72,95.72291666666668
2025-06-24 18:00:00,95.77,95.72291666666668
2025-06-24 19:00:00,95.81,95.72291666666668
2025-06-24 20:00:00,95.85,95.72291666666668
2025-06-24 21:00:00,95.9,95.9404347826087
2025-06-24 22:00:00,95.94,95.9404347826087
2025-06-24 23:00:00,95.94,95.9404347826087
2025-06-25 00:00:00,96.03,95.9404347826087
2025-06-25 01:00:00,96.07,96.14
2025-06-25 02:00:00,96.11,96.14
2025-06-25 03:00:00,96.16,96.14
2025-06-25 04:00:00,96.21,96.14
2025-06-25 05:00:00,96.25,96.14
2025-06-25 06:00:00,96.3,96.14
2025-06-25 07:00:00,96.34,96.14
2025-06-25 08:00:00,96.38,96.50210526315789
2025-06-25 09:00:00,96.41,96.50210526315789
2025-06-25 10:00:00,96.45,96.50210526315789
2025-06-25 11:00:00,96.48,96.50210526315789
2025-06-25 12:00:00,96.5,96.50210526315789
2025-06-25 13:00:00,96.53,96.50210526315789
2025-06-25 14:00:00,96.56,96.50210526315789
2025-06-25 15:00:00,96.6,96.50210526315789
2025-06-25 16:00:00,96.63,96.50210526315789
2025-06-25 17:00:00,96.67,96.50210526315789
2025-06-25 18:00:00,96.71,96.50210526315789
2025-06-25 19:00:00,96.75,96.84206896551724
2025-06-25 20:00:00,96.8,96.84206896551724
2025-06-25 21:00:00,96.83,96.84206896551724
2025-06-25 22:00:00,96.85,96.84206896551724
2025-06-25 23:00:00,96.86,96.84206896551724
2025-06-26 00:00:00,96.87,96.84206896551724
2025-06-26 01:00:00,96.88,96.84206896551724
2025-06-26 02:00:00,96.9,96.84206896551724
2025-06-26 03:00:00,96.92,96.95085714285712
2025-06-26 04:00:00,96.94,96.95085714285712
2025-06-26 05:00:00,96.96,96.95085714285712
2025-06-26 06:00:00,96.98,96.95085714285712
2025-06-26 07:00:00,97.0,96.95085714285712
2025-06-26 08:00:00,97.02,96.95085714285712
2025-06-26 09:00:00,97.04,97.057
2025-06-26 10:00:00,97.07,97.057
2025-06-26 11:00:00,97.1,97.057
2025-06-26 12:00:00,97.13,97.10666666666668
2025-06-26 13:00:00,97.15,97.10666666666668
2025-06-26 14:00:00,97.17,97.21000000000002
2025-06-26 15:00:00,97.19,97.21000000000002
2025-06-26 16:00:00,97.2,97.21000000000002
2025-06-26 17:00:00,97.22,97.21000000000002
2025-06-26 18:00:00,97.24,97.21000000000002
2025-06-26 19:00:00,97.26,97.2736
2025-06-26 20:00:00,97.28,97.2736
2025-06-26 21:00:00,97.3,97.2736
2025-06-26 22:00:00,97.32,97.32470588235292
2025-06-26 23:00:00,97.33,97.32470588235292
2025-06-27 00:00:00,97.35,97.32470588235292
2025-06-27 01:00:00,97.37,97.32470588235292
2025-06-27 02:00:00,97.39,97.39272727272729
2025-06-27 03:00:00,97.41,97.39272727272729
2025-06-27 04:00:00,97.43,97.39272727272729
2025-06-27 05:00:00,97.45,97.44809523809526
2025-06-27 06:00:00,97.47,97.44809523809526
2025-06-27 07:00:00,97.5,97.44809523809526
2025-06-27 08:00:00,97.52,97.498
2025-06-27 09:00:00,97.54,97.498
2025-06-27 10:00:00,97.56,97.6176923076923
2025-06-27 11:00:00,97.58,97.6176923076923
2025-06-27 12:00:00,97.6,97.6176923076923
2025-06-27 13:00:00,97.62,97.6176923076923
2025-06-27 14:00:00,97.64,97.6176923076923
2025-06-27 15:00:00,97.66,97.6176923076923
2025-06-27 16:00:00,97.68,97.6176923076923
2025-06-27 17:00:00,97.71,97.6176923076923
2025-06-27 18:00:00,97.74,97.73217391304348
2025-06-27 19:00:00,97.77,97.73217391304348
2025-06-27 20:00:00,97.81,97.7975
2025-06-27 21:00:00,97.85,97.7975
2025-06-27 22:00:00,97.88,97.88189189189188
2025-06-27 23:00:00,97.91,97.88189189189188
2025-06-28 00:00:00,97.94,97.88189189189188
2025-06-28 01:00:00,97.97,97.94535714285712
2025-06-28 02:00:00,98.0,97.94535714285712
2025-06-28 03:00:00,98.03,98.00815789473688
2025-06-28 04:00:00,98.06,98.00815789473688
2025-06-28 05:00:00,98.09,98.08413793103443
2025-06-28 06:00:00,98.12,98.08413793103443
2025-06-28 07:00:00,98.16,98.08413793103443
2025-06-28 08:00:00,98.19,98.23359999999998
2025-06-28 09:00:00,98.22,98.23359999999998
2025-06-28 10:00:00,98.25,98.23359999999998
2025-06-28 11:00:00,98.28,98.23359999999998
2025-06-28 12:00:00,98.32,98.23359999999998
2025-06-28 13:00:00,98.36,98.23359999999998
2025-06-28 14:00:00,98.39,98.37190476190476
2025-06-28 15:00:00,98.42,98.37190476190476
2025-06-28 16:00:00,98.45,98.45300000000002
2025-06-28 17:00:00,98.48,98.45300000000002
2025-06-28 18:00:00,98.51,98.52709677419357
2025-06-28 19:00:00,98.54,98.52709677419357
2025-06-28 20:00:00,98.58,98.52709677419357
2025-06-28 21:00:00,98.62,98.63481481481482
2025-06-28 22:00:00,98.66,98.63481481481482
2025-06-28 23:00:00,98.7,98.63481481481482
2025-06-29 00:00:00,98.74,98.77323529411764
2025-06-29 01:00:00,98.77,98.77323529411764
2025-06-29 02:00:00,98.81,98.77323529411764
2025-06-29 03:00:00,98.85,98.77323529411764
2025-06-29 04:00:00,98.89,98.77323529411764
2025-06-29 05:00:00,98.92,98.9186206896552
2025-06-29 06:00:00,98.96,98.9186206896552
2025-06-29 07:00:00,99.02,98.98181818181816
2025-06-29 08:00:00,99.1,98.98181818181816
2025-06-29 09:00:00,99.18,99.11026315789474
2025-06-29 10:00:00,99.25,99.22736842105262
2025-06-29 11:00:00,99.32,99.22736842105262
2025-06-29 12:00:00,99.4,99.32708333333332
2025-06-29 13:00:00,99.45,99.47433333333332
2025-06-29 14:00:00,99.48,99.47433333333332
2025-06-29 15:00:00,99.49,99.47433333333332
2025-06-29 16:00:00,99.48,99.47433333333332
2025-06-29 17:00:00,99.46,99.47433333333332
2025-06-29 18:00:00,99.43,99.47433333333332
2025-06-29 19:00:00,99.4,99.47433333333332
2025-06-29 20:00:00,99.36,99.47433333333332
2025-06-29 21:00:00,99.34,99.32708333333332
2025-06-29 22:00:00,99.34,99.32708333333332
2025-06-29 23:00:00,99.35,99.32708333333332
2025-06-30 00:00:00,99.36,99.32708333333332
2025-06-30 01:00:00,99.37,99.32708333333332
2025-06-30 02:00:00,99.38,99.32708333333332
2025-06-30 03:00:00,99.39,99.32708333333332
2025-06-30 04:00:00,99.4,99.32708333333332
2025-06-30 05:00:00,99.42,99.47433333333332
2025-06-30 06:00:00,99.44,99.47433333333332
2025-06-30 07:00:00,99.47,99.47433333333332
2025-06-30 08:00:00,99.5,99.47433333333332
2025-06-30 09:00:00,99.53,99.47433333333332
2025-06-30 10:00:00,99.57,99.47433333333332
2025-06-30 11:00:00,99.6,99.6320588235294
2025-06-30 12:00:00,99.62,99.6320588235294
2025-06-30 13:00:00,99.64,99.6320588235294
2025-06-30 14:00:00,99.66,99.6320588235294
2025-06-30 15:00:00,99.69,99.6320588235294
2025-06-30 16:00:00,99.71,99.7282857142857
2025-06-30 17:00:00,99.73,99.7282857142857
2025-06-30 18:00:00,99.75,99.7282857142857
2025-06-30 19:00:00,99.77,99.7282857142857
2025-06-30 20:00:00,99.79,99.7282857142857
2025-06-30 21:00:00,99.81,99.92294117647062
2025-06-30 22:00:00,99.83,99.92294117647062
2025-06-30 23:00:00,99.83,99.92294117647062
2025-07-01 00:00:00,99.88,99.92294117647062
2025-07-01 01:00:00,99.91,99.92294117647062
2025-07-01 02:00:00,99.94,99.92294117647062
2025-07-01 03:00:00,99.97,99.92294117647062
2025-07-01 04:00:00,100.0,99.92294117647062
2025-07-01 05:00:00,100.03,99.92294117647062
2025-07-01 06:00:00,100.06,99.92294117647062
2025-07-01 07:00:00,100.09,99.92294117647062
2025-07-01 08:00:00,100.12,100.14041666666668
2025-07-01 09:00:00,100.15,100.14041666666668
2025-07-01 10:00:00,100.18,100.14041666666668
2025-07-01 11:00:00,100.21,100.14041666666668
2025-07-01 12:00:00,100.24,100.14041666666668
2025-07-01 13:00:00,100.27,100.18400000000004
2025-07-01 14:00:00,100.3,100.2821739130435
2025-07-01 15:00:00,100.33,100.2821739130435
2025-07-01 16:00:00,100.37,100.33149999999998
2025-07-01 17:00:00,100.41,100.4221739130435
2025-07-01 18:00:00,100.45,100.4221739130435
2025-07-01 19:00:00,100.49,100.4221739130435
2025-07-01 20:00:00,100.53,100.51194444444448
2025-07-01 21:00:00,100.57,100.51194444444448
2025-07-01 22:00:00,100.61,100.59034482758616
2025-07-01 23:00:00,100.65,100.64333333333336
2025-07-02 00:00:00,100.69,100.64333333333336
2025-07-02 01:00:00,100.73,100.64333333333336
2025-07-02 02:00:00,100.76,100.75107142857144
2025-07-02 03:00:00,100.79,100.75107142857144
2025-07-02 04:00:00,100.81,100.75107142857144
2025-07-02 05:00:00,100.84,100.75107142857144
2025-07-02 06:00:00,100.87,100.84535714285713
2025-07-02 07:00:00,100.9,100.86476190476188
2025-07-02 08:00:00,100.94,100.91050000000004
2025-07-02 09:00:00,100.98,100.95476190476194
2025-07-02 10:00:00,101.01,100.95476190476194
2025-07-02 11:00:00,101.04,100.99379310344824
2025-07-02 12:00:00,101.07,101.04714285714284
2025-07-02 13:00:00,101.09,101.09606249999996
2025-07-02 14:00:00,101.12,101.09606249999996
2025-07-02 15:00:00,101.15,101.09606249999996
2025-07-02 16:00:00,101.18,101.09606249999996
2025-07-02 17:00:00,101.21,101.2571875
2025-07-02 18:00:00,101.24,101.2571875
2025-07-02 19:00:00,101.27,101.2571875
2025-07-02 20:00:00,101.3,101.2571875
2025-07-02 21:00:00,101.33,101.2571875
2025-07-02 22:00:00,101.36,101.3863636363636
2025-07-02 23:00:00,101.39,101.3863636363636
2025-07-03 00:00:00,101.42,101.3863636363636
2025-07-03 01:00:00,101.45,101.3863636363636
2025-07-03 02:00:00,101.48,101.3863636363636
2025-07-03 03:00:00,101.51,101.555
2025-07-03 04:00:00,101.54,101.555
2025-07-03 05:00:00,101.57,101.555
2025-07-03 06:00:00,101.59,101.555
2025-07-03 07:00:00,101.61,101.555
2025-07-03 08:00:00,101.64,101.555
2025-07-03 09:00:00,101.67,101.86999999999998
2025-07-03 10:00:00,101.7,101.86999999999998
2025-07-03 11:00:00,101.73,101.86999999999998
2025-07-03 12:00:00,101.77,101.86999999999998
2025-07-03 13:00:00,101.81,101.86999999999998
2025-07-03 14:00:00,101.84,101.86999999999998
2025-07-03 15:00:00,101.87,101.86999999999998
2025-07-03 16:00:00,101.9,101.86999999999998
2025-07-03 17:00:00,101.93,101.86999999999998
2025-07-03 18:00:00,101.95,101.86999999999998
2025-07-03 19:00:00,101.97,101.86999999999998
2025-07-03 20:00:00,102.0,101.86999999999998
2025-07-03 21:00:00,102.03,101.86999999999998
2025-07-03 22:00:00,102.06,102.08275862068965
2025-07-03 23:00:00,102.09,102.08275862068965
2025-07-04 00:00:00,102.12,102.08275862068965
2025-07-04 01:00:00,102.14,102.13448275862066
2025-07-04 02:00:00,102.17,102.13448275862066
2025-07-04 03:00:00,102.19,102.18300000000002
2025-07-04 04:00:00,102.21,102.18300000000002
2025-07-04 05:00:00,102.23,102.23639999999996
2025-07-04 06:00:00,102.26,102.23639999999996
2025-07-04 07:00:00,102.29,102.23639999999996
2025-07-04 08:00:00,102.33,102.32848484848488
2025-07-04 09:00:00,102.37,102.32848484848488
2025-07-04 10:00:00,102.41,102.32848484848488
2025-07-04 11:00:00,102.44,102.4117391304348
2025-07-04 12:00:00,102.47,102.4117391304348
2025-07-04 13:00:00,102.5,102.47454545454546
2025-07-04 14:00:00,102.52,102.47454545454546
2025-07-04 15:00:00,102.54,102.5205
2025-07-04 16:00:00,102.56,102.5205
2025-07-04 17:00:00,102.59,102.57136363636364
2025-07-04 18:00:00,102.61,102.57136363636364
2025-07-04 19:00:00,102.64,102.62472222222225
2025-07-04 20:00:00,102.67,102.62472222222225
2025-07-04 21:00:00,102.7,102.69450000000003
2025-07-04 22:00:00,102.72,102.69450000000003
2025-07-04 23:00:00,102.75,102.75206896551724
2025-07-05 00:00:00,102.78,102.75206896551724
2025-07-05 01:00:00,102.81,102.77861111111116
2025-07-05 02:00:00,102.84,102.85499999999996
2025-07-05 03:00:00,102.86,102.85499999999996
2025-07-05 04:00:00,102.88,102.85499999999996
2025-07-05 05:00:00,102.9,102.8675
2025-07-05 06:00:00,102.93,102.92586206896551
2025-07-05 07:00:00,102.95,102.92586206896551
2025-07-05 08:00:00,102.97,102.92586206896551
2025-07-05 09:00:00,103.0,102.99
2025-07-05 10:00:00,103.02,102.99
2025-07-05 11:00:00,103.05,103.03285714285713
2025-07-05 12:00:00,103.08,103.03285714285713
2025-07-05 13:00:00,103.1,103.10342105263156
2025-07-05 14:00:00,103.13,103.10342105263156
2025-07-05 15:00:00,103.15,103.10342105263156
2025-07-05 16:00:00,103.18,103.10342105263156
2025-07-05 17:00:00,103.2,103.18884615384614
2025-07-05 18:00:00,103.22,103.18884615384614
2025-07-05 19:00:00,103.25,103.25235294117644
2025-07-05 20:00:00,103.28,103.25235294117644
2025-07-05 21:00:00,103.31,103.25235294117644
2025-07-05 22:00:00,103.35,103.35099999999996
2025-07-05 23:00:00,103.39,103.35099999999996
2025-07-06 00:00:00,103.44,103.35099999999996
2025-07-06 01:00:00,103.49,103.475
2025-07-06 02:00:00,103.55,103.475
2025-07-06 03:00:00,103.61,103.69380952380952
2025-07-06 04:00:00,103.67,103.69380952380952
2025-07-06 05:00:00,103.73,103.69380952380952
2025-07-06 06:00:00,103.79,103.69380952380952
2025-07-06 07:00:00,103.85,103.818
2025-07-06 08:00:00,103.91,103.89407407407408
2025-07-06 09:00:00,103.96,103.89407407407408
2025-07-06 10:00:00,103.99,103.89407407407408
2025-07-06 11:00:00,104.02,104.00107142857144
2025-07-06 12:00:00,104.04,104.00107142857144
2025-07-06 13:00:00,104.06,104.0975
2025-07-06 14:00:00,104.08,104.0975
2025-07-06 15:00:00,104.1,104.0975
2025-07-06 16:00:00,104.12,104.0975
2025-07-06 17:00:00,104.15,104.0975
2025-07-06 18:00:00,104.17,104.17851851851852
2025-07-06 19:00:00,104.2,104.17851851851852
2025-07-06 20:00:00,104.23,104.17851851851852
2025-07-06 21:00:00,104.26,104.2413043478261
2025-07-06 22:00:00,104.31,104.2413043478261
2025-07-06 23:00:00,104.37,104.32599999999996
2025-07-07 00:00:00,104.43,104.38238095238096
2025-07-07 01:00:00,104.49,104.38238095238096
2025-07-07 02:00:00,104.55,104.49729729729734
2025-07-07 03:00:00,104.6,104.5424
2025-07-07 04:00:00,104.6,104.60172413793104
2025-07-07 05:00:00,104.6,104.60172413793104
2025-07-07 06:00:00,104.61,104.60172413793104
2025-07-07 07:00:00,104.66,104.60172413793104
2025-07-07 08:00:00,104.7,104.66774193548386
2025-07-07 09:00:00,104.74,104.72086956521738
2025-07-07 10:00:00,104.78,104.75375000000004
2025-07-07 11:00:00,104.81,104.8335714285714
2025-07-07 12:00:00,104.83,104.8335714285714
2025-07-07 13:00:00,104.85,104.8335714285714
2025-07-07 14:00:00,104.88,104.8335714285714
2025-07-07 15:00:00,104.9,104.88
2025-07-07 16:00:00,104.92,104.92027027027028
2025-07-07 17:00:00,104.95,104.92027027027028
2025-07-07 18:00:00,104.98,104.98241379310342
2025-07-07 19:00:00,105.01,104.98241379310342
2025-07-07 20:00:00,105.04,105.01971428571429
2025-07-07 21:00:00,105.07,105.01971428571429
2025-07-07 22:00:00,105.11,105.066875
2025-07-07 23:00:00,105.14,105.11548387096774
2025-07-08 00:00:00,105.17,105.1622222222222
2025-07-08 01:00:00,105.2,105.1622222222222
2025-07-08 02:00:00,105.23,105.2168
2025-07-08 03:00:00,105.26,105.23499999999996
2025-07-08 04:00:00,105.29,105.2937037037037
2025-07-08 05:00:00,105.32,105.2937037037037
2025-07-08 06:00:00,105.35,105.34349999999998
2025-07-08 07:00:00,105.37,105.39875
2025-07-08 08:00:00,105.39,105.39875
2025-07-08 09:00:00,105.41,105.39875
2025-07-08 10:00:00,105.43,105.43619047619048
2025-07-08 11:00:00,105.45,105.43619047619048
2025-07-08 12:00:00,105.47,105.45375
2025-07-08 13:00:00,105.49,105.48384615384612
2025-07-08 14:00:00,105.52,105.48384615384612
2025-07-08 15:00:00,105.54,105.51863636363636
2025-07-08 16:00:00,105.56,105.51863636363636
2025-07-08 17:00:00,105.58,105.59239999999996
2025-07-08 18:00:00,105.6,105.59239999999996
2025-07-08 19:00:00,105.62,105.62538461538462
2025-07-08 20:00:00,105.64,105.62538461538462
2025-07-08 21:00:00,105.66,105.66612903225806
2025-07-08 22:00:00,105.68,105.66612903225806
2025-07-08 23:00:00,105.71,105.69757575757576
2025-07-09 00:00:00,105.74,105.73100000000002
2025-07-09 01:00:00,105.77,105.77954545454546
2025-07-09 02:00:00,105.8,105.77954545454546
2025-07-09 03:00:00,105.83,105.80952380952378
2025-07-09 04:00:00,105.85,105.85347826086954
2025-07-09 05:00:00,105.88,105.85347826086954
2025-07-09 06:00:00,105.91,105.90333333333336
2025-07-09 07:00:00,105.94,105.95200000000004
2025-07-09 08:00:00,105.97,105.95200000000004
2025-07-09 09:00:00,105.99,105.97857142857146
2025-07-09 10:00:00,106.01,106.03549999999998
2025-07-09 11:00:00,106.03,106.03549999999998
2025-07-09 12:00:00,106.05,106.03549999999998
2025-07-09 13:00:00,106.07,106.084
2025-07-09 14:00:00,106.1,106.084
2025-07-09 15:00:00,106.13,106.084
2025-07-09 16:00:00,106.14,106.15565217391308
2025-07-09 17:00:00,106.13,106.15565217391308
2025-07-09 18:00:00,106.11,106.15565217391308
2025-07-09 19:00:00,106.1,106.15565217391308
2025-07-09 20:00:00,106.08,106.084
2025-07-09 21:00:00,106.08,106.084
2025-07-09 22:00:00,106.09,106.084
2025-07-09 23:00:00,106.08,106.084
2025-07-10 00:00:00,106.06,106.084
2025-07-10 01:00:00,106.04,106.084
2025-07-10 02:00:00,106.03,106.084
2025-07-10 03:00:00,106.02,106.03549999999998
2025-07-10 04:00:00,106.01,106.03549999999998
2025-07-10 05:00:00,106.01,106.03549999999998
2025-07-10 06:00:00,106.01,106.03549999999998
2025-07-10 07:00:00,106.01,106.03549999999998
2025-07-10 08:00:00,106.01,106.03549999999998
2025-07-10 09:00:00,106.01,106.03549999999998
2025-07-10 10:00:00,106.01,106.03549999999998
2025-07-10 11:00:00,106.0,106.03549999999998
2025-07-10 12:00:00,105.99,106.03549999999998
2025-07-10 13:00:00,105.98,106.03549999999998
2025-07-10 14:00:00,105.98,105.97857142857146
2025-07-10 15:00:00,105.97,105.97857142857146
2025-07-10 16:00:00,105.97,105.97857142857146
2025-07-10 17:00:00,105.96,105.97857142857146
2025-07-10 18:00:00,105.96,105.97857142857146
2025-07-10 19:00:00,105.96,105.97857142857146
2025-07-10 20:00:00,105.96,105.97857142857146
2025-07-10 21:00:00,105.96,105.97857142857146
2025-07-10 22:00:00,105.96,105.97857142857146
2025-07-10 23:00:00,105.96,105.97857142857146
2025-07-11 00:00:00,105.96,105.97857142857146
2025-07-11 01:00:00,105.96,105.97857142857146
2025-07-11 02:00:00,105.96,105.97857142857146
2025-07-11 03:00:00,105.96,105.97857142857146
2025-07-11 04:00:00,105.96,105.97857142857146
2025-07-11 05:00:00,105.96,105.97857142857146
2025-07-11 06:00:00,105.95,105.97857142857146
2025-07-11 07:00:00,105.94,105.97857142857146
2025-07-11 08:00:00,105.94,105.95200000000004
2025-07-11 09:00:00,105.95,105.95200000000004
2025-07-11 10:00:00,105.96,105.97857142857146
2025-07-11 11:00:00,105.97,105.97857142857146
2025-07-11 12:00:00,105.97,105.97857142857146
2025-07-11 13:00:00,105.97,105.97857142857146
2025-07-11 14:00:00,105.98,105.97857142857146
2025-07-11 15:00:00,105.99,105.97857142857146
2025-07-11 16:00:00,105.98,106.03549999999998
2025-07-11 17:00:00,105.97,105.97857142857146
2025-07-11 18:00:00,105.97,105.97857142857146
2025-07-11 19:00:00,105.98,105.97857142857146
2025-07-11 20:00:00,105.99,105.97857142857146
2025-07-11 21:00:00,106.0,106.03549999999998
2025-07-11 22:00:00,106.0,106.03549999999998
2025-07-11 23:00:00,106.0,106.03549999999998
2025-07-12 00:00:00,106.0,106.03549999999998
2025-07-12 01:00:00,106.0,106.03549999999998
2025-07-12 02:00:00,106.0,106.03549999999998
2025-07-12 03:00:00,106.0,106.03549999999998
2025-07-12 04:00:00,106.0,106.03549999999998
2025-07-12 05:00:00,106.01,106.03549999999998
2025-07-12 06:00:00,106.01,106.03549999999998
2025-07-12 07:00:00,106.02,106.03549999999998
2025-07-12 08:00:00,106.03,106.03549999999998
2025-07-12 09:00:00,106.03,106.03549999999998
2025-07-12 10:00:00,106.03,106.03549999999998
2025-07-12 11:00:00,106.04,106.03549999999998
2025-07-12 12:00:00,106.04,106.084
2025-07-12 13:00:00,106.04,106.084
2025-07-12 14:00:00,106.04,106.084
2025-07-12 15:00:00,106.04,106.084
2025-07-12 16:00:00,106.03,106.084
2025-07-12 17:00:00,106.03,106.03549999999998
2025-07-12 18:00:00,106.03,106.03549999999998
2025-07-12 19:00:00,106.03,106.03549999999998
2025-07-12 20:00:00,106.03,106.03549999999998
2025-07-12 21:00:00,106.02,106.03549999999998
2025-07-12 22:00:00,106.01,106.03549999999998
2025-07-12 23:00:00,106.01,106.03549999999998
2025-07-13 00:00:00,106.01,106.03549999999998
2025-07-13 01:00:00,106.01,106.03549999999998
2025-07-13 02:00:00,106.01,106.03549999999998
2025-07-13 03:00:00,106.01,106.03549999999998
2025-07-13 04:00:00,106.01,106.03549999999998
2025-07-13 05:00:00,106.01,106.03549999999998
2025-07-13 06:00:00,106.01,106.03549999999998
2025-07-13 07:00:00,106.01,106.03549999999998
2025-07-13 08:00:00,106.01,106.03549999999998
2025-07-13 09:00:00,106.01,106.03549999999998
2025-07-13 10:00:00,106.01,106.03549999999998
2025-07-13 11:00:00,106.01,106.03549999999998
2025-07-13 12:00:00,106.01,106.03549999999998
2025-07-13 13:00:00,105.98,106.03549999999998
2025-07-13 14:00:00,105.93,105.97857142857146
2025-07-13 15:00:00,105.87,105.95200000000004
2025-07-13 16:00:00,105.82,105.86181818181817
2025-07-13 17:00:00,105.76,105.82444444444444
2025-07-13 18:00:00,105.75,105.7373913043478
2025-07-13 19:00:00,105.75,105.7373913043478
2025-07-13 20:00:00,105.75,105.7373913043478
2025-07-13 21:00:00,105.76,105.7373913043478
2025-07-13 22:00:00,105.76,105.7373913043478
2025-07-13 23:00:00,105.76,105.7373913043478
2025-07-14 00:00:00,105.77,105.76190476190476
2025-07-14 01:00:00,105.77,105.76190476190476
2025-07-14 02:00:00,105.78,105.76190476190476
2025-07-14 03:00:00,105.78,105.76190476190476
2025-07-14 04:00:00,105.78,105.76190476190476
2025-07-14 05:00:00,105.78,105.76190476190476
2025-07-14 06:00:00,105.77,105.76190476190476
2025-07-14 07:00:00,105.76,105.76190476190476
2025-07-14 08:00:00,105.76,105.76190476190476
2025-07-14 09:00:00,105.76,105.76190476190476
2025-07-14 10:00:00,105.75,105.76190476190476
2025-07-14 11:00:00,105.74,105.76190476190476
2025-07-14 12:00:00,105.74,105.76190476190476
2025-07-14 13:00:00,105.74,105.7373913043478
2025-07-14 14:00:00,105.74,105.7373913043478
2025-07-14 15:00:00,105.73,105.7373913043478
2025-07-14 16:00:00,105.73,105.70612903225803
2025-07-14 17:00:00,105.73,105.70612903225803
2025-07-14 18:00:00,105.74,105.70612903225803
2025-07-14 19:00:00,105.74,105.7373913043478
2025-07-14 20:00:00,105.74,105.7373913043478
2025-07-14 21:00:00,105.74,105.7373913043478
2025-07-14 22:00:00,105.75,105.7373913043478
2025-07-14 23:00:00,105.76,105.7373913043478
2025-07-15 00:00:00,105.76,105.76190476190476
2025-07-15 01:00:00,105.76,105.76190476190476
2025-07-15 02:00:00,105.76,105.76190476190476
2025-07-15 03:00:00,105.76,105.76190476190476
2025-07-15 04:00:00,105.77,105.76190476190476
2025-07-15 05:00:00,105.76,105.76190476190476
2025-07-15 06:00:00,105.76,105.76190476190476
2025-07-15 07:00:00,105.76,105.76190476190476
2025-07-15 08:00:00,105.76,105.76190476190476
2025-07-15 09:00:00,105.76,105.76190476190476
2025-07-15 10:00:00,105.76,105.76190476190476
2025-07-15 11:00:00,105.76,105.76190476190476
2025-07-15 12:00:00,105.76,105.76190476190476
2025-07-15 13:00:00,105.76,105.7373913043478
2025-07-15 14:00:00,105.76,105.7373913043478
2025-07-15 15:00:00,105.75,105.7373913043478
2025-07-15 16:00:00,105.73,105.7373913043478
2025-07-15 17:00:00,105.69,105.70612903225803
2025-07-15 18:00:00,105.65,105.69757575757576
2025-07-15 19:00:00,105.61,105.66612903225806
2025-07-15 20:00:00,105.59,105.59599999999996
2025-07-15 21:00:00,105.57,105.5691304347826
2025-07-15 22:00:00,105.54,105.54777777777775
2025-07-15 23:00:00,105.51,105.51863636363636
2025-07-16 00:00:00,105.48,105.51863636363636
2025-07-16 01:00:00,105.46,105.45974358974355
2025-07-16 02:00:00,105.44,105.45974358974355
2025-07-16 03:00:00,105.41,105.45375
2025-07-16 04:00:00,105.38,105.41470588235296
2025-07-16 05:00:00,105.35,105.36131578947372
2025-07-16 06:00:00,105.31,105.36131578947372
2025-07-16 07:00:00,105.28,105.2988
2025-07-16 08:00:00,105.24,105.268
2025-07-16 09:00:00,105.2,105.23499999999996
2025-07-16 10:00:00,105.18,105.20266666666664
2025-07-16 11:00:00,105.15,105.1622222222222
2025-07-16 12:00:00,105.12,105.1622222222222
2025-07-16 13:00:00,105.08,105.11548387096774
2025-07-16 14:00:00,105.06,105.066875
2025-07-16 15:00:00,105.03,105.066875
2025-07-16 16:00:00,105.0,105.01971428571429
2025-07-16 17:00:00,104.97,105.01971428571429
2025-07-16 18:00:00,104.94,104.95807692307692
2025-07-16 19:00:00,104.91,104.92027027027028
2025-07-16 20:00:00,104.88,104.92027027027028
2025-07-16 21:00:00,104.85,104.88
2025-07-16 22:00:00,104.82,104.79333333333332
2025-07-16 23:00:00,104.79,104.79333333333332
2025-07-17 00:00:00,104.76,104.79333333333332
2025-07-17 01:00:00,104.74,104.75375000000004
2025-07-17 02:00:00,104.72,104.75375000000004
2025-07-17 03:00:00,104.69,104.72086956521738
2025-07-17 04:00:00,104.66,104.66774193548386
2025-07-17 05:00:00,104.63,104.66774193548386
2025-07-17 06:00:00,104.6,104.66774193548386
2025-07-17 07:00:00,104.57,104.60172413793104
2025-07-17 08:00:00,104.54,104.60172413793104
2025-07-17 09:00:00,104.51,104.5424
2025-07-17 10:00:00,104.48,104.49729729729734
2025-07-17 11:00:00,104.45,104.49729729729734
2025-07-17 12:00:00,104.41,104.49729729729734
2025-07-17 13:00:00,104.38,104.37433333333335
2025-07-17 14:00:00,104.35,104.37433333333335
2025-07-17 15:00:00,104.3,104.37433333333335
2025-07-17 16:00:00,104.24,104.37433333333335
2025-07-17 17:00:00,104.18,104.2413043478261
2025-07-17 18:00:00,104.11,104.17851851851852
2025-07-17 19:00:00,104.05,104.04740740740742
2025-07-17 20:00:00,103.99,104.04740740740742
2025-07-17 21:00:00,103.93,104.00107142857144
2025-07-17 22:00:00,103.87,103.8920588235294
2025-07-17 23:00:00,103.81,103.8920588235294
2025-07-18 00:00:00,103.75,103.8920588235294
2025-07-18 01:00:00,103.69,103.73043478260868
2025-07-18 02:00:00,103.63,103.65727272727275
2025-07-18 03:00:00,103.57,103.65727272727275
2025-07-18 04:00:00,103.51,103.65727272727275
2025-07-18 05:00:00,103.45,103.4435
2025-07-18 06:00:00,103.39,103.475
2025-07-18 07:00:00,103.33,103.35099999999996
2025-07-18 08:00:00,103.26,103.35099999999996
2025-07-18 09:00:00,103.2,103.25235294117644
2025-07-18 10:00:00,103.14,103.18884615384614
2025-07-18 11:00:00,103.08,103.10342105263156
2025-07-18 12:00:00,103.01,103.10342105263156
2025-07-18 13:00:00,102.94,103.03285714285713
2025-07-18 14:00:00,102.87,102.92586206896551
2025-07-18 15:00:00,102.8,102.8675
2025-07-18 16:00:00,102.73,102.79666666666664
2025-07-18 17:00:00,102.67,102.71850000000002
2025-07-18 18:00:00,102.6,102.6695
2025-07-18 19:00:00,102.53,102.57136363636364
2025-07-18 20:00:00,102.46,102.5205
2025-07-18 21:00:00,102.4,102.47454545454546
2025-07-18 22:00:00,102.34,102.4117391304348
2025-07-18 23:00:00,102.28,102.32848484848488
2025-07-19 00:00:00,102.22,102.32848484848488
2025-07-19 01:00:00,102.16,102.21
2025-07-19 02:00:00,102.1,102.14800000000002
2025-07-19 03:00:00,102.04,102.1021212121212
2025-07-19 04:00:00,101.98,102.0488888888889
2025-07-19 05:00:00,101.92,101.83199999999998
2025-07-19 06:00:00,101.86,101.83199999999998
2025-07-19 07:00:00,101.8,101.83199999999998
2025-07-19 08:00:00,101.74,101.83199999999998
2025-07-19 09:00:00,101.68,101.6854545454546
2025-07-19 10:00:00,101.61,101.6854545454546
2025-07-19 11:00:00,101.55,101.555
2025-07-19 12:00:00,101.49,101.555
2025-07-19 13:00:00,101.43,101.555
2025-07-19 14:00:00,101.37,101.3863636363636
2025-07-19 15:00:00,101.31,101.3863636363636
2025-07-19 16:00:00,101.26,101.2571875
2025-07-19 17:00:00,101.24,101.2571875
2025-07-19 18:00:00,101.24,101.2571875
2025-07-19 19:00:00,101.2,101.2571875
2025-07-19 20:00:00,101.16,101.2571875
2025-07-19 21:00:00,101.13,101.09606249999996
2025-07-19 22:00:00,101.09,101.09606249999996
2025-07-19 23:00:00,101.07,101.09606249999996
2025-07-20 00:00:00,101.04,101.09606249999996
2025-07-20 01:00:00,101.01,101.04714285714284
2025-07-20 02:00:00,100.97,101.01933333333334
2025-07-20 03:00:00,100.94,100.95476190476194
2025-07-20 04:00:00,100.91,100.95476190476194
2025-07-20 05:00:00,100.88,100.88562500000003
2025-07-20 06:00:00,100.85,100.88562500000003
2025-07-20 07:00:00,100.83,100.84535714285713
2025-07-20 08:00:00,100.83,100.84535714285713
2025-07-20 09:00:00,100.83,100.84535714285713
2025-07-20 10:00:00,100.83,100.84535714285713
2025-07-20 11:00:00,100.83,100.84535714285713
2025-07-20 12:00:00,100.81,100.84535714285713
2025-07-20 13:00:00,100.78,100.75107142857144
2025-07-20 14:00:00,100.74,100.75107142857144
2025-07-20 15:00:00,100.69,100.75107142857144
2025-07-20 16:00:00,100.63,100.64333333333336
2025-07-20 17:00:00,100.59,100.64333333333336
2025-07-20 18:00:00,100.55,100.59034482758616
2025-07-20 19:00:00,100.53,100.51194444444448
2025-07-20 20:00:00,100.53,100.51194444444448
2025-07-20 21:00:00,100.53,100.51194444444448
2025-07-20 22:00:00,100.53,100.51194444444448
2025-07-20 23:00:00,100.53,100.51194444444448
2025-07-21 00:00:00,100.52,100.51194444444448
2025-07-21 01:00:00,100.52,100.51194444444448
2025-07-21 02:00:00,100.52,100.51194444444448
2025-07-21 03:00:00,100.52,100.51194444444448
2025-07-21 04:00:00,100.52,100.51194444444448
2025-07-21 05:00:00,100.52,100.51194444444448
2025-07-21 06:00:00,100.52,100.51194444444448
2025-07-21 07:00:00,100.52,100.51194444444448
2025-07-21 08:00:00,100.52,100.51194444444448
2025-07-21 09:00:00,100.52,100.51194444444448
2025-07-21 10:00:00,100.52,100.51194444444448
2025-07-21 11:00:00,100.52,100.51194444444448
2025-07-21 12:00:00,100.51,100.51194444444448
2025-07-21 13:00:00,100.51,100.51194444444448
2025-07-21 14:00:00,100.5,100.51194444444448
2025-07-21 15:00:00,100.49,100.51194444444448
2025-07-21 16:00:00,100.49,100.51194444444448
2025-07-21 17:00:00,100.49,100.51194444444448
2025-07-21 18:00:00,100.48,100.51194444444448
2025-07-21 19:00:00,100.47,100.51194444444448
2025-07-21 20:00:00,100.47,100.51194444444448
2025-07-21 21:00:00,100.47,100.51194444444448
2025-07-21 22:00:00,100.47,100.51194444444448
2025-07-21 23:00:00,100.47,100.51194444444448
2025-07-22 00:00:00,100.47,100.51194444444448
2025-07-22 01:00:00,100.47,100.51194444444448
2025-07-22 02:00:00,100.47,100.51194444444448
2025-07-22 03:00:00,100.47,100.51194444444448
2025-07-22 04:00:00,100.47,100.51194444444448
2025-07-22 05:00:00,100.46,100.51194444444448
2025-07-22 06:00:00,100.45,100.51194444444448
2025-07-22 07:00:00,100.43,100.4221739130435
2025-07-22 08:00:00,100.41,100.4221739130435
2025-07-22 09:00:00,100.39,100.4221739130435
2025-07-22 10:00:00,100.36,100.4221739130435
2025-07-22 11:00:00,100.33,100.4221739130435
2025-07-22 12:00:00,100.31,100.33149999999998
2025-07-22 13:00:00,100.29,100.33149999999998
2025-07-22 14:00:00,100.29,100.2821739130435
2025-07-22 15:00:00,100.31,100.2821739130435
2025-07-22 16:00:00,100.32,100.33149999999998
2025-07-22 17:00:00,100.3,100.33149999999998
2025-07-22 18:00:00,100.27,100.2821739130435
2025-07-22 19:00:00,100.25,100.2821739130435
2025-07-22 20:00:00,100.26,100.18400000000004
2025-07-22 21:00:00,100.29,100.2821739130435
2025-07-22 22:00:00,100.32,100.2821739130435
2025-07-22 23:00:00,100.35,100.33149999999998
2025-07-23 00:00:00,100.37,100.33149999999998
2025-07-23 01:00:00,100.39,100.4221739130435
2025-07-23 02:00:00,100.41,100.4221739130435
2025-07-23 03:00:00,100.42,100.4221739130435
2025-07-23 04:00:00,100.43,100.4221739130435
2025-07-23 05:00:00,100.43,100.4221739130435
2025-07-23 06:00:00,100.42,100.4221739130435
2025-07-23 07:00:00,100.4,100.4221739130435
2025-07-23 08:00:00,100.38,100.4221739130435
2025-07-23 09:00:00,100.37,100.4221739130435
2025-07-23 10:00:00,100.35,100.4221739130435
2025-07-23 11:00:00,100.33,100.33149999999998
2025-07-23 12:00:00,100.32,100.33149999999998
2025-07-23 13:00:00,100.32,100.33149999999998
2025-07-23 14:00:00,100.33,100.33149999999998
2025-07-23 15:00:00,100.34,100.33149999999998
2025-07-23 16:00:00,100.35,100.33149999999998
2025-07-23 17:00:00,100.35,100.33149999999998
2025-07-23 18:00:00,100.35,100.33149999999998
2025-07-23 19:00:00,100.36,100.33149999999998
2025-07-23 20:00:00,100.37,100.4221739130435
2025-07-23 21:00:00,100.39,100.4221739130435
2025-07-23 22:00:00,100.41,100.4221739130435
2025-07-23 23:00:00,100.42,100.4221739130435
2025-07-24 00:00:00,100.44,100.4221739130435
2025-07-24 01:00:00,100.46,100.4221739130435
2025-07-24 02:00:00,100.49,100.51194444444448
2025-07-24 03:00:00,100.52,100.51194444444448
2025-07-24 04:00:00,100.55,100.51194444444448
2025-07-24 05:00:00,100.57,100.51194444444448
2025-07-24 06:00:00,100.57,100.59034482758616
2025-07-24 07:00:00,100.56,100.59034482758616
2025-07-24 08:00:00,100.53,100.51194444444448
2025-07-24 09:00:00,100.5,100.51194444444448
2025-07-24 10:00:00,100.45,100.51194444444448
2025-07-24 11:00:00,100.4,100.4221739130435
2025-07-24 12:00:00,100.37,100.4221739130435
2025-07-24 13:00:00,100.37,100.4221739130435
2025-07-24 14:00:00,100.38,100.4221739130435
2025-07-24 15:00:00,100.39,100.4221739130435
2025-07-24 16:00:00,100.4,100.4221739130435
2025-07-24 17:00:00,100.41,100.4221739130435
2025-07-24 18:00:00,100.42,100.4221739130435
2025-07-24 19:00:00,100.43,100.4221739130435
2025-07-24 20:00:00,100.44,100.4221739130435
2025-07-24 21:00:00,100.45,100.4221739130435
2025-07-24 22:00:00,100.46,100.4221739130435
2025-07-24 23:00:00,100.47,100.51194444444448
2025-07-25 00:00:00,100.48,100.51194444444448
2025-07-25 01:00:00,100.5,100.51194444444448
2025-07-25 02:00:00,100.51,100.51194444444448
2025-07-25 03:00:00,100.53,100.51194444444448
2025-07-25 04:00:00,100.54,100.51194444444448
2025-07-25 05:00:00,100.56,100.51194444444448
2025-07-25 06:00:00,100.58,100.51194444444448
2025-07-25 07:00:00,100.6,100.59034482758616
2025-07-25 08:00:00,100.62,100.59034482758616
2025-07-25 09:00:00,100.64,100.64333333333336
2025-07-25 10:00:00,100.67,100.64333333333336
2025-07-25 11:00:00,100.69,100.64333333333336
2025-07-25 12:00:00,100.71,100.64333333333336
2025-07-25 13:00:00,100.73,100.75107142857144
2025-07-25 14:00:00,100.75,100.75107142857144
2025-07-25 15:00:00,100.77,100.75107142857144
2025-07-25 16:00:00,100.79,100.75107142857144
2025-07-25 17:00:00,100.81,100.75107142857144
2025-07-25 18:00:00,100.82,100.75107142857144
2025-07-25 19:00:00,100.83,100.75107142857144
2025-07-25 20:00:00,100.85,100.84535714285713
2025-07-25 21:00:00,100.86,100.84535714285713
2025-07-25 22:00:00,100.88,100.86476190476188
2025-07-25 23:00:00,100.9,100.91050000000004
2025-07-26 00:00:00,100.92,100.91050000000004
2025-07-26 01:00:00,100.94,100.91050000000004
2025-07-26 02:00:00,100.96,100.95476190476194
2025-07-26 03:00:00,100.98,100.95476190476194
2025-07-26 04:00:00,101.0,100.95476190476194
2025-07-26 05:00:00,101.01,101.01933333333334
2025-07-26 06:00:00,101.02,101.01933333333334
2025-07-26 07:00:00,101.03,101.01933333333334
2025-07-26 08:00:00,101.04,101.01933333333334
2025-07-26 09:00:00,101.05,101.04714285714284
2025-07-26 10:00:00,101.06,101.04714285714284
2025-07-26 11:00:00,101.06,101.04714285714284
2025-07-26 12:00:00,101.07,101.04714285714284
2025-07-26 13:00:00,101.08,101.09606249999996
2025-07-26 14:00:00,101.09,101.09606249999996
2025-07-26 15:00:00,101.1,101.09606249999996
2025-07-26 16:00:00,101.11,101.09606249999996
2025-07-26 17:00:00,101.12,101.09606249999996
2025-07-26 18:00:00,101.13,101.09606249999996
2025-07-26 19:00:00,101.14,101.09606249999996
2025-07-26 20:00:00,101.16,101.09606249999996
2025-07-26 21:00:00,101.17,101.09606249999996
2025-07-26 22:00:00,101.18,101.09606249999996
2025-07-26 23:00:00,101.19,101.2571875
2025-07-27 00:00:00,101.2,101.2571875
2025-07-27 01:00:00,101.21,101.2571875
2025-07-27 02:00:00,101.21,101.2571875
2025-07-27 03:00:00,101.21,101.2571875
2025-07-27 04:00:00,101.22,101.2571875
2025-07-27 05:00:00,101.23,101.2571875
2025-07-27 06:00:00,101.24,101.2571875
2025-07-27 07:00:00,101.24,101.2571875
2025-07-27 08:00:00,101.24,101.2571875
2025-07-27 09:00:00,101.24,101.2571875
2025-07-27 10:00:00,101.23,101.2571875
2025-07-27 11:00:00,101.22,101.2571875
2025-07-27 12:00:00,101.21,101.2571875
2025-07-27 13:00:00,101.19,101.2571875
2025-07-27 14:00:00,101.15,101.2571875
2025-07-27 15:00:00,101.1,101.09606249999996
2025-07-27 16:00:00,101.04,101.09606249999996
2025-07-27 17:00:00,100.98,101.04714285714284
2025-07-27 18:00:00,100.93,100.95476190476194
2025-07-27 19:00:00,100.88,100.88562500000003
2025-07-27 20:00:00,100.83,100.88562500000003
2025-07-27 21:00:00,100.78,100.84535714285713
2025-07-27 22:00:00,100.74,100.75107142857144
2025-07-27 23:00:00,100.71,100.75107142857144
2025-07-28 00:00:00,100.7,100.75107142857144
2025-07-28 01:00:00,100.7,100.75107142857144
2025-07-28 02:00:00,100.7,100.75107142857144
2025-07-28 03:00:00,100.7,100.75107142857144
2025-07-28 04:00:00,100.71,100.75107142857144
2025-07-28 05:00:00,100.71,100.75107142857144
2025-07-28 06:00:00,100.71,100.75107142857144
2025-07-28 07:00:00,100.71,100.75107142857144
2025-07-28 08:00:00,100.7,100.75107142857144
2025-07-28 09:00:00,100.7,100.75107142857144
2025-07-28 10:00:00,100.7,100.75107142857144
2025-07-28 11:00:00,100.7,100.75107142857144
2025-07-28 12:00:00,100.69,100.75107142857144
2025-07-28 13:00:00,100.69,100.64333333333336
2025-07-28 14:00:00,100.69,100.64333333333336
2025-07-28 15:00:00,100.69,100.64333333333336
2025-07-28 16:00:00,100.68,100.64333333333336
2025-07-28 17:00:00,100.67,100.64333333333336
2025-07-28 18:00:00,100.66,100.64333333333336
2025-07-28 19:00:00,100.66,100.64333333333336
2025-07-28 20:00:00,100.65,100.64333333333336
2025-07-28 21:00:00,100.65,100.64333333333336
2025-07-28 22:00:00,100.65,100.64333333333336
2025-07-28 23:00:00,100.65,100.64333333333336
2025-07-29 00:00:00,100.65,100.64333333333336
2025-07-29 01:00:00,100.65,100.64333333333336
2025-07-29 02:00:00,100.65,100.64333333333336
2025-07-29 03:00:00,100.65,100.64333333333336
2025-07-29 04:00:00,100.65,100.64333333333336
2025-07-29 05:00:00,100.65,100.64333333333336
2025-07-29 06:00:00,100.64,100.64333333333336
2025-07-29 07:00:00,100.63,100.64333333333336
2025-07-29 08:00:00,100.62,100.64333333333336
2025-07-29 09:00:00,100.62,100.64333333333336
2025-07-29 10:00:00,100.62,100.64333333333336
2025-07-29 11:00:00,100.62,100.64333333333336
2025-07-29 12:00:00,100.62,100.64333333333336
2025-07-29 13:00:00,100.61,100.64333333333336
2025-07-29 14:00:00,100.6,100.64333333333336
2025-07-29 15:00:00,100.58,100.59034482758616
2025-07-29 16:00:00,100.55,100.59034482758616
2025-07-29 17:00:00,100.53,100.51194444444448
2025-07-29 18:00:00,100.53,100.51194444444448
2025-07-29 19:00:00,100.53,100.51194444444448
2025-07-29 20:00:00,100.53,100.51194444444448
2025-07-29 21:00:00,100.53,100.51194444444448
2025-07-29 22:00:00,100.53,100.51194444444448
2025-07-29 23:00:00,100.52,100.51194444444448
2025-07-30 00:00:00,100.51,100.51194444444448
2025-07-30 01:00:00,100.51,100.51194444444448
2025-07-30 02:00:00,100.5,100.51194444444448
2025-07-30 03:00:00,100.49,100.51194444444448
2025-07-30 04:00:00,100.49,100.51194444444448
2025-07-30 05:00:00,100.48,100.51194444444448
2025-07-30 06:00:00,100.47,100.51194444444448
2025-07-30 07:00:00,100.46,100.51194444444448
2025-07-30 08:00:00,100.46,100.51194444444448
2025-07-30 09:00:00,100.45,100.51194444444448
2025-07-30 10:00:00,100.44,100.4221739130435
2025-07-30 11:00:00,100.44,100.4221739130435
2025-07-30 12:00:00,100.44,100.4221739130435
2025-07-30 13:00:00,100.43,100.4221739130435
2025-07-30 14:00:00,100.42,100.4221739130435
2025-07-30 15:00:00,100.41,100.4221739130435
2025-07-30 16:00:00,100.4,100.4221739130435
2025-07-30 17:00:00,100.39,100.4221739130435
2025-07-30 18:00:00,100.39,100.4221739130435
2025-07-30 19:00:00,100.38,100.4221739130435
2025-07-30 20:00:00,100.37,100.4221739130435
2025-07-30 21:00:00,100.35,100.4221739130435
2025-07-30 22:00:00,100.35,100.33149999999998
2025-07-30 23:00:00,100.35,100.33149999999998
2025-07-31 00:00:00,100.34,100.33149999999998
2025-07-31 01:00:00,100.34,100.33149999999998
2025-07-31 02:00:00,100.34,100.33149999999998
2025-07-31 03:00:00,100.34,100.33149999999998
2025-07-31 04:00:00,100.33,100.33149999999998
2025-07-31 05:00:00,100.32,100.33149999999998
2025-07-31 06:00:00,100.31,100.33149999999998
2025-07-31 07:00:00,100.3,100.33149999999998
2025-07-31 08:00:00,100.26,100.2821739130435
2025-07-31 09:00:00,100.21,100.2821739130435
2025-07-31 10:00:00,100.14,100.18400000000004
2025-07-31 11:00:00,100.07,100.18400000000004
2025-07-31 12:00:00,99.99,99.92294117647062
2025-07-31 13:00:00,99.91,99.92294117647062
2025-07-31 14:00:00,99.86,99.92294117647062
2025-07-31 15:00:00,99.84,99.92294117647062
2025-07-31 16:00:00,99.83,99.92294117647062
2025-07-31 17:00:00,99.84,99.92294117647062
2025-07-31 18:00:00,99.87,99.92294117647062
2025-07-31 19:00:00,99.9,99.92294117647062
2025-07-31 20:00:00,99.93,99.92294117647062
2025-07-31 21:00:00,99.96,99.92294117647062
2025-07-31 22:00:00,100.0,99.92294117647062
2025-07-31 23:00:00,100.03,99.92294117647062
2025-08-01 00:00:00,100.06,99.92294117647062
2025-08-01 01:00:00,100.09,99.92294117647062
2025-08-01 02:00:00,100.13,100.14041666666668
2025-08-01 03:00:00,100.17,100.14041666666668
2025-08-01 04:00:00,100.21,100.14041666666668
2025-08-01 05:00:00,100.25,100.14041666666668
2025-08-01 06:00:00,100.28,100.18400000000004
2025-08-01 07:00:00,100.31,100.2821739130435
2025-08-01 08:00:00,100.3,100.33149999999998
2025-08-01 09:00:00,100.3,100.2821739130435
2025-08-01 10:00:00,100.28,100.2821739130435
2025-08-01 11:00:00,100.26,100.2821739130435
2025-08-01 12:00:00,100.24,100.2821739130435
2025-08-01 13:00:00,100.22,100.18400000000004
2025-08-01 14:00:00,100.2,100.18400000000004
2025-08-01 15:00:00,100.17,100.18400000000004
2025-08-01 16:00:00,100.15,100.18400000000004
2025-08-01 17:00:00,100.13,100.18400000000004
2025-08-01 18:00:00,100.1,100.18400000000004
2025-08-01 19:00:00,100.12,100.14041666666668
2025-08-01 20:00:00,100.15,100.14041666666668
2025-08-01 21:00:00,100.19,100.14041666666668
2025-08-01 22:00:00,100.22,100.14041666666668
2025-08-01 23:00:00,100.25,100.14041666666668
2025-08-02 00:00:00,100.28,100.18400000000004
2025-08-02 01:00:00,100.31,100.2821739130435
2025-08-02 02:00:00,100.34,100.33149999999998
2025-08-02 03:00:00,100.37,100.33149999999998
2025-08-02 04:00:00,100.4,100.4221739130435
2025-08-02 05:00:00,100.43,100.4221739130435
2025-08-02 06:00:00,100.46,100.4221739130435
2025-08-02 07:00:00,100.49,100.51194444444448
2025-08-02 08:00:00,100.52,100.51194444444448
2025-08-02 09:00:00,100.53,100.51194444444448
2025-08-02 10:00:00,100.52,100.51194444444448
2025-08-02 11:00:00,100.52,100.51194444444448
2025-08-02 12:00:00,100.52,100.51194444444448
2025-08-02 13:00:00,100.51,100.51194444444448
2025-08-02 14:00:00,100.5,100.51194444444448
2025-08-02 15:00:00,100.5,100.51194444444448
2025-08-02 16:00:00,100.49,100.51194444444448
2025-08-02 17:00:00,100.49,100.51194444444448
2025-08-02 18:00:00,100.49,100.51194444444448
2025-08-02 19:00:00,100.49,100.51194444444448
2025-08-02 20:00:00,100.5,100.51194444444448
2025-08-02 21:00:00,100.52,100.51194444444448
2025-08-02 22:00:00,100.54,100.51194444444448
2025-08-02 23:00:00,100.55,100.51194444444448
2025-08-03 00:00:00,100.57,100.51194444444448
2025-08-03 01:00:00,100.59,100.59034482758616
2025-08-03 02:00:00,100.62,100.59034482758616
2025-08-03 03:00:00,100.64,100.64333333333336
2025-08-03 04:00:00,100.66,100.64333333333336
2025-08-03 05:00:00,100.68,100.64333333333336
2025-08-03 06:00:00,100.7,100.64333333333336
2025-08-03 07:00:00,100.72,100.75107142857144
2025-08-03 08:00:00,100.73,100.75107142857144
2025-08-03 09:00:00,100.75,100.75107142857144
2025-08-03 10:00:00,100.79,100.75107142857144
2025-08-03 11:00:00,100.82,100.75107142857144
2025-08-03 12:00:00,100.84,100.75107142857144
2025-08-03 13:00:00,100.84,100.84535714285713
2025-08-03 14:00:00,100.82,100.84535714285713
2025-08-03 15:00:00,100.81,100.75107142857144
2025-08-03 16:00:00,100.81,100.75107142857144
2025-08-03 17:00:00,100.8,100.75107142857144
2025-08-03 18:00:00,100.79,100.75107142857144
2025-08-03 19:00:00,100.8,100.75107142857144
2025-08-03 20:00:00,100.82,100.75107142857144
2025-08-03 21:00:00,100.84,100.75107142857144
2025-08-03 22:00:00,100.86,100.84535714285713
2025-08-03 23:00:00,100.87,100.86476190476188
2025-08-04 00:00:00,100.88,100.86476190476188
2025-08-04 01:00:00,100.9,100.91050000000004
2025-08-04 02:00:00,100.92,100.91050000000004
2025-08-04 03:00:00,100.94,100.91050000000004
2025-08-04 04:00:00,100.95,100.95476190476194
2025-08-04 05:00:00,100.96,100.95476190476194
2025-08-04 06:00:00,100.97,100.95476190476194
2025-08-04 07:00:00,101.0,100.95476190476194
2025-08-04 08:00:00,101.03,100.99379310344824
2025-08-04 09:00:00,101.06,100.99379310344824
2025-08-04 10:00:00,101.08,101.04714285714284
2025-08-04 11:00:00,101.11,101.09606249999996
2025-08-04 12:00:00,101.14,101.09606249999996
2025-08-04 13:00:00,101.16,101.09606249999996
2025-08-04 14:00:00,101.19,101.09606249999996
2025-08-04 15:00:00,101.21,101.2571875
2025-08-04 16:00:00,101.23,101.2571875
2025-08-04 17:00:00,101.25,101.2571875
2025-08-04 18:00:00,101.27,101.2571875
2025-08-04 19:00:00,101.29,101.2571875
2025-08-04 20:00:00,101.29,101.2571875
2025-08-04 21:00:00,101.29,101.2571875
2025-08-04 22:00:00,101.3,101.2571875
2025-08-04 23:00:00,101.32,101.2571875
2025-08-05 00:00:00,101.33,101.3863636363636
2025-08-05 01:00:00,101.35,101.3863636363636
2025-08-05 02:00:00,101.36,101.3863636363636
2025-08-05 03:00:00,101.37,101.3863636363636
2025-08-05 04:00:00,101.38,101.3863636363636
2025-08-05 05:00:00,101.38,101.3863636363636
2025-08-05 06:00:00,101.39,101.3863636363636
2025-08-05 07:00:00,101.41,101.3863636363636
2025-08-05 08:00:00,101.43,101.3863636363636
2025-08-05 09:00:00,101.45,101.3863636363636
2025-08-05 10:00:00,101.47,101.3863636363636
2025-08-05 11:00:00,101.49,101.3863636363636
2025-08-05 12:00:00,101.51,101.555
2025-08-05 13:00:00,101.53,101.555
2025-08-05 14:00:00,101.55,101.555
2025-08-05 15:00:00,101.56,101.555
2025-08-05 16:00:00,101.56,101.555
2025-08-05 17:00:00,101.55,101.555
2025-08-05 18:00:00,101.54,101.555
2025-08-05 19:00:00,101.54,101.555
2025-08-05 20:00:00,101.54,101.555
2025-08-05 21:00:00,101.55,101.555
2025-08-05 22:00:00,101.56,101.555
2025-08-05 23:00:00,101.57,101.555
2025-08-06 00:00:00,101.58,101.555
2025-08-06 01:00:00,101.58,101.555
2025-08-06 02:00:00,101.58,101.555
2025-08-06 03:00:00,101.59,101.555
2025-08-06 04:00:00,101.6,101.555
2025-08-06 05:00:00,101.62,101.555
2025-08-06 06:00:00,101.64,101.555
2025-08-06 07:00:00,101.66,101.64560000000004
2025-08-06 08:00:00,101.68,101.64560000000004
2025-08-06 09:00:00,101.7,101.6854545454546
2025-08-06 10:00:00,101.72,101.6854545454546
2025-08-06 11:00:00,101.74,101.6854545454546
2025-08-06 12:00:00,101.76,101.6854545454546
2025-08-06 13:00:00,101.78,101.83199999999998
2025-08-06 14:00:00,101.8,101.83199999999998
2025-08-06 15:00:00,101.82,101.83199999999998
2025-08-06 16:00:00,101.84,101.83199999999998
2025-08-06 17:00:00,101.86,101.83199999999998
2025-08-06 18:00:00,101.87,101.83199999999998
2025-08-06 19:00:00,101.88,101.83199999999998
2025-08-06 20:00:00,101.9,101.83199999999998
2025-08-06 21:00:00,101.93,101.83199999999998
2025-08-06 22:00:00,101.95,101.83199999999998
2025-08-06 23:00:00,101.97,101.83199999999998
2025-08-07 00:00:00,101.99,101.83199999999998
2025-08-07 01:00:00,102.01,101.83199999999998
2025-08-07 02:00:00,102.03,101.83199999999998
2025-08-07 03:00:00,102.05,102.08275862068965
2025-08-07 04:00:00,102.07,102.08275862068965
2025-08-07 05:00:00,102.09,102.08275862068965
2025-08-07 06:00:00,102.12,102.08275862068965
2025-08-07 07:00:00,102.14,102.13448275862066
2025-08-07 08:00:00,102.16,102.13448275862066
2025-08-07 09:00:00,102.18,102.18300000000002
2025-08-07 10:00:00,102.2,102.18300000000002
2025-08-07 11:00:00,102.21,102.23639999999996
2025-08-07 12:00:00,102.24,102.23639999999996
2025-08-07 13:00:00,102.26,102.23639999999996
2025-08-07 14:00:00,102.27,102.23639999999996
2025-08-07 15:00:00,102.27,102.32848484848488
2025-08-07 16:00:00,102.27,102.32848484848488
2025-08-07 17:00:00,102.24,102.32848484848488
2025-08-07 18:00:00,102.21,102.23639999999996
2025-08-07 19:00:00,102.22,102.23639999999996
2025-08-07 20:00:00,102.23,102.23639999999996
2025-08-07 21:00:00,102.25,102.23639999999996
2025-08-07 22:00:00,102.27,102.23639999999996
2025-08-07 23:00:00,102.3,102.32848484848488
2025-08-08 00:00:00,102.33,102.32848484848488
2025-08-08 01:00:00,102.36,102.32848484848488
2025-08-08 02:00:00,102.39,102.32848484848488
2025-08-08 03:00:00,102.41,102.4117391304348
2025-08-08 04:00:00,102.44,102.4117391304348
2025-08-08 05:00:00,102.47,102.4117391304348
2025-08-08 06:00:00,102.5,102.47454545454546
2025-08-08 07:00:00,102.52,102.47454545454546
2025-08-08 08:00:00,102.54,102.5205
2025-08-08 09:00:00,102.56,102.5205
2025-08-08 10:00:00,102.58,102.588
2025-08-08 11:00:00,102.6,102.588
2025-08-08 12:00:00,102.62,102.588
2025-08-08 13:00:00,102.64,102.62472222222225
2025-08-08 14:00:00,102.66,102.62472222222225
2025-08-08 15:00:00,102.67,102.6558333333333
2025-08-08 16:00:00,102.68,102.69450000000003
2025-08-08 17:00:00,102.69,102.69450000000003
2025-08-08 18:00:00,102.7,102.69450000000003
2025-08-08 19:00:00,102.71,102.69450000000003
2025-08-08 20:00:00,102.72,102.73333333333332
2025-08-08 21:00:00,102.73,102.73333333333332
2025-08-08 22:00:00,102.74,102.73333333333332
2025-08-08 23:00:00,102.75,102.73333333333332
2025-08-09 00:00:00,102.77,102.73333333333332
2025-08-09 01:00:00,102.79,102.77861111111116
2025-08-09 02:00:00,102.81,102.79666666666664
2025-08-09 03:00:00,102.83,102.85499999999996
2025-08-09 04:00:00,102.85,102.85499999999996
2025-08-09 05:00:00,102.87,102.85499999999996
2025-08-09 06:00:00,102.9,102.8675
2025-08-09 07:00:00,102.92,102.92586206896551
2025-08-09 08:00:00,102.94,102.92586206896551
2025-08-09 09:00:00,102.96,102.92586206896551
2025-08-09 10:00:00,102.98,102.99
2025-08-09 11:00:00,102.99,102.99
2025-08-09 12:00:00,103.0,102.99
2025-08-09 13:00:00,103.02,102.99
2025-08-09 14:00:00,103.04,103.03285714285713
2025-08-09 15:00:00,103.06,103.03285714285713
2025-08-09 16:00:00,103.08,103.03285714285713
2025-08-09 17:00:00,103.09,103.10342105263156
2025-08-09 18:00:00,103.1,103.10342105263156
2025-08-09 19:00:00,103.11,103.10342105263156
2025-08-09 20:00:00,103.12,103.10342105263156
2025-08-09 21:00:00,103.14,103.10342105263156
2025-08-09 22:00:00,103.15,103.10342105263156
2025-08-09 23:00:00,103.17,103.10342105263156
2025-08-10 00:00:00,103.19,103.18884615384614
2025-08-10 01:00:00,103.2,103.18884615384614
2025-08-10 02:00:00,103.22,103.18884615384614
2025-08-10 03:00:00,103.24,103.25235294117644
2025-08-10 04:00:00,103.25,103.25235294117644
2025-08-10 05:00:00,103.26,103.25235294117644
2025-08-10 06:00:00,103.28,103.25235294117644
2025-08-10 07:00:00,103.31,103.25235294117644
2025-08-10 08:00:00,103.35,103.35099999999996
2025-08-10 09:00:00,103.39,103.35099999999996
2025-08-10 10:00:00,103.42,103.35099999999996
2025-08-10 11:00:00,103.44,103.41420833333332
2025-08-10 12:00:00,103.38,103.475
2025-08-10 13:00:00,103.31,103.35099999999996
2025-08-10 14:00:00,103.25,103.35099999999996
2025-08-10 15:00:00,103.22,103.25235294117644
2025-08-10 16:00:00,103.2,103.25235294117644
2025-08-10 17:00:00,103.2,103.18884615384614
2025-08-10 18:00:00,103.21,103.18884615384614
2025-08-10 19:00:00,103.2,103.18884615384614
2025-08-10 20:00:00,103.16,103.18884615384614
2025-08-10 21:00:00,103.13,103.18884615384614
2025-08-10 22:00:00,103.13,103.10342105263156
2025-08-10 23:00:00,103.15,103.10342105263156
2025-08-11 00:00:00,103.19,103.10342105263156
2025-08-11 01:00:00,103.22,103.18884615384614
2025-08-11 02:00:00,103.24,103.25235294117644
2025-08-11 03:00:00,103.25,103.25235294117644
2025-08-11 04:00:00,103.26,103.25235294117644
2025-08-11 05:00:00,103.27,103.25235294117644
2025-08-11 06:00:00,103.28,103.25235294117644
2025-08-11 07:00:00,103.28,103.25235294117644
2025-08-11 08:00:00,103.27,103.25235294117644
2025-08-11 09:00:00,103.25,103.25235294117644
2025-08-11 10:00:00,103.22,103.25235294117644
2025-08-11 11:00:00,103.19,103.25235294117644
2025-08-11 12:00:00,103.17,103.18884615384614
2025-08-11 13:00:00,103.16,103.18884615384614
2025-08-11 14:00:00,103.16,103.18884615384614
2025-08-11 15:00:00,103.17,103.18884615384614
2025-08-11 16:00:00,103.18,103.18884615384614
2025-08-11 17:00:00,103.17,103.18884615384614
2025-08-11 18:00:00,103.17,103.18884615384614
2025-08-11 19:00:00,103.17,103.18884615384614
2025-08-11 20:00:00,103.19,103.18884615384614
2025-08-11 21:00:00,103.24,103.18884615384614
2025-08-11 22:00:00,103.3,103.25235294117644
2025-08-11 23:00:00,103.36,103.35099999999996
2025-08-12 00:00:00,103.42,103.35099999999996
2025-08-12 01:00:00,103.48,103.41420833333332
2025-08-12 02:00:00,103.54,103.43355769230772
2025-08-12 03:00:00,103.59,103.56076923076924
2025-08-12 04:00:00,103.64,103.4435
2025-08-12 05:00:00,103.7,103.4435
2025-08-12 06:00:00,103.76,103.4435
2025-08-12 07:00:00,103.82,103.4435
2025-08-12 08:00:00,103.87,103.818
2025-08-12 09:00:00,103.93,103.89407407407408
2025-08-12 10:00:00,103.99,103.89407407407408
2025-08-12 11:00:00,104.05,103.89407407407408
2025-08-12 12:00:00,104.1,104.0975
2025-08-12 13:00:00,104.16,104.0975
2025-08-12 14:00:00,104.21,104.17851851851852
2025-08-12 15:00:00,104.26,104.17851851851852
2025-08-12 16:00:00,104.31,104.2413043478261
2025-08-12 17:00:00,104.36,104.32599999999996
2025-08-12 18:00:00,104.41,104.38238095238096
2025-08-12 19:00:00,104.47,104.38238095238096
2025-08-12 20:00:00,104.51,104.38238095238096
2025-08-12 21:00:00,104.54,104.49729729729734
2025-08-12 22:00:00,104.56,104.5424
2025-08-12 23:00:00,104.58,104.5424
2025-08-13 00:00:00,104.59,104.57375000000005
2025-08-13 01:00:00,104.61,104.57375000000005
2025-08-13 02:00:00,104.63,104.57375000000005
2025-08-13 03:00:00,104.66,104.66774193548386
2025-08-13 04:00:00,104.69,104.66774193548386
2025-08-13 05:00:00,104.71,104.66774193548386
2025-08-13 06:00:00,104.73,104.72086956521738
2025-08-13 07:00:00,104.75,104.72086956521738
2025-08-13 08:00:00,104.78,104.75375000000004
2025-08-13 09:00:00,104.81,104.8335714285714
2025-08-13 10:00:00,104.84,104.8335714285714
2025-08-13 11:00:00,104.87,104.8335714285714
2025-08-13 12:00:00,104.91,104.88
2025-08-13 13:00:00,104.94,104.92027027027028
2025-08-13 14:00:00,104.97,104.92027027027028
2025-08-13 15:00:00,105.0,104.98241379310342
2025-08-13 16:00:00,105.02,105.01971428571429
2025-08-13 17:00:00,105.04,105.01971428571429
2025-08-13 18:00:00,105.07,105.01971428571429
2025-08-13 19:00:00,105.1,105.066875
2025-08-13 20:00:00,105.1,105.11548387096774
2025-08-13 21:00:00,105.09,105.11548387096774
2025-08-13 22:00:00,105.08,105.066875
2025-08-13 23:00:00,105.07,105.066875
2025-08-14 00:00:00,105.07,105.066875
2025-08-14 01:00:00,105.07,105.066875
2025-08-14 02:00:00,105.07,105.066875
2025-08-14 03:00:00,105.07,105.066875
2025-08-14 04:00:00,105.06,105.066875
2025-08-14 05:00:00,105.06,105.066875
2025-08-14 06:00:00,105.05,105.066875
2025-08-14 07:00:00,105.06,105.066875
2025-08-14 08:00:00,105.06,105.066875
2025-08-14 09:00:00,105.06,105.066875
2025-08-14 10:00:00,105.07,105.066875
2025-08-14 11:00:00,105.08,105.066875
2025-08-14 12:00:00,105.09,105.066875
2025-08-14 13:00:00,105.09,105.066875
2025-08-14 14:00:00,105.09,105.066875
2025-08-14 15:00:00,105.08,105.066875
2025-08-14 16:00:00,105.07,105.066875
2025-08-14 17:00:00,105.07,105.066875
2025-08-14 18:00:00,105.06,105.066875
2025-08-14 19:00:00,105.05,105.066875
2025-08-14 20:00:00,105.04,105.066875
2025-08-14 21:00:00,105.03,105.01971428571429
2025-08-14 22:00:00,105.03,105.01971428571429
2025-08-14 23:00:00,105.03,105.01971428571429
2025-08-15 00:00:00,105.03,105.01971428571429
2025-08-15 01:00:00,105.03,105.01971428571429
2025-08-15 02:00:00,105.03,105.01971428571429
2025-08-15 03:00:00,105.04,105.01971428571429
2025-08-15 04:00:00,105.05,105.01971428571429
2025-08-15 05:00:00,105.05,105.066875
2025-08-15 06:00:00,105.04,105.066875
2025-08-15 07:00:00,105.04,105.01971428571429
2025-08-15 08:00:00,105.04,105.01971428571429
2025-08-15 09:00:00,105.04,105.01971428571429
2025-08-15 10:00:00,105.04,105.01971428571429
2025-08-15 11:00:00,105.04,105.01971428571429
2025-08-15 12:00:00,105.04,105.01971428571429
2025-08-15 13:00:00,105.03,105.01971428571429
2025-08-15 14:00:00,105.03,105.01971428571429
2025-08-15 15:00:00,105.02,105.01971428571429
2025-08-15 16:00:00,105.02,105.01971428571429
2025-08-15 17:00:00,105.02,105.01971428571429
2025-08-15 18:00:00,105.01,105.01971428571429
2025-08-15 19:00:00,105.01,105.01971428571429
2025-08-15 20:00:00,105.01,105.01971428571429
2025-08-15 21:00:00,105.01,105.01971428571429
2025-08-15 22:00:00,105.01,105.01971428571429
2025-08-15 23:00:00,105.01,105.01971428571429
2025-08-16 00:00:00,105.01,105.01971428571429
2025-08-16 01:00:00,105.01,105.01971428571429
2025-08-16 02:00:00,105.01,105.01971428571429
2025-08-16 03:00:00,105.0,105.01971428571429
2025-08-16 04:00:00,105.0,105.01971428571429
2025-08-16 05:00:00,105.0,105.01971428571429
2025-08-16 06:00:00,105.0,105.01971428571429
2025-08-16 07:00:00,105.0,105.01971428571429
2025-08-16 08:00:00,105.01,105.01971428571429
2025-08-16 09:00:00,105.02,105.01971428571429
2025-08-16 10:00:00,105.03,105.01971428571429
2025-08-16 11:00:00,105.03,105.01971428571429
2025-08-16 12:00:00,105.04,105.01971428571429
2025-08-16 13:00:00,105.05,105.01971428571429
2025-08-16 14:00:00,105.05,105.066875
2025-08-16 15:00:00,105.05,105.066875
2025-08-16 16:00:00,105.05,105.066875
2025-08-16 17:00:00,105.05,105.066875
2025-08-16 18:00:00,105.05,105.066875
2025-08-16 19:00:00,105.05,105.066875
2025-08-16 20:00:00,105.05,105.066875
2025-08-16 21:00:00,105.05,105.066875
2025-08-16 22:00:00,105.06,105.066875
2025-08-16 23:00:00,105.07,105.066875
2025-08-17 00:00:00,105.06,105.066875
2025-08-17 01:00:00,105.04,105.066875
2025-08-17 02:00:00,105.01,105.01971428571429
2025-08-17 03:00:00,104.97,105.01971428571429
2025-08-17 04:00:00,104.93,104.98241379310342
2025-08-17 05:00:00,104.89,104.92027027027028
2025-08-17 06:00:00,104.85,104.88
2025-08-17 07:00:00,104.8,104.8335714285714
2025-08-17 08:00:00,104.75,104.8335714285714
2025-08-17 09:00:00,104.7,104.75375000000004
2025-08-17 10:00:00,104.64,104.72086956521738
2025-08-17 11:00:00,104.59,104.66774193548386
2025-08-17 12:00:00,104.51,104.57375000000005
2025-08-17 13:00:00,104.42,104.49729729729734
2025-08-17 14:00:00,104.32,104.37433333333335
2025-08-17 15:00:00,104.22,104.37433333333335
2025-08-17 16:00:00,104.1,104.37433333333335
2025-08-17 17:00:00,103.99,104.0975
2025-08-17 18:00:00,103.88,104.00107142857144
2025-08-17 19:00:00,103.79,103.8920588235294
2025-08-17 20:00:00,103.7,103.8920588235294
2025-08-17 21:00:00,103.64,103.65727272727275
2025-08-17 22:00:00,103.61,103.65727272727275
2025-08-17 23:00:00,103.57,103.65727272727275
2025-08-18 00:00:00,103.52,103.56076923076924
2025-08-18 01:00:00,103.46,103.56076923076924
2025-08-18 02:00:00,103.4,103.475
2025-08-18 03:00:00,103.33,103.41420833333332
2025-08-18 04:00:00,103.25,103.35099999999996
2025-08-18 05:00:00,103.16,103.25235294117644
2025-08-18 06:00:00,103.06,103.18884615384614
2025-08-18 07:00:00,102.96,103.03285714285713
2025-08-18 08:00:00,102.85,102.99
2025-08-18 09:00:00,102.74,102.82571428571428
2025-08-18 10:00:00,102.63,102.71850000000002
2025-08-18 11:00:00,102.53,102.62472222222225
2025-08-18 12:00:00,102.45,102.5205
2025-08-18 13:00:00,102.39,102.47454545454546
2025-08-18 14:00:00,102.33,102.4117391304348
2025-08-18 15:00:00,102.29,102.32848484848488
2025-08-18 16:00:00,102.23,102.32848484848488
2025-08-18 17:00:00,102.15,102.21
2025-08-18 18:00:00,102.07,102.14800000000002
2025-08-18 19:00:00,102.01,102.0488888888889
2025-08-18 20:00:00,101.96,102.0635
2025-08-18 21:00:00,101.92,102.0635
2025-08-18 22:00:00,101.91,101.86999999999998
2025-08-18 23:00:00,101.88,101.86999999999998
2025-08-19 00:00:00,101.84,101.86999999999998
2025-08-19 01:00:00,101.79,101.86999999999998
2025-08-19 02:00:00,101.74,102.0635
2025-08-19 03:00:00,101.68,102.0635
2025-08-19 04:00:00,101.62,102.0635
2025-08-19 05:00:00,101.55,101.555
2025-08-19 06:00:00,101.48,101.555
2025-08-19 07:00:00,101.41,101.555
2025-08-19 08:00:00,101.33,101.3863636363636
2025-08-19 09:00:00,101.25,101.3863636363636
2025-08-19 10:00:00,101.18,101.2571875
2025-08-19 11:00:00,101.12,101.2571875
2025-08-19 12:00:00,101.06,101.09606249999996
2025-08-19 13:00:00,101.0,101.04714285714284
2025-08-19 14:00:00,100.94,101.01933333333334
2025-08-19 15:00:00,100.88,100.95476190476194
2025-08-19 16:00:00,100.83,100.88562500000003
2025-08-19 17:00:00,100.78,100.84535714285713
2025-08-19 18:00:00,100.75,100.75107142857144
2025-08-19 19:00:00,100.71,100.75107142857144
2025-08-19 20:00:00,100.67,100.75107142857144
2025-08-19 21:00:00,100.64,100.64333333333336
2025-08-19 22:00:00,100.63,100.64333333333336
2025-08-19 23:00:00,100.61,100.64333333333336
2025-08-20 00:00:00,100.6,100.64333333333336
2025-08-20 01:00:00,100.58,100.59034482758616
2025-08-20 02:00:00,100.56,100.59034482758616
2025-08-20 03:00:00,100.54,100.51194444444448
2025-08-20 04:00:00,100.51,100.51194444444448
2025-08-20 05:00:00,100.48,100.51194444444448
2025-08-20 06:00:00,100.45,100.51194444444448
2025-08-20 07:00:00,100.43,100.4221739130435
2025-08-20 08:00:00,100.41,100.4221739130435
2025-08-20 09:00:00,100.39,100.4221739130435
2025-08-20 10:00:00,100.38,100.4221739130435
2025-08-20 11:00:00,100.37,100.4221739130435
2025-08-20 12:00:00,100.36,100.4221739130435
2025-08-20 13:00:00,100.35,100.4221739130435
2025-08-20 14:00:00,100.33,100.33149999999998
2025-08-20 15:00:00,100.3,100.33149999999998
2025-08-20 16:00:00,100.3,100.2821739130435
2025-08-20 17:00:00,100.31,100.2821739130435
2025-08-20 18:00:00,100.32,100.33149999999998
2025-08-20 19:00:00,100.33,100.33149999999998
2025-08-20 20:00:00,100.34,100.33149999999998
2025-08-20 21:00:00,100.35,100.33149999999998
2025-08-20 22:00:00,100.36,100.33149999999998
2025-08-20 23:00:00,100.35,100.4221739130435
2025-08-21 00:00:00,100.34,100.33149999999998
2025-08-21 01:00:00,100.34,100.33149999999998
2025-08-21 02:00:00,100.34,100.33149999999998
2025-08-21 03:00:00,100.34,100.33149999999998
2025-08-21 04:00:00,100.34,100.33149999999998
2025-08-21 05:00:00,100.34,100.33149999999998
2025-08-21 06:00:00,100.34,100.33149999999998
2025-08-21 07:00:00,100.33,100.33149999999998
2025-08-21 08:00:00,100.32,100.33149999999998
2025-08-21 09:00:00,100.32,100.33149999999998
2025-08-21 10:00:00,100.32,100.33149999999998
2025-08-21 11:00:00,100.32,100.33149999999998
2025-08-21 12:00:00,100.32,100.33149999999998
2025-08-21 13:00:00,100.32,100.33149999999998
2025-08-21 14:00:00,100.33,100.33149999999998
2025-08-21 15:00:00,100.34,100.33149999999998
2025-08-21 16:00:00,100.32,100.33149999999998
2025-08-21 17:00:00,100.29,100.33149999999998
2025-08-21 18:00:00,100.27,100.2821739130435
2025-08-21 19:00:00,100.26,100.2821739130435
2025-08-21 20:00:00,100.25,100.2821739130435
2025-08-21 21:00:00,100.25,100.18400000000004
2025-08-21 22:00:00,100.26,100.18400000000004
2025-08-21 23:00:00,100.26,100.2821739130435
2025-08-22 00:00:00,100.26,100.2821739130435
2025-08-22 01:00:00,100.26,100.2821739130435
2025-08-22 02:00:00,100.25,100.2821739130435
2025-08-22 03:00:00,100.24,100.18400000000004
2025-08-22 04:00:00,100.24,100.18400000000004
2025-08-22 05:00:00,100.25,100.18400000000004
2025-08-22 06:00:00,100.26,100.18400000000004
2025-08-22 07:00:00,100.27,100.2821739130435
2025-08-22 08:00:00,100.27,100.2821739130435
2025-08-22 09:00:00,100.26,100.2821739130435
2025-08-22 10:00:00,100.26,100.2821739130435
2025-08-22 11:00:00,100.27,100.2821739130435
2025-08-22 12:00:00,100.27,100.2821739130435
2025-08-22 13:00:00,100.26,100.2821739130435
2025-08-22 14:00:00,100.26,100.2821739130435
2025-08-22 15:00:00,100.26,100.2821739130435
2025-08-22 16:00:00,100.24,100.2821739130435
2025-08-22 17:00:00,100.22,100.18400000000004
2025-08-22 18:00:00,100.21,100.18400000000004
2025-08-22 19:00:00,100.19,100.18400000000004
2025-08-22 20:00:00,100.17,100.18400000000004
2025-08-22 21:00:00,100.17,100.18400000000004
2025-08-22 22:00:00,100.17,100.18400000000004
2025-08-22 23:00:00,100.17,100.18400000000004
2025-08-23 00:00:00,100.17,100.18400000000004
2025-08-23 01:00:00,100.17,100.18400000000004
2025-08-23 02:00:00,100.17,100.18400000000004
2025-08-23 03:00:00,100.17,100.18400000000004
2025-08-23 04:00:00,100.17,100.18400000000004
2025-08-23 05:00:00,100.17,100.18400000000004
2025-08-23 06:00:00,100.18,100.18400000000004
2025-08-23 07:00:00,100.18,100.18400000000004
2025-08-23 08:00:00,100.17,100.18400000000004
2025-08-23 09:00:00,100.14,100.18400000000004
2025-08-23 10:00:00,100.12,100.18400000000004
2025-08-23 11:00:00,100.11,100.18400000000004
2025-08-23 12:00:00,100.11,100.14041666666668
2025-08-23 13:00:00,100.1,100.14041666666668
2025-08-23 14:00:00,100.08,100.14041666666668
2025-08-23 15:00:00,100.05,100.14041666666668
2025-08-23 16:00:00,100.04,99.92294117647062
2025-08-23 17:00:00,100.03,99.92294117647062
2025-08-23 18:00:00,100.0,99.92294117647062
2025-08-23 19:00:00,99.98,99.92294117647062
2025-08-23 20:00:00,99.97,99.92294117647062
2025-08-23 21:00:00,99.97,99.92294117647062
2025-08-23 22:00:00,99.97,99.92294117647062
2025-08-23 23:00:00,99.97,99.92294117647062
2025-08-24 00:00:00,99.97,99.92294117647062
2025-08-24 01:00:00,99.97,99.92294117647062
2025-08-24 02:00:00,99.95,99.92294117647062
2025-08-24 03:00:00,99.95,99.92294117647062
2025-08-24 04:00:00,99.95,99.92294117647062
2025-08-24 05:00:00,99.94,99.92294117647062
2025-08-24 06:00:00,99.93,99.92294117647062
2025-08-24 07:00:00,99.92,99.92294117647062
2025-08-24 08:00:00,99.92,99.92294117647062
2025-08-24 09:00:00,99.92,99.92294117647062
2025-08-24 10:00:00,99.92,99.92294117647062
2025-08-24 11:00:00,99.9,99.92294117647062
2025-08-24 12:00:00,99.88,99.92294117647062
2025-08-24 13:00:00,99.87,99.92294117647062
2025-08-24 14:00:00,99.84,99.92294117647062
2025-08-24 15:00:00,99.8,99.92294117647062
2025-08-24 16:00:00,99.76,99.92294117647062
2025-08-24 17:00:00,99.72,99.7282857142857
2025-08-24 18:00:00,99.69,99.7282857142857
2025-08-24 19:00:00,99.65,99.7282857142857
2025-08-24 20:00:00,99.62,99.6320588235294
2025-08-24 21:00:00,99.59,99.6320588235294
2025-08-24 22:00:00,99.59,99.6320588235294
2025-08-24 23:00:00,99.61,99.6320588235294
2025-08-25 00:00:00,99.64,99.6320588235294
2025-08-25 01:00:00,99.67,99.6320588235294
2025-08-25 02:00:00,99.69,99.6320588235294
2025-08-25 03:00:00,99.71,99.7282857142857
2025-08-25 04:00:00,99.72,99.7282857142857
2025-08-25 05:00:00,99.72,99.7282857142857
2025-08-25 06:00:00,99.71,99.7282857142857
2025-08-25 07:00:00,99.69,99.7282857142857
2025-08-25 08:00:00,99.65,99.7282857142857
2025-08-25 09:00:00,99.62,99.6320588235294
2025-08-25 10:00:00,99.59,99.6320588235294
2025-08-25 11:00:00,99.56,99.6320588235294
2025-08-25 12:00:00,99.54,99.6320588235294
2025-08-25 13:00:00,99.52,99.47433333333332
2025-08-25 14:00:00,99.51,99.47433333333332
2025-08-25 15:00:00,99.51,99.47433333333332
2025-08-25 16:00:00,99.51,99.47433333333332
2025-08-25 17:00:00,99.51,99.47433333333332
2025-08-25 18:00:00,99.51,99.47433333333332
2025-08-25 19:00:00,99.52,99.47433333333332
2025-08-25 20:00:00,99.54,99.47433333333332
2025-08-25 21:00:00,99.58,99.47433333333332
2025-08-25 22:00:00,99.63,99.6320588235294
2025-08-25 23:00:00,99.69,99.6320588235294
2025-08-26 00:00:00,99.76,99.7282857142857
2025-08-26 01:00:00,99.83,99.7282857142857
2025-08-26 02:00:00,99.89,99.92294117647062
2025-08-26 03:00:00,99.95,99.92294117647062
2025-08-26 04:00:00,100.01,99.92294117647062
2025-08-26 05:00:00,100.07,99.92294117647062
2025-08-26 06:00:00,100.13,99.92294117647062
2025-08-26 07:00:00,100.2,100.14041666666668
2025-08-26 08:00:00,100.27,100.14041666666668
2025-08-26 09:00:00,100.34,100.2821739130435
2025-08-26 10:00:00,100.4,100.33149999999998
2025-08-26 11:00:00,100.47,100.37454545454544
2025-08-26 12:00:00,100.55,100.51194444444448
2025-08-26 13:00:00,100.63,100.51194444444448
2025-08-26 14:00:00,100.71,100.64333333333336
2025-08-26 15:00:00,100.79,100.75107142857144
2025-08-26 16:00:00,100.87,100.75107142857144
2025-08-26 17:00:00,100.96,100.86476190476188
2025-08-26 18:00:00,101.05,100.95476190476194
2025-08-26 19:00:00,101.14,101.04714285714284
2025-08-26 20:00:00,101.24,101.09606249999996
2025-08-26 21:00:00,101.34,101.2571875
2025-08-26 22:00:00,101.44,101.3863636363636
2025-08-26 23:00:00,101.54,101.3863636363636
2025-08-27 00:00:00,101.62,101.555
2025-08-27 01:00:00,101.68,101.555
2025-08-27 02:00:00,101.76,101.86999999999998
2025-08-27 03:00:00,101.83,101.86999999999998
2025-08-27 04:00:00,101.88,101.86999999999998
2025-08-27 05:00:00,101.93,101.86999999999998
2025-08-27 06:00:00,101.98,101.86999999999998
2025-08-27 07:00:00,102.03,101.86999999999998
2025-08-27 08:00:00,102.09,102.08275862068965
2025-08-27 09:00:00,102.14,102.08275862068965
2025-08-27 10:00:00,102.2,102.13448275862066
2025-08-27 11:00:00,102.25,102.23639999999996
2025-08-27 12:00:00,102.31,102.23639999999996
2025-08-27 13:00:00,102.36,102.32848484848488
2025-08-27 14:00:00,102.4,102.32848484848488
2025-08-27 15:00:00,102.43,102.4117391304348
2025-08-27 16:00:00,102.47,102.4117391304348
2025-08-27 17:00:00,102.49,102.47454545454546
2025-08-27 18:00:00,102.49,102.47454545454546
2025-08-27 19:00:00,102.48,102.47454545454546
2025-08-27 20:00:00,102.51,102.47454545454546
2025-08-27 21:00:00,102.54,102.5205
2025-08-27 22:00:00,102.58,102.5205
2025-08-27 23:00:00,102.63,102.588
2025-08-28 00:00:00,102.68,102.62472222222225
2025-08-28 01:00:00,102.74,102.69450000000003
2025-08-28 02:00:00,102.8,102.75206896551724
2025-08-28 03:00:00,102.85,102.79666666666664
2025-08-28 04:00:00,102.9,102.85499999999996
2025-08-28 05:00:00,102.94,102.92586206896551
2025-08-28 06:00:00,102.95,102.92586206896551
2025-08-28 07:00:00,102.96,102.92586206896551
2025-08-28 08:00:00,102.98,102.99
2025-08-28 09:00:00,103.0,102.99
2025-08-28 10:00:00,103.03,102.99
2025-08-28 11:00:00,103.06,103.03285714285713
2025-08-28 12:00:00,103.11,103.03285714285713
2025-08-28 13:00:00,103.16,103.10342105263156
2025-08-28 14:00:00,103.19,103.18884615384614
2025-08-28 15:00:00,103.19,103.18884615384614
2025-08-28 16:00:00,103.17,103.18884615384614
2025-08-28 17:00:00,103.15,103.18884615384614
2025-08-28 18:00:00,103.12,103.10342105263156
2025-08-28 19:00:00,103.08,103.10342105263156
2025-08-28 20:00:00,103.1,103.10342105263156
2025-08-28 21:00:00,103.12,103.10342105263156
2025-08-28 22:00:00,103.15,103.10342105263156
2025-08-28 23:00:00,103.19,103.10342105263156
2025-08-29 00:00:00,103.23,103.18884615384614
2025-08-29 01:00:00,103.24,103.25235294117644
2025-08-29 02:00:00,103.29,103.25235294117644
2025-08-29 03:00:00,103.34,103.25235294117644
2025-08-29 04:00:00,103.38,103.35099999999996
2025-08-29 05:00:00,103.43,103.35099999999996
2025-08-29 06:00:00,103.45,103.41420833333332
2025-08-29 07:00:00,103.47,103.475
2025-08-29 08:00:00,103.48,103.475
2025-08-29 09:00:00,103.49,103.475
2025-08-29 10:00:00,103.5,103.475
2025-08-29 11:00:00,103.52,103.69380952380952
2025-08-29 12:00:00,103.55,103.69380952380952
2025-08-29 13:00:00,103.59,103.69380952380952
2025-08-29 14:00:00,103.61,103.69380952380952
2025-08-29 15:00:00,103.61,103.69380952380952
2025-08-29 16:00:00,103.6,103.69380952380952
2025-08-29 17:00:00,103.58,103.69380952380952
2025-08-29 18:00:00,103.56,103.69380952380952
2025-08-29 19:00:00,103.56,103.69380952380952
2025-08-29 20:00:00,103.59,103.69380952380952
2025-08-29 21:00:00,103.63,103.69380952380952
2025-08-29 22:00:00,103.67,103.69380952380952
2025-08-29 23:00:00,103.7,103.69380952380952
2025-08-30 00:00:00,103.73,103.69380952380952
2025-08-30 01:00:00,103.75,103.75249999999998
2025-08-30 02:00:00,103.77,103.75249999999998
2025-08-30 03:00:00,103.79,103.75249999999998
2025-08-30 04:00:00,103.82,103.818
2025-08-30 05:00:00,103.84,103.818
2025-08-30 06:00:00,103.85,103.818
2025-08-30 07:00:00,103.85,103.89407407407408
2025-08-30 08:00:00,103.84,103.89407407407408
2025-08-30 09:00:00,103.81,103.818
2025-08-30 10:00:00,103.79,103.818
2025-08-30 11:00:00,103.78,103.818
2025-08-30 12:00:00,103.8,103.818
2025-08-30 13:00:00,103.83,103.818
2025-08-30 14:00:00,103.86,103.818
2025-08-30 15:00:00,103.9,103.89407407407408
2025-08-30 16:00:00,103.93,103.89407407407408
2025-08-30 17:00:00,103.94,103.89407407407408
2025-08-30 18:00:00,103.93,103.8920588235294
2025-08-30 19:00:00,103.93,103.8920588235294
2025-08-30 20:00:00,103.95,103.8920588235294
2025-08-30 21:00:00,103.99,103.8920588235294
2025-08-30 22:00:00,104.04,104.00107142857144
2025-08-30 23:00:00,104.08,104.0975
2025-08-31 00:00:00,104.12,104.0975
2025-08-31 01:00:00,104.16,104.0975
2025-08-31 02:00:00,104.22,104.17851851851852
2025-08-31 03:00:00,104.27,104.17851851851852
2025-08-31 04:00:00,104.32,104.2413043478261
2025-08-31 05:00:00,104.36,104.32599999999996
2025-08-31 06:00:00,104.41,104.38238095238096
2025-08-31 07:00:00,104.47,104.38238095238096
2025-08-31 08:00:00,104.52,104.38238095238096
2025-08-31 09:00:00,104.57,104.49729729729734
2025-08-31 10:00:00,104.62,104.57375000000005
2025-08-31 11:00:00,104.66,104.63250000000002
2025-08-31 12:00:00,104.69,104.63250000000002
2025-08-31 13:00:00,104.71,104.63250000000002
2025-08-31 14:00:00,104.74,104.72086956521738
2025-08-31 15:00:00,104.78,104.75375000000004
2025-08-31 16:00:00,104.82,104.8335714285714
2025-08-31 17:00:00,104.86,104.8335714285714
2025-08-31 18:00:00,104.87,104.88
2025-08-31 19:00:00,104.87,104.88
2025-08-31 20:00:00,104.89,104.88
2025-08-31 21:00:00,104.93,104.88
2025-08-31 22:00:00,104.98,104.92027027027028
2025-08-31 23:00:00,105.04,104.98241379310342
2025-09-01 00:00:00,105.09,105.01971428571429
2025-09-01 01:00:00,105.13,105.066875
2025-09-01 02:00:00,105.17,105.11548387096774
2025-09-01 03:00:00,105.2,105.1622222222222
2025-09-01 04:00:00,105.23,105.2168
2025-09-01 05:00:00,105.25,105.23499999999996
2025-09-01 06:00:00,105.27,105.23499999999996
2025-09-01 07:00:00,105.29,105.2937037037037
2025-09-01 08:00:00,105.31,105.2937037037037
2025-09-01 09:00:00,105.34,105.34349999999998
2025-09-01 10:00:00,105.36,105.34349999999998
2025-09-01 11:00:00,105.38,105.39875
2025-09-01 12:00:00,105.39,105.39875
2025-09-01 13:00:00,105.39,105.39875
2025-09-01 14:00:00,105.38,105.39875
2025-09-01 15:00:00,105.37,105.39875
2025-09-01 16:00:00,105.35,105.39875
2025-09-01 17:00:00,105.34,105.39875
2025-09-01 18:00:00,105.33,105.34349999999998
2025-09-01 19:00:00,105.33,105.34349999999998
2025-09-01 20:00:00,105.34,105.34349999999998
2025-09-01 21:00:00,105.35,105.34349999999998
2025-09-01 22:00:00,105.37,105.39875
2025-09-01 23:00:00,105.39,105.39875
2025-09-02 00:00:00,105.41,105.39875
2025-09-02 01:00:00,105.42,105.43619047619048
2025-09-02 02:00:00,105.42,105.43619047619048
2025-09-02 03:00:00,105.42,105.43619047619048
2025-09-02 04:00:00,105.42,105.43619047619048
2025-09-02 05:00:00,105.43,105.43619047619048
2025-09-02 06:00:00,105.43,105.43619047619048
2025-09-02 07:00:00,105.43,105.43619047619048
2025-09-02 08:00:00,105.44,105.43619047619048
2025-09-02 09:00:00,105.45,105.43750000000004
2025-09-02 10:00:00,105.47,105.43750000000004
2025-09-02 11:00:00,105.49,105.48384615384612
2025-09-02 12:00:00,105.51,105.48384615384612
2025-09-02 13:00:00,105.53,105.51863636363636
2025-09-02 14:00:00,105.54,105.5485
2025-09-02 15:00:00,105.56,105.5485
2025-09-02 16:00:00,105.56,105.59239999999996
2025-09-02 17:00:00,105.54,105.59239999999996
2025-09-02 18:00:00,105.53,105.5485
2025-09-02 19:00:00,105.51,105.51863636363636
2025-09-02 20:00:00,105.5,105.51863636363636
2025-09-02 21:00:00,105.5,105.51863636363636
2025-09-02 22:00:00,105.51,105.51863636363636
2025-09-02 23:00:00,105.51,105.51863636363636
2025-09-03 00:00:00,105.52,105.51863636363636
2025-09-03 01:00:00,105.55,105.51863636363636
2025-09-03 02:00:00,105.56,105.59239999999996
2025-09-03 03:00:00,105.57,105.59239999999996
2025-09-03 04:00:00,105.57,105.59239999999996
2025-09-03 05:00:00,105.56,105.59239999999996
2025-09-03 06:00:00,105.55,105.59239999999996
2025-09-03 07:00:00,105.55,105.59239999999996
2025-09-03 08:00:00,105.54,105.59239999999996
2025-09-03 09:00:00,105.53,105.51863636363636
2025-09-03 10:00:00,105.52,105.51863636363636
2025-09-03 11:00:00,105.51,105.51863636363636
2025-09-03 12:00:00,105.51,105.51863636363636
2025-09-03 13:00:00,105.52,105.51863636363636
2025-09-03 14:00:00,105.54,105.51863636363636
2025-09-03 15:00:00,105.56,105.51863636363636
2025-09-03 16:00:00,105.58,105.54777777777775
2025-09-03 17:00:00,105.59,105.59239999999996
2025-09-03 18:00:00,105.61,105.59239999999996
2025-09-03 19:00:00,105.62,105.62538461538462
2025-09-03 20:00:00,105.62,105.62538461538462
2025-09-03 21:00:00,105.64,105.62538461538462
2025-09-03 22:00:00,105.65,105.63850000000004
2025-09-03 23:00:00,105.65,105.66612903225806
2025-09-04 00:00:00,105.64,105.63850000000004
2025-09-04 01:00:00,105.63,105.63850000000004
2025-09-04 02:00:00,105.63,105.59599999999996
2025-09-04 03:00:00,105.63,105.59599999999996
2025-09-04 04:00:00,105.63,105.59599999999996
2025-09-04 05:00:00,105.62,105.59599999999996
2025-09-04 06:00:00,105.6,105.59599999999996
2025-09-04 07:00:00,105.61,105.59599999999996
2025-09-04 08:00:00,105.62,105.59599999999996
2025-09-04 09:00:00,105.62,105.59599999999996
2025-09-04 10:00:00,105.62,105.59599999999996
2025-09-04 11:00:00,105.62,105.59599999999996
2025-09-04 12:00:00,105.61,105.59599999999996
2025-09-04 13:00:00,105.6,105.59599999999996
2025-09-04 14:00:00,105.59,105.59599999999996
2025-09-04 15:00:00,105.59,105.54777777777775
2025-09-04 16:00:00,105.6,105.54777777777775
2025-09-04 17:00:00,105.61,105.59599999999996
2025-09-04 18:00:00,105.62,105.59599999999996
2025-09-04 19:00:00,105.62,105.59599999999996
2025-09-04 20:00:00,105.63,105.59599999999996
2025-09-04 21:00:00,105.64,105.59599999999996
2025-09-04 22:00:00,105.64,105.66612903225806
2025-09-04 23:00:00,105.63,105.66612903225806
2025-09-05 00:00:00,105.62,105.59599999999996
2025-09-05 01:00:00,105.61,105.59599999999996
2025-09-05 02:00:00,105.6,105.59599999999996
2025-09-05 03:00:00,105.6,105.59599999999996
2025-09-05 04:00:00,105.6,105.59599999999996
2025-09-05 05:00:00,105.6,105.59599999999996
2025-09-05 06:00:00,105.59,105.59599999999996
2025-09-05 07:00:00,105.57,105.54777777777775
2025-09-05 08:00:00,105.55,105.54777777777775
2025-09-05 09:00:00,105.53,105.54777777777775
2025-09-05 10:00:00,105.5,105.51863636363636
2025-09-05 11:00:00,105.5,105.51863636363636
2025-09-05 12:00:00,105.49,105.51863636363636
2025-09-05 13:00:00,105.48,105.47740740740738
2025-09-05 14:00:00,105.46,105.47740740740738
2025-09-05 15:00:00,105.45,105.47740740740738
2025-09-05 16:00:00,105.44,105.45375
2025-09-05 17:00:00,105.43,105.45375
2025-09-05 18:00:00,105.43,105.41470588235296
2025-09-05 19:00:00,105.45,105.41470588235296
2025-09-05 20:00:00,105.48,105.45375
2025-09-05 21:00:00,105.5,105.47740740740738
2025-09-05 22:00:00,105.5,105.51863636363636
2025-09-05 23:00:00,105.48,105.51863636363636
2025-09-06 00:00:00,105.46,105.47740740740738
2025-09-06 01:00:00,105.44,105.47740740740738
2025-09-06 02:00:00,105.42,105.45375
2025-09-06 03:00:00,105.42,105.41470588235296
2025-09-06 04:00:00,105.41,105.41470588235296
2025-09-06 05:00:00,105.39,105.41470588235296
2025-09-06 06:00:00,105.37,105.36131578947372
2025-09-06 07:00:00,105.35,105.36131578947372
2025-09-06 08:00:00,105.33,105.36131578947372
2025-09-06 09:00:00,105.32,105.33333333333331
2025-09-06 10:00:00,105.32,105.33333333333331
2025-09-06 11:00:00,105.31,105.33333333333331
2025-09-06 12:00:00,105.31,105.2988
2025-09-06 13:00:00,105.31,105.2988
2025-09-06 14:00:00,105.3,105.2988
2025-09-06 15:00:00,105.28,105.2988
2025-09-06 16:00:00,105.25,105.2937037037037
2025-09-06 17:00:00,105.21,105.23499999999996
2025-09-06 18:00:00,105.2,105.20266666666664
2025-09-06 19:00:00,105.21,105.20266666666664
2025-09-06 20:00:00,105.23,105.20266666666664
2025-09-06 21:00:00,105.23,105.23499999999996
2025-09-06 22:00:00,105.23,105.23499999999996
2025-09-06 23:00:00,105.23,105.23499999999996
2025-09-07 00:00:00,105.22,105.23499999999996
2025-09-07 01:00:00,105.21,105.20266666666664
2025-09-07 02:00:00,105.21,105.20266666666664
2025-09-07 03:00:00,105.21,105.20266666666664
2025-09-07 04:00:00,105.22,105.20266666666664
2025-09-07 05:00:00,105.23,105.20266666666664
2025-09-07 06:00:00,105.24,105.23499999999996
2025-09-07 07:00:00,105.25,105.23499999999996
2025-09-07 08:00:00,105.27,105.23499999999996
2025-09-07 09:00:00,105.3,105.2937037037037
2025-09-07 10:00:00,105.32,105.2988
2025-09-07 11:00:00,105.32,105.33333333333331
2025-09-07 12:00:00,105.31,105.33333333333331
2025-09-07 13:00:00,105.29,105.2988
2025-09-07 14:00:00,105.26,105.2937037037037
2025-09-07 15:00:00,105.23,105.2937037037037
2025-09-07 16:00:00,105.23,105.23499999999996
2025-09-07 17:00:00,105.24,105.23499999999996
2025-09-07 18:00:00,105.25,105.23499999999996
2025-09-07 19:00:00,105.25,105.23499999999996
2025-09-07 20:00:00,105.26,105.23499999999996
2025-09-07 21:00:00,105.27,105.2937037037037
2025-09-07 22:00:00,105.28,105.2937037037037
2025-09-07 23:00:00,105.3,105.2937037037037
2025-09-08 00:00:00,105.32,105.2988
2025-09-08 01:00:00,105.34,105.33333333333331
2025-09-08 02:00:00,105.37,105.33333333333331
2025-09-08 03:00:00,105.4,105.39875
2025-09-08 04:00:00,105.41,105.39875
2025-09-08 05:00:00,105.42,105.43619047619048
2025-09-08 06:00:00,105.44,105.43619047619048
2025-09-08 07:00:00,105.47,105.45375
2025-09-08 08:00:00,105.5,105.47740740740738
2025-09-08 09:00:00,105.52,105.51863636363636
2025-09-08 10:00:00,105.53,105.51863636363636
2025-09-08 11:00:00,105.54,105.51863636363636
2025-09-08 12:00:00,105.55,105.51863636363636
2025-09-08 13:00:00,105.55,105.59239999999996
2025-09-08 14:00:00,105.53,105.59239999999996
2025-09-08 15:00:00,105.51,105.5485
2025-09-08 16:00:00,105.5,105.51863636363636
2025-09-08 17:00:00,105.5,105.51863636363636
2025-09-08 18:00:00,105.51,105.51863636363636
2025-09-08 19:00:00,105.53,105.5485
2025-09-08 20:00:00,105.55,105.51863636363636
2025-09-08 21:00:00,105.57,105.59239999999996
2025-09-08 22:00:00,105.59,105.59239999999996
2025-09-08 23:00:00,105.61,105.59239999999996
2025-09-09 00:00:00,105.62,105.62538461538462
2025-09-09 01:00:00,105.62,105.62538461538462
2025-09-09 02:00:00,105.64,105.62538461538462
2025-09-09 03:00:00,105.65,105.63850000000004
2025-09-09 04:00:00,105.66,105.63850000000004
2025-09-09 05:00:00,105.67,105.63850000000004
2025-09-09 06:00:00,105.68,105.63850000000004
2025-09-09 07:00:00,105.69,105.69757575757576
2025-09-09 08:00:00,105.7,105.69757575757576
2025-09-09 09:00:00,105.72,105.69757575757576
2025-09-09 10:00:00,105.73,105.73100000000002
2025-09-09 11:00:00,105.72,105.73100000000002
2025-09-09 12:00:00,105.71,105.73100000000002
2025-09-09 13:00:00,105.71,105.73100000000002
2025-09-09 14:00:00,105.72,105.73100000000002
2025-09-09 15:00:00,105.73,105.73100000000002
2025-09-09 16:00:00,105.74,105.73100000000002
2025-09-09 17:00:00,105.75,105.77954545454546
2025-09-09 18:00:00,105.75,105.77954545454546
2025-09-09 19:00:00,105.76,105.77954545454546
2025-09-09 20:00:00,105.79,105.77954545454546
2025-09-09 21:00:00,105.82,105.78304347826086
2025-09-09 22:00:00,105.85,105.85347826086954
2025-09-09 23:00:00,105.88,105.85347826086954
2025-09-10 00:00:00,105.92,105.90333333333336
2025-09-10 01:00:00,105.96,105.95200000000004
2025-09-10 02:00:00,106.0,105.97857142857146
2025-09-10 03:00:00,106.04,106.03549999999998
2025-09-10 04:00:00,106.08,106.0465217391304
2025-09-10 05:00:00,106.13,106.05763157894734
2025-09-10 06:00:00,106.18,106.15565217391308
2025-09-10 07:00:00,106.23,106.19666666666669
2025-09-10 08:00:00,106.26,106.23761904761903
2025-09-10 09:00:00,106.28,106.27914285714292
2025-09-10 10:00:00,106.3,106.27914285714292
2025-09-10 11:00:00,106.32,106.32800000000002
2025-09-10 12:00:00,106.33,106.32800000000002
2025-09-10 13:00:00,106.35,106.32800000000002
2025-09-10 14:00:00,106.35,106.37333333333332
2025-09-10 15:00:00,106.35,106.37333333333332
2025-09-10 16:00:00,106.34,106.37333333333332
2025-09-10 17:00:00,106.34,106.37333333333332
2025-09-10 18:00:00,106.35,106.37333333333332
2025-09-10 19:00:00,106.37,106.37333333333332
2025-09-10 20:00:00,106.39,106.37333333333332
2025-09-10 21:00:00,106.42,106.44000000000004
2025-09-10 22:00:00,106.44,106.44000000000004
2025-09-10 23:00:00,106.46,106.44000000000004
2025-09-11 00:00:00,106.48,106.4925
2025-09-11 01:00:00,106.51,106.4925
2025-09-11 02:00:00,106.55,106.52815789473686
2025-09-11 03:00:00,106.59,106.57599999999998
2025-09-11 04:00:00,106.63,106.57599999999998
2025-09-11 05:00:00,106.68,106.63
2025-09-11 06:00:00,106.73,106.68147058823524
2025-09-11 07:00:00,106.78,106.725
2025-09-11 08:00:00,106.82,106.7937037037037
2025-09-11 09:00:00,106.85,106.81324324324324
2025-09-11 10:00:00,106.86,106.85121212121209
2025-09-11 11:00:00,106.87,106.89909090909094
2025-09-11 12:00:00,106.87,106.89909090909094
2025-09-11 13:00:00,106.88,106.89909090909094
2025-09-11 14:00:00,106.88,106.89909090909094
2025-09-11 15:00:00,106.88,106.89909090909094
2025-09-11 16:00:00,106.87,106.89909090909094
2025-09-11 17:00:00,106.86,106.89909090909094
2025-09-11 18:00:00,106.86,106.89909090909094
2025-09-11 19:00:00,106.87,106.89909090909094
2025-09-11 20:00:00,106.89,106.89909090909094
2025-09-11 21:00:00,106.91,106.89909090909094
2025-09-11 22:00:00,106.92,106.91740740740742
2025-09-11 23:00:00,106.93,106.91740740740742
2025-09-12 00:00:00,106.94,106.9274285714286
2025-09-12 01:00:00,106.96,106.95718750000002
2025-09-12 02:00:00,106.99,106.95718750000002
2025-09-12 03:00:00,107.02,106.98615384615384
2025-09-12 04:00:00,107.06,107.02272727272728
2025-09-12 05:00:00,107.11,107.0712
2025-09-12 06:00:00,107.16,107.15444444444448
2025-09-12 07:00:00,107.2,107.15444444444448
2025-09-12 08:00:00,107.22,107.20393939393938
2025-09-12 09:00:00,107.23,107.25666666666667
2025-09-12 10:00:00,107.24,107.25666666666667
2025-09-12 11:00:00,107.25,107.25666666666667
2025-09-12 12:00:00,107.27,107.25666666666667
2025-09-12 13:00:00,107.3,107.272
2025-09-12 14:00:00,107.31,107.32678571428572
2025-09-12 15:00:00,107.32,107.32678571428572
2025-09-12 16:00:00,107.33,107.32678571428572
2025-09-12 17:00:00,107.33,107.35666666666664
2025-09-12 18:00:00,107.34,107.35666666666664
2025-09-12 19:00:00,107.35,107.35666666666664
2025-09-12 20:00:00,107.36,107.35666666666664
2025-09-12 21:00:00,107.37,107.40121212121213
2025-09-12 22:00:00,107.37,107.40121212121213
2025-09-12 23:00:00,107.39,107.40121212121213
2025-09-13 00:00:00,107.41,107.40121212121213
2025-09-13 01:00:00,107.44,107.3583333333333
2025-09-13 02:00:00,107.48,107.45380952380955
2025-09-13 03:00:00,107.51,107.47741935483867
2025-09-13 04:00:00,107.54,107.5354838709678
2025-09-13 05:00:00,107.56,107.558
2025-09-13 06:00:00,107.57,107.57128205128204
2025-09-13 07:00:00,107.58,107.57128205128204
2025-09-13 08:00:00,107.59,107.57128205128204
2025-09-13 09:00:00,107.6,107.61476190476188
2025-09-13 10:00:00,107.61,107.61476190476188
2025-09-13 11:00:00,107.62,107.61476190476188
2025-09-13 12:00:00,107.64,107.5880952380952
2025-09-13 13:00:00,107.66,107.63156250000004
2025-09-13 14:00:00,107.65,107.67130434782612
2025-09-13 15:00:00,107.63,107.67130434782612
2025-09-13 16:00:00,107.6,107.63156250000004
2025-09-13 17:00:00,107.59,107.60379310344828
2025-09-13 18:00:00,107.58,107.60379310344828
2025-09-13 19:00:00,107.58,107.57128205128204
2025-09-13 20:00:00,107.58,107.57128205128204
2025-09-13 21:00:00,107.59,107.57128205128204
2025-09-13 22:00:00,107.6,107.61476190476188
2025-09-13 23:00:00,107.62,107.61476190476188
2025-09-14 00:00:00,107.64,107.61476190476188
2025-09-14 01:00:00,107.67,107.64909090909094
2025-09-14 02:00:00,107.7,107.67076923076928
2025-09-14 03:00:00,107.74,107.72636363636364
2025-09-14 04:00:00,107.77,107.7594736842105
2025-09-14 05:00:00,107.8,107.80281250000004
2025-09-14 06:00:00,107.83,107.80281250000004
2025-09-14 07:00:00,107.86,107.85653846153848
2025-09-14 08:00:00,107.89,107.88666666666668
2025-09-14 09:00:00,107.91,107.88666666666668
2025-09-14 10:00:00,107.92,107.9222222222222
2025-09-14 11:00:00,107.92,107.9222222222222
2025-09-14 12:00:00,107.91,107.9222222222222
2025-09-14 13:00:00,107.9,107.9222222222222
2025-09-14 14:00:00,107.89,107.9222222222222
2025-09-14 15:00:00,107.89,107.88666666666668
2025-09-14 16:00:00,107.89,107.88666666666668
2025-09-14 17:00:00,107.87,107.88666666666668
2025-09-14 18:00:00,107.84,107.88666666666668
2025-09-14 19:00:00,107.82,107.85653846153848
2025-09-14 20:00:00,107.81,107.85653846153848
2025-09-14 21:00:00,107.82,107.85653846153848
2025-09-14 22:00:00,107.84,107.85653846153848
2025-09-14 23:00:00,107.86,107.85653846153848
2025-09-15 00:00:00,107.88,107.86428571428571
2025-09-15 01:00:00,107.9,107.86428571428571
2025-09-15 02:00:00,107.92,107.9222222222222
2025-09-15 03:00:00,107.94,107.9222222222222
2025-09-15 04:00:00,107.96,107.94370370370372
2025-09-15 05:00:00,107.99,107.97827586206895
2025-09-15 06:00:00,108.02,108.0132
2025-09-15 07:00:00,108.05,108.03909090909092
2025-09-15 08:00:00,108.06,108.0495238095238
2025-09-15 09:00:00,108.06,108.08774193548388
2025-09-15 10:00:00,108.07,108.08774193548388
2025-09-15 11:00:00,108.08,108.08774193548388
2025-09-15 12:00:00,108.09,108.08774193548388
2025-09-15 13:00:00,108.1,108.08774193548388
2025-09-15 14:00:00,108.1,108.123
2025-09-15 15:00:00,108.09,108.123
2025-09-15 16:00:00,108.08,108.05749999999998
2025-09-15 17:00:00,108.08,108.05749999999998
2025-09-15 18:00:00,108.09,108.05749999999998
2025-09-15 19:00:00,108.11,108.05749999999998
2025-09-15 20:00:00,108.14,108.123
2025-09-15 21:00:00,108.17,108.15333333333336
2025-09-15 22:00:00,108.19,108.1903703703704
2025-09-15 23:00:00,108.21,108.1903703703704
2025-09-16 00:00:00,108.22,108.20499999999998
2025-09-16 01:00:00,108.24,108.22421052631576
2025-09-16 02:00:00,108.26,108.27633333333335
2025-09-16 03:00:00,108.29,108.27633333333335
2025-09-16 04:00:00,108.32,108.3285
2025-09-16 05:00:00,108.35,108.3285
2025-09-16 06:00:00,108.39,108.36863636363636
2025-09-16 07:00:00,108.42,108.4134375
2025-09-16 08:00:00,108.44,108.4134375
2025-09-16 09:00:00,108.45,108.46535714285712
2025-09-16 10:00:00,108.46,108.46535714285712
2025-09-16 11:00:00,108.46,108.46535714285712
2025-09-16 12:00:00,108.47,108.46535714285712
2025-09-16 13:00:00,108.47,108.46535714285712
2025-09-16 14:00:00,108.47,108.46535714285712
2025-09-16 15:00:00,108.47,108.46535714285712
2025-09-16 16:00:00,108.46,108.46535714285712
2025-09-16 17:00:00,108.46,108.46535714285712
2025-09-16 18:00:00,108.47,108.46535714285712
2025-09-16 19:00:00,108.48,108.46535714285712
2025-09-16 20:00:00,108.49,108.51150000000004
2025-09-16 21:00:00,108.52,108.51150000000004
2025-09-16 22:00:00,108.54,108.54483870967744
2025-09-16 23:00:00,108.56,108.54483870967744
2025-09-17 00:00:00,108.58,108.58190476190472
2025-09-17 01:00:00,108.6,108.58190476190472
2025-09-17 02:00:00,108.63,108.62359999999995
2025-09-17 03:00:00,108.66,108.62359999999995
2025-09-17 04:00:00,108.69,108.6695
2025-09-17 05:00:00,108.71,108.70809523809524
2025-09-17 06:00:00,108.73,108.70809523809524
2025-09-17 07:00:00,108.74,108.72862068965514
2025-09-17 08:00:00,108.75,108.72862068965514
2025-09-17 09:00:00,108.76,108.72862068965514
2025-09-17 10:00:00,108.78,108.77074074074076
2025-09-17 11:00:00,108.8,108.77074074074076
2025-09-17 12:00:00,108.82,108.83521739130435
2025-09-17 13:00:00,108.84,108.83521739130435
2025-09-17 14:00:00,108.85,108.83521739130435
2025-09-17 15:00:00,108.84,108.88954545454548
2025-09-17 16:00:00,108.82,108.83521739130435
2025-09-17 17:00:00,108.8,108.83521739130435
2025-09-17 18:00:00,108.79,108.83521739130435
2025-09-17 19:00:00,108.8,108.83521739130435
2025-09-17 20:00:00,108.82,108.83521739130435
2025-09-17 21:00:00,108.84,108.83521739130435
2025-09-17 22:00:00,108.88,108.83521739130435
2025-09-17 23:00:00,108.9,108.88954545454548
2025-09-18 00:00:00,108.9,108.91200000000002
2025-09-18 01:00:00,108.91,108.91200000000002
2025-09-18 02:00:00,108.92,108.91200000000002
2025-09-18 03:00:00,108.94,108.91200000000002
2025-09-18 04:00:00,108.98,108.9377272727273
2025-09-18 05:00:00,109.02,108.99172413793104
2025-09-18 06:00:00,109.06,109.0338235294118
2025-09-18 07:00:00,109.1,109.10956521739132
2025-09-18 08:00:00,109.13,109.10956521739132
2025-09-18 09:00:00,109.15,109.16552631578944
2025-09-18 10:00:00,109.17,109.16552631578944
2025-09-18 11:00:00,109.19,109.16552631578944
2025-09-18 12:00:00,109.2,109.19521739130438
2025-09-18 13:00:00,109.21,109.19521739130438
2025-09-18 14:00:00,109.21,109.22
2025-09-18 15:00:00,109.21,109.22
2025-09-18 16:00:00,109.22,109.22
2025-09-18 17:00:00,109.23,109.22
2025-09-18 18:00:00,109.25,109.22
2025-09-18 19:00:00,109.28,109.27400000000006
2025-09-18 20:00:00,109.3,109.27400000000006
2025-09-18 21:00:00,109.32,109.30863636363632
2025-09-18 22:00:00,109.35,109.3459375
2025-09-18 23:00:00,109.37,109.3459375
2025-09-19 00:00:00,109.4,109.3459375
2025-09-19 01:00:00,109.43,109.40133333333335
2025-09-19 02:00:00,109.46,109.44200000000004
2025-09-19 03:00:00,109.49,109.45692307692303
2025-09-19 04:00:00,109.54,109.51090909090908
2025-09-19 05:00:00,109.59,109.54666666666668
2025-09-19 06:00:00,109.63,109.5831818181818
2025-09-19 07:00:00,109.65,109.66700000000004
2025-09-19 08:00:00,109.67,109.66700000000004
2025-09-19 09:00:00,109.69,109.66700000000004
2025-09-19 10:00:00,109.71,109.72235294117644
2025-09-19 11:00:00,109.74,109.72235294117644
2025-09-19 12:00:00,109.76,109.75136363636362
2025-09-19 13:00:00,109.77,109.75136363636362
2025-09-19 14:00:00,109.78,109.7808823529412
2025-09-19 15:00:00,109.8,109.7808823529412
2025-09-19 16:00:00,109.82,109.80944444444444
2025-09-19 17:00:00,109.84,109.80944444444444
2025-09-19 18:00:00,109.86,109.85303030303034
2025-09-19 19:00:00,109.88,109.85303030303034
2025-09-19 20:00:00,109.91,109.88394736842106
2025-09-19 21:00:00,109.93,109.93333333333334
2025-09-19 22:00:00,109.95,109.93333333333334
2025-09-19 23:00:00,109.97,109.9885
2025-09-20 00:00:00,109.98,109.9885
2025-09-20 01:00:00,109.99,109.9885
2025-09-20 02:00:00,110.01,109.9885
2025-09-20 03:00:00,110.03,110.025
2025-09-20 04:00:00,110.06,110.025
2025-09-20 05:00:00,110.08,110.0755
2025-09-20 06:00:00,110.1,110.1408
2025-09-20 07:00:00,110.12,110.1408
2025-09-20 08:00:00,110.13,110.1408
2025-09-20 09:00:00,110.16,110.1408
2025-09-20 10:00:00,110.18,110.1752
2025-09-20 11:00:00,110.2,110.2061904761905
2025-09-20 12:00:00,110.21,110.2061904761905
2025-09-20 13:00:00,110.23,110.2061904761905
2025-09-20 14:00:00,110.25,110.26041666666664
2025-09-20 15:00:00,110.27,110.26041666666664
2025-09-20 16:00:00,110.29,110.27259259259262
2025-09-20 17:00:00,110.32,110.29636363636364
2025-09-20 18:00:00,110.34,110.35666666666664
2025-09-20 19:00:00,110.36,110.35666666666664
2025-09-20 20:00:00,110.38,110.35666666666664
2025-09-20 21:00:00,110.39,110.37727272727274
2025-09-20 22:00:00,110.38,110.37727272727274
2025-09-20 23:00:00,110.39,110.37727272727274
2025-09-21 00:00:00,110.4,110.37727272727274
2025-09-21 01:00:00,110.4,110.431
2025-09-21 02:00:00,110.4,110.431
2025-09-21 03:00:00,110.41,110.431
2025-09-21 04:00:00,110.42,110.431
2025-09-21 05:00:00,110.44,110.431
2025-09-21 06:00:00,110.46,110.46523809523808
2025-09-21 07:00:00,110.49,110.46523809523808
2025-09-21 08:00:00,110.52,110.50346153846156
2025-09-21 09:00:00,110.55,110.56666666666663
2025-09-21 10:00:00,110.57,110.56666666666663
2025-09-21 11:00:00,110.58,110.53699999999996
2025-09-21 12:00:00,110.59,110.53699999999996
2025-09-21 13:00:00,110.6,110.53699999999996
2025-09-21 14:00:00,110.62,110.60103448275862
2025-09-21 15:00:00,110.64,110.60103448275862
2025-09-21 16:00:00,110.66,110.626
2025-09-21 17:00:00,110.68,110.626
2025-09-21 18:00:00,110.7,110.626
2025-09-21 19:00:00,110.72,110.626
2025-09-21 20:00:00,110.74,110.74
2025-09-21 21:00:00,110.76,110.74
2025-09-21 22:00:00,110.78,110.7742307692308
2025-09-21 23:00:00,110.78,110.858
2025-09-22 00:00:00,110.8,110.858
2025-09-22 01:00:00,110.81,110.858
2025-09-22 02:00:00,110.81,110.858
2025-09-22 03:00:00,110.82,110.858
2025-09-22 04:00:00,110.83,110.858
2025-09-22 05:00:00,110.85,110.858
2025-09-22 06:00:00,110.87,110.90636363636364
2025-09-22 07:00:00,110.9,110.90636363636364
2025-09-22 08:00:00,110.93,110.90636363636364
2025-09-22 09:00:00,110.96,110.9539393939394
2025-09-22 10:00:00,110.98,110.9539393939394
2025-09-22 11:00:00,110.99,110.98899999999998
2025-09-22 12:00:00,111.01,110.98899999999998
2025-09-22 13:00:00,111.03,111.03799999999998
2025-09-22 14:00:00,111.04,111.03799999999998
2025-09-22 15:00:00,111.05,111.03799999999998
2025-09-22 16:00:00,111.05,111.07289473684212
2025-09-22 17:00:00,111.06,111.07289473684212
2025-09-22 18:00:00,111.07,111.07289473684212
2025-09-22 19:00:00,111.08,111.07289473684212
2025-09-22 20:00:00,111.1,111.07289473684212
2025-09-22 21:00:00,111.11,111.13230769230768
2025-09-22 22:00:00,111.12,111.13230769230768
2025-09-22 23:00:00,111.14,111.13230769230768
2025-09-23 00:00:00,111.17,111.12974358974358
2025-09-23 01:00:00,111.2,111.12974358974358
2025-09-23 02:00:00,111.24,111.12974358974358
2025-09-23 03:00:00,111.27,111.12974358974358
2025-09-23 04:00:00,111.3,111.28269230769236
2025-09-23 05:00:00,111.33,111.34300000000002
2025-09-23 06:00:00,111.37,111.34300000000002
2025-09-23 07:00:00,111.4,111.39250000000004
2025-09-23 08:00:00,111.42,111.40523809523812
2025-09-23 09:00:00,111.43,111.4442857142857
2025-09-23 10:00:00,111.45,111.4442857142857
2025-09-23 11:00:00,111.48,111.4442857142857
2025-09-23 12:00:00,111.51,111.49027777777776
2025-09-23 13:00:00,111.54,111.49027777777776
2025-09-23 14:00:00,111.56,111.5416
2025-09-23 15:00:00,111.56,111.5416
2025-09-23 16:00:00,111.56,111.56549999999996
2025-09-23 17:00:00,111.56,111.56549999999996
2025-09-23 18:00:00,111.57,111.56549999999996
2025-09-23 19:00:00,111.59,111.5757142857143
2025-09-23 20:00:00,111.6,111.62249999999996
2025-09-23 21:00:00,111.61,111.62249999999996
2025-09-23 22:00:00,111.63,111.62249999999996
2025-09-23 23:00:00,111.64,111.63050000000004
2025-09-24 00:00:00,111.65,111.63050000000004
2025-09-24 01:00:00,111.66,111.63050000000004
2025-09-24 02:00:00,111.68,111.63050000000004
2025-09-24 03:00:00,111.71,111.70472222222222
2025-09-24 04:00:00,111.74,111.748
2025-09-24 05:00:00,111.76,111.748
2025-09-24 06:00:00,111.79,111.748
2025-09-24 07:00:00,111.82,111.79476190476193
2025-09-24 08:00:00,111.85,111.91428571428568
2025-09-24 09:00:00,111.87,111.91428571428568
2025-09-24 10:00:00,111.9,111.91428571428568
2025-09-24 11:00:00,111.92,111.87592592592593
2025-09-24 12:00:00,111.95,111.9360606060606
2025-09-24 13:00:00,111.98,111.9360606060606
2025-09-24 14:00:00,112.01,111.9360606060606
2025-09-24 15:00:00,112.04,112.01870967741937
2025-09-24 16:00:00,112.06,112.0735
2025-09-24 17:00:00,112.08,112.0735
2025-09-24 18:00:00,112.1,112.0963636363636
2025-09-24 19:00:00,112.12,112.0963636363636
2025-09-24 20:00:00,112.15,112.12923076923076
2025-09-24 21:00:00,112.17,112.09650000000002
2025-09-24 22:00:00,112.19,112.09650000000002
2025-09-24 23:00:00,112.21,112.09650000000002
2025-09-25 00:00:00,112.23,112.19941176470584
2025-09-25 01:00:00,112.26,112.27375
2025-09-25 02:00:00,112.3,112.27375
2025-09-25 03:00:00,112.34,112.33571428571427
2025-09-25 04:00:00,112.37,112.33571428571427
2025-09-25 05:00:00,112.4,112.38194444444444
2025-09-25 06:00:00,112.43,112.38194444444444
2025-09-25 07:00:00,112.46,112.43419354838711
2025-09-25 08:00:00,112.49,112.43419354838711
2025-09-25 09:00:00,112.52,112.49969696969698
2025-09-25 10:00:00,112.54,112.49969696969698
2025-09-25 11:00:00,112.57,112.49969696969698
2025-09-25 12:00:00,112.59,112.657
2025-09-25 13:00:00,112.61,112.657
2025-09-25 14:00:00,112.63,112.657
2025-09-25 15:00:00,112.65,112.657
2025-09-25 16:00:00,112.67,112.66153846153848
2025-09-25 17:00:00,112.69,112.67471698113208
2025-09-25 18:00:00,112.71,112.69476190476188
2025-09-25 19:00:00,112.73,112.7454054054054
2025-09-25 20:00:00,112.76,112.7454054054054
2025-09-25 21:00:00,112.79,112.89023809523808
2025-09-25 22:00:00,112.82,112.89023809523808
2025-09-25 23:00:00,112.85,112.89023809523808
2025-09-26 00:00:00,112.85,112.86153846153849
2025-09-26 01:00:00,112.85,112.86153846153849
2025-09-26 02:00:00,112.85,112.86153846153849
2025-09-26 03:00:00,112.85,112.86153846153849
2025-09-26 04:00:00,112.85,112.86153846153849
2025-09-26 05:00:00,112.85,112.86153846153849
2025-09-26 06:00:00,112.85,112.86153846153849
2025-09-26 07:00:00,112.85,112.86153846153849
2025-09-26 08:00:00,112.85,112.84666666666664
2025-09-26 09:00:00,112.85,112.84666666666664
2025-09-26 10:00:00,112.85,112.84666666666664
2025-09-26 11:00:00,112.85,112.84666666666664
2025-09-26 12:00:00,112.85,112.84666666666664
2025-09-26 13:00:00,112.85,112.84666666666664
2025-09-26 14:00:00,112.85,112.84666666666664
2025-09-26 15:00:00,112.85,112.84666666666664
2025-09-26 16:00:00,112.85,112.84666666666664
2025-09-26 17:00:00,112.85,112.84666666666664
2025-09-26 18:00:00,112.85,112.84666666666664
2025-09-26 19:00:00,112.85,112.84666666666664
2025-09-26 20:00:00,112.85,112.84666666666664
2025-09-26 21:00:00,112.85,112.84666666666664
2025-09-26 22:00:00,112.85,112.86153846153849
2025-09-26 23:00:00,112.85,112.86153846153849
2025-09-27 00:00:00,113.47,112.86153846153849
2025-09-27 01:00:00,113.51,113.4913043478261
2025-09-27 02:00:00,113.56,113.52891891891892
2025-09-27 03:00:00,113.61,113.56500000000004
2025-09-27 04:00:00,113.65,113.60605263157896
2025-09-27 05:00:00,113.68,113.64
2025-09-27 06:00:00,113.71,113.68205882352942
2025-09-27 07:00:00,113.74,113.70941176470583
2025-09-27 08:00:00,113.76,113.7422857142857
2025-09-27 09:00:00,113.78,113.77290322580647
2025-09-27 10:00:00,113.81,113.80545454545454
2025-09-27 11:00:00,113.83,113.81423076923076
2025-09-27 12:00:00,113.86,113.83999999999996
2025-09-27 13:00:00,113.89,113.87076923076924
2025-09-27 14:00:00,113.91,113.9055
2025-09-27 15:00:00,113.93,113.9055
2025-09-27 16:00:00,113.93,113.94571428571427
2025-09-27 17:00:00,113.94,113.94571428571427
2025-09-27 18:00:00,113.96,113.94571428571427
2025-09-27 19:00:00,113.97,113.95358974358976
2025-09-27 20:00:00,113.96,113.98363636363636
2025-09-27 21:00:00,113.94,113.95358974358976
2025-09-27 22:00:00,113.94,113.92476190476194
2025-09-27 23:00:00,113.93,113.94571428571427
2025-09-28 00:00:00,113.9,113.94571428571427
2025-09-28 01:00:00,113.88,113.88766666666668
2025-09-28 02:00:00,113.86,113.9055
2025-09-28 03:00:00,113.85,113.87076923076924
2025-09-28 04:00:00,113.84,113.87076923076924
2025-09-28 05:00:00,113.82,113.83999999999996
2025-09-28 06:00:00,113.79,113.8133333333333
2025-09-28 07:00:00,113.76,113.80545454545454
2025-09-28 08:00:00,113.75,113.75851851851854
2025-09-28 09:00:00,113.75,113.77290322580647
2025-09-28 10:00:00,113.77,113.77290322580647
2025-09-28 11:00:00,113.8,113.77290322580647
2025-09-28 12:00:00,113.81,113.80545454545454
2025-09-28 13:00:00,113.82,113.81423076923076
2025-09-28 14:00:00,113.81,113.8133333333333
2025-09-28 15:00:00,113.79,113.81423076923076
2025-09-28 16:00:00,113.76,113.80545454545454
2025-09-28 17:00:00,113.73,113.75851851851854
2025-09-28 18:00:00,113.7,113.7422857142857
2025-09-28 19:00:00,113.73,113.695
2025-09-28 20:00:00,113.77,113.7422857142857
2025-09-28 21:00:00,113.8,113.77290322580647
2025-09-28 22:00:00,113.79,113.80545454545454
2025-09-28 23:00:00,113.77,113.80545454545454
2025-09-29 00:00:00,113.77,113.75851851851854
2025-09-29 01:00:00,113.78,113.77290322580647
2025-09-29 02:00:00,113.79,113.80545454545454
2025-09-29 03:00:00,113.8,113.80545454545454
2025-09-29 04:00:00,113.81,113.80545454545454
2025-09-29 05:00:00,113.83,113.81423076923076
2025-09-29 06:00:00,113.85,113.83999999999996
2025-09-29 07:00:00,113.85,113.85028571428572
2025-09-29 08:00:00,113.88,113.87076923076924
2025-09-29 09:00:00,113.9,113.9055
2025-09-29 10:00:00,113.97,113.9055
2025-09-29 11:00:00,114.12,113.98363636363636
2025-09-29 12:00:00,114.27,114.1247619047619
2025-09-29 13:00:00,114.41,114.28230769230773
2025-09-29 14:00:00,114.53,114.4403846153846
2025-09-29 15:00:00,114.64,114.54944444444446
2025-09-29 16:00:00,114.75,114.54944444444446
2025-09-29 17:00:00,114.86,114.54944444444446
2025-09-29 18:00:00,114.98,114.54944444444446
2025-09-29 19:00:00,115.12,114.54944444444446
2025-09-29 20:00:00,115.26,114.9095
2025-09-29 21:00:00,115.39,114.9095
2025-09-29 22:00:00,115.52,114.9095
2025-09-29 23:00:00,115.62,115.51891891891896
2025-09-30 00:00:00,115.65,115.618064516129
2025-09-30 01:00:00,115.66,115.6788888888889
2025-09-30 02:00:00,115.68,115.6788888888889
2025-09-30 03:00:00,115.69,115.6788888888889
2025-09-30 04:00:00,115.71,115.70921052631576
2025-09-30 05:00:00,115.71,115.70921052631576
2025-09-30 06:00:00,115.7,115.70921052631576
2025-09-30 07:00:00,115.68,115.70921052631576
2025-09-30 08:00:00,115.65,115.6788888888889
2025-09-30 09:00:00,115.62,115.6788888888889
2025-09-30 10:00:00,115.59,115.618064516129
2025-09-30 11:00:00,115.55,115.61047619047618
2025-09-30 12:00:00,115.51,115.56499999999998
2025-09-30 13:00:00,115.47,115.50027777777775
2025-09-30 14:00:00,115.43,115.47347826086956
2025-09-30 15:00:00,115.39,115.46850000000002
2025-09-30 16:00:00,115.33,115.40184210526314
2025-09-30 17:00:00,115.3,115.30999999999996
2025-09-30 18:00:00,115.29,115.30925925925928
2025-09-30 19:00:00,115.29,115.30925925925928
2025-09-30 20:00:00,115.32,115.30925925925928
2025-09-30 21:00:00,115.35,115.30999999999996
2025-09-30 22:00:00,115.37,115.36476190476192
2025-09-30 23:00:00,115.34,115.36476190476192
2025-10-01 00:00:00,115.33,115.36476190476192
2025-10-01 01:00:00,115.33,115.30999999999996
2025-10-01 02:00:00,115.34,115.30999999999996
2025-10-01 03:00:00,115.36,115.36476190476192
2025-10-01 04:00:00,115.33,115.36476190476192
2025-10-01 05:00:00,115.28,115.30999999999996
2025-10-01 06:00:00,115.22,115.29647058823532
2025-10-01 07:00:00,115.16,115.21238095238095
2025-10-01 08:00:00,115.12,115.20564102564104
2025-10-01 09:00:00,115.07,115.20564102564104
2025-10-01 10:00:00,115.03,115.20564102564104
2025-10-01 11:00:00,115.03,115.08095238095235
2025-10-01 12:00:00,115.04,115.08095238095235
2025-10-01 13:00:00,115.06,115.08095238095235
2025-10-01 14:00:00,115.08,115.1323076923077
2025-10-01 15:00:00,115.1,115.1323076923077
2025-10-01 16:00:00,115.09,115.02692307692304
2025-10-01 17:00:00,115.07,115.02692307692304
2025-10-01 18:00:00,115.06,115.1323076923077
2025-10-01 19:00:00,115.07,115.1323076923077
2025-10-01 20:00:00,115.1,115.1323076923077
2025-10-01 21:00:00,115.12,115.1323076923077
2025-10-01 22:00:00,115.14,115.1323076923077
2025-10-01 23:00:00,115.14,115.1323076923077
2025-10-02 00:00:00,115.12,115.1323076923077
2025-10-02 01:00:00,115.12,115.1323076923077
2025-10-02 02:00:00,115.11,115.1323076923077
2025-10-02 03:00:00,115.13,115.1323076923077
2025-10-02 04:00:00,115.13,115.1323076923077
2025-10-02 05:00:00,115.12,115.1323076923077
2025-10-02 06:00:00,115.1,115.1323076923077
2025-10-02 07:00:00,115.07,115.1323076923077
2025-10-02 08:00:00,115.05,115.1323076923077
2025-10-02 09:00:00,115.03,115.08095238095235
2025-10-02 10:00:00,115.02,115.08095238095235
2025-10-02 11:00:00,115.03,115.08095238095235
2025-10-02 12:00:00,115.05,115.08095238095235
2025-10-02 13:00:00,115.06,115.08095238095235
2025-10-02 14:00:00,115.04,115.1323076923077
2025-10-02 15:00:00,115.02,115.0337037037037
2025-10-02 16:00:00,114.98,115.0337037037037
2025-10-02 17:00:00,114.95,115.01350000000002
2025-10-02 18:00:00,114.95,115.01350000000002
2025-10-02 19:00:00,114.96,115.01350000000002
2025-10-02 20:00:00,114.98,115.01350000000002
2025-10-02 21:00:00,115.01,115.01350000000002
2025-10-02 22:00:00,115.02,115.0337037037037
2025-10-02 23:00:00,115.02,115.0337037037037
2025-10-03 00:00:00,115.04,115.0337037037037
2025-10-03 01:00:00,115.08,115.0337037037037
2025-10-03 02:00:00,115.13,115.02692307692304
2025-10-03 03:00:00,115.19,115.02692307692304
2025-10-03 04:00:00,115.24,115.18861111111111
2025-10-03 05:00:00,115.29,115.2391304347826
2025-10-03 06:00:00,115.3,115.30925925925928
2025-10-03 07:00:00,115.31,115.29647058823532
2025-10-03 08:00:00,115.31,115.35549999999998
2025-10-03 09:00:00,115.32,115.35549999999998
2025-10-03 10:00:00,115.34,115.35549999999998
2025-10-03 11:00:00,115.37,115.36027777777778
2025-10-03 12:00:00,115.43,115.3718518518518
2025-10-03 13:00:00,115.5,115.46850000000002
2025-10-03 14:00:00,115.57,115.50027777777775
2025-10-03 15:00:00,115.63,115.61047619047618
2025-10-03 16:00:00,115.69,115.64714285714288
2025-10-03 17:00:00,115.75,115.70921052631576
2025-10-03 18:00:00,115.79,115.74322580645158
2025-10-03 19:00:00,115.82,115.82190476190476
2025-10-03 20:00:00,115.85,115.82190476190476
2025-10-03 21:00:00,115.88,115.8838095238095
2025-10-03 22:00:00,115.91,115.8838095238095
2025-10-03 23:00:00,115.93,115.87727272727273
2025-10-04 00:00:00,115.92,115.87727272727273
2025-10-04 01:00:00,115.91,115.87727272727273
2025-10-04 02:00:00,115.91,115.87727272727273
2025-10-04 03:00:00,115.91,115.87727272727273
2025-10-04 04:00:00,115.91,115.87727272727273
2025-10-04 05:00:00,115.91,115.87727272727273
2025-10-04 06:00:00,115.91,115.87727272727273
2025-10-04 07:00:00,115.91,115.87727272727273
2025-10-04 08:00:00,115.91,115.87727272727273
2025-10-04 09:00:00,115.9,115.87727272727273
2025-10-04 10:00:00,115.89,115.87727272727273
2025-10-04 11:00:00,115.88,115.8838095238095
2025-10-04 12:00:00,115.88,115.8838095238095
2025-10-04 13:00:00,115.87,115.8838095238095
2025-10-04 14:00:00,115.87,115.8838095238095
2025-10-04 15:00:00,115.86,115.8838095238095
2025-10-04 16:00:00,115.85,115.8838095238095
2025-10-04 17:00:00,115.84,115.8838095238095
2025-10-04 18:00:00,115.83,115.8838095238095
2025-10-04 19:00:00,115.83,115.82190476190476
2025-10-04 20:00:00,115.82,115.82190476190476
2025-10-04 21:00:00,115.81,115.82190476190476
2025-10-04 22:00:00,115.8,115.82190476190476
2025-10-04 23:00:00,115.8,115.82190476190476
2025-10-05 00:00:00,115.8,115.82190476190476
2025-10-05 01:00:00,115.8,115.82190476190476
2025-10-05 02:00:00,115.8,115.82190476190476
2025-10-05 03:00:00,115.8,115.82190476190476
2025-10-05 04:00:00,115.79,115.82190476190476
2025-10-05 05:00:00,115.78,115.82190476190476
2025-10-05 06:00:00,115.77,115.7675
2025-10-05 07:00:00,115.76,115.7675
2025-10-05 08:00:00,115.75,115.7675
2025-10-05 09:00:00,115.73,115.74322580645158
2025-10-05 10:00:00,115.69,115.74978260869564
2025-10-05 11:00:00,115.62,115.70921052631576
2025-10-05 12:00:00,115.54,115.618064516129
2025-10-05 13:00:00,115.46,115.51891891891896
2025-10-05 14:00:00,115.4,115.48891891891893
2025-10-05 15:00:00,115.35,115.40184210526314
2025-10-05 16:00:00,115.3,115.36476190476192
2025-10-05 17:00:00,115.25,115.30925925925928
2025-10-05 18:00:00,115.21,115.27655172413796
2025-10-05 19:00:00,115.17,115.21238095238095
2025-10-05 20:00:00,115.13,115.20564102564104
2025-10-05 21:00:00,115.1,115.20564102564104
2025-10-05 22:00:00,115.07,115.20564102564104
2025-10-05 23:00:00,115.04,115.20564102564104
2025-10-06 00:00:00,115.0,115.08095238095235
2025-10-06 01:00:00,114.95,115.08095238095235
2025-10-06 02:00:00,114.91,115.01350000000002
2025-10-06 03:00:00,114.86,115.01350000000002
2025-10-06 04:00:00,114.78,114.9428
2025-10-06 05:00:00,114.69,114.9428
2025-10-06 06:00:00,114.6,114.9428
2025-10-06 07:00:00,114.51,114.78037037037038
2025-10-06 08:00:00,114.45,114.78037037037038
2025-10-06 09:00:00,114.4,114.78037037037038
2025-10-06 10:00:00,114.35,114.5349999999999
2025-10-06 11:00:00,114.3,114.5349999999999
2025-10-06 12:00:00,114.26,114.5349999999999
2025-10-06 13:00:00,114.22,114.5349999999999
2025-10-06 14:00:00,114.14,114.21625
2025-10-06 15:00:00,114.05,114.18190476190478
2025-10-06 16:00:00,113.96,114.10775862068964
2025-10-06 17:00:00,113.87,113.95358974358976
2025-10-06 18:00:00,113.83,113.87076923076924
2025-10-06 19:00:00,113.85,113.83999999999996
2025-10-06 20:00:00,113.87,113.87076923076924
2025-10-06 21:00:00,113.89,113.87076923076924
2025-10-06 22:00:00,113.91,113.9055
2025-10-06 23:00:00,113.92,113.9055
2025-10-07 00:00:00,113.92,113.94571428571427
2025-10-07 01:00:00,113.91,113.94571428571427
2025-10-07 02:00:00,113.91,113.9055
2025-10-07 03:00:00,113.91,113.9055
2025-10-07 04:00:00,113.91,113.9055
2025-10-07 05:00:00,113.91,113.9055
2025-10-07 06:00:00,113.91,113.9055
2025-10-07 07:00:00,113.91,113.9055
2025-10-07 08:00:00,113.92,113.9055
2025-10-07 09:00:00,113.92,113.94571428571427
2025-10-07 10:00:00,113.91,113.94571428571427
2025-10-07 11:00:00,113.9,113.9055
2025-10-07 12:00:00,113.88,113.9055
2025-10-07 13:00:00,113.85,113.9055
2025-10-07 14:00:00,113.79,113.87076923076924
2025-10-07 15:00:00,113.72,113.80545454545454
2025-10-07 16:00:00,113.65,113.7422857142857
2025-10-07 17:00:00,113.56,113.64
2025-10-07 18:00:00,113.48,113.56500000000004
2025-10-07 19:00:00,113.47,113.46999999999998
2025-10-07 20:00:00,113.47,113.46999999999998
2025-10-07 21:00:00,113.45,113.46999999999998
2025-10-07 22:00:00,113.4,113.4416129032258
2025-10-07 23:00:00,113.34,113.38750000000002
2025-10-08 00:00:00,113.28,113.34099999999998
2025-10-08 01:00:00,113.23,113.26793103448276
2025-10-08 02:00:00,113.2,113.21466666666667
2025-10-08 03:00:00,113.16,113.18050000000002
2025-10-08 04:00:00,113.12,113.17068965517242
2025-10-08 05:00:00,113.08,113.13761904761908
2025-10-08 06:00:00,113.05,113.07478260869564
2025-10-08 07:00:00,113.01,113.07208333333332
2025-10-08 08:00:00,112.97,113.00323529411764
2025-10-08 09:00:00,112.93,112.97479999999996
2025-10-08 10:00:00,112.89,112.93807692307692
2025-10-08 11:00:00,112.86,112.85349999999998
2025-10-08 12:00:00,112.83,112.84666666666664
2025-10-08 13:00:00,112.8,112.8365517241379
2025-10-08 14:00:00,112.77,112.89023809523808
2025-10-08 15:00:00,112.74,112.89023809523808
2025-10-08 16:00:00,112.71,112.7454054054054
2025-10-08 17:00:00,112.68,112.7454054054054
2025-10-08 18:00:00,112.65,112.67471698113208
2025-10-08 19:00:00,112.65,112.64282608695652
2025-10-08 20:00:00,112.66,112.64282608695652
2025-10-08 21:00:00,112.67,112.64282608695652
2025-10-08 22:00:00,112.68,112.67471698113208
2025-10-08 23:00:00,112.7,112.67471698113208
2025-10-09 00:00:00,112.71,112.69476190476188
2025-10-09 01:00:00,112.72,112.7454054054054
2025-10-09 02:00:00,112.74,112.7454054054054
2025-10-09 03:00:00,112.76,112.7454054054054
2025-10-09 04:00:00,112.78,112.89023809523808
2025-10-09 05:00:00,112.8,112.89023809523808
2025-10-09 06:00:00,112.83,112.89023809523808
2025-10-09 07:00:00,112.84,112.8365517241379
2025-10-09 08:00:00,112.85,112.8365517241379
2025-10-09 09:00:00,112.86,112.84666666666664
2025-10-09 10:00:00,112.87,112.84666666666664
2025-10-09 11:00:00,112.89,112.87636363636368
2025-10-09 12:00:00,112.91,112.90208333333338
2025-10-09 13:00:00,112.94,112.92545454545456
2025-10-09 14:00:00,112.98,112.93807692307692
2025-10-09 15:00:00,113.03,112.98914285714278
2025-10-09 16:00:00,113.08,113.031935483871
2025-10-09 17:00:00,113.13,113.10961538461537
2025-10-09 18:00:00,113.18,113.13761904761908
2025-10-09 19:00:00,113.23,113.20000000000002
2025-10-09 20:00:00,113.28,113.21466666666667
2025-10-09 21:00:00,113.33,113.26793103448276
2025-10-09 22:00:00,113.37,113.32684210526318
2025-10-09 23:00:00,113.43,113.3785294117647
2025-10-10 00:00:00,113.5,113.43050000000002
2025-10-10 01:00:00,113.57,113.52891891891892
2025-10-10 02:00:00,113.64,113.56500000000004
2025-10-10 03:00:00,113.71,113.65520000000002
2025-10-10 04:00:00,113.78,113.70941176470583
2025-10-10 05:00:00,113.85,113.80545454545454
2025-10-10 06:00:00,113.92,113.87076923076924
2025-10-10 07:00:00,113.98,113.94571428571427
2025-10-10 08:00:00,114.04,113.98363636363636
2025-10-10 09:00:00,114.08,114.0401388888889
2025-10-10 10:00:00,114.12,114.08375
2025-10-10 11:00:00,114.16,114.09599999999998
2025-10-10 12:00:00,114.21,114.17103448275866
2025-10-10 13:00:00,114.27,114.21115384615382
2025-10-10 14:00:00,114.32,114.28230769230773
2025-10-10 15:00:00,114.36,114.3190476190476
2025-10-10 16:00:00,114.4,114.36173913043476
2025-10-10 17:00:00,114.44,114.39750000000002
2025-10-10 18:00:00,114.45,114.4605
2025-10-10 19:00:00,114.46,114.4605
2025-10-10 20:00:00,114.46,114.4605
2025-10-10 21:00:00,114.47,114.4605
2025-10-10 22:00:00,114.48,114.4605
2025-10-10 23:00:00,114.49,114.4605
2025-10-11 00:00:00,114.51,114.54944444444446
2025-10-11 01:00:00,114.53,114.54944444444446
2025-10-11 02:00:00,114.55,114.54944444444446
2025-10-11 03:00:00,114.57,114.54944444444446
2025-10-11 04:00:00,114.59,114.5895238095238
2025-10-11 05:00:00,114.61,114.64960000000002
2025-10-11 06:00:00,114.64,114.64960000000002
2025-10-11 07:00:00,114.66,114.64960000000002
2025-10-11 08:00:00,114.68,114.64960000000002
2025-10-11 09:00:00,114.69,114.71848484848483
2025-10-11 10:00:00,114.7,114.71848484848483
2025-10-11 11:00:00,114.72,114.71848484848483
2025-10-11 12:00:00,114.73,114.71848484848483
2025-10-11 13:00:00,114.74,114.74307692307694
2025-10-11 14:00:00,114.75,114.74307692307694
2025-10-11 15:00:00,114.76,114.74307692307694
2025-10-11 16:00:00,114.77,114.78321428571437
2025-10-11 17:00:00,114.78,114.78321428571437
2025-10-11 18:00:00,114.79,114.75972222222228
2025-10-11 19:00:00,114.81,114.9095
2025-10-11 20:00:00,114.83,114.9095
2025-10-11 21:00:00,114.85,114.9095
2025-10-11 22:00:00,114.86,114.9095
2025-10-11 23:00:00,114.88,114.9095
2025-10-12 00:00:00,114.91,114.9095
2025-10-12 01:00:00,114.94,114.9095
2025-10-12 02:00:00,114.97,115.01350000000002
2025-10-12 03:00:00,115.0,115.01350000000002
2025-10-12 04:00:00,115.04,115.0337037037037
2025-10-12 05:00:00,115.06,115.0337037037037
2025-10-12 06:00:00,115.1,115.02692307692304
2025-10-12 07:00:00,115.14,115.02692307692304
2025-10-12 08:00:00,115.17,115.02692307692304
2025-10-12 09:00:00,115.2,115.02692307692304
2025-10-12 10:00:00,115.23,115.22333333333331
2025-10-12 11:00:00,115.25,115.2391304347826
2025-10-12 12:00:00,115.28,115.27655172413796
2025-10-12 13:00:00,115.31,115.30925925925928
2025-10-12 14:00:00,115.34,115.35549999999998
2025-10-12 15:00:00,115.37,115.36027777777778
2025-10-12 16:00:00,115.39,115.3718518518518
2025-10-12 17:00:00,115.4,115.40184210526314
2025-10-12 18:00:00,115.41,115.40184210526314
2025-10-12 19:00:00,115.43,115.40184210526314
2025-10-12 20:00:00,115.45,115.46850000000002
2025-10-12 21:00:00,115.47,115.48891891891893
2025-10-12 22:00:00,115.5,115.48891891891893
2025-10-12 23:00:00,115.53,115.50027777777775
2025-10-13 00:00:00,115.56,115.5459090909091
2025-10-13 01:00:00,115.59,115.56499999999998
2025-10-13 02:00:00,115.63,115.61047619047618
2025-10-13 03:00:00,115.67,115.6788888888889
2025-10-13 04:00:00,115.71,115.6788888888889
2025-10-13 05:00:00,115.74,115.70921052631576
2025-10-13 06:00:00,115.77,115.74322580645158
2025-10-13 07:00:00,115.8,115.7675
2025-10-13 08:00:00,115.83,115.82190476190476
2025-10-13 09:00:00,115.85,115.82190476190476
2025-10-13 10:00:00,115.87,115.8838095238095
2025-10-13 11:00:00,115.89,115.8838095238095
2025-10-13 12:00:00,115.92,115.8838095238095
2025-10-13 13:00:00,115.95,115.93562500000002
2025-10-13 14:00:00,115.97,115.93562500000002
2025-10-13 15:00:00,115.98,115.98590909090912
2025-10-13 16:00:00,115.99,115.98590909090912
2025-10-13 17:00:00,116.0,115.98590909090912
2025-10-13 18:00:00,116.01,115.98590909090912
2025-10-13 19:00:00,116.02,116.04166666666669
2025-10-13 20:00:00,116.04,116.04166666666669
2025-10-13 21:00:00,116.06,116.04166666666669
2025-10-13 22:00:00,116.08,116.04166666666669
2025-10-13 23:00:00,116.1,116.10285714285712
2025-10-14 00:00:00,116.12,116.10285714285712
2025-10-14 01:00:00,116.15,116.1312
2025-10-14 02:00:00,116.18,116.16296296296296
2025-10-14 03:00:00,116.22,116.16296296296296
2025-10-14 04:00:00,116.25,116.23102564102562
2025-10-14 05:00:00,116.28,116.23102564102562
2025-10-14 06:00:00,116.32,116.28695833333336
2025-10-14 07:00:00,116.36,116.32
2025-10-14 08:00:00,116.4,116.37407407407407
2025-10-14 09:00:00,116.43,116.4153125
2025-10-14 10:00:00,116.46,116.4431818181818
2025-10-14 11:00:00,116.49,116.46699999999998
2025-10-14 12:00:00,116.53,116.50968750000004
2025-10-14 13:00:00,116.57,116.539
2025-10-14 14:00:00,116.6,116.57592592592592
2025-10-14 15:00:00,116.6,116.61791666666666
2025-10-14 16:00:00,116.59,116.61791666666666
2025-10-14 17:00:00,116.57,116.57391304347824
2025-10-14 18:00:00,116.55,116.57592592592592
2025-10-14 19:00:00,116.54,116.53970588235298
2025-10-14 20:00:00,116.53,116.53970588235298
2025-10-14 21:00:00,116.53,116.51434782608698
2025-10-14 22:00:00,116.53,116.51434782608698
2025-10-14 23:00:00,116.52,116.51434782608698
2025-10-15 00:00:00,116.51,116.51434782608698
2025-10-15 01:00:00,116.5,116.50968750000004
2025-10-15 02:00:00,116.49,116.50968750000004
2025-10-15 03:00:00,116.48,116.50968750000004
2025-10-15 04:00:00,116.47,116.4822857142857
2025-10-15 05:00:00,116.45,116.4822857142857
2025-10-15 06:00:00,116.42,116.43250000000002
2025-10-15 07:00:00,116.39,116.4239130434783
2025-10-15 08:00:00,116.36,116.37607142857144
2025-10-15 09:00:00,116.32,116.35791666666664
2025-10-15 10:00:00,116.28,116.29951086956522
2025-10-15 11:00:00,116.24,116.28695833333336
2025-10-15 12:00:00,116.21,116.23102564102562
2025-10-15 13:00:00,116.18,116.23102564102562
2025-10-15 14:00:00,116.15,116.16296296296296
2025-10-15 15:00:00,116.12,116.16296296296296
2025-10-15 16:00:00,116.07,116.1312
2025-10-15 17:00:00,116.02,116.10285714285712
2025-10-15 18:00:00,116.01,116.04166666666669
2025-10-15 19:00:00,116.0,116.04166666666669
2025-10-15 20:00:00,116.0,115.98590909090912
2025-10-15 21:00:00,116.0,115.98590909090912
2025-10-15 22:00:00,116.0,115.98590909090912
2025-10-15 23:00:00,115.99,115.98590909090912
2025-10-16 00:00:00,115.97,115.98590909090912
2025-10-16 01:00:00,115.95,115.98590909090912
2025-10-16 02:00:00,115.94,115.93562500000002
2025-10-16 03:00:00,115.93,115.93562500000002
2025-10-16 04:00:00,115.9,115.93562500000002
2025-10-16 05:00:00,115.85,115.93562500000002
2025-10-16 06:00:00,115.79,115.8838095238095
2025-10-16 07:00:00,115.72,115.82190476190476
2025-10-16 08:00:00,115.65,115.70921052631576
2025-10-16 09:00:00,115.58,115.6788888888889
2025-10-16 10:00:00,115.51,115.61047619047618
2025-10-16 11:00:00,115.47,115.50027777777775
2025-10-16 12:00:00,115.44,115.48891891891893
2025-10-16 13:00:00,115.42,115.46850000000002
2025-10-16 14:00:00,115.38,115.46850000000002
2025-10-16 15:00:00,115.34,115.40184210526314
2025-10-16 16:00:00,115.3,115.36476190476192
2025-10-16 17:00:00,115.3,115.30925925925928
2025-10-16 18:00:00,115.3,115.30925925925928
2025-10-16 19:00:00,115.32,115.30925925925928
2025-10-16 20:00:00,115.33,115.35549999999998
2025-10-16 21:00:00,115.34,115.35549999999998
2025-10-16 22:00:00,115.35,115.36476190476192
2025-10-16 23:00:00,115.36,115.36476190476192
2025-10-17 00:00:00,115.38,115.36476190476192
2025-10-17 01:00:00,115.42,115.40184210526314
2025-10-17 02:00:00,115.46,115.46850000000002
2025-10-17 03:00:00,115.5,115.48891891891893
2025-10-17 04:00:00,115.54,115.50027777777775
2025-10-17 05:00:00,115.58,115.51891891891896
2025-10-17 06:00:00,115.62,115.61047619047618
2025-10-17 07:00:00,115.65,115.618064516129
2025-10-17 08:00:00,115.68,115.6788888888889
2025-10-17 09:00:00,115.71,115.6788888888889
2025-10-17 10:00:00,115.74,115.70921052631576
2025-10-17 11:00:00,115.76,115.74322580645158
2025-10-17 12:00:00,115.77,115.7675
2025-10-17 13:00:00,115.78,115.7675
2025-10-17 14:00:00,115.78,115.7675
2025-10-17 15:00:00,115.77,115.7675
2025-10-17 16:00:00,115.76,115.7675
2025-10-17 17:00:00,115.75,115.7675
2025-10-17 18:00:00,115.75,115.74322580645158
2025-10-17 19:00:00,115.75,115.74322580645158
2025-10-17 20:00:00,115.75,115.74322580645158
2025-10-17 21:00:00,115.75,115.74322580645158
2025-10-17 22:00:00,115.76,115.74322580645158
2025-10-17 23:00:00,115.77,115.7675
