thoi_diem,y_true,y_pred,abs_err
2025-01-13 19:00:00,115.17,115.56,0.39250183
2025-01-13 20:00:00,115.17,115.56,0.39250183
2025-01-13 21:00:00,115.18,115.56,0.3824997
2025-01-13 22:00:00,115.18,115.6,0.4449997
2025-01-13 23:00:00,115.18,115.6,0.4449997
2025-01-14 00:00:00,115.18,115.56,0.3824997
2025-01-14 01:00:00,115.18,115.5,0.3199997
2025-01-14 02:00:00,115.18,115.5,0.3199997
2025-01-14 03:00:00,115.14,115.44,0.2975006
2025-01-14 04:00:00,115.14,115.4,0.23500061
2025-01-14 05:00:00,115.11,115.3,0.20249939
2025-01-14 06:00:00,115.11,115.25,0.13999939
2025-01-14 07:00:00,115.09,115.2,0.09750366
2025-01-14 08:00:00,115.09,115.2,0.09750366
2025-01-14 09:00:00,115.06,115.25,0.19000244
2025-01-14 10:00:00,115.06,115.25,0.19000244
2025-01-14 11:00:00,115.06,115.3,0.25250244
2025-01-14 12:00:00,115.06,115.4,0.31500244
2025-01-14 13:00:00,115.08,115.5,0.41999817
2025-01-14 14:00:00,115.08,115.5,0.41999817
2025-01-14 15:00:00,115.08,115.56,0.48249817
2025-01-14 16:00:00,115.08,115.6,0.54499817
2025-01-14 17:00:00,115.06,115.6,0.56500244
2025-01-14 18:00:00,115.06,115.6,0.56500244
2025-01-14 19:00:00,115.05,115.6,0.57499695
2025-01-14 20:00:00,115.05,115.6,0.57499695
2025-01-14 21:00:00,115.03,115.6,0.5950012
2025-01-14 22:00:00,115.03,115.7,0.6575012
2025-01-14 23:00:00,114.98,115.56,0.58249664
2025-01-15 00:00:00,114.98,115.5,0.51999664
2025-01-15 01:00:00,114.94,115.4,0.43499756
2025-01-15 02:00:00,114.94,115.4,0.43499756
2025-01-15 03:00:00,114.9,115.3,0.41249847
2025-01-15 04:00:00,114.9,115.3,0.41249847
2025-01-15 05:00:00,114.84,115.3,0.47250366
2025-01-15 06:00:00,114.84,115.25,0.41000366
2025-01-15 07:00:00,114.79,115.3,0.5224991
2025-01-15 08:00:00,114.79,115.3,0.5224991
2025-01-15 09:00:00,114.75,115.3,0.5625
2025-01-15 10:00:00,114.75,115.3,0.5625
2025-01-15 11:00:00,114.74,115.3,0.57250214
2025-01-15 12:00:00,114.74,115.3,0.57250214
2025-01-15 13:00:00,114.73,115.3,0.58249664
2025-01-15 14:00:00,114.73,115.3,0.58249664
2025-01-15 15:00:00,114.68,115.25,0.5699997
2025-01-15 16:00:00,114.68,115.25,0.5699997
2025-01-15 17:00:00,114.64,115.25,0.6100006
2025-01-15 18:00:00,114.64,115.25,0.6100006
2025-01-15 19:00:00,114.62,115.25,0.62999725
2025-01-15 20:00:00,114.62,115.2,0.56749725
2025-01-15 21:00:00,114.61,115.3,0.7024994
2025-01-15 22:00:00,114.61,115.2,0.5774994
2025-01-15 23:00:00,114.59,115.25,0.66000366
2025-01-16 00:00:00,114.59,115.06,0.47250366
2025-01-16 01:00:00,114.57,115.06,0.4925003
2025-01-16 02:00:00,114.57,114.94,0.3675003
2025-01-16 03:00:00,114.54,114.94,0.39749908
2025-01-16 04:00:00,114.54,114.9,0.33499908
2025-01-16 05:00:00,114.49,114.8,0.32250214
2025-01-16 06:00:00,114.49,114.75,0.26000214
2025-01-16 07:00:00,114.44,114.75,0.30999756
2025-01-16 08:00:00,114.44,114.7,0.24749756
2025-01-16 09:00:00,114.38,114.7,0.30750275
2025-01-16 10:00:00,114.38,114.75,0.37000275
2025-01-16 11:00:00,114.33,114.75,0.41999817
2025-01-16 12:00:00,114.33,114.75,0.41999817
2025-01-16 13:00:00,114.3,114.75,0.44999695
2025-01-16 14:00:00,114.3,114.75,0.44999695
2025-01-16 15:00:00,114.3,114.7,0.38749695
2025-01-16 16:00:00,114.3,114.75,0.44999695
2025-01-16 17:00:00,114.29,114.75,0.45999908
2025-01-16 18:00:00,114.29,114.7,0.39749908
2025-01-16 19:00:00,114.31,114.6,0.31500244
2025-01-16 20:00:00,114.31,114.6,0.31500244
2025-01-16 21:00:00,114.35,114.7,0.33750153
2025-01-16 22:00:00,114.35,114.7,0.33750153
2025-01-16 23:00:00,114.36,114.7,0.3274994
2025-01-17 00:00:00,114.36,114.6,0.2649994
2025-01-17 01:00:00,114.36,114.56,0.20249939
2025-01-17 02:00:00,114.36,114.56,0.20249939
2025-01-17 03:00:00,114.35,114.5,0.15000153
2025-01-17 04:00:00,114.35,114.44,0.087501526
2025-01-17 05:00:00,114.33,114.4,0.04499817
2025-01-17 06:00:00,114.33,114.3,0.017501831
2025-01-17 07:00:00,114.31,114.3,0.0025024414
2025-01-17 08:00:00,114.31,114.25,0.05999756
2025-01-17 09:00:00,114.28,114.25,0.02999878
2025-01-17 10:00:00,114.28,114.4,0.09500122
2025-01-17 11:00:00,114.26,114.44,0.17749786
2025-01-17 12:00:00,114.26,114.5,0.23999786
2025-01-17 13:00:00,114.26,114.56,0.30249786
2025-01-17 14:00:00,114.26,114.56,0.30249786
2025-01-17 15:00:00,114.25,114.6,0.375
2025-01-17 16:00:00,114.25,114.6,0.375
2025-01-17 17:00:00,114.23,114.6,0.39499664
2025-01-17 18:00:00,114.23,114.56,0.33249664
2025-01-17 19:00:00,114.23,114.5,0.26999664
2025-01-17 20:00:00,114.23,114.56,0.33249664
2025-01-17 21:00:00,114.24,114.56,0.32250214
2025-01-17 22:00:00,114.24,114.56,0.32250214
2025-01-17 23:00:00,114.26,114.56,0.30249786
2025-01-18 00:00:00,114.26,114.56,0.30249786
2025-01-18 01:00:00,114.27,114.5,0.23000336
2025-01-18 02:00:00,114.27,114.44,0.16750336
2025-01-18 03:00:00,114.26,114.44,0.17749786
2025-01-18 04:00:00,114.26,114.3,0.052497864
2025-01-18 05:00:00,114.25,114.5,0.25
2025-01-18 06:00:00,114.25,114.4,0.125
2025-01-18 07:00:00,114.23,114.6,0.39499664
2025-01-18 08:00:00,114.23,114.6,0.39499664
2025-01-18 09:00:00,114.22,114.7,0.46749878
2025-01-18 10:00:00,114.22,114.7,0.46749878
2025-01-18 11:00:00,114.24,114.7,0.44750214
2025-01-18 12:00:00,114.24,114.75,0.51000214
2025-01-18 13:00:00,114.27,114.75,0.48000336
2025-01-18 14:00:00,114.27,114.75,0.48000336
2025-01-18 15:00:00,114.27,114.8,0.54250336
2025-01-18 16:00:00,114.27,114.75,0.48000336
2025-01-18 17:00:00,114.28,114.75,0.47000122
2025-01-18 18:00:00,114.28,114.7,0.40750122
2025-01-18 19:00:00,114.29,114.75,0.45999908
2025-01-18 20:00:00,114.29,114.75,0.45999908
2025-01-18 21:00:00,114.32,114.75,0.4300003
2025-01-18 22:00:00,114.32,114.75,0.4300003
2025-01-18 23:00:00,114.33,114.8,0.48249817
2025-01-19 00:00:00,114.33,114.75,0.41999817
2025-01-19 01:00:00,114.37,114.75,0.37999725
2025-01-19 02:00:00,114.37,114.7,0.31749725
2025-01-19 03:00:00,114.37,114.8,0.44249725
2025-01-19 04:00:00,114.37,114.8,0.44249725
2025-01-19 05:00:00,114.34,114.8,0.47250366
2025-01-19 06:00:00,114.34,114.75,0.41000366
2025-01-19 07:00:00,114.32,114.7,0.3675003
2025-01-19 08:00:00,114.32,114.7,0.3675003
2025-01-19 09:00:00,114.33,114.6,0.29499817
2025-01-19 10:00:00,114.33,114.7,0.35749817
2025-01-19 11:00:00,114.34,114.75,0.41000366
2025-01-19 12:00:00,114.34,114.9,0.53500366
2025-01-19 13:00:00,114.34,114.8,0.47250366
2025-01-19 14:00:00,114.34,114.9,0.53500366
2025-01-19 15:00:00,114.34,114.75,0.41000366
2025-01-19 16:00:00,114.34,114.94,0.59750366
2025-01-19 17:00:00,114.33,114.8,0.48249817
2025-01-19 18:00:00,114.33,114.9,0.54499817
2025-01-19 19:00:00,114.32,114.75,0.4300003
2025-01-19 20:00:00,114.32,114.8,0.4925003
2025-01-19 21:00:00,114.34,114.8,0.47250366
2025-01-19 22:00:00,114.34,114.9,0.53500366
2025-01-19 23:00:00,114.38,114.9,0.49500275
2025-01-20 00:00:00,114.38,114.9,0.49500275
2025-01-20 01:00:00,114.4,114.8,0.41249847
2025-01-20 02:00:00,114.4,114.75,0.34999847
2025-01-20 03:00:00,114.4,114.6,0.22499847
2025-01-20 04:00:00,114.4,114.6,0.22499847
2025-01-20 05:00:00,114.39,114.5,0.11000061
2025-01-20 06:00:00,114.39,114.5,0.11000061
2025-01-20 07:00:00,114.39,114.44,0.04750061
2025-01-20 08:00:00,114.39,114.44,0.04750061
2025-01-20 09:00:00,114.36,114.4,0.01499939
2025-01-20 10:00:00,114.36,114.44,0.07749939
2025-01-20 11:00:00,114.34,114.5,0.16000366
2025-01-20 12:00:00,114.34,114.56,0.22250366
2025-01-20 13:00:00,114.35,114.56,0.21250153
2025-01-20 14:00:00,114.35,114.6,0.27500153
2025-01-20 15:00:00,114.33,114.7,0.35749817
2025-01-20 16:00:00,114.33,114.75,0.41999817
2025-01-20 17:00:00,114.29,114.75,0.45999908
2025-01-20 18:00:00,114.29,114.8,0.5224991
2025-01-20 19:00:00,114.3,114.8,0.51249695
2025-01-20 20:00:00,114.3,114.9,0.57499695
2025-01-20 21:00:00,114.33,114.94,0.60749817
2025-01-20 22:00:00,114.33,115.0,0.66999817
2025-01-20 23:00:00,114.36,115.0,0.6399994
2025-01-21 00:00:00,114.36,115.06,0.7024994
2025-01-21 01:00:00,114.41,114.9,0.46499634
2025-01-21 02:00:00,114.41,114.94,0.52749634
2025-01-21 03:00:00,114.41,114.8,0.40249634
2025-01-21 04:00:00,114.41,114.8,0.40249634
2025-01-21 05:00:00,114.39,114.6,0.23500061
2025-01-21 06:00:00,114.39,114.56,0.17250061
2025-01-21 07:00:00,114.38,114.5,0.12000275
2025-01-21 08:00:00,114.38,114.56,0.18250275
2025-01-21 09:00:00,114.37,114.5,0.12999725
2025-01-21 10:00:00,114.37,114.56,0.19249725
2025-01-21 11:00:00,114.37,114.6,0.25499725
2025-01-21 12:00:00,114.37,114.7,0.31749725
2025-01-21 13:00:00,114.37,114.75,0.37999725
2025-01-21 14:00:00,114.37,114.75,0.37999725
2025-01-21 15:00:00,114.38,114.75,0.37000275
2025-01-21 16:00:00,114.38,114.75,0.37000275
2025-01-21 17:00:00,114.37,114.75,0.37999725
2025-01-21 18:00:00,114.37,114.75,0.37999725
2025-01-21 19:00:00,114.39,114.6,0.23500061
2025-01-21 20:00:00,114.39,114.75,0.3600006
2025-01-21 21:00:00,114.41,114.75,0.33999634
2025-01-21 22:00:00,114.41,114.8,0.40249634
2025-01-21 23:00:00,114.43,114.9,0.4449997
2025-01-22 00:00:00,114.43,114.9,0.4449997
2025-01-22 01:00:00,114.44,114.9,0.43499756
2025-01-22 02:00:00,114.44,114.94,0.49749756
2025-01-22 03:00:00,114.42,114.9,0.45500183
2025-01-22 04:00:00,114.42,114.9,0.45500183
2025-01-22 05:00:00,114.4,114.9,0.47499847
2025-01-22 06:00:00,114.4,114.75,0.34999847
2025-01-22 07:00:00,114.38,114.9,0.49500275
2025-01-22 08:00:00,114.38,114.8,0.43250275
2025-01-22 09:00:00,114.35,114.9,0.5250015
2025-01-22 10:00:00,114.35,114.8,0.46250153
2025-01-22 11:00:00,114.36,114.8,0.4524994
2025-01-22 12:00:00,114.36,114.9,0.5149994
2025-01-22 13:00:00,114.38,114.9,0.49500275
2025-01-22 14:00:00,114.38,114.9,0.49500275
2025-01-22 15:00:00,114.36,114.9,0.5149994
2025-01-22 16:00:00,114.36,114.9,0.5149994
2025-01-22 17:00:00,114.35,114.8,0.46250153
2025-01-22 18:00:00,114.35,114.8,0.46250153
2025-01-22 19:00:00,114.36,114.8,0.4524994
2025-01-22 20:00:00,114.36,114.8,0.4524994
2025-01-22 21:00:00,114.39,114.8,0.4225006
2025-01-22 22:00:00,114.39,114.94,0.5475006
2025-01-22 23:00:00,114.43,114.94,0.5074997
2025-01-23 00:00:00,114.43,115.06,0.6324997
2025-01-23 01:00:00,114.44,115.0,0.55999756
2025-01-23 02:00:00,114.44,115.0,0.55999756
2025-01-23 03:00:00,114.42,115.0,0.58000183
2025-01-23 04:00:00,114.42,114.94,0.51750183
2025-01-23 05:00:00,114.4,114.94,0.5374985
2025-01-23 06:00:00,114.4,114.8,0.41249847
2025-01-23 07:00:00,114.38,114.75,0.37000275
2025-01-23 08:00:00,114.38,114.75,0.37000275
2025-01-23 09:00:00,114.35,114.7,0.33750153
2025-01-23 10:00:00,114.35,114.7,0.33750153
2025-01-23 11:00:00,114.34,114.6,0.28500366
2025-01-23 12:00:00,114.34,114.7,0.34750366
2025-01-23 13:00:00,114.35,114.7,0.33750153
2025-01-23 14:00:00,114.35,114.75,0.40000153
2025-01-23 15:00:00,114.33,114.75,0.41999817
2025-01-23 16:00:00,114.33,114.75,0.41999817
2025-01-23 17:00:00,114.28,114.8,0.5325012
2025-01-23 18:00:00,114.28,114.8,0.5325012
2025-01-23 19:00:00,114.27,114.9,0.60500336
2025-01-23 20:00:00,114.27,114.75,0.48000336
2025-01-23 21:00:00,114.29,114.9,0.5849991
2025-01-23 22:00:00,114.29,114.7,0.39749908
2025-01-23 23:00:00,114.31,114.75,0.44000244
2025-01-24 00:00:00,114.31,114.6,0.31500244
2025-01-24 01:00:00,114.33,114.6,0.29499817
2025-01-24 02:00:00,114.33,114.56,0.23249817
2025-01-24 03:00:00,114.33,114.7,0.35749817
2025-01-24 04:00:00,114.33,114.56,0.23249817
2025-01-24 05:00:00,114.33,114.75,0.41999817
2025-01-24 06:00:00,114.33,114.7,0.35749817
2025-01-24 07:00:00,114.32,114.75,0.4300003
2025-01-24 08:00:00,114.32,114.7,0.3675003
2025-01-24 09:00:00,114.31,114.7,0.37750244
2025-01-24 10:00:00,114.31,114.6,0.31500244
2025-01-24 11:00:00,114.31,114.6,0.31500244
2025-01-24 12:00:00,114.31,114.6,0.31500244
2025-01-24 13:00:00,114.3,114.75,0.44999695
2025-01-24 14:00:00,114.3,114.8,0.51249695
2025-01-24 15:00:00,114.28,114.8,0.5325012
2025-01-24 16:00:00,114.28,114.9,0.5950012
2025-01-24 17:00:00,114.26,114.8,0.55249786
2025-01-24 18:00:00,114.26,114.9,0.61499786
2025-01-24 19:00:00,114.26,114.8,0.55249786
2025-01-24 20:00:00,114.26,114.8,0.55249786
2025-01-24 21:00:00,114.25,114.75,0.5
2025-01-24 22:00:00,114.25,114.75,0.5
2025-01-24 23:00:00,114.25,114.75,0.5
2025-01-25 00:00:00,114.25,114.7,0.4375
2025-01-25 01:00:00,114.24,114.75,0.51000214
2025-01-25 02:00:00,114.24,114.7,0.44750214
2025-01-25 03:00:00,114.22,114.75,0.5299988
2025-01-25 04:00:00,114.22,114.7,0.46749878
2025-01-25 05:00:00,114.2,114.7,0.48750305
2025-01-25 06:00:00,114.2,114.56,0.36250305
2025-01-25 07:00:00,114.17,114.56,0.39250183
2025-01-25 08:00:00,114.17,114.44,0.26750183
2025-01-25 09:00:00,114.15,114.44,0.28749847
2025-01-25 10:00:00,114.15,114.44,0.28749847
2025-01-25 11:00:00,114.13,114.44,0.30750275
2025-01-25 12:00:00,114.13,114.4,0.24500275
2025-01-25 13:00:00,114.13,114.4,0.24500275
2025-01-25 14:00:00,114.13,114.4,0.24500275
2025-01-25 15:00:00,114.13,114.44,0.30750275
2025-01-25 16:00:00,114.13,114.44,0.30750275
2025-01-25 17:00:00,114.13,114.44,0.30750275
2025-01-25 18:00:00,114.13,114.4,0.24500275
2025-01-25 19:00:00,114.12,114.4,0.25499725
2025-01-25 20:00:00,114.12,114.4,0.25499725
2025-01-25 21:00:00,114.14,114.3,0.17250061
2025-01-25 22:00:00,114.14,114.5,0.3600006
2025-01-25 23:00:00,114.17,114.44,0.26750183
2025-01-26 00:00:00,114.17,114.56,0.39250183
2025-01-26 01:00:00,114.17,114.5,0.33000183
2025-01-26 02:00:00,114.17,114.56,0.39250183
2025-01-26 03:00:00,114.16,114.56,0.40249634
2025-01-26 04:00:00,114.16,114.6,0.46499634
2025-01-26 05:00:00,114.14,114.6,0.4850006
2025-01-26 06:00:00,114.14,114.5,0.3600006
2025-01-26 07:00:00,114.12,114.56,0.44249725
2025-01-26 08:00:00,114.12,114.56,0.44249725
2025-01-26 09:00:00,114.11,114.5,0.3899994
2025-01-26 10:00:00,114.11,114.5,0.3899994
2025-01-26 11:00:00,114.08,114.5,0.41999817
2025-01-26 12:00:00,114.08,114.5,0.41999817
2025-01-26 13:00:00,114.07,114.44,0.3675003
2025-01-26 14:00:00,114.07,114.5,0.4300003
2025-01-26 15:00:00,114.07,114.5,0.4300003
2025-01-26 16:00:00,114.07,114.5,0.4300003
2025-01-26 17:00:00,114.06,114.44,0.37750244
2025-01-26 18:00:00,114.06,114.44,0.37750244
2025-01-26 19:00:00,114.05,114.44,0.38749695
2025-01-26 20:00:00,114.05,114.4,0.32499695
2025-01-26 21:00:00,114.07,114.4,0.3050003
2025-01-26 22:00:00,114.07,114.4,0.3050003
2025-01-26 23:00:00,114.07,114.4,0.3050003
2025-01-27 00:00:00,114.07,114.4,0.3050003
2025-01-27 01:00:00,114.05,114.4,0.32499695
2025-01-27 02:00:00,114.05,114.3,0.26249695
2025-01-27 03:00:00,114.04,114.3,0.27249908
2025-01-27 04:00:00,114.04,114.25,0.20999908
2025-01-27 05:00:00,114.04,114.25,0.20999908
2025-01-27 06:00:00,114.04,114.25,0.20999908
2025-01-27 07:00:00,114.03,114.3,0.28250122
2025-01-27 08:00:00,114.03,114.3,0.28250122
2025-01-27 09:00:00,114.02,114.4,0.35500336
2025-01-27 10:00:00,114.02,114.3,0.29250336
2025-01-27 11:00:00,114.01,114.44,0.42749786
2025-01-27 12:00:00,114.01,114.4,0.36499786
2025-01-27 13:00:00,114.0,114.44,0.4375
2025-01-27 14:00:00,114.0,114.44,0.4375
2025-01-27 15:00:00,113.98,114.56,0.58249664
2025-01-27 16:00:00,113.98,114.56,0.58249664
2025-01-27 17:00:00,113.96,114.5,0.5400009
2025-01-27 18:00:00,113.96,114.5,0.5400009
2025-01-27 19:00:00,113.94,114.5,0.55999756
2025-01-27 20:00:00,113.94,114.44,0.49749756
2025-01-27 21:00:00,113.95,114.44,0.48750305
2025-01-27 22:00:00,113.95,114.6,0.67500305
2025-01-27 23:00:00,113.97,114.6,0.6549988
2025-01-28 00:00:00,113.97,114.6,0.6549988
2025-01-28 01:00:00,113.98,114.6,0.64499664
2025-01-28 02:00:00,113.98,114.7,0.70749664
2025-01-28 03:00:00,113.96,114.6,0.6650009
2025-01-28 04:00:00,113.96,114.56,0.6025009
2025-01-28 05:00:00,113.95,114.5,0.55000305
2025-01-28 06:00:00,113.95,114.5,0.55000305
2025-01-28 07:00:00,113.95,114.3,0.36250305
2025-01-28 08:00:00,113.95,114.5,0.55000305
2025-01-28 09:00:00,113.93,114.4,0.4449997
2025-01-28 10:00:00,113.93,114.5,0.5699997
2025-01-28 11:00:00,113.9,114.4,0.47499847
2025-01-28 12:00:00,113.9,114.44,0.5374985
2025-01-28 13:00:00,113.89,114.4,0.4850006
2025-01-28 14:00:00,113.89,114.4,0.4850006
2025-01-28 15:00:00,113.89,114.3,0.4225006
2025-01-28 16:00:00,113.89,114.3,0.4225006
2025-01-28 17:00:00,113.87,114.25,0.37999725
2025-01-28 18:00:00,113.87,114.1,0.25499725
2025-01-28 19:00:00,113.85,114.06,0.21250153
2025-01-28 20:00:00,113.85,114.1,0.27500153
2025-01-28 21:00:00,113.88,114.0,0.12000275
2025-01-28 22:00:00,113.88,114.2,0.30750275
2025-01-28 23:00:00,113.88,114.06,0.18250275
2025-01-29 00:00:00,113.88,114.06,0.18250275
2025-01-29 01:00:00,113.88,113.94,0.057502747
2025-01-29 02:00:00,113.88,113.94,0.057502747
2025-01-29 03:00:00,113.88,113.9,0.0049972534
2025-01-29 04:00:00,113.88,113.9,0.0049972534
2025-01-29 05:00:00,113.87,113.8,0.057502747
2025-01-29 06:00:00,113.87,113.8,0.057502747
2025-01-29 07:00:00,113.86,113.75,0.11000061
2025-01-29 08:00:00,113.86,113.8,0.04750061
2025-01-29 09:00:00,113.86,113.9,0.01499939
2025-01-29 10:00:00,113.86,113.9,0.01499939
2025-01-29 11:00:00,113.85,114.1,0.27500153
2025-01-29 12:00:00,113.85,114.06,0.21250153
2025-01-29 13:00:00,113.84,114.1,0.28500366
2025-01-29 14:00:00,113.84,114.0,0.16000366
2025-01-29 15:00:00,113.83,114.1,0.29499817
2025-01-29 16:00:00,113.83,114.25,0.41999817
2025-01-29 17:00:00,113.81,114.25,0.44000244
2025-01-29 18:00:00,113.81,114.25,0.44000244
2025-01-29 19:00:00,113.8,114.2,0.38749695
2025-01-29 20:00:00,113.8,114.2,0.38749695
2025-01-29 21:00:00,113.8,114.1,0.32499695
2025-01-29 22:00:00,113.8,114.1,0.32499695
2025-01-29 23:00:00,113.79,114.06,0.27249908
2025-01-30 00:00:00,113.79,114.0,0.20999908
2025-01-30 01:00:00,113.8,113.94,0.13749695
2025-01-30 02:00:00,113.8,113.94,0.13749695
2025-01-30 03:00:00,113.79,113.9,0.084999084
2025-01-30 04:00:00,113.79,113.9,0.084999084
2025-01-30 05:00:00,113.78,113.8,0.03250122
2025-01-30 06:00:00,113.78,113.75,0.02999878
2025-01-30 07:00:00,113.77,113.75,0.019996643
2025-01-30 08:00:00,113.77,113.75,0.019996643
2025-01-30 09:00:00,113.76,113.75,0.010002136
2025-01-30 10:00:00,113.76,113.75,0.010002136
2025-01-30 11:00:00,113.74,113.9,0.13500214
2025-01-30 12:00:00,113.74,113.94,0.19750214
2025-01-30 13:00:00,113.73,114.0,0.26999664
2025-01-30 14:00:00,113.73,114.0,0.26999664
2025-01-30 15:00:00,113.71,114.0,0.29000092
2025-01-30 16:00:00,113.71,114.0,0.29000092
2025-01-30 17:00:00,113.69,114.0,0.30999756
2025-01-30 18:00:00,113.69,113.94,0.24749756
2025-01-30 19:00:00,113.68,113.9,0.1949997
2025-01-30 20:00:00,113.68,113.8,0.1324997
2025-01-30 21:00:00,113.66,113.75,0.08999634
2025-01-30 22:00:00,113.66,113.75,0.08999634
2025-01-30 23:00:00,113.65,113.7,0.037498474
2025-01-31 00:00:00,113.65,113.7,0.037498474
2025-01-31 01:00:00,113.66,113.6,0.035003662
2025-01-31 02:00:00,113.66,113.7,0.027496338
2025-01-31 03:00:00,113.64,113.75,0.11000061
2025-01-31 04:00:00,113.64,113.75,0.11000061
2025-01-31 05:00:00,113.62,113.8,0.19249725
2025-01-31 06:00:00,113.62,113.9,0.25499725
2025-01-31 07:00:00,113.61,113.9,0.2649994
2025-01-31 08:00:00,113.61,113.9,0.2649994
2025-01-31 09:00:00,113.59,113.9,0.28500366
2025-01-31 10:00:00,113.59,113.9,0.28500366
2025-01-31 11:00:00,113.57,113.9,0.3050003
2025-01-31 12:00:00,113.57,113.94,0.3675003
2025-01-31 13:00:00,113.56,113.94,0.37750244
2025-01-31 14:00:00,113.56,113.9,0.31500244
2025-01-31 15:00:00,113.55,113.8,0.26249695
2025-01-31 16:00:00,113.55,113.8,0.26249695
2025-01-31 17:00:00,113.54,113.8,0.27249908
2025-01-31 18:00:00,113.54,113.9,0.33499908
2025-01-31 19:00:00,113.53,113.75,0.22000122
2025-01-31 20:00:00,113.53,113.8,0.28250122
2025-01-31 21:00:00,113.54,113.7,0.14749908
2025-01-31 22:00:00,113.54,113.8,0.27249908
2025-01-31 23:00:00,113.55,113.7,0.13749695
2025-02-01 00:00:00,113.55,113.75,0.19999695
2025-02-01 01:00:00,113.55,113.75,0.19999695
2025-02-01 02:00:00,113.55,113.75,0.19999695
2025-02-01 03:00:00,113.54,113.8,0.27249908
2025-02-01 04:00:00,113.54,113.8,0.27249908
2025-02-01 05:00:00,113.52,113.8,0.29250336
2025-02-01 06:00:00,113.52,113.75,0.23000336
2025-02-01 07:00:00,113.52,113.75,0.23000336
2025-02-01 08:00:00,113.52,113.7,0.16750336
2025-02-01 09:00:00,113.51,113.7,0.17749786
2025-02-01 10:00:00,113.51,113.7,0.17749786
2025-02-01 11:00:00,113.5,113.7,0.1875
2025-02-01 12:00:00,113.5,113.7,0.1875
2025-02-01 13:00:00,113.49,113.75,0.26000214
2025-02-01 14:00:00,113.49,113.75,0.26000214
2025-02-01 15:00:00,113.48,113.75,0.26999664
2025-02-01 16:00:00,113.48,113.75,0.26999664
2025-02-01 17:00:00,113.45,113.8,0.36250305
2025-02-01 18:00:00,113.45,113.7,0.23750305
2025-02-01 19:00:00,113.44,113.7,0.24749756
2025-02-01 20:00:00,113.44,113.6,0.18499756
2025-02-01 21:00:00,113.45,113.7,0.23750305
2025-02-01 22:00:00,113.45,113.7,0.23750305
2025-02-01 23:00:00,113.46,113.7,0.22750092
2025-02-02 00:00:00,113.46,113.7,0.22750092
2025-02-02 01:00:00,113.47,113.7,0.21749878
2025-02-02 02:00:00,113.47,113.7,0.21749878
2025-02-02 03:00:00,113.47,113.7,0.21749878
2025-02-02 04:00:00,113.47,113.6,0.15499878
2025-02-02 05:00:00,113.46,113.56,0.102500916
2025-02-02 06:00:00,113.46,113.56,0.102500916
2025-02-02 07:00:00,113.45,113.56,0.11250305
2025-02-02 08:00:00,113.45,113.56,0.11250305
2025-02-02 09:00:00,113.44,113.5,0.05999756
2025-02-02 10:00:00,113.44,113.5,0.05999756
2025-02-02 11:00:00,113.46,113.5,0.040000916
2025-02-02 12:00:00,113.46,113.56,0.102500916
2025-02-02 13:00:00,113.44,113.56,0.12249756
2025-02-02 14:00:00,113.44,113.6,0.18499756
2025-02-02 15:00:00,113.42,113.6,0.20500183
2025-02-02 16:00:00,113.42,113.6,0.20500183
2025-02-02 17:00:00,113.4,113.56,0.16249847
2025-02-02 18:00:00,113.4,113.6,0.22499847
2025-02-02 19:00:00,113.4,113.56,0.16249847
2025-02-02 20:00:00,113.4,113.6,0.22499847
2025-02-02 21:00:00,113.47,113.56,0.09249878
2025-02-02 22:00:00,113.47,113.7,0.21749878
2025-02-02 23:00:00,113.51,113.75,0.23999786
2025-02-03 00:00:00,113.51,113.8,0.30249786
2025-02-03 01:00:00,113.52,113.8,0.29250336
2025-02-03 02:00:00,113.52,113.94,0.41750336
2025-02-03 03:00:00,113.5,113.94,0.4375
2025-02-03 04:00:00,113.5,113.9,0.375
2025-02-03 05:00:00,113.47,113.8,0.34249878
2025-02-03 06:00:00,113.47,113.75,0.27999878
2025-02-03 07:00:00,113.45,113.75,0.30000305
2025-02-03 08:00:00,113.45,113.75,0.30000305
2025-02-03 09:00:00,113.43,113.7,0.2574997
2025-02-03 10:00:00,113.43,113.75,0.3199997
2025-02-03 11:00:00,113.43,113.75,0.3199997
2025-02-03 12:00:00,113.43,113.75,0.3199997
2025-02-03 13:00:00,113.41,113.75,0.33999634
2025-02-03 14:00:00,113.41,113.7,0.27749634
2025-02-03 15:00:00,113.39,113.7,0.2975006
2025-02-03 16:00:00,113.39,113.7,0.2975006
2025-02-03 17:00:00,113.38,113.7,0.30750275
2025-02-03 18:00:00,113.38,113.7,0.30750275
2025-02-03 19:00:00,113.36,113.7,0.3274994
2025-02-03 20:00:00,113.36,113.6,0.2649994
2025-02-03 21:00:00,113.37,113.7,0.31749725
2025-02-03 22:00:00,113.37,113.7,0.31749725
2025-02-03 23:00:00,113.37,113.75,0.37999725
2025-02-04 00:00:00,113.37,113.75,0.37999725
2025-02-04 01:00:00,113.37,113.7,0.31749725
2025-02-04 02:00:00,113.37,113.6,0.25499725
2025-02-04 03:00:00,113.34,113.6,0.28500366
2025-02-04 04:00:00,113.34,113.56,0.22250366
2025-02-04 05:00:00,113.32,113.56,0.2425003
2025-02-04 06:00:00,113.32,113.5,0.1800003
2025-02-04 07:00:00,113.31,113.5,0.19000244
2025-02-04 08:00:00,113.31,113.5,0.19000244
2025-02-04 09:00:00,113.29,113.5,0.20999908
2025-02-04 10:00:00,113.29,113.5,0.20999908
2025-02-04 11:00:00,113.26,113.5,0.23999786
2025-02-04 12:00:00,113.26,113.5,0.23999786
2025-02-04 13:00:00,113.25,113.5,0.25
2025-02-04 14:00:00,113.25,113.5,0.25
2025-02-04 15:00:00,113.23,113.44,0.20749664
2025-02-04 16:00:00,113.23,113.5,0.26999664
2025-02-04 17:00:00,113.21,113.44,0.22750092
2025-02-04 18:00:00,113.21,113.44,0.22750092
2025-02-04 19:00:00,113.19,113.44,0.24749756
2025-02-04 20:00:00,113.19,113.44,0.24749756
2025-02-04 21:00:00,113.18,113.44,0.2574997
2025-02-04 22:00:00,113.18,113.5,0.3199997
2025-02-04 23:00:00,113.18,113.5,0.3199997
2025-02-05 00:00:00,113.18,113.56,0.3824997
2025-02-05 01:00:00,113.19,113.5,0.30999756
2025-02-05 02:00:00,113.19,113.5,0.30999756
2025-02-05 03:00:00,113.17,113.4,0.20500183
2025-02-05 04:00:00,113.17,113.3,0.14250183
2025-02-05 05:00:00,113.15,113.4,0.22499847
2025-02-05 06:00:00,113.15,113.4,0.22499847
2025-02-05 07:00:00,113.14,113.4,0.23500061
2025-02-05 08:00:00,113.14,113.4,0.23500061
2025-02-05 09:00:00,113.13,113.44,0.30750275
2025-02-05 10:00:00,113.13,113.4,0.24500275
2025-02-05 11:00:00,113.14,113.4,0.23500061
2025-02-05 12:00:00,113.14,113.44,0.2975006
2025-02-05 13:00:00,113.16,113.5,0.33999634
2025-02-05 14:00:00,113.16,113.5,0.33999634
2025-02-05 15:00:00,113.14,113.5,0.3600006
2025-02-05 16:00:00,113.14,113.44,0.2975006
2025-02-05 17:00:00,113.1,113.44,0.33750153
2025-02-05 18:00:00,113.1,113.44,0.33750153
2025-02-05 19:00:00,113.07,113.4,0.3050003
2025-02-05 20:00:00,113.07,113.44,0.3675003
2025-02-05 21:00:00,113.06,113.4,0.31500244
2025-02-05 22:00:00,113.06,113.44,0.37750244
2025-02-05 23:00:00,113.02,113.44,0.41750336
2025-02-06 00:00:00,113.02,113.44,0.41750336
2025-02-06 01:00:00,112.96,113.4,0.41500092
2025-02-06 02:00:00,112.96,113.3,0.35250092
2025-02-06 03:00:00,112.91,113.3,0.40249634
2025-02-06 04:00:00,112.91,113.25,0.33999634
2025-02-06 05:00:00,112.85,113.2,0.33750153
2025-02-06 06:00:00,112.85,113.2,0.33750153
2025-02-06 07:00:00,112.78,113.1,0.34500122
2025-02-06 08:00:00,112.78,113.1,0.34500122
2025-02-06 09:00:00,112.71,113.06,0.35250092
2025-02-06 10:00:00,112.71,113.06,0.35250092
2025-02-06 11:00:00,112.66,113.0,0.33999634
2025-02-06 12:00:00,112.66,113.0,0.33999634
2025-02-06 13:00:00,112.61,112.94,0.3274994
2025-02-06 14:00:00,112.61,113.0,0.3899994
2025-02-06 15:00:00,112.54,112.94,0.39749908
2025-02-06 16:00:00,112.54,112.94,0.39749908
2025-02-06 17:00:00,112.47,112.9,0.40499878
2025-02-06 18:00:00,112.47,112.8,0.34249878
2025-02-06 19:00:00,112.45,112.75,0.30000305
2025-02-06 20:00:00,112.45,112.75,0.30000305
2025-02-06 21:00:00,112.41,112.75,0.33999634
2025-02-06 22:00:00,112.41,112.75,0.33999634
2025-02-06 23:00:00,112.35,112.75,0.40000153
2025-02-07 00:00:00,112.35,112.75,0.40000153
2025-02-07 01:00:00,112.3,112.7,0.38749695
2025-02-07 02:00:00,112.3,112.7,0.38749695
2025-02-07 03:00:00,112.24,112.7,0.44750214
2025-02-07 04:00:00,112.24,112.75,0.51000214
2025-02-07 05:00:00,112.18,112.7,0.5074997
2025-02-07 06:00:00,112.18,112.7,0.5074997
2025-02-07 07:00:00,112.13,112.7,0.55750275
2025-02-07 08:00:00,112.13,112.7,0.55750275
2025-02-07 09:00:00,112.08,112.6,0.54499817
2025-02-07 10:00:00,112.08,112.56,0.48249817
2025-02-07 11:00:00,112.04,112.56,0.5224991
2025-02-07 12:00:00,112.04,112.5,0.45999908
2025-02-07 13:00:00,112.0,112.44,0.4375
2025-02-07 14:00:00,112.0,112.44,0.4375
2025-02-07 15:00:00,111.92,112.44,0.51750183
2025-02-07 16:00:00,111.92,112.44,0.51750183
2025-02-07 17:00:00,111.87,112.4,0.50499725
2025-02-07 18:00:00,111.87,112.4,0.50499725
2025-02-07 19:00:00,111.81,112.3,0.50250244
2025-02-07 20:00:00,111.81,112.4,0.56500244
2025-02-07 21:00:00,111.76,112.3,0.55249786
2025-02-07 22:00:00,111.76,112.3,0.55249786
2025-02-07 23:00:00,111.69,112.3,0.62249756
2025-02-08 00:00:00,111.69,112.25,0.55999756
2025-02-08 01:00:00,111.62,112.2,0.56749725
2025-02-08 02:00:00,111.62,112.2,0.56749725
2025-02-08 03:00:00,111.55,112.1,0.57499695
2025-02-08 04:00:00,111.55,112.2,0.63749695
2025-02-08 05:00:00,111.49,112.1,0.63500214
2025-02-08 06:00:00,111.49,112.1,0.63500214
2025-02-08 07:00:00,111.43,112.06,0.6324997
2025-02-08 08:00:00,111.43,112.06,0.6324997
2025-02-08 09:00:00,111.36,112.06,0.7024994
2025-02-08 10:00:00,111.36,112.06,0.7024994
2025-02-08 11:00:00,111.3,112.0,0.69999695
2025-02-08 12:00:00,111.3,111.94,0.63749695
2025-02-08 13:00:00,111.24,111.94,0.69750214
2025-02-08 14:00:00,111.24,111.94,0.69750214
2025-02-08 15:00:00,111.18,111.9,0.6949997
2025-02-08 16:00:00,111.18,111.9,0.6949997
2025-02-08 17:00:00,111.12,111.8,0.69249725
2025-02-08 18:00:00,111.12,111.8,0.69249725
2025-02-08 19:00:00,111.07,111.7,0.6175003
2025-02-08 20:00:00,111.07,111.7,0.6175003
2025-02-08 21:00:00,111.02,111.6,0.60500336
2025-02-08 22:00:00,111.02,111.6,0.60500336
2025-02-08 23:00:00,110.97,111.56,0.5924988
2025-02-09 00:00:00,110.97,111.56,0.5924988
2025-02-09 01:00:00,110.96,111.5,0.5400009
2025-02-09 02:00:00,110.96,111.56,0.6025009
2025-02-09 03:00:00,110.94,111.5,0.55999756
2025-02-09 04:00:00,110.94,111.56,0.62249756
2025-02-09 05:00:00,110.9,111.56,0.6624985
2025-02-09 06:00:00,110.9,111.56,0.6624985
2025-02-09 07:00:00,110.83,111.56,0.73249817
2025-02-09 08:00:00,110.83,111.5,0.66999817
2025-02-09 09:00:00,110.76,111.5,0.73999786
2025-02-09 10:00:00,110.76,111.5,0.73999786
2025-02-09 11:00:00,110.7,111.44,0.73750305
2025-02-09 12:00:00,110.7,111.44,0.73750305
2025-02-09 13:00:00,110.65,111.44,0.7874985
2025-02-09 14:00:00,110.65,111.44,0.7874985
2025-02-09 15:00:00,110.59,111.44,0.84750366
2025-02-09 16:00:00,110.59,111.44,0.84750366
2025-02-09 17:00:00,110.52,111.4,0.85500336
2025-02-09 18:00:00,110.52,111.25,0.73000336
2025-02-09 19:00:00,110.47,111.2,0.7174988
2025-02-09 20:00:00,110.47,111.2,0.7174988
2025-02-09 21:00:00,110.45,111.06,0.61250305
2025-02-09 22:00:00,110.45,111.06,0.61250305
2025-02-09 23:00:00,110.42,110.94,0.51750183
2025-02-10 00:00:00,110.42,110.8,0.39250183
2025-02-10 01:00:00,110.36,110.75,0.3899994
2025-02-10 02:00:00,110.36,110.6,0.2649994
2025-02-10 03:00:00,110.29,110.94,0.6474991
2025-02-10 04:00:00,110.29,110.9,0.5849991
2025-02-10 05:00:00,110.23,111.0,0.76999664
2025-02-10 06:00:00,110.23,111.0,0.76999664
2025-02-10 07:00:00,110.17,111.1,0.95500183
2025-02-10 08:00:00,110.17,111.1,0.95500183
2025-02-10 09:00:00,110.12,111.2,1.0674973
2025-02-10 10:00:00,110.12,111.1,1.0049973
2025-02-10 11:00:00,110.1,111.1,1.0250015
2025-02-10 12:00:00,110.1,111.06,0.9625015
2025-02-10 13:00:00,110.07,111.06,0.9925003
2025-02-10 14:00:00,110.07,111.0,0.9300003
2025-02-10 15:00:00,110.03,111.06,1.0325012
2025-02-10 16:00:00,110.03,111.0,0.9700012
2025-02-10 17:00:00,109.99,110.94,0.94750214
2025-02-10 18:00:00,109.99,110.9,0.88500214
2025-02-10 19:00:00,109.96,110.8,0.8525009
2025-02-10 20:00:00,109.96,110.8,0.8525009
2025-02-10 21:00:00,109.98,110.75,0.76999664
2025-02-10 22:00:00,109.98,110.75,0.76999664
2025-02-10 23:00:00,110.01,110.6,0.61499786
2025-02-11 00:00:00,110.01,110.7,0.67749786
2025-02-11 01:00:00,110.02,110.56,0.54250336
2025-02-11 02:00:00,110.02,110.4,0.35500336
2025-02-11 03:00:00,109.99,110.5,0.51000214
2025-02-11 04:00:00,109.99,110.5,0.51000214
2025-02-11 05:00:00,109.98,110.56,0.58249664
2025-02-11 06:00:00,109.98,110.56,0.58249664
2025-02-11 07:00:00,109.98,110.7,0.70749664
2025-02-11 08:00:00,109.98,110.7,0.70749664
2025-02-11 09:00:00,110.0,110.56,0.5625
2025-02-11 10:00:00,110.0,110.6,0.625
2025-02-11 11:00:00,110.02,110.5,0.48000336
2025-02-11 12:00:00,110.02,110.6,0.60500336
2025-02-11 13:00:00,110.02,110.6,0.60500336
2025-02-11 14:00:00,110.02,110.8,0.79250336
2025-02-11 15:00:00,110.0,110.75,0.75
2025-02-11 16:00:00,110.0,110.9,0.875
2025-02-11 17:00:00,109.99,110.75,0.76000214
2025-02-11 18:00:00,109.99,110.8,0.82250214
2025-02-11 19:00:00,110.0,110.8,0.8125
2025-02-11 20:00:00,110.0,110.9,0.875
2025-02-11 21:00:00,110.03,110.75,0.7200012
2025-02-11 22:00:00,110.03,110.75,0.7200012
2025-02-11 23:00:00,110.04,110.7,0.6474991
2025-02-12 00:00:00,110.04,110.6,0.5849991
2025-02-12 01:00:00,110.04,110.5,0.45999908
2025-02-12 02:00:00,110.04,110.44,0.39749908
2025-02-12 03:00:00,110.02,110.56,0.54250336
2025-02-12 04:00:00,110.02,110.5,0.48000336
2025-02-12 05:00:00,109.99,110.6,0.63500214
2025-02-12 06:00:00,109.99,110.56,0.57250214
2025-02-12 07:00:00,109.97,110.7,0.7174988
2025-02-12 08:00:00,109.97,110.7,0.7174988
2025-02-12 09:00:00,109.93,110.75,0.8199997
2025-02-12 10:00:00,109.93,110.6,0.6949997
2025-02-12 11:00:00,109.92,110.56,0.64250183
2025-02-12 12:00:00,109.92,110.56,0.64250183
2025-02-12 13:00:00,109.92,110.56,0.64250183
2025-02-12 14:00:00,109.92,110.56,0.64250183
2025-02-12 15:00:00,109.88,110.56,0.68250275
2025-02-12 16:00:00,109.88,110.56,0.68250275
2025-02-12 17:00:00,109.83,110.5,0.66999817
2025-02-12 18:00:00,109.83,110.44,0.60749817
2025-02-12 19:00:00,109.82,110.44,0.6175003
2025-02-12 20:00:00,109.82,110.44,0.6175003
2025-02-12 21:00:00,109.84,110.5,0.66000366
2025-02-12 22:00:00,109.84,110.5,0.66000366
2025-02-12 23:00:00,109.83,110.56,0.73249817
2025-02-13 00:00:00,109.83,110.56,0.73249817
2025-02-13 01:00:00,109.82,110.6,0.8050003
2025-02-13 02:00:00,109.82,110.56,0.7425003
2025-02-13 03:00:00,109.8,110.6,0.82499695
2025-02-13 04:00:00,109.8,110.7,0.88749695
2025-02-13 05:00:00,109.77,110.6,0.85500336
2025-02-13 06:00:00,109.77,110.6,0.85500336
2025-02-13 07:00:00,109.75,110.6,0.875
2025-02-13 08:00:00,109.75,110.56,0.8125
2025-02-13 09:00:00,109.72,110.56,0.8424988
2025-02-13 10:00:00,109.72,110.5,0.7799988
2025-02-13 11:00:00,109.72,110.44,0.7174988
2025-02-13 12:00:00,109.72,110.4,0.6549988
2025-02-13 13:00:00,109.73,110.44,0.70749664
2025-02-13 14:00:00,109.73,110.44,0.70749664
2025-02-13 15:00:00,109.69,110.44,0.74749756
2025-02-13 16:00:00,109.69,110.44,0.74749756
2025-02-13 17:00:00,109.64,110.4,0.7350006
2025-02-13 18:00:00,109.64,110.4,0.7350006
2025-02-13 19:00:00,109.61,110.3,0.7024994
2025-02-13 20:00:00,109.61,110.4,0.7649994
2025-02-13 21:00:00,109.63,110.25,0.62000275
2025-02-13 22:00:00,109.63,110.3,0.68250275
2025-02-13 23:00:00,109.63,110.25,0.62000275
2025-02-14 00:00:00,109.63,110.3,0.68250275
2025-02-14 01:00:00,109.63,110.3,0.68250275
2025-02-14 02:00:00,109.63,110.4,0.74500275
2025-02-14 03:00:00,109.63,110.4,0.74500275
2025-02-14 04:00:00,109.63,110.44,0.80750275
2025-02-14 05:00:00,109.63,110.4,0.74500275
2025-02-14 06:00:00,109.63,110.5,0.87000275
2025-02-14 07:00:00,109.62,110.44,0.81749725
2025-02-14 08:00:00,109.62,110.44,0.81749725
2025-02-14 09:00:00,109.61,110.4,0.7649994
2025-02-14 10:00:00,109.61,110.3,0.7024994
2025-02-14 11:00:00,109.63,110.3,0.68250275
2025-02-14 12:00:00,109.63,110.25,0.62000275
2025-02-14 13:00:00,109.66,110.25,0.58999634
2025-02-14 14:00:00,109.66,110.3,0.65249634
2025-02-14 15:00:00,109.66,110.3,0.65249634
2025-02-14 16:00:00,109.66,110.4,0.71499634
2025-02-14 17:00:00,109.64,110.4,0.7350006
2025-02-14 18:00:00,109.64,110.44,0.7975006
2025-02-14 19:00:00,109.66,110.44,0.77749634
2025-02-14 20:00:00,109.66,110.4,0.71499634
2025-02-14 21:00:00,109.7,110.5,0.80000305
2025-02-14 22:00:00,109.7,110.5,0.80000305
2025-02-14 23:00:00,109.7,110.6,0.92500305
2025-02-15 00:00:00,109.7,110.56,0.86250305
2025-02-15 01:00:00,109.7,110.6,0.92500305
2025-02-15 02:00:00,109.7,110.6,0.92500305
2025-02-15 03:00:00,109.69,110.6,0.93499756
2025-02-15 04:00:00,109.69,110.56,0.87249756
2025-02-15 05:00:00,109.69,110.5,0.80999756
2025-02-15 06:00:00,109.69,110.56,0.87249756
2025-02-15 07:00:00,109.68,110.44,0.7574997
2025-02-15 08:00:00,109.68,110.44,0.7574997
2025-02-15 09:00:00,109.66,110.4,0.71499634
2025-02-15 10:00:00,109.66,110.4,0.71499634
2025-02-15 11:00:00,109.67,110.4,0.70500183
2025-02-15 12:00:00,109.67,110.4,0.70500183
2025-02-15 13:00:00,109.68,110.44,0.7574997
2025-02-15 14:00:00,109.68,110.44,0.7574997
2025-02-15 15:00:00,109.68,110.4,0.6949997
2025-02-15 16:00:00,109.68,110.3,0.6324997
2025-02-15 17:00:00,109.69,110.25,0.55999756
2025-02-15 18:00:00,109.69,110.2,0.49749756
2025-02-15 19:00:00,109.74,110.1,0.38500214
2025-02-15 20:00:00,109.74,110.06,0.32250214
2025-02-15 21:00:00,109.8,110.1,0.32499695
2025-02-15 22:00:00,109.8,110.25,0.44999695
2025-02-15 23:00:00,109.81,110.3,0.50250244
2025-02-16 00:00:00,109.81,110.4,0.56500244
2025-02-16 01:00:00,109.82,110.4,0.5550003
2025-02-16 02:00:00,109.82,110.5,0.6800003
2025-02-16 03:00:00,109.82,110.44,0.6175003
2025-02-16 04:00:00,109.82,110.5,0.6800003
2025-02-16 05:00:00,109.81,110.44,0.62750244
2025-02-16 06:00:00,109.81,110.5,0.69000244
2025-02-16 07:00:00,109.8,110.5,0.69999695
2025-02-16 08:00:00,109.8,110.56,0.76249695
2025-02-16 09:00:00,109.79,110.56,0.7724991
2025-02-16 10:00:00,109.79,110.56,0.7724991
2025-02-16 11:00:00,109.78,110.5,0.7200012
2025-02-16 12:00:00,109.78,110.44,0.6575012
2025-02-16 13:00:00,109.78,110.4,0.5950012
2025-02-16 14:00:00,109.78,110.4,0.5950012
2025-02-16 15:00:00,109.78,110.4,0.5950012
2025-02-16 16:00:00,109.78,110.4,0.5950012
2025-02-16 17:00:00,109.77,110.4,0.60500336
2025-02-16 18:00:00,109.77,110.44,0.66750336
2025-02-16 19:00:00,109.77,110.44,0.66750336
2025-02-16 20:00:00,109.77,110.44,0.66750336
2025-02-16 21:00:00,109.79,110.5,0.7099991
2025-02-16 22:00:00,109.79,110.5,0.7099991
2025-02-16 23:00:00,109.83,110.5,0.66999817
2025-02-17 00:00:00,109.83,110.56,0.73249817
2025-02-17 01:00:00,109.84,110.5,0.66000366
2025-02-17 02:00:00,109.84,110.56,0.72250366
2025-02-17 03:00:00,109.82,110.5,0.6800003
2025-02-17 04:00:00,109.82,110.56,0.7425003
2025-02-17 05:00:00,109.81,110.56,0.75250244
2025-02-17 06:00:00,109.81,110.56,0.75250244
2025-02-17 07:00:00,109.81,110.56,0.75250244
2025-02-17 08:00:00,109.81,110.56,0.75250244
2025-02-17 09:00:00,109.8,110.5,0.69999695
2025-02-17 10:00:00,109.8,110.5,0.69999695
2025-02-17 11:00:00,109.82,110.5,0.6800003
2025-02-17 12:00:00,109.82,110.5,0.6800003
2025-02-17 13:00:00,109.85,110.44,0.5875015
2025-02-17 14:00:00,109.85,110.44,0.5875015
2025-02-17 15:00:00,109.84,110.44,0.59750366
2025-02-17 16:00:00,109.84,110.5,0.66000366
2025-02-17 17:00:00,109.81,110.44,0.62750244
2025-02-17 18:00:00,109.81,110.44,0.62750244
2025-02-17 19:00:00,109.79,110.44,0.6474991
2025-02-17 20:00:00,109.79,110.5,0.7099991
2025-02-17 21:00:00,109.83,110.5,0.66999817
2025-02-17 22:00:00,109.83,110.56,0.73249817
2025-02-17 23:00:00,109.88,110.56,0.68250275
2025-02-18 00:00:00,109.88,110.6,0.74500275
2025-02-18 01:00:00,109.89,110.56,0.6725006
2025-02-18 02:00:00,109.89,110.6,0.7350006
2025-02-18 03:00:00,109.89,110.6,0.7350006
2025-02-18 04:00:00,109.89,110.6,0.7350006
2025-02-18 05:00:00,109.88,110.6,0.74500275
2025-02-18 06:00:00,109.88,110.6,0.74500275
2025-02-18 07:00:00,109.86,110.56,0.7024994
2025-02-18 08:00:00,109.86,110.56,0.7024994
2025-02-18 09:00:00,109.83,110.56,0.73249817
2025-02-18 10:00:00,109.83,110.56,0.73249817
2025-02-18 11:00:00,109.83,110.56,0.73249817
2025-02-18 12:00:00,109.83,110.5,0.66999817
2025-02-18 13:00:00,109.86,110.5,0.6399994
2025-02-18 14:00:00,109.86,110.44,0.5774994
2025-02-18 15:00:00,109.86,110.44,0.5774994
2025-02-18 16:00:00,109.86,110.44,0.5774994
2025-02-18 17:00:00,109.86,110.44,0.5774994
2025-02-18 18:00:00,109.86,110.5,0.6399994
2025-02-18 19:00:00,109.84,110.56,0.72250366
2025-02-18 20:00:00,109.84,110.6,0.78500366
2025-02-18 21:00:00,109.87,110.56,0.69249725
2025-02-18 22:00:00,109.87,110.6,0.75499725
2025-02-18 23:00:00,109.88,110.6,0.74500275
2025-02-19 00:00:00,109.88,110.7,0.80750275
2025-02-19 01:00:00,109.87,110.6,0.75499725
2025-02-19 02:00:00,109.87,110.7,0.81749725
2025-02-19 03:00:00,109.85,110.6,0.7750015
2025-02-19 04:00:00,109.85,110.7,0.8375015
2025-02-19 05:00:00,109.83,110.56,0.73249817
2025-02-19 06:00:00,109.83,110.56,0.73249817
2025-02-19 07:00:00,109.82,110.56,0.7425003
2025-02-19 08:00:00,109.82,110.56,0.7425003
2025-02-19 09:00:00,109.78,110.5,0.7200012
2025-02-19 10:00:00,109.78,110.5,0.7200012
2025-02-19 11:00:00,109.76,110.44,0.67749786
2025-02-19 12:00:00,109.76,110.44,0.67749786
2025-02-19 13:00:00,109.78,110.44,0.6575012
2025-02-19 14:00:00,109.78,110.44,0.6575012
2025-02-19 15:00:00,109.78,110.44,0.6575012
2025-02-19 16:00:00,109.78,110.5,0.7200012
2025-02-19 17:00:00,109.77,110.44,0.66750336
2025-02-19 18:00:00,109.77,110.44,0.66750336
2025-02-19 19:00:00,109.76,110.5,0.73999786
2025-02-19 20:00:00,109.76,110.56,0.80249786
2025-02-19 21:00:00,109.78,110.5,0.7200012
2025-02-19 22:00:00,109.78,110.56,0.7825012
2025-02-19 23:00:00,109.82,110.56,0.7425003
2025-02-20 00:00:00,109.82,110.56,0.7425003
2025-02-20 01:00:00,109.86,110.5,0.6399994
2025-02-20 02:00:00,109.86,110.5,0.6399994
2025-02-20 03:00:00,109.87,110.5,0.62999725
2025-02-20 04:00:00,109.87,110.5,0.62999725
2025-02-20 05:00:00,109.85,110.5,0.6500015
2025-02-20 06:00:00,109.85,110.5,0.6500015
2025-02-20 07:00:00,109.84,110.5,0.66000366
2025-02-20 08:00:00,109.84,110.5,0.66000366
2025-02-20 09:00:00,109.82,110.5,0.6800003
2025-02-20 10:00:00,109.82,110.44,0.6175003
2025-02-20 11:00:00,109.8,110.44,0.63749695
2025-02-20 12:00:00,109.8,110.44,0.63749695
2025-02-20 13:00:00,109.8,110.44,0.63749695
2025-02-20 14:00:00,109.8,110.44,0.63749695
2025-02-20 15:00:00,109.77,110.44,0.66750336
2025-02-20 16:00:00,109.77,110.44,0.66750336
2025-02-20 17:00:00,109.74,110.44,0.69750214
2025-02-20 18:00:00,109.74,110.4,0.63500214
2025-02-20 19:00:00,109.73,110.3,0.58249664
2025-02-20 20:00:00,109.73,110.4,0.64499664
2025-02-20 21:00:00,109.75,110.44,0.6875
2025-02-20 22:00:00,109.75,110.44,0.6875
2025-02-20 23:00:00,109.79,110.5,0.7099991
2025-02-21 00:00:00,109.79,110.5,0.7099991
2025-02-21 01:00:00,109.83,110.5,0.66999817
2025-02-21 02:00:00,109.83,110.56,0.73249817
2025-02-21 03:00:00,109.8,110.56,0.76249695
2025-02-21 04:00:00,109.8,110.56,0.76249695
2025-02-21 05:00:00,109.79,110.5,0.7099991
2025-02-21 06:00:00,109.79,110.56,0.7724991
2025-02-21 07:00:00,109.78,110.5,0.7200012
2025-02-21 08:00:00,109.78,110.56,0.7825012
2025-02-21 09:00:00,109.75,110.44,0.6875
2025-02-21 10:00:00,109.75,110.44,0.6875
2025-02-21 11:00:00,109.72,110.4,0.6549988
2025-02-21 12:00:00,109.72,110.4,0.6549988
2025-02-21 13:00:00,109.74,110.4,0.63500214
2025-02-21 14:00:00,109.74,110.4,0.63500214
2025-02-21 15:00:00,109.73,110.4,0.64499664
2025-02-21 16:00:00,109.73,110.4,0.64499664
2025-02-21 17:00:00,109.71,110.3,0.6025009
2025-02-21 18:00:00,109.71,110.4,0.6650009
2025-02-21 19:00:00,109.7,110.4,0.67500305
2025-02-21 20:00:00,109.7,110.44,0.73750305
2025-02-21 21:00:00,109.7,110.4,0.67500305
2025-02-21 22:00:00,109.7,110.5,0.80000305
2025-02-21 23:00:00,109.69,110.44,0.74749756
2025-02-22 00:00:00,109.69,110.44,0.74749756
2025-02-22 01:00:00,109.67,110.44,0.76750183
2025-02-22 02:00:00,109.67,110.44,0.76750183
2025-02-22 03:00:00,109.64,110.44,0.7975006
2025-02-22 04:00:00,109.64,110.4,0.7350006
2025-02-22 05:00:00,109.63,110.4,0.74500275
2025-02-22 06:00:00,109.63,110.4,0.74500275
2025-02-22 07:00:00,109.62,110.4,0.75499725
2025-02-22 08:00:00,109.62,110.4,0.75499725
2025-02-22 09:00:00,109.61,110.3,0.7024994
2025-02-22 10:00:00,109.61,110.3,0.7024994
2025-02-22 11:00:00,109.61,110.25,0.6399994
2025-02-22 12:00:00,109.61,110.25,0.6399994
2025-02-22 13:00:00,109.63,110.25,0.62000275
2025-02-22 14:00:00,109.63,110.2,0.55750275
2025-02-22 15:00:00,109.64,110.2,0.5475006
2025-02-22 16:00:00,109.64,110.25,0.6100006
2025-02-22 17:00:00,109.62,110.25,0.62999725
2025-02-22 18:00:00,109.62,110.2,0.56749725
2025-02-22 19:00:00,109.61,110.2,0.5774994
2025-02-22 20:00:00,109.61,110.25,0.6399994
2025-02-22 21:00:00,109.63,110.25,0.62000275
2025-02-22 22:00:00,109.63,110.3,0.68250275
2025-02-22 23:00:00,109.62,110.3,0.69249725
2025-02-23 00:00:00,109.62,110.4,0.75499725
2025-02-23 01:00:00,109.6,110.4,0.7750015
2025-02-23 02:00:00,109.6,110.44,0.8375015
2025-02-23 03:00:00,109.57,110.4,0.8050003
2025-02-23 04:00:00,109.57,110.44,0.8675003
2025-02-23 05:00:00,109.56,110.4,0.81500244
2025-02-23 06:00:00,109.56,110.4,0.81500244
2025-02-23 07:00:00,109.55,110.3,0.76249695
2025-02-23 08:00:00,109.55,110.3,0.76249695
2025-02-23 09:00:00,109.53,110.3,0.7825012
2025-02-23 10:00:00,109.53,110.25,0.7200012
2025-02-23 11:00:00,109.49,110.2,0.69750214
2025-02-23 12:00:00,109.49,110.2,0.69750214
2025-02-23 13:00:00,109.49,110.1,0.63500214
2025-02-23 14:00:00,109.49,110.1,0.63500214
2025-02-23 15:00:00,109.51,110.1,0.61499786
2025-02-23 16:00:00,109.51,110.1,0.61499786
2025-02-23 17:00:00,109.49,110.1,0.63500214
2025-02-23 18:00:00,109.49,110.2,0.69750214
2025-02-23 19:00:00,109.46,110.2,0.7275009
2025-02-23 20:00:00,109.46,110.25,0.7900009
2025-02-23 21:00:00,109.45,110.25,0.80000305
2025-02-23 22:00:00,109.45,110.3,0.86250305
2025-02-23 23:00:00,109.46,110.25,0.7900009
2025-02-24 00:00:00,109.46,110.2,0.7275009
2025-02-24 01:00:00,109.46,110.1,0.6650009
2025-02-24 02:00:00,109.46,110.2,0.7275009
2025-02-24 03:00:00,109.43,110.2,0.7574997
2025-02-24 04:00:00,109.43,110.2,0.7574997
2025-02-24 05:00:00,109.4,110.25,0.8499985
2025-02-24 06:00:00,109.4,110.25,0.8499985
2025-02-24 07:00:00,109.38,110.25,0.87000275
2025-02-24 08:00:00,109.38,110.2,0.80750275
2025-02-24 09:00:00,109.36,110.1,0.7649994
2025-02-24 10:00:00,109.36,110.1,0.7649994
2025-02-24 11:00:00,109.34,110.1,0.78500366
2025-02-24 12:00:00,109.34,110.1,0.78500366
2025-02-24 13:00:00,109.34,110.06,0.72250366
2025-02-24 14:00:00,109.34,110.06,0.72250366
2025-02-24 15:00:00,109.32,110.0,0.6800003
2025-02-24 16:00:00,109.32,110.06,0.7425003
2025-02-24 17:00:00,109.27,110.0,0.73000336
2025-02-24 18:00:00,109.27,110.06,0.79250336
2025-02-24 19:00:00,109.23,110.06,0.83249664
2025-02-24 20:00:00,109.23,110.1,0.89499664
2025-02-24 21:00:00,109.23,110.06,0.83249664
2025-02-24 22:00:00,109.23,110.1,0.89499664
2025-02-24 23:00:00,109.24,110.1,0.88500214
2025-02-25 00:00:00,109.24,110.2,0.94750214
2025-02-25 01:00:00,109.24,110.06,0.82250214
2025-02-25 02:00:00,109.24,110.1,0.88500214
2025-02-25 03:00:00,109.22,110.06,0.8424988
2025-02-25 04:00:00,109.22,110.06,0.8424988
2025-02-25 05:00:00,109.2,110.06,0.86250305
2025-02-25 06:00:00,109.2,110.06,0.86250305
2025-02-25 07:00:00,109.19,110.06,0.87249756
2025-02-25 08:00:00,109.19,110.06,0.87249756
2025-02-25 09:00:00,109.2,110.0,0.80000305
2025-02-25 10:00:00,109.2,110.0,0.80000305
2025-02-25 11:00:00,109.21,110.0,0.7900009
2025-02-25 12:00:00,109.21,110.0,0.7900009
2025-02-25 13:00:00,109.25,109.94,0.6875
2025-02-25 14:00:00,109.25,109.94,0.6875
2025-02-25 15:00:00,109.26,109.94,0.67749786
2025-02-25 16:00:00,109.26,109.9,0.61499786
2025-02-25 17:00:00,109.28,109.8,0.5325012
2025-02-25 18:00:00,109.28,109.9,0.5950012
2025-02-25 19:00:00,109.3,110.06,0.76249695
2025-02-25 20:00:00,109.3,110.06,0.76249695
2025-02-25 21:00:00,109.34,110.06,0.72250366
2025-02-25 22:00:00,109.34,110.06,0.72250366
2025-02-25 23:00:00,109.38,110.06,0.68250275
2025-02-26 00:00:00,109.38,110.0,0.62000275
2025-02-26 01:00:00,109.43,110.0,0.5699997
2025-02-26 02:00:00,109.43,110.0,0.5699997
2025-02-26 03:00:00,109.43,110.0,0.5699997
2025-02-26 04:00:00,109.43,109.94,0.5074997
2025-02-26 05:00:00,109.42,109.94,0.51750183
2025-02-26 06:00:00,109.42,110.0,0.58000183
2025-02-26 07:00:00,109.41,110.0,0.58999634
2025-02-26 08:00:00,109.41,110.0,0.58999634
2025-02-26 09:00:00,109.4,110.06,0.6624985
2025-02-26 10:00:00,109.4,110.0,0.5999985
2025-02-26 11:00:00,109.42,110.0,0.58000183
2025-02-26 12:00:00,109.42,110.0,0.58000183
2025-02-26 13:00:00,109.47,110.0,0.5299988
2025-02-26 14:00:00,109.47,110.06,0.5924988
2025-02-26 15:00:00,109.51,110.06,0.55249786
2025-02-26 16:00:00,109.51,110.0,0.48999786
2025-02-26 17:00:00,109.54,110.0,0.45999908
2025-02-26 18:00:00,109.54,110.1,0.5849991
2025-02-26 19:00:00,109.55,110.06,0.51249695
2025-02-26 20:00:00,109.55,110.1,0.57499695
2025-02-26 21:00:00,109.57,110.2,0.6175003
2025-02-26 22:00:00,109.57,110.2,0.6175003
2025-02-26 23:00:00,109.62,110.2,0.56749725
2025-02-27 00:00:00,109.62,110.2,0.56749725
2025-02-27 01:00:00,109.66,110.25,0.58999634
2025-02-27 02:00:00,109.66,110.3,0.65249634
2025-02-27 03:00:00,109.69,110.3,0.62249756
2025-02-27 04:00:00,109.69,110.4,0.68499756
2025-02-27 05:00:00,109.73,110.3,0.58249664
2025-02-27 06:00:00,109.73,110.3,0.58249664
2025-02-27 07:00:00,109.78,110.3,0.5325012
2025-02-27 08:00:00,109.78,110.4,0.5950012
2025-02-27 09:00:00,109.83,110.3,0.48249817
2025-02-27 10:00:00,109.83,110.25,0.41999817
2025-02-27 11:00:00,109.87,110.2,0.31749725
2025-02-27 12:00:00,109.87,110.2,0.31749725
2025-02-27 13:00:00,109.89,110.2,0.2975006
2025-02-27 14:00:00,109.89,110.25,0.3600006
2025-02-27 15:00:00,109.89,110.4,0.4850006
2025-02-27 16:00:00,109.89,110.5,0.6100006
2025-02-27 17:00:00,109.87,110.5,0.62999725
2025-02-27 18:00:00,109.87,110.56,0.69249725
2025-02-27 19:00:00,109.87,110.56,0.69249725
2025-02-27 20:00:00,109.87,110.75,0.87999725
2025-02-27 21:00:00,109.91,110.6,0.71499634
2025-02-27 22:00:00,109.91,110.6,0.71499634
2025-02-27 23:00:00,109.94,110.5,0.55999756
2025-02-28 00:00:00,109.94,110.5,0.55999756
2025-02-28 01:00:00,109.98,110.5,0.51999664
2025-02-28 02:00:00,109.98,110.5,0.51999664
2025-02-28 03:00:00,109.99,110.6,0.63500214
2025-02-28 04:00:00,109.99,110.6,0.63500214
2025-02-28 05:00:00,110.0,110.7,0.6875
2025-02-28 06:00:00,110.0,110.75,0.75
2025-02-28 07:00:00,110.01,110.8,0.80249786
2025-02-28 08:00:00,110.01,110.75,0.73999786
2025-02-28 09:00:00,110.01,110.7,0.67749786
2025-02-28 10:00:00,110.01,110.6,0.61499786
2025-02-28 11:00:00,110.0,110.56,0.5625
2025-02-28 12:00:00,110.0,110.56,0.5625
2025-02-28 13:00:00,110.0,110.6,0.625
2025-02-28 14:00:00,110.0,110.7,0.6875
2025-02-28 15:00:00,110.0,110.56,0.5625
2025-02-28 16:00:00,110.0,110.56,0.5625
2025-02-28 17:00:00,109.97,110.4,0.40499878
2025-02-28 18:00:00,109.97,110.44,0.46749878
2025-02-28 19:00:00,109.94,110.2,0.24749756
2025-02-28 20:00:00,109.94,110.3,0.37249756
2025-02-28 21:00:00,109.97,110.25,0.27999878
2025-02-28 22:00:00,109.97,110.44,0.46749878
2025-02-28 23:00:00,110.02,110.44,0.41750336
2025-03-01 00:00:00,110.02,110.6,0.60500336
2025-03-01 01:00:00,110.05,110.56,0.51249695
2025-03-01 02:00:00,110.05,110.7,0.63749695
2025-03-01 03:00:00,110.04,110.7,0.6474991
2025-03-01 04:00:00,110.04,110.75,0.7099991
2025-03-01 05:00:00,110.02,110.7,0.66750336
2025-03-01 06:00:00,110.02,110.7,0.66750336
2025-03-01 07:00:00,110.01,110.7,0.67749786
2025-03-01 08:00:00,110.01,110.6,0.61499786
2025-03-01 09:00:00,109.99,110.56,0.57250214
2025-03-01 10:00:00,109.99,110.56,0.57250214
2025-03-01 11:00:00,109.97,110.56,0.5924988
2025-03-01 12:00:00,109.97,110.56,0.5924988
2025-03-01 13:00:00,109.97,110.7,0.7174988
2025-03-01 14:00:00,109.97,110.6,0.6549988
2025-03-01 15:00:00,109.97,110.75,0.7799988
2025-03-01 16:00:00,109.97,110.5,0.5299988
2025-03-01 17:00:00,109.96,110.6,0.6650009
2025-03-01 18:00:00,109.96,110.44,0.47750092
2025-03-01 19:00:00,109.97,110.5,0.5299988
2025-03-01 20:00:00,109.97,110.4,0.40499878
2025-03-01 21:00:00,110.01,110.56,0.55249786
2025-03-01 22:00:00,110.01,110.5,0.48999786
2025-03-01 23:00:00,110.03,110.7,0.6575012
2025-03-02 00:00:00,110.03,110.6,0.5950012
2025-03-02 01:00:00,110.02,110.7,0.66750336
2025-03-02 02:00:00,110.02,110.75,0.73000336
2025-03-02 03:00:00,110.01,110.75,0.73999786
2025-03-02 04:00:00,110.01,110.75,0.73999786
2025-03-02 05:00:00,110.0,110.7,0.6875
2025-03-02 06:00:00,110.0,110.7,0.6875
2025-03-02 07:00:00,109.99,110.6,0.63500214
2025-03-02 08:00:00,109.99,110.6,0.63500214
2025-03-02 09:00:00,109.97,110.56,0.5924988
2025-03-02 10:00:00,109.97,110.56,0.5924988
2025-03-02 11:00:00,109.96,110.56,0.6025009
2025-03-02 12:00:00,109.96,110.56,0.6025009
2025-03-02 13:00:00,109.96,110.6,0.6650009
2025-03-02 14:00:00,109.96,110.6,0.6650009
2025-03-02 15:00:00,109.97,110.6,0.6549988
2025-03-02 16:00:00,109.97,110.56,0.5924988
2025-03-02 17:00:00,109.95,110.56,0.61250305
2025-03-02 18:00:00,109.95,110.4,0.42500305
2025-03-02 19:00:00,109.92,110.3,0.39250183
2025-03-02 20:00:00,109.92,110.25,0.33000183
2025-03-02 21:00:00,109.9,110.25,0.34999847
2025-03-02 22:00:00,109.9,110.25,0.34999847
2025-03-02 23:00:00,109.95,110.25,0.30000305
2025-03-03 00:00:00,109.95,110.2,0.23750305
2025-03-03 01:00:00,109.95,110.4,0.42500305
2025-03-03 02:00:00,109.95,110.4,0.42500305
2025-03-03 03:00:00,109.93,110.4,0.4449997
2025-03-03 04:00:00,109.93,110.44,0.5074997
2025-03-03 05:00:00,109.92,110.5,0.58000183
2025-03-03 06:00:00,109.92,110.5,0.58000183
2025-03-03 07:00:00,109.91,110.5,0.58999634
2025-03-03 08:00:00,109.91,110.5,0.58999634
2025-03-03 09:00:00,109.91,110.44,0.52749634
2025-03-03 10:00:00,109.91,110.5,0.58999634
2025-03-03 11:00:00,109.91,110.44,0.52749634
2025-03-03 12:00:00,109.91,110.5,0.58999634
2025-03-03 13:00:00,109.94,110.44,0.49749756
2025-03-03 14:00:00,109.94,110.5,0.55999756
2025-03-03 15:00:00,109.95,110.44,0.48750305
2025-03-03 16:00:00,109.95,110.4,0.42500305
2025-03-03 17:00:00,109.92,110.1,0.20500183
2025-03-03 18:00:00,109.92,110.25,0.33000183
2025-03-03 19:00:00,109.91,110.1,0.21499634
2025-03-03 20:00:00,109.91,110.25,0.33999634
2025-03-03 21:00:00,109.93,110.25,0.3199997
2025-03-03 22:00:00,109.93,110.3,0.3824997
2025-03-03 23:00:00,109.96,110.4,0.41500092
2025-03-04 00:00:00,109.96,110.4,0.41500092
2025-03-04 01:00:00,110.02,110.44,0.41750336
2025-03-04 02:00:00,110.02,110.56,0.54250336
2025-03-04 03:00:00,110.08,110.5,0.41999817
2025-03-04 04:00:00,110.08,110.5,0.41999817
2025-03-04 05:00:00,110.11,110.5,0.3899994
2025-03-04 06:00:00,110.11,110.5,0.3899994
2025-03-04 07:00:00,110.11,110.5,0.3899994
2025-03-04 08:00:00,110.11,110.5,0.3899994
2025-03-04 09:00:00,110.1,110.5,0.40000153
2025-03-04 10:00:00,110.1,110.5,0.40000153
2025-03-04 11:00:00,110.12,110.56,0.44249725
2025-03-04 12:00:00,110.12,110.56,0.44249725
2025-03-04 13:00:00,110.17,110.7,0.51750183
2025-03-04 14:00:00,110.17,110.75,0.58000183
2025-03-04 15:00:00,110.13,110.8,0.68250275
2025-03-04 16:00:00,110.13,110.6,0.49500275
2025-03-04 17:00:00,110.07,110.56,0.4925003
2025-03-04 18:00:00,110.07,110.5,0.4300003
2025-03-04 19:00:00,110.01,110.44,0.42749786
2025-03-04 20:00:00,110.01,110.3,0.30249786
2025-03-04 21:00:00,110.0,110.25,0.25
2025-03-04 22:00:00,110.0,110.4,0.375
2025-03-04 23:00:00,110.0,110.4,0.375
2025-03-05 00:00:00,110.0,110.44,0.4375
2025-03-05 01:00:00,109.98,110.44,0.45749664
2025-03-05 02:00:00,109.98,110.44,0.45749664
2025-03-05 03:00:00,109.93,110.5,0.5699997
2025-03-05 04:00:00,109.93,110.5,0.5699997
2025-03-05 05:00:00,109.88,110.5,0.62000275
2025-03-05 06:00:00,109.88,110.44,0.55750275
2025-03-05 07:00:00,109.83,110.44,0.60749817
2025-03-05 08:00:00,109.83,110.4,0.54499817
2025-03-05 09:00:00,109.77,110.4,0.60500336
2025-03-05 10:00:00,109.77,110.3,0.54250336
2025-03-05 11:00:00,109.73,110.25,0.51999664
2025-03-05 12:00:00,109.73,110.2,0.45749664
2025-03-05 13:00:00,109.7,110.2,0.48750305
2025-03-05 14:00:00,109.7,110.1,0.42500305
2025-03-05 15:00:00,109.64,110.1,0.4850006
2025-03-05 16:00:00,109.64,110.1,0.4850006
2025-03-05 17:00:00,109.58,110.1,0.54499817
2025-03-05 18:00:00,109.58,110.06,0.48249817
2025-03-05 19:00:00,109.53,110.06,0.5325012
2025-03-05 20:00:00,109.53,110.06,0.5325012
2025-03-05 21:00:00,109.51,110.06,0.55249786
2025-03-05 22:00:00,109.51,110.1,0.61499786
2025-03-05 23:00:00,109.47,110.1,0.6549988
2025-03-06 00:00:00,109.47,110.2,0.7174988
2025-03-06 01:00:00,109.43,110.25,0.8199997
2025-03-06 02:00:00,109.43,110.25,0.8199997
2025-03-06 03:00:00,109.41,110.2,0.77749634
2025-03-06 04:00:00,109.41,110.1,0.71499634
2025-03-06 05:00:00,109.35,110.1,0.7750015
2025-03-06 06:00:00,109.35,110.1,0.7750015
2025-03-06 07:00:00,109.28,110.1,0.8450012
2025-03-06 08:00:00,109.28,110.2,0.9075012
2025-03-06 09:00:00,109.21,110.2,0.9775009
2025-03-06 10:00:00,109.21,110.2,0.9775009
2025-03-06 11:00:00,109.19,110.1,0.93499756
2025-03-06 12:00:00,109.19,110.06,0.87249756
2025-03-06 13:00:00,109.2,110.0,0.80000305
2025-03-06 14:00:00,109.2,110.0,0.80000305
2025-03-06 15:00:00,109.16,109.94,0.77749634
2025-03-06 16:00:00,109.16,109.94,0.77749634
2025-03-06 17:00:00,109.1,109.94,0.8375015
2025-03-06 18:00:00,109.1,110.0,0.9000015
2025-03-06 19:00:00,109.04,109.94,0.8974991
2025-03-06 20:00:00,109.04,110.0,0.9599991
2025-03-06 21:00:00,108.98,109.9,0.89499664
2025-03-06 22:00:00,108.98,109.9,0.89499664
2025-03-06 23:00:00,108.95,109.8,0.86250305
2025-03-07 00:00:00,108.95,109.8,0.86250305
2025-03-07 01:00:00,108.92,109.75,0.83000183
2025-03-07 02:00:00,108.92,109.75,0.83000183
2025-03-07 03:00:00,108.88,109.75,0.87000275
2025-03-07 04:00:00,108.88,109.8,0.93250275
2025-03-07 05:00:00,108.84,109.75,0.91000366
2025-03-07 06:00:00,108.84,109.75,0.91000366
2025-03-07 07:00:00,108.81,109.7,0.87750244
2025-03-07 08:00:00,108.81,109.7,0.87750244
2025-03-07 09:00:00,108.75,109.6,0.875
2025-03-07 10:00:00,108.75,109.6,0.875
2025-03-07 11:00:00,108.72,109.56,0.8424988
2025-03-07 12:00:00,108.72,109.56,0.8424988
2025-03-07 13:00:00,108.69,109.6,0.93499756
2025-03-07 14:00:00,108.69,109.56,0.87249756
2025-03-07 15:00:00,108.63,109.56,0.93250275
2025-03-07 16:00:00,108.63,109.56,0.93250275
2025-03-07 17:00:00,108.58,109.5,0.91999817
2025-03-07 18:00:00,108.58,109.4,0.79499817
2025-03-07 19:00:00,108.54,109.2,0.6474991
2025-03-07 20:00:00,108.54,109.2,0.6474991
2025-03-07 21:00:00,108.5,109.25,0.75
2025-03-07 22:00:00,108.5,109.1,0.625
2025-03-07 23:00:00,108.45,109.06,0.61250305
2025-03-08 00:00:00,108.45,108.94,0.48750305
2025-03-08 01:00:00,108.42,109.06,0.64250183
2025-03-08 02:00:00,108.42,109.2,0.76750183
2025-03-08 03:00:00,108.41,109.2,0.77749634
2025-03-08 04:00:00,108.41,109.2,0.77749634
2025-03-08 05:00:00,108.39,109.2,0.7975006
2025-03-08 06:00:00,108.39,109.2,0.7975006
2025-03-08 07:00:00,108.37,109.1,0.75499725
2025-03-08 08:00:00,108.37,109.2,0.81749725
2025-03-08 09:00:00,108.34,109.2,0.84750366
2025-03-08 10:00:00,108.34,109.25,0.91000366
2025-03-08 11:00:00,108.3,109.2,0.88749695
2025-03-08 12:00:00,108.3,109.2,0.88749695
2025-03-08 13:00:00,108.25,109.06,0.8125
2025-03-08 14:00:00,108.25,109.1,0.875
2025-03-08 15:00:00,108.18,109.06,0.8824997
2025-03-08 16:00:00,108.18,109.06,0.8824997
2025-03-08 17:00:00,108.14,109.0,0.8600006
2025-03-08 18:00:00,108.14,109.0,0.8600006
2025-03-08 19:00:00,108.1,108.94,0.8375015
2025-03-08 20:00:00,108.1,108.9,0.7750015
2025-03-08 21:00:00,108.03,108.94,0.9075012
2025-03-08 22:00:00,108.03,108.94,0.9075012
2025-03-08 23:00:00,107.98,108.94,0.95749664
2025-03-09 00:00:00,107.98,108.9,0.89499664
2025-03-09 01:00:00,107.96,108.8,0.8525009
2025-03-09 02:00:00,107.96,108.8,0.8525009
2025-03-09 03:00:00,107.93,108.8,0.8824997
2025-03-09 04:00:00,107.93,108.8,0.8824997
2025-03-09 05:00:00,107.9,108.8,0.9124985
2025-03-09 06:00:00,107.9,108.8,0.9124985
2025-03-09 07:00:00,107.85,108.8,0.9625015
2025-03-09 08:00:00,107.85,108.8,0.9625015
2025-03-09 09:00:00,107.82,108.75,0.9300003
2025-03-09 10:00:00,107.82,108.75,0.9300003
2025-03-09 11:00:00,107.79,108.7,0.8974991
2025-03-09 12:00:00,107.79,108.7,0.8974991
2025-03-09 13:00:00,107.76,108.6,0.86499786
2025-03-09 14:00:00,107.76,108.6,0.86499786
2025-03-09 15:00:00,107.72,108.56,0.8424988
2025-03-09 16:00:00,107.72,108.56,0.8424988
2025-03-09 17:00:00,107.67,108.44,0.76750183
2025-03-09 18:00:00,107.67,108.44,0.76750183
2025-03-09 19:00:00,107.62,108.4,0.75499725
2025-03-09 20:00:00,107.62,108.44,0.81749725
2025-03-09 21:00:00,107.59,108.44,0.84750366
2025-03-09 22:00:00,107.59,108.5,0.91000366
2025-03-09 23:00:00,107.57,108.44,0.8675003
2025-03-10 00:00:00,107.57,108.44,0.8675003
2025-03-10 01:00:00,107.55,108.44,0.88749695
2025-03-10 02:00:00,107.55,108.44,0.88749695
2025-03-10 03:00:00,107.53,108.4,0.8450012
2025-03-10 04:00:00,107.53,108.3,0.7825012
2025-03-10 05:00:00,107.52,108.3,0.79250336
2025-03-10 06:00:00,107.52,108.25,0.73000336
2025-03-10 07:00:00,107.48,108.25,0.76999664
2025-03-10 08:00:00,107.48,108.25,0.76999664
2025-03-10 09:00:00,107.42,108.2,0.76750183
2025-03-10 10:00:00,107.42,108.2,0.76750183
2025-03-10 11:00:00,107.37,108.1,0.75499725
2025-03-10 12:00:00,107.37,108.06,0.69249725
2025-03-10 13:00:00,107.34,108.0,0.66000366
2025-03-10 14:00:00,107.34,107.94,0.59750366
2025-03-10 15:00:00,107.27,108.0,0.73000336
2025-03-10 16:00:00,107.27,107.8,0.54250336
2025-03-10 17:00:00,107.19,107.75,0.55999756
2025-03-10 18:00:00,107.19,107.7,0.49749756
2025-03-10 19:00:00,107.16,107.5,0.33999634
2025-03-10 20:00:00,107.16,107.56,0.40249634
2025-03-10 21:00:00,107.12,107.6,0.50499725
2025-03-10 22:00:00,107.12,107.56,0.44249725
2025-03-10 23:00:00,107.08,107.3,0.23249817
2025-03-11 00:00:00,107.08,107.44,0.35749817
2025-03-11 01:00:00,107.03,107.5,0.47000122
2025-03-11 02:00:00,107.03,107.6,0.5950012
2025-03-11 03:00:00,106.97,107.2,0.21749878
2025-03-11 04:00:00,106.97,107.44,0.46749878
2025-03-11 05:00:00,106.91,107.3,0.40249634
2025-03-11 06:00:00,106.91,107.5,0.58999634
2025-03-11 07:00:00,106.84,107.3,0.47250366
2025-03-11 08:00:00,106.84,107.3,0.47250366
2025-03-11 09:00:00,106.78,107.2,0.40750122
2025-03-11 10:00:00,106.78,107.25,0.47000122
2025-03-11 11:00:00,106.72,107.2,0.46749878
2025-03-11 12:00:00,106.72,107.25,0.5299988
2025-03-11 13:00:00,106.66,107.06,0.40249634
2025-03-11 14:00:00,106.66,107.06,0.40249634
2025-03-11 15:00:00,106.6,107.2,0.5875015
2025-03-11 16:00:00,106.6,107.3,0.7125015
2025-03-11 17:00:00,106.53,107.5,0.9700012
2025-03-11 18:00:00,106.53,107.1,0.5950012
2025-03-11 19:00:00,106.47,107.06,0.5924988
2025-03-11 20:00:00,106.47,107.0,0.5299988
2025-03-11 21:00:00,106.45,107.2,0.73750305
2025-03-11 22:00:00,106.45,106.8,0.36250305
2025-03-11 23:00:00,106.42,107.0,0.58000183
2025-03-12 00:00:00,106.42,106.9,0.45500183
2025-03-12 01:00:00,106.37,107.06,0.69249725
2025-03-12 02:00:00,106.37,106.75,0.37999725
2025-03-12 03:00:00,106.31,106.9,0.56500244
2025-03-12 04:00:00,106.31,106.7,0.37750244
2025-03-12 05:00:00,106.25,106.75,0.5
2025-03-12 06:00:00,106.25,106.56,0.3125
2025-03-12 07:00:00,106.19,106.56,0.37249756
2025-03-12 08:00:00,106.19,106.56,0.37249756
2025-03-12 09:00:00,106.14,106.56,0.4225006
2025-03-12 10:00:00,106.14,106.5,0.3600006
2025-03-12 11:00:00,106.1,106.56,0.46250153
2025-03-12 12:00:00,106.1,106.5,0.40000153
2025-03-12 13:00:00,106.04,106.4,0.33499908
2025-03-12 14:00:00,106.04,106.3,0.27249908
2025-03-12 15:00:00,105.96,106.3,0.35250092
2025-03-12 16:00:00,105.96,106.2,0.22750092
2025-03-12 17:00:00,105.88,106.2,0.30750275
2025-03-12 18:00:00,105.88,106.0,0.12000275
2025-03-12 19:00:00,105.83,106.0,0.16999817
2025-03-12 20:00:00,105.83,105.94,0.10749817
2025-03-12 21:00:00,105.78,106.2,0.40750122
2025-03-12 22:00:00,105.78,105.9,0.09500122
2025-03-12 23:00:00,105.74,106.2,0.44750214
2025-03-13 00:00:00,105.74,106.06,0.32250214
2025-03-13 01:00:00,105.69,106.2,0.49749756
2025-03-13 02:00:00,105.69,105.7,0.0025024414
2025-03-13 03:00:00,105.63,105.94,0.30750275
2025-03-13 04:00:00,105.63,105.7,0.057502747
2025-03-13 05:00:00,105.57,105.8,0.2425003
2025-03-13 06:00:00,105.57,105.56,0.007499695
2025-03-13 07:00:00,105.5,105.7,0.1875
2025-03-13 08:00:00,105.5,105.5,0.0
2025-03-13 09:00:00,105.44,105.56,0.12249756
2025-03-13 10:00:00,105.44,105.5,0.05999756
2025-03-13 11:00:00,105.38,105.56,0.18250275
2025-03-13 12:00:00,105.38,105.44,0.057502747
2025-03-13 13:00:00,105.33,105.3,0.017501831
2025-03-13 14:00:00,105.33,105.3,0.017501831
2025-03-13 15:00:00,105.26,105.3,0.052497864
2025-03-13 16:00:00,105.26,105.25,0.010002136
2025-03-13 17:00:00,105.19,105.2,0.0025024414
2025-03-13 18:00:00,105.19,104.9,0.31500244
2025-03-13 19:00:00,105.15,104.7,0.46250153
2025-03-13 20:00:00,105.15,104.94,0.21250153
2025-03-13 21:00:00,105.14,104.94,0.20249939
2025-03-13 22:00:00,105.14,105.25,0.11000061
2025-03-13 23:00:00,105.12,104.94,0.18250275
2025-03-14 00:00:00,105.12,105.1,0.0049972534
2025-03-14 01:00:00,105.08,105.2,0.10749817
2025-03-14 02:00:00,105.08,105.25,0.16999817
2025-03-14 03:00:00,105.02,104.94,0.08249664
2025-03-14 04:00:00,105.02,105.06,0.042503357
2025-03-14 05:00:00,104.94,104.9,0.06500244
2025-03-14 06:00:00,104.94,105.0,0.05999756
2025-03-14 07:00:00,104.88,104.75,0.12999725
2025-03-14 08:00:00,104.88,104.94,0.057502747
2025-03-14 09:00:00,104.82,104.8,0.007499695
2025-03-14 10:00:00,104.82,104.9,0.055000305
2025-03-14 11:00:00,104.77,104.75,0.019996643
2025-03-14 12:00:00,104.77,104.7,0.08249664
2025-03-14 13:00:00,104.73,104.9,0.14499664
2025-03-14 14:00:00,104.73,105.0,0.26999664
2025-03-14 15:00:00,104.64,105.2,0.5475006
2025-03-14 16:00:00,104.64,104.75,0.11000061
2025-03-14 17:00:00,104.57,104.8,0.2425003
2025-03-14 18:00:00,104.57,104.5,0.069999695
2025-03-14 19:00:00,104.51,104.44,0.072502136
2025-03-14 20:00:00,104.51,104.44,0.072502136
2025-03-14 21:00:00,104.46,104.3,0.14749908
2025-03-14 22:00:00,104.46,104.44,0.022499084
2025-03-14 23:00:00,104.44,104.7,0.24749756
2025-03-15 00:00:00,104.44,104.75,0.30999756
2025-03-15 01:00:00,104.42,104.44,0.017501831
2025-03-15 02:00:00,104.42,104.44,0.017501831
2025-03-15 03:00:00,104.38,104.44,0.057502747
2025-03-15 04:00:00,104.38,104.5,0.12000275
2025-03-15 05:00:00,104.34,104.4,0.035003662
2025-03-15 06:00:00,104.34,104.3,0.027496338
2025-03-15 07:00:00,104.29,104.3,0.022499084
2025-03-15 08:00:00,104.29,104.25,0.040000916
2025-03-15 09:00:00,104.25,104.25,0.0
2025-03-15 10:00:00,104.25,104.25,0.0
2025-03-15 11:00:00,104.21,104.25,0.040000916
2025-03-15 12:00:00,104.21,104.2,0.022499084
2025-03-15 13:00:00,104.18,104.2,0.007499695
2025-03-15 14:00:00,104.18,104.25,0.069999695
2025-03-15 15:00:00,104.14,104.25,0.11000061
2025-03-15 16:00:00,104.14,104.1,0.01499939
2025-03-15 17:00:00,104.08,104.2,0.10749817
2025-03-15 18:00:00,104.08,104.06,0.017501831
2025-03-15 19:00:00,104.05,103.94,0.11250305
2025-03-15 20:00:00,104.05,103.9,0.17500305
2025-03-15 21:00:00,104.03,103.94,0.09249878
2025-03-15 22:00:00,104.03,103.8,0.21749878
2025-03-15 23:00:00,104.01,103.94,0.072502136
2025-03-16 00:00:00,104.01,103.9,0.13500214
2025-03-16 01:00:00,103.98,103.94,0.042503357
2025-03-16 02:00:00,103.98,103.8,0.16750336
2025-03-16 03:00:00,103.95,103.8,0.13749695
2025-03-16 04:00:00,103.95,103.75,0.19999695
2025-03-16 05:00:00,103.91,103.8,0.09750366
2025-03-16 06:00:00,103.91,104.0,0.08999634
2025-03-16 07:00:00,103.87,104.06,0.19249725
2025-03-16 08:00:00,103.87,104.25,0.37999725
2025-03-16 09:00:00,103.85,104.1,0.27500153
2025-03-16 10:00:00,103.85,104.4,0.5250015
2025-03-16 11:00:00,103.82,104.25,0.4300003
2025-03-16 12:00:00,103.82,104.44,0.6175003
2025-03-16 13:00:00,103.81,104.5,0.69000244
2025-03-16 14:00:00,103.81,104.5,0.69000244
2025-03-16 15:00:00,103.8,104.9,1.074997
2025-03-16 16:00:00,103.8,105.25,1.449997
2025-03-16 17:00:00,103.78,105.2,1.4075012
2025-03-16 18:00:00,103.78,105.25,1.4700012
2025-03-16 19:00:00,103.76,105.1,1.3649979
2025-03-16 20:00:00,103.76,105.1,1.3649979
2025-03-16 21:00:00,103.75,104.9,1.125
2025-03-16 22:00:00,103.75,104.94,1.1875
2025-03-16 23:00:00,103.77,104.94,1.1675034
2025-03-17 00:00:00,103.77,104.94,1.1675034
2025-03-17 01:00:00,103.77,104.56,0.79250336
2025-03-17 02:00:00,103.77,104.56,0.79250336
2025-03-17 03:00:00,103.76,104.3,0.55249786
2025-03-17 04:00:00,103.76,104.3,0.55249786
2025-03-17 05:00:00,103.72,104.25,0.5299988
2025-03-17 06:00:00,103.72,104.4,0.6549988
2025-03-17 07:00:00,103.7,104.44,0.73750305
2025-03-17 08:00:00,103.7,104.5,0.80000305
2025-03-17 09:00:00,103.66,104.44,0.77749634
2025-03-17 10:00:00,103.66,104.6,0.96499634
2025-03-17 11:00:00,103.62,104.6,1.0049973
2025-03-17 12:00:00,103.62,104.75,1.1299973
2025-03-17 13:00:00,103.58,104.75,1.1699982
2025-03-17 14:00:00,103.58,104.8,1.2324982
2025-03-17 15:00:00,103.54,104.9,1.3349991
2025-03-17 16:00:00,103.54,104.8,1.2724991
2025-03-17 17:00:00,103.5,104.8,1.3125
2025-03-17 18:00:00,103.5,104.8,1.3125
2025-03-17 19:00:00,103.46,104.75,1.2900009
2025-03-17 20:00:00,103.46,104.75,1.2900009
2025-03-17 21:00:00,103.48,104.7,1.2074966
2025-03-17 22:00:00,103.48,104.7,1.2074966
2025-03-17 23:00:00,103.49,104.6,1.1350021
2025-03-18 00:00:00,103.49,104.56,1.0725021
2025-03-18 01:00:00,103.47,104.56,1.0924988
2025-03-18 02:00:00,103.47,104.5,1.0299988
2025-03-18 03:00:00,103.47,104.44,0.9674988
2025-03-18 04:00:00,103.47,104.44,0.9674988
2025-03-18 05:00:00,103.46,104.44,0.9775009
2025-03-18 06:00:00,103.46,104.44,0.9775009
2025-03-18 07:00:00,103.44,104.44,0.99749756
2025-03-18 08:00:00,103.44,104.44,0.99749756
2025-03-18 09:00:00,103.42,104.5,1.0800018
2025-03-18 10:00:00,103.42,104.56,1.1425018
2025-03-18 11:00:00,103.4,104.6,1.2249985
2025-03-18 12:00:00,103.4,104.7,1.2874985
2025-03-18 13:00:00,103.37,104.7,1.3174973
2025-03-18 14:00:00,103.37,104.8,1.4424973
2025-03-18 15:00:00,103.31,104.75,1.4400024
2025-03-18 16:00:00,103.31,104.8,1.5025024
2025-03-18 17:00:00,103.27,104.8,1.5425034
2025-03-18 18:00:00,103.27,104.8,1.5425034
2025-03-18 19:00:00,103.25,104.7,1.4375
2025-03-18 20:00:00,103.25,104.75,1.5
2025-03-18 21:00:00,103.24,104.6,1.3850021
2025-03-18 22:00:00,103.24,104.7,1.4475021
2025-03-18 23:00:00,103.23,104.56,1.3324966
2025-03-19 00:00:00,103.23,104.5,1.2699966
2025-03-19 01:00:00,103.23,104.44,1.2074966
2025-03-19 02:00:00,103.23,104.44,1.2074966
2025-03-19 03:00:00,103.2,104.4,1.175003
2025-03-19 04:00:00,103.2,104.25,1.050003
2025-03-19 05:00:00,103.16,104.2,1.0274963
2025-03-19 06:00:00,103.16,104.1,0.96499634
2025-03-19 07:00:00,103.14,104.0,0.8600006
2025-03-19 08:00:00,103.14,104.06,0.9225006
2025-03-19 09:00:00,103.11,104.06,0.9524994
2025-03-19 10:00:00,103.11,104.06,0.9524994
2025-03-19 11:00:00,103.09,104.25,1.1600037
2025-03-19 12:00:00,103.09,104.3,1.2225037
2025-03-19 13:00:00,103.07,104.5,1.4300003
2025-03-19 14:00:00,103.07,104.5,1.4300003
2025-03-19 15:00:00,103.04,104.6,1.5849991
2025-03-19 16:00:00,103.04,104.4,1.3349991
2025-03-19 17:00:00,102.99,104.5,1.5100021
2025-03-19 18:00:00,102.99,104.44,1.4475021
2025-03-19 19:00:00,102.94,104.25,1.3099976
2025-03-19 20:00:00,102.94,104.3,1.3724976
2025-03-19 21:00:00,102.94,104.2,1.2474976
2025-03-19 22:00:00,102.94,104.0,1.0599976
2025-03-19 23:00:00,102.96,103.7,0.7275009
2025-03-20 00:00:00,102.96,103.44,0.47750092
2025-03-20 01:00:00,102.97,103.56,0.5924988
2025-03-20 02:00:00,102.97,103.75,0.7799988
2025-03-20 03:00:00,102.96,103.75,0.7900009
2025-03-20 04:00:00,102.96,103.8,0.8525009
2025-03-20 05:00:00,102.94,104.06,1.1224976
2025-03-20 06:00:00,102.94,104.1,1.1849976
2025-03-20 07:00:00,102.92,104.4,1.4550018
2025-03-20 08:00:00,102.92,104.44,1.5175018
2025-03-20 09:00:00,102.9,104.56,1.6624985
2025-03-20 10:00:00,102.9,104.4,1.4749985
2025-03-20 11:00:00,102.87,104.5,1.6299973
2025-03-20 12:00:00,102.87,104.1,1.2549973
2025-03-20 13:00:00,102.85,104.3,1.4625015
2025-03-20 14:00:00,102.85,104.3,1.4625015
2025-03-20 15:00:00,102.82,104.3,1.4925003
2025-03-20 16:00:00,102.82,104.25,1.4300003
2025-03-20 17:00:00,102.77,104.3,1.5425034
2025-03-20 18:00:00,102.77,104.1,1.3550034
2025-03-20 19:00:00,102.72,104.0,1.2799988
2025-03-20 20:00:00,102.72,103.8,1.0924988
2025-03-20 21:00:00,102.71,103.56,0.8525009
2025-03-20 22:00:00,102.71,102.9,0.16500092
2025-03-20 23:00:00,102.71,102.56,0.14749908
2025-03-21 00:00:00,102.71,102.6,0.084999084
2025-03-21 01:00:00,102.72,102.94,0.21749878
2025-03-21 02:00:00,102.72,103.44,0.7174988
2025-03-21 03:00:00,102.7,103.56,0.86250305
2025-03-21 04:00:00,102.7,103.5,0.80000305
2025-03-21 05:00:00,102.7,103.5,0.80000305
2025-03-21 06:00:00,102.7,103.75,1.050003
2025-03-21 07:00:00,102.7,103.7,0.98750305
2025-03-21 08:00:00,102.7,103.7,0.98750305
2025-03-21 09:00:00,102.7,103.56,0.86250305
2025-03-21 10:00:00,102.7,103.5,0.80000305
2025-03-21 11:00:00,102.7,104.0,1.300003
2025-03-21 12:00:00,102.7,104.44,1.737503
2025-03-21 13:00:00,102.69,104.4,1.6849976
2025-03-21 14:00:00,102.69,104.2,1.4974976
2025-03-21 15:00:00,102.65,104.1,1.4749985
2025-03-21 16:00:00,102.65,104.06,1.4124985
2025-03-21 17:00:00,102.63,103.75,1.1200027
2025-03-21 18:00:00,102.63,103.7,1.0575027
2025-03-21 19:00:00,102.62,103.3,0.69249725
2025-03-21 20:00:00,102.62,103.2,0.56749725
2025-03-21 21:00:00,102.62,103.4,0.75499725
2025-03-21 22:00:00,102.62,103.2,0.56749725
2025-03-21 23:00:00,102.64,102.5,0.13999939
2025-03-22 00:00:00,102.64,102.44,0.20249939
2025-03-22 01:00:00,102.64,102.4,0.2649994
2025-03-22 02:00:00,102.64,102.44,0.20249939
2025-03-22 03:00:00,102.63,102.5,0.12999725
2025-03-22 04:00:00,102.63,102.44,0.19249725
2025-03-22 05:00:00,102.61,102.7,0.07749939
2025-03-22 06:00:00,102.61,102.7,0.07749939
2025-03-22 07:00:00,102.61,102.7,0.07749939
2025-03-22 08:00:00,102.61,103.0,0.3899994
2025-03-22 09:00:00,102.61,103.56,0.9524994
2025-03-22 10:00:00,102.61,104.1,1.5149994
2025-03-22 11:00:00,102.63,104.25,1.6200027
2025-03-22 12:00:00,102.63,104.44,1.8075027
2025-03-22 13:00:00,102.63,104.56,1.9325027
2025-03-22 14:00:00,102.63,104.56,1.9325027
2025-03-22 15:00:00,102.62,104.5,1.8799973
2025-03-22 16:00:00,102.62,104.5,1.8799973
2025-03-22 17:00:00,102.61,104.3,1.7024994
2025-03-22 18:00:00,102.61,104.1,1.5149994
2025-03-22 19:00:00,102.6,103.8,1.2125015
2025-03-22 20:00:00,102.6,103.6,1.0250015
2025-03-22 21:00:00,102.6,103.44,0.8375015
2025-03-22 22:00:00,102.6,103.4,0.7750015
2025-03-22 23:00:00,102.61,103.5,0.8899994
2025-03-23 00:00:00,102.61,103.44,0.8274994
2025-03-23 01:00:00,102.63,103.56,0.93250275
2025-03-23 02:00:00,102.63,103.75,1.1200027
2025-03-23 03:00:00,102.6,103.94,1.3375015
2025-03-23 04:00:00,102.6,103.8,1.2125015
2025-03-23 05:00:00,102.57,103.94,1.3675003
2025-03-23 06:00:00,102.57,103.94,1.3675003
2025-03-23 07:00:00,102.54,104.0,1.4599991
2025-03-23 08:00:00,102.54,103.94,1.3974991
2025-03-23 09:00:00,102.51,104.06,1.5524979
2025-03-23 10:00:00,102.51,103.94,1.4274979
2025-03-23 11:00:00,102.49,104.1,1.6350021
2025-03-23 12:00:00,102.49,104.1,1.6350021
2025-03-23 13:00:00,102.49,104.1,1.6350021
2025-03-23 14:00:00,102.49,104.1,1.6350021
2025-03-23 15:00:00,102.48,104.0,1.5199966
2025-03-23 16:00:00,102.48,103.94,1.4574966
2025-03-23 17:00:00,102.46,103.7,1.2275009
2025-03-23 18:00:00,102.46,103.4,0.9150009
2025-03-23 19:00:00,102.44,103.0,0.55999756
2025-03-23 20:00:00,102.44,102.94,0.49749756
2025-03-23 21:00:00,102.43,102.75,0.3199997
2025-03-23 22:00:00,102.43,102.75,0.3199997
2025-03-23 23:00:00,102.44,102.8,0.37249756
2025-03-24 00:00:00,102.44,103.0,0.55999756
2025-03-24 01:00:00,102.42,103.0,0.58000183
2025-03-24 02:00:00,102.42,103.0,0.58000183
2025-03-24 03:00:00,102.39,102.9,0.4850006
2025-03-24 04:00:00,102.39,102.44,0.04750061
2025-03-24 05:00:00,102.37,102.06,0.30750275
2025-03-24 06:00:00,102.37,102.06,0.30750275
2025-03-24 07:00:00,102.37,101.9,0.49500275
2025-03-24 08:00:00,102.37,101.94,0.43250275
2025-03-24 09:00:00,102.38,101.9,0.50499725
2025-03-24 10:00:00,102.38,102.06,0.31749725
2025-03-24 11:00:00,102.38,101.94,0.44249725
2025-03-24 12:00:00,102.38,101.94,0.44249725
2025-03-24 13:00:00,102.37,101.94,0.43250275
2025-03-24 14:00:00,102.37,101.9,0.49500275
2025-03-24 15:00:00,102.32,102.1,0.1949997
2025-03-24 16:00:00,102.32,102.25,0.069999695
2025-03-24 17:00:00,102.26,102.25,0.010002136
2025-03-24 18:00:00,102.26,102.2,0.072502136
2025-03-24 19:00:00,102.22,102.2,0.03250122
2025-03-24 20:00:00,102.22,101.9,0.34500122
2025-03-24 21:00:00,102.2,101.94,0.26249695
2025-03-24 22:00:00,102.2,101.75,0.44999695
2025-03-24 23:00:00,102.18,101.9,0.3050003
2025-03-25 00:00:00,102.18,101.7,0.4925003
2025-03-25 01:00:00,102.14,101.8,0.3274994
2025-03-25 02:00:00,102.14,101.75,0.3899994
2025-03-25 03:00:00,102.1,101.9,0.22499847
2025-03-25 04:00:00,102.1,101.9,0.22499847
2025-03-25 05:00:00,102.06,101.9,0.18499756
2025-03-25 06:00:00,102.06,101.94,0.12249756
2025-03-25 07:00:00,102.0,101.9,0.125
2025-03-25 08:00:00,102.0,101.75,0.25
2025-03-25 09:00:00,101.95,101.75,0.19999695
2025-03-25 10:00:00,101.95,101.4,0.57499695
2025-03-25 11:00:00,101.93,101.3,0.6175003
2025-03-25 12:00:00,101.93,101.2,0.7425003
2025-03-25 13:00:00,101.89,101.5,0.3899994
2025-03-25 14:00:00,101.89,101.8,0.07749939
2025-03-25 15:00:00,101.85,101.75,0.099998474
2025-03-25 16:00:00,101.85,101.6,0.22499847
2025-03-25 17:00:00,101.81,101.5,0.30999756
2025-03-25 18:00:00,101.81,101.4,0.43499756
2025-03-25 19:00:00,101.76,101.1,0.63500214
2025-03-25 20:00:00,101.76,101.06,0.69750214
2025-03-25 21:00:00,101.72,100.94,0.7825012
2025-03-25 22:00:00,101.72,100.75,0.9700012
2025-03-25 23:00:00,101.69,100.7,1.0025024
2025-03-26 00:00:00,101.69,100.75,0.94000244
2025-03-26 01:00:00,101.69,100.7,1.0025024
2025-03-26 02:00:00,101.69,100.9,0.81500244
2025-03-26 03:00:00,101.67,101.1,0.54499817
2025-03-26 04:00:00,101.67,101.25,0.41999817
2025-03-26 05:00:00,101.65,101.4,0.27500153
2025-03-26 06:00:00,101.65,101.4,0.27500153
2025-03-26 07:00:00,101.62,101.4,0.24500275
2025-03-26 08:00:00,101.62,101.25,0.37000275
2025-03-26 09:00:00,101.61,100.94,0.6725006
2025-03-26 10:00:00,101.61,100.7,0.9225006
2025-03-26 11:00:00,101.58,100.6,0.95500183
2025-03-26 12:00:00,101.58,100.5,1.0800018
2025-03-26 13:00:00,101.56,100.5,1.0599976
2025-03-26 14:00:00,101.56,100.75,0.80999756
2025-03-26 15:00:00,101.53,100.75,0.7799988
2025-03-26 16:00:00,101.53,100.9,0.6549988
2025-03-26 17:00:00,101.49,100.6,0.86499786
2025-03-26 18:00:00,101.49,100.7,0.80249786
2025-03-26 19:00:00,101.44,100.6,0.81500244
2025-03-26 20:00:00,101.44,100.3,1.1275024
2025-03-26 21:00:00,101.43,100.1,1.3050003
2025-03-26 22:00:00,101.43,100.2,1.2425003
2025-03-26 23:00:00,101.43,100.06,1.3675003
2025-03-27 00:00:00,101.43,100.3,1.1175003
2025-03-27 01:00:00,101.43,100.25,1.1800003
2025-03-27 02:00:00,101.43,99.9,1.5550003
2025-03-27 03:00:00,101.4,99.9,1.5250015
2025-03-27 04:00:00,101.4,99.56,1.8375015
2025-03-27 05:00:00,101.34,99.75,1.5899963
2025-03-27 06:00:00,101.34,99.75,1.5899963
2025-03-27 07:00:00,101.28,99.94,1.3424988
2025-03-27 08:00:00,101.28,100.0,1.2799988
2025-03-27 09:00:00,101.22,100.1,1.0950012
2025-03-27 10:00:00,101.22,100.06,1.1575012
2025-03-27 11:00:00,101.19,100.06,1.1275024
2025-03-27 12:00:00,101.19,100.3,0.87750244
2025-03-27 13:00:00,101.16,100.5,0.66000366
2025-03-27 14:00:00,101.16,100.9,0.28500366
2025-03-27 15:00:00,101.09,101.0,0.08999634
2025-03-27 16:00:00,101.09,100.6,0.46499634
2025-03-27 17:00:00,101.02,100.5,0.51999664
2025-03-27 18:00:00,101.02,100.1,0.89499664
2025-03-27 19:00:00,100.98,99.8,1.1675034
2025-03-27 20:00:00,100.98,99.75,1.2300034
2025-03-27 21:00:00,100.95,99.5,1.449997
2025-03-27 22:00:00,100.95,99.5,1.449997
2025-03-27 23:00:00,100.92,99.25,1.6699982
2025-03-28 00:00:00,100.92,99.0,1.9199982
2025-03-28 01:00:00,100.89,99.0,1.8899994
2025-03-28 02:00:00,100.89,98.9,2.0149994
2025-03-28 03:00:00,100.83,98.9,1.9550018
2025-03-28 04:00:00,100.83,99.06,1.7675018
2025-03-28 05:00:00,100.77,99.06,1.7074966
2025-03-28 06:00:00,100.77,99.25,1.5199966
2025-03-28 07:00:00,100.7,99.3,1.387497
2025-03-28 08:00:00,100.7,99.3,1.387497
2025-03-28 09:00:00,100.63,99.4,1.2549973
2025-03-28 10:00:00,100.63,99.44,1.1924973
2025-03-28 11:00:00,100.62,99.44,1.1825027
2025-03-28 12:00:00,100.62,99.6,0.99500275
2025-03-28 13:00:00,100.61,99.56,1.0475006
2025-03-28 14:00:00,100.61,99.7,0.9225006
2025-03-28 15:00:00,100.55,99.8,0.73750305
2025-03-28 16:00:00,100.55,99.9,0.67500305
2025-03-28 17:00:00,100.47,99.6,0.8450012
2025-03-28 18:00:00,100.47,99.5,0.9700012
2025-03-28 19:00:00,100.44,99.3,1.1275024
2025-03-28 20:00:00,100.44,99.56,0.87750244
2025-03-28 21:00:00,100.41,99.2,1.2225037
2025-03-28 22:00:00,100.41,99.2,1.2225037
2025-03-28 23:00:00,100.38,99.0,1.3799973
2025-03-29 00:00:00,100.38,98.94,1.4424973
2025-03-29 01:00:00,100.35,98.8,1.5374985
2025-03-29 02:00:00,100.35,98.9,1.4749985
2025-03-29 03:00:00,100.3,99.0,1.300003
2025-03-29 04:00:00,100.3,98.9,1.425003
2025-03-29 05:00:00,100.24,98.94,1.3024979
2025-03-29 06:00:00,100.24,98.9,1.3649979
2025-03-29 07:00:00,100.19,98.75,1.4400024
2025-03-29 08:00:00,100.19,98.8,1.3775024
2025-03-29 09:00:00,100.12,98.9,1.2450027
2025-03-29 10:00:00,100.12,99.06,1.0575027
2025-03-29 11:00:00,100.07,99.2,0.8824997
2025-03-29 12:00:00,100.07,99.4,0.6949997
2025-03-29 13:00:00,100.07,99.5,0.5699997
2025-03-29 14:00:00,100.07,99.75,0.3199997
2025-03-29 15:00:00,100.02,99.8,0.20749664
2025-03-29 16:00:00,100.02,99.94,0.08249664
2025-03-29 17:00:00,99.96,100.25,0.29000092
2025-03-29 18:00:00,99.96,100.25,0.29000092
2025-03-29 19:00:00,99.92,100.1,0.20500183
2025-03-29 20:00:00,99.92,100.3,0.39250183
2025-03-29 21:00:00,99.89,100.4,0.4850006
2025-03-29 22:00:00,99.89,100.44,0.5475006
2025-03-29 23:00:00,99.84,100.44,0.59750366
2025-03-30 00:00:00,99.84,100.44,0.59750366
2025-03-30 01:00:00,99.85,100.5,0.6500015
2025-03-30 02:00:00,99.85,100.56,0.7125015
2025-03-30 03:00:00,99.87,100.6,0.75499725
2025-03-30 04:00:00,99.87,100.75,0.87999725
2025-03-30 05:00:00,99.87,100.9,1.0049973
2025-03-30 06:00:00,99.87,100.8,0.94249725
2025-03-30 07:00:00,99.85,100.8,0.9625015
2025-03-30 08:00:00,99.85,100.8,0.9625015
2025-03-30 09:00:00,99.83,100.8,0.98249817
2025-03-30 10:00:00,99.83,100.94,1.1074982
2025-03-30 11:00:00,99.8,100.9,1.074997
2025-03-30 12:00:00,99.8,101.0,1.199997
2025-03-30 13:00:00,99.76,101.0,1.2399979
2025-03-30 14:00:00,99.76,101.06,1.3024979
2025-03-30 15:00:00,99.73,101.06,1.3324966
2025-03-30 16:00:00,99.73,101.06,1.3324966
2025-03-30 17:00:00,99.68,101.2,1.5074997
2025-03-30 18:00:00,99.68,101.2,1.5074997
2025-03-30 19:00:00,99.6,101.1,1.5250015
2025-03-30 20:00:00,99.6,100.94,1.3375015
2025-03-30 21:00:00,99.57,100.75,1.1800003
2025-03-30 22:00:00,99.57,100.7,1.1175003
2025-03-30 23:00:00,99.56,100.7,1.1275024
2025-03-31 00:00:00,99.56,100.7,1.1275024
2025-03-31 01:00:00,99.54,100.75,1.2099991
2025-03-31 02:00:00,99.54,100.7,1.1474991
2025-03-31 03:00:00,99.52,100.7,1.1675034
2025-03-31 04:00:00,99.52,100.75,1.2300034
2025-03-31 05:00:00,99.5,100.8,1.3125
2025-03-31 06:00:00,99.5,100.9,1.375
2025-03-31 07:00:00,99.47,100.9,1.4049988
2025-03-31 08:00:00,99.47,100.94,1.4674988
2025-03-31 09:00:00,99.43,101.0,1.5699997
2025-03-31 10:00:00,99.43,101.06,1.6324997
2025-03-31 11:00:00,99.39,101.1,1.7350006
2025-03-31 12:00:00,99.39,101.1,1.7350006
2025-03-31 13:00:00,99.35,101.2,1.8375015
2025-03-31 14:00:00,99.35,101.1,1.7750015
2025-03-31 15:00:00,99.33,101.06,1.7324982
2025-03-31 16:00:00,99.33,101.06,1.7324982
2025-03-31 17:00:00,99.3,101.06,1.762497
2025-03-31 18:00:00,99.3,100.94,1.637497
2025-03-31 19:00:00,99.27,100.7,1.4175034
2025-03-31 20:00:00,99.27,100.7,1.4175034
2025-03-31 21:00:00,99.28,100.5,1.2200012
2025-03-31 22:00:00,99.28,100.75,1.4700012
2025-03-31 23:00:00,99.33,100.56,1.2324982
2025-04-01 00:00:00,99.33,100.5,1.1699982
2025-04-01 01:00:00,99.36,100.4,1.0149994
2025-04-01 02:00:00,99.36,100.3,0.9524994
2025-04-01 03:00:00,99.35,100.4,1.0250015
2025-04-01 04:00:00,99.35,100.4,1.0250015
2025-04-01 05:00:00,99.33,100.44,1.1074982
2025-04-01 06:00:00,99.33,100.5,1.1699982
2025-04-01 07:00:00,99.3,100.44,1.137497
2025-04-01 08:00:00,99.3,100.5,1.199997
2025-04-01 09:00:00,99.27,100.44,1.1675034
2025-04-01 10:00:00,99.27,100.5,1.2300034
2025-04-01 11:00:00,99.25,100.5,1.25
2025-04-01 12:00:00,99.25,100.5,1.25
2025-04-01 13:00:00,99.25,100.56,1.3125
2025-04-01 14:00:00,99.25,100.6,1.375
2025-04-01 15:00:00,99.23,100.6,1.3949966
2025-04-01 16:00:00,99.23,100.44,1.2074966
2025-04-01 17:00:00,99.23,100.56,1.3324966
2025-04-01 18:00:00,99.23,100.9,1.6449966
2025-04-01 19:00:00,99.2,100.3,1.112503
2025-04-01 20:00:00,99.2,100.2,0.98750305
2025-04-01 21:00:00,99.16,99.75,0.58999634
2025-04-01 22:00:00,99.16,99.5,0.33999634
2025-04-01 23:00:00,99.18,99.25,0.069999695
2025-04-02 00:00:00,99.18,99.25,0.069999695
2025-04-02 01:00:00,99.16,99.4,0.21499634
2025-04-02 02:00:00,99.16,99.3,0.15249634
2025-04-02 03:00:00,99.15,99.3,0.16249847
2025-04-02 04:00:00,99.15,99.3,0.16249847
2025-04-02 05:00:00,99.14,99.25,0.11000061
2025-04-02 06:00:00,99.14,99.25,0.11000061
2025-04-02 07:00:00,99.12,99.25,0.12999725
2025-04-02 08:00:00,99.12,99.4,0.25499725
2025-04-02 09:00:00,99.09,99.4,0.28500366
2025-04-02 10:00:00,99.09,99.5,0.41000366
2025-04-02 11:00:00,99.09,99.6,0.53500366
2025-04-02 12:00:00,99.09,99.8,0.72250366
2025-04-02 13:00:00,99.08,99.9,0.79499817
2025-04-02 14:00:00,99.08,99.94,0.85749817
2025-04-02 15:00:00,99.06,99.94,0.87750244
2025-04-02 16:00:00,99.06,100.0,0.94000244
2025-04-02 17:00:00,99.04,99.94,0.8974991
2025-04-02 18:00:00,99.04,100.0,0.9599991
2025-04-02 19:00:00,99.0,99.9,0.875
2025-04-02 20:00:00,99.0,99.75,0.75
2025-04-02 21:00:00,98.96,99.5,0.5400009
2025-04-02 22:00:00,98.96,99.3,0.35250092
2025-04-02 23:00:00,98.96,99.5,0.5400009
2025-04-03 00:00:00,98.96,99.5,0.5400009
2025-04-03 01:00:00,98.97,99.75,0.7799988
2025-04-03 02:00:00,98.97,99.8,0.8424988
2025-04-03 03:00:00,98.96,99.94,0.9775009
2025-04-03 04:00:00,98.96,99.94,0.9775009
2025-04-03 05:00:00,98.94,100.0,1.0599976
2025-04-03 06:00:00,98.94,99.6,0.68499756
2025-04-03 07:00:00,98.91,99.25,0.33999634
2025-04-03 08:00:00,98.91,99.06,0.15249634
2025-04-03 09:00:00,98.87,99.25,0.37999725
2025-04-03 10:00:00,98.87,99.5,0.62999725
2025-04-03 11:00:00,98.86,99.7,0.8274994
2025-04-03 12:00:00,98.86,99.94,1.0774994
2025-04-03 13:00:00,98.83,100.06,1.2324982
2025-04-03 14:00:00,98.83,99.94,1.1074982
2025-04-03 15:00:00,98.79,99.6,0.8349991
2025-04-03 16:00:00,98.79,99.44,0.6474991
2025-04-03 17:00:00,98.74,99.3,0.57250214
2025-04-03 18:00:00,98.74,99.25,0.51000214
2025-04-03 19:00:00,98.7,99.06,0.36250305
2025-04-03 20:00:00,98.7,99.0,0.30000305
2025-04-03 21:00:00,98.67,98.7,0.017501831
2025-04-03 22:00:00,98.67,98.44,0.23249817
2025-04-03 23:00:00,98.66,98.4,0.28500366
2025-04-04 00:00:00,98.66,98.44,0.22250366
2025-04-04 01:00:00,98.66,98.56,0.09750366
2025-04-04 02:00:00,98.66,98.6,0.035003662
2025-04-04 03:00:00,98.64,98.6,0.01499939
2025-04-04 04:00:00,98.64,98.56,0.07749939
2025-04-04 05:00:00,98.61,98.44,0.17250061
2025-04-04 06:00:00,98.61,98.5,0.11000061
2025-04-04 07:00:00,98.58,98.5,0.08000183
2025-04-04 08:00:00,98.58,98.6,0.04499817
2025-04-04 09:00:00,98.54,98.6,0.084999084
2025-04-04 10:00:00,98.54,98.7,0.14749908
2025-04-04 11:00:00,98.51,98.56,0.052497864
2025-04-04 12:00:00,98.51,98.3,0.19750214
2025-04-04 13:00:00,98.5,98.5,0.0
2025-04-04 14:00:00,98.5,98.6,0.125
2025-04-04 15:00:00,98.45,98.56,0.11250305
2025-04-04 16:00:00,98.45,98.25,0.19999695
2025-04-04 17:00:00,98.4,98.2,0.21250153
2025-04-04 18:00:00,98.4,98.1,0.27500153
2025-04-04 19:00:00,98.37,97.75,0.62000275
2025-04-04 20:00:00,98.37,97.7,0.68250275
2025-04-04 21:00:00,98.35,97.6,0.7249985
2025-04-04 22:00:00,98.35,97.56,0.7874985
2025-04-04 23:00:00,98.35,97.6,0.7249985
2025-04-05 00:00:00,98.35,97.7,0.6624985
2025-04-05 01:00:00,98.37,97.7,0.68250275
2025-04-05 02:00:00,98.37,97.75,0.62000275
2025-04-05 03:00:00,98.39,97.9,0.5149994
2025-04-05 04:00:00,98.39,97.9,0.5149994
2025-04-05 05:00:00,98.4,98.0,0.40000153
2025-04-05 06:00:00,98.4,98.0,0.40000153
2025-04-05 07:00:00,98.4,98.06,0.33750153
2025-04-05 08:00:00,98.4,98.06,0.33750153
2025-04-05 09:00:00,98.38,98.1,0.25499725
2025-04-05 10:00:00,98.38,98.2,0.19249725
2025-04-05 11:00:00,98.35,98.25,0.099998474
2025-04-05 12:00:00,98.35,98.25,0.099998474
2025-04-05 13:00:00,98.36,98.25,0.11000061
2025-04-05 14:00:00,98.36,98.3,0.04750061
2025-04-05 15:00:00,98.37,98.4,0.0049972534
2025-04-05 16:00:00,98.37,98.44,0.06749725
2025-04-05 17:00:00,98.36,98.44,0.07749939
2025-04-05 18:00:00,98.36,98.44,0.07749939
2025-04-05 19:00:00,98.36,98.5,0.13999939
2025-04-05 20:00:00,98.36,98.56,0.20249939
2025-04-05 21:00:00,98.37,98.56,0.19249725
2025-04-05 22:00:00,98.37,98.44,0.06749725
2025-04-05 23:00:00,98.36,98.4,0.01499939
2025-04-06 00:00:00,98.36,98.4,0.01499939
2025-04-06 01:00:00,98.35,98.4,0.025001526
2025-04-06 02:00:00,98.35,98.4,0.025001526
2025-04-06 03:00:00,98.32,98.3,0.007499695
2025-04-06 04:00:00,98.32,98.25,0.069999695
2025-04-06 05:00:00,98.3,98.25,0.05000305
2025-04-06 06:00:00,98.3,98.2,0.11250305
2025-04-06 07:00:00,98.3,98.2,0.11250305
2025-04-06 08:00:00,98.3,98.25,0.05000305
2025-04-06 09:00:00,98.3,98.25,0.05000305
2025-04-06 10:00:00,98.3,98.25,0.05000305
2025-04-06 11:00:00,98.3,98.25,0.05000305
2025-04-06 12:00:00,98.3,98.3,0.012496948
2025-04-06 13:00:00,98.3,98.3,0.012496948
2025-04-06 14:00:00,98.3,98.4,0.07499695
2025-04-06 15:00:00,98.3,98.4,0.07499695
2025-04-06 16:00:00,98.3,98.4,0.07499695
2025-04-06 17:00:00,98.3,98.3,0.012496948
2025-04-06 18:00:00,98.3,98.3,0.012496948
2025-04-06 19:00:00,98.3,98.25,0.05000305
2025-04-06 20:00:00,98.3,98.25,0.05000305
2025-04-06 21:00:00,98.3,98.2,0.11250305
2025-04-06 22:00:00,98.3,98.1,0.17500305
2025-04-06 23:00:00,98.3,98.06,0.23750305
2025-04-07 00:00:00,98.3,98.06,0.23750305
2025-04-07 01:00:00,98.11,98.0,0.11000061
2025-04-07 02:00:00,98.11,98.06,0.04750061
2025-04-07 03:00:00,98.1,98.06,0.037498474
2025-04-07 04:00:00,98.1,98.06,0.037498474
2025-04-07 05:00:00,98.08,98.06,0.017501831
2025-04-07 06:00:00,98.08,98.06,0.017501831
2025-04-07 07:00:00,98.06,98.06,0.0025024414
2025-04-07 08:00:00,98.06,98.06,0.0025024414
2025-04-07 09:00:00,98.04,98.06,0.022499084
2025-04-07 10:00:00,98.04,98.06,0.022499084
2025-04-07 11:00:00,98.02,98.1,0.10500336
2025-04-07 12:00:00,98.02,98.1,0.10500336
2025-04-07 13:00:00,98.0,98.2,0.1875
2025-04-07 14:00:00,98.0,98.2,0.1875
2025-04-07 15:00:00,97.98,98.2,0.20749664
2025-04-07 16:00:00,97.98,98.25,0.26999664
2025-04-07 17:00:00,97.95,98.2,0.23750305
2025-04-07 18:00:00,97.95,98.1,0.17500305
2025-04-07 19:00:00,97.92,98.06,0.14250183
2025-04-07 20:00:00,97.92,98.06,0.14250183
2025-04-07 21:00:00,97.9,97.94,0.037498474
2025-04-07 22:00:00,97.9,97.9,0.025001526
2025-04-07 23:00:00,97.88,97.75,0.12999725
2025-04-08 00:00:00,97.88,97.75,0.12999725
2025-04-08 01:00:00,97.85,97.7,0.16249847
2025-04-08 02:00:00,97.85,97.7,0.16249847
2025-04-08 03:00:00,97.83,97.7,0.14250183
2025-04-08 04:00:00,97.83,97.7,0.14250183
2025-04-08 05:00:00,97.8,97.7,0.11250305
2025-04-08 06:00:00,97.8,97.75,0.05000305
2025-04-08 07:00:00,97.76,97.7,0.072502136
2025-04-08 08:00:00,97.76,97.8,0.052497864
2025-04-08 09:00:00,97.72,97.75,0.02999878
2025-04-08 10:00:00,97.72,97.8,0.09249878
2025-04-08 11:00:00,97.7,97.8,0.11250305
2025-04-08 12:00:00,97.7,97.94,0.23750305
2025-04-08 13:00:00,97.69,97.9,0.18499756
2025-04-08 14:00:00,97.69,97.94,0.24749756
2025-04-08 15:00:00,97.67,97.94,0.26750183
2025-04-08 16:00:00,97.67,97.94,0.26750183
2025-04-08 17:00:00,97.64,97.8,0.17250061
2025-04-08 18:00:00,97.64,97.8,0.17250061
2025-04-08 19:00:00,97.6,97.6,0.025001526
2025-04-08 20:00:00,97.6,97.56,0.037498474
2025-04-08 21:00:00,97.58,97.5,0.08000183
2025-04-08 22:00:00,97.58,97.4,0.20500183
2025-04-08 23:00:00,97.55,97.3,0.23750305
2025-04-09 00:00:00,97.55,97.4,0.17500305
2025-04-09 01:00:00,97.54,97.44,0.102500916
2025-04-09 02:00:00,97.54,97.3,0.22750092
2025-04-09 03:00:00,97.51,97.3,0.19750214
2025-04-09 04:00:00,97.51,97.3,0.19750214
2025-04-09 05:00:00,97.46,97.25,0.20999908
2025-04-09 06:00:00,97.46,97.3,0.14749908
2025-04-09 07:00:00,97.42,97.3,0.10749817
2025-04-09 08:00:00,97.42,97.44,0.017501831
2025-04-09 09:00:00,97.39,97.44,0.04750061
2025-04-09 10:00:00,97.39,97.5,0.11000061
2025-04-09 11:00:00,97.37,97.5,0.12999725
2025-04-09 12:00:00,97.37,97.5,0.12999725
2025-04-09 13:00:00,97.34,97.5,0.16000366
2025-04-09 14:00:00,97.34,97.56,0.22250366
2025-04-09 15:00:00,97.29,97.56,0.27249908
2025-04-09 16:00:00,97.29,97.56,0.27249908
2025-04-09 17:00:00,97.24,97.5,0.26000214
2025-04-09 18:00:00,97.24,97.5,0.26000214
2025-04-09 19:00:00,97.19,97.44,0.24749756
2025-04-09 20:00:00,97.19,97.4,0.18499756
2025-04-09 21:00:00,97.15,97.4,0.22499847
2025-04-09 22:00:00,97.15,97.3,0.16249847
2025-04-09 23:00:00,97.11,97.3,0.20249939
2025-04-10 00:00:00,97.11,97.3,0.20249939
2025-04-10 01:00:00,97.14,97.3,0.17250061
2025-04-10 02:00:00,97.14,97.3,0.17250061
2025-04-10 03:00:00,97.15,97.4,0.22499847
2025-04-10 04:00:00,97.15,97.4,0.22499847
2025-04-10 05:00:00,97.14,97.44,0.2975006
2025-04-10 06:00:00,97.14,97.4,0.23500061
2025-04-10 07:00:00,97.12,97.4,0.25499725
2025-04-10 08:00:00,97.12,97.4,0.25499725
2025-04-10 09:00:00,97.08,97.44,0.35749817
2025-04-10 10:00:00,97.08,97.44,0.35749817
2025-04-10 11:00:00,97.04,97.44,0.39749908
2025-04-10 12:00:00,97.04,97.44,0.39749908
2025-04-10 13:00:00,97.03,97.44,0.40750122
2025-04-10 14:00:00,97.03,97.4,0.34500122
2025-04-10 15:00:00,96.98,97.44,0.45749664
2025-04-10 16:00:00,96.98,97.4,0.39499664
2025-04-10 17:00:00,96.93,97.4,0.4449997
2025-04-10 18:00:00,96.93,97.3,0.3824997
2025-04-10 19:00:00,96.88,97.2,0.30750275
2025-04-10 20:00:00,96.88,97.1,0.24500275
2025-04-10 21:00:00,96.87,97.1,0.25499725
2025-04-10 22:00:00,96.87,97.1,0.25499725
2025-04-10 23:00:00,96.86,97.2,0.3274994
2025-04-11 00:00:00,96.86,97.2,0.3274994
2025-04-11 01:00:00,96.85,97.2,0.33750153
2025-04-11 02:00:00,96.85,97.2,0.33750153
2025-04-11 03:00:00,96.82,97.2,0.3675003
2025-04-11 04:00:00,96.82,97.25,0.4300003
2025-04-11 05:00:00,96.79,97.25,0.45999908
2025-04-11 06:00:00,96.79,97.25,0.45999908
2025-04-11 07:00:00,96.73,97.25,0.51999664
2025-04-11 08:00:00,96.73,97.2,0.45749664
2025-04-11 09:00:00,96.67,97.25,0.58000183
2025-04-11 10:00:00,96.67,97.25,0.58000183
2025-04-11 11:00:00,96.65,97.2,0.5374985
2025-04-11 12:00:00,96.65,97.25,0.5999985
2025-04-11 13:00:00,96.66,97.2,0.52749634
2025-04-11 14:00:00,96.66,97.2,0.52749634
2025-04-11 15:00:00,96.65,97.25,0.5999985
2025-04-11 16:00:00,96.65,97.25,0.5999985
2025-04-11 17:00:00,96.61,97.06,0.4524994
2025-04-11 18:00:00,96.61,96.94,0.3274994
2025-04-11 19:00:00,96.54,96.9,0.33499908
2025-04-11 20:00:00,96.54,96.94,0.39749908
2025-04-11 21:00:00,96.5,96.8,0.3125
2025-04-11 22:00:00,96.5,96.8,0.3125
2025-04-11 23:00:00,96.47,96.75,0.27999878
2025-04-12 00:00:00,96.47,96.8,0.34249878
2025-04-12 01:00:00,96.44,96.9,0.43499756
2025-04-12 02:00:00,96.44,97.0,0.55999756
2025-04-12 03:00:00,96.41,97.0,0.58999634
2025-04-12 04:00:00,96.41,97.1,0.71499634
2025-04-12 05:00:00,96.41,97.0,0.58999634
2025-04-12 06:00:00,96.41,97.0,0.58999634
2025-04-12 07:00:00,96.39,96.94,0.5475006
2025-04-12 08:00:00,96.39,96.94,0.5475006
2025-04-12 09:00:00,96.36,96.94,0.5774994
2025-04-12 10:00:00,96.36,96.94,0.5774994
2025-04-12 11:00:00,96.35,96.9,0.5250015
2025-04-12 12:00:00,96.35,96.94,0.5875015
2025-04-12 13:00:00,96.32,96.94,0.6175003
2025-04-12 14:00:00,96.32,96.94,0.6175003
2025-04-12 15:00:00,96.3,96.9,0.57499695
2025-04-12 16:00:00,96.3,96.7,0.38749695
2025-04-12 17:00:00,96.24,96.7,0.44750214
2025-04-12 18:00:00,96.24,96.6,0.38500214
2025-04-12 19:00:00,96.16,96.7,0.52749634
2025-04-12 20:00:00,96.16,96.56,0.40249634
2025-04-12 21:00:00,96.13,96.5,0.37000275
2025-04-12 22:00:00,96.13,96.44,0.30750275
2025-04-12 23:00:00,96.13,96.5,0.37000275
2025-04-13 00:00:00,96.13,96.5,0.37000275
2025-04-13 01:00:00,96.19,96.6,0.43499756
2025-04-13 02:00:00,96.19,96.6,0.43499756
2025-04-13 03:00:00,96.23,96.7,0.45749664
2025-04-13 04:00:00,96.23,96.7,0.45749664
2025-04-13 05:00:00,96.26,96.94,0.67749786
2025-04-13 06:00:00,96.26,96.9,0.61499786
2025-04-13 07:00:00,96.27,96.94,0.66750336
2025-04-13 08:00:00,96.27,96.94,0.66750336
2025-04-13 09:00:00,96.25,97.1,0.875
2025-04-13 10:00:00,96.25,97.1,0.875
2025-04-13 11:00:00,96.23,97.2,0.95749664
2025-04-13 12:00:00,96.23,97.2,0.95749664
2025-04-13 13:00:00,96.21,97.3,1.1025009
2025-04-13 14:00:00,96.21,97.25,1.0400009
2025-04-13 15:00:00,96.18,97.3,1.1324997
2025-04-13 16:00:00,96.18,97.3,1.1324997
2025-04-13 17:00:00,96.15,97.4,1.2249985
2025-04-13 18:00:00,96.15,97.25,1.0999985
2025-04-13 19:00:00,96.12,97.2,1.0674973
2025-04-13 20:00:00,96.12,97.06,0.94249725
2025-04-13 21:00:00,96.08,96.94,0.85749817
2025-04-13 22:00:00,96.08,96.9,0.79499817
2025-04-13 23:00:00,96.05,96.9,0.82499695
2025-04-14 00:00:00,96.05,96.9,0.82499695
2025-04-14 01:00:00,96.02,96.94,0.91750336
2025-04-14 02:00:00,96.02,96.94,0.91750336
2025-04-14 03:00:00,95.99,97.0,1.0100021
2025-04-14 04:00:00,95.99,97.0,1.0100021
2025-04-14 05:00:00,95.96,97.06,1.1025009
2025-04-14 06:00:00,95.96,97.06,1.1025009
2025-04-14 07:00:00,95.94,97.06,1.1224976
2025-04-14 08:00:00,95.94,97.06,1.1224976
2025-04-14 09:00:00,95.9,97.1,1.2249985
2025-04-14 10:00:00,95.9,97.1,1.2249985
2025-04-14 11:00:00,95.89,97.3,1.4225006
2025-04-14 12:00:00,95.89,97.4,1.4850006
2025-04-14 13:00:00,95.86,97.44,1.5774994
2025-04-14 14:00:00,95.86,97.4,1.5149994
2025-04-14 15:00:00,95.81,97.44,1.6275024
2025-04-14 16:00:00,95.81,97.4,1.5650024
2025-04-14 17:00:00,95.76,97.3,1.5524979
2025-04-14 18:00:00,95.76,97.25,1.4899979
2025-04-14 19:00:00,95.73,97.25,1.5199966
2025-04-14 20:00:00,95.73,97.3,1.5824966
2025-04-14 21:00:00,95.7,97.3,1.612503
2025-04-14 22:00:00,95.7,97.25,1.550003
2025-04-14 23:00:00,95.67,97.25,1.5800018
2025-04-15 00:00:00,95.67,97.2,1.5175018
2025-04-15 01:00:00,95.67,97.2,1.5175018
2025-04-15 02:00:00,95.67,97.25,1.5800018
2025-04-15 03:00:00,95.67,97.25,1.5800018
2025-04-15 04:00:00,95.67,97.2,1.5175018
2025-04-15 05:00:00,95.65,97.25,1.5999985
2025-04-15 06:00:00,95.65,97.25,1.5999985
2025-04-15 07:00:00,95.64,97.25,1.6100006
2025-04-15 08:00:00,95.64,97.25,1.6100006
2025-04-15 09:00:00,95.6,97.25,1.6500015
2025-04-15 10:00:00,95.6,97.25,1.6500015
2025-04-15 11:00:00,95.55,97.3,1.762497
2025-04-15 12:00:00,95.55,97.3,1.762497
2025-04-15 13:00:00,95.5,97.25,1.75
2025-04-15 14:00:00,95.5,97.25,1.75
2025-04-15 15:00:00,95.47,97.3,1.8424988
2025-04-15 16:00:00,95.47,97.3,1.8424988
2025-04-15 17:00:00,95.43,97.3,1.8824997
2025-04-15 18:00:00,95.43,97.2,1.7574997
2025-04-15 19:00:00,95.39,97.0,1.6100006
2025-04-15 20:00:00,95.39,96.94,1.5475006
2025-04-15 21:00:00,95.35,96.75,1.4000015
2025-04-15 22:00:00,95.35,96.7,1.3375015
2025-04-15 23:00:00,95.35,96.7,1.3375015
2025-04-16 00:00:00,95.35,96.75,1.4000015
2025-04-16 01:00:00,95.36,96.75,1.3899994
2025-04-16 02:00:00,95.36,96.8,1.4524994
2025-04-16 03:00:00,95.38,96.8,1.4325027
2025-04-16 04:00:00,95.38,96.75,1.3700027
2025-04-16 05:00:00,95.37,96.8,1.4424973
2025-04-16 06:00:00,95.37,96.9,1.5049973
2025-04-16 07:00:00,95.37,96.9,1.5049973
2025-04-16 08:00:00,95.37,97.0,1.6299973
2025-04-16 09:00:00,95.33,97.0,1.6699982
2025-04-16 10:00:00,95.33,97.0,1.6699982
2025-04-16 11:00:00,95.29,97.0,1.7099991
2025-04-16 12:00:00,95.29,97.06,1.7724991
2025-04-16 13:00:00,95.25,97.06,1.8125
2025-04-16 14:00:00,95.25,97.1,1.875
2025-04-16 15:00:00,95.21,97.06,1.8525009
2025-04-16 16:00:00,95.21,97.06,1.8525009
2025-04-16 17:00:00,95.16,97.0,1.8399963
2025-04-16 18:00:00,95.16,96.94,1.7774963
2025-04-16 19:00:00,95.12,96.9,1.7549973
2025-04-16 20:00:00,95.12,96.9,1.7549973
2025-04-16 21:00:00,95.14,96.8,1.6725006
2025-04-16 22:00:00,95.14,96.8,1.6725006
2025-04-16 23:00:00,95.15,96.8,1.6624985
2025-04-17 00:00:00,95.15,96.9,1.7249985
2025-04-17 01:00:00,95.15,96.94,1.7874985
2025-04-17 02:00:00,95.15,96.9,1.7249985
2025-04-17 03:00:00,95.17,96.9,1.7050018
2025-04-17 04:00:00,95.17,96.9,1.7050018
2025-04-17 05:00:00,95.18,96.9,1.6949997
2025-04-17 06:00:00,95.18,96.9,1.6949997
2025-04-17 07:00:00,95.15,96.94,1.7874985
2025-04-17 08:00:00,95.15,96.94,1.7874985
2025-04-17 09:00:00,95.1,96.94,1.8375015
2025-04-17 10:00:00,95.1,96.94,1.8375015
2025-04-17 11:00:00,95.07,96.94,1.8675003
2025-04-17 12:00:00,95.07,96.94,1.8675003
2025-04-17 13:00:00,95.06,96.94,1.8775024
2025-04-17 14:00:00,95.06,96.9,1.8150024
2025-04-17 15:00:00,95.01,96.8,1.8024979
2025-04-17 16:00:00,95.01,96.8,1.8024979
2025-04-17 17:00:00,94.94,96.75,1.8099976
2025-04-17 18:00:00,94.94,96.7,1.7474976
2025-04-17 19:00:00,94.89,96.56,1.6725006
2025-04-17 20:00:00,94.89,96.56,1.6725006
2025-04-17 21:00:00,94.88,96.5,1.6200027
2025-04-17 22:00:00,94.88,96.5,1.6200027
2025-04-17 23:00:00,94.88,96.44,1.5575027
2025-04-18 00:00:00,94.88,96.44,1.5575027
2025-04-18 01:00:00,94.9,96.44,1.5374985
2025-04-18 02:00:00,94.9,96.5,1.5999985
2025-04-18 03:00:00,94.89,96.56,1.6725006
2025-04-18 04:00:00,94.89,96.56,1.6725006
2025-04-18 05:00:00,94.89,96.56,1.6725006
2025-04-18 06:00:00,94.89,96.5,1.6100006
2025-04-18 07:00:00,94.85,96.5,1.6500015
2025-04-18 08:00:00,94.85,96.44,1.5875015
2025-04-18 09:00:00,94.82,96.56,1.7425003
2025-04-18 10:00:00,94.82,96.56,1.7425003
2025-04-18 11:00:00,94.82,96.56,1.7425003
2025-04-18 12:00:00,94.82,96.6,1.8050003
2025-04-18 13:00:00,94.83,96.56,1.7324982
2025-04-18 14:00:00,94.83,96.56,1.7324982
2025-04-18 15:00:00,94.81,96.56,1.7525024
2025-04-18 16:00:00,94.81,96.7,1.8775024
2025-04-18 17:00:00,94.79,96.6,1.8349991
2025-04-18 18:00:00,94.79,96.6,1.8349991
2025-04-18 19:00:00,94.77,96.56,1.7925034
2025-04-18 20:00:00,94.77,96.5,1.7300034
2025-04-18 21:00:00,94.76,96.44,1.6774979
2025-04-18 22:00:00,94.76,96.5,1.7399979
2025-04-18 23:00:00,94.75,96.44,1.6875
2025-04-19 00:00:00,94.75,96.5,1.75
2025-04-19 01:00:00,94.8,96.5,1.699997
2025-04-19 02:00:00,94.8,96.6,1.824997
2025-04-19 03:00:00,94.86,96.6,1.7649994
2025-04-19 04:00:00,94.86,96.6,1.7649994
2025-04-19 05:00:00,94.9,96.7,1.7874985
2025-04-19 06:00:00,94.9,96.6,1.7249985
2025-04-19 07:00:00,94.93,96.56,1.6324997
2025-04-19 08:00:00,94.93,96.6,1.6949997
2025-04-19 09:00:00,94.95,96.6,1.675003
2025-04-19 10:00:00,94.95,96.6,1.675003
2025-04-19 11:00:00,94.96,96.6,1.6650009
2025-04-19 12:00:00,94.96,96.56,1.6025009
2025-04-19 13:00:00,95.0,96.6,1.625
2025-04-19 14:00:00,95.0,96.6,1.625
2025-04-19 15:00:00,95.04,96.6,1.5849991
2025-04-19 16:00:00,95.04,96.6,1.5849991
2025-04-19 17:00:00,95.06,96.56,1.5025024
2025-04-19 18:00:00,95.06,96.5,1.4400024
2025-04-19 19:00:00,95.02,96.56,1.5425034
2025-04-19 20:00:00,95.02,96.5,1.4800034
2025-04-19 21:00:00,94.99,96.5,1.5100021
2025-04-19 22:00:00,94.99,96.44,1.4475021
2025-04-19 23:00:00,94.97,96.44,1.4674988
2025-04-20 00:00:00,94.97,96.44,1.4674988
2025-04-20 01:00:00,94.97,96.44,1.4674988
2025-04-20 02:00:00,94.97,96.44,1.4674988
2025-04-20 03:00:00,95.01,96.5,1.4899979
2025-04-20 04:00:00,95.01,96.5,1.4899979
2025-04-20 05:00:00,95.02,96.6,1.6050034
2025-04-20 06:00:00,95.02,96.6,1.6050034
2025-04-20 07:00:00,95.03,96.6,1.5950012
2025-04-20 08:00:00,95.03,96.6,1.5950012
2025-04-20 09:00:00,95.05,96.6,1.574997
2025-04-20 10:00:00,95.05,96.6,1.574997
2025-04-20 11:00:00,95.06,96.7,1.6275024
2025-04-20 12:00:00,95.06,96.7,1.6275024
2025-04-20 13:00:00,95.05,96.7,1.637497
2025-04-20 14:00:00,95.05,96.6,1.574997
2025-04-20 15:00:00,95.02,96.56,1.5425034
2025-04-20 16:00:00,95.02,96.56,1.5425034
2025-04-20 17:00:00,94.98,96.5,1.5199966
2025-04-20 18:00:00,94.98,96.44,1.4574966
2025-04-20 19:00:00,94.96,96.44,1.4775009
2025-04-20 20:00:00,94.96,96.4,1.4150009
2025-04-20 21:00:00,94.93,96.4,1.4449997
2025-04-20 22:00:00,94.93,96.4,1.4449997
2025-04-20 23:00:00,94.95,96.4,1.425003
2025-04-21 00:00:00,94.95,96.44,1.487503
2025-04-21 01:00:00,94.97,96.44,1.4674988
2025-04-21 02:00:00,94.97,96.44,1.4674988
2025-04-21 03:00:00,94.98,96.5,1.5199966
2025-04-21 04:00:00,94.98,96.5,1.5199966
2025-04-21 05:00:00,94.99,96.5,1.5100021
2025-04-21 06:00:00,94.99,96.5,1.5100021
2025-04-21 07:00:00,95.0,96.56,1.5625
2025-04-21 08:00:00,95.0,96.56,1.5625
2025-04-21 09:00:00,95.0,96.6,1.625
2025-04-21 10:00:00,95.0,96.6,1.625
2025-04-21 11:00:00,94.99,96.7,1.6975021
2025-04-21 12:00:00,94.99,96.7,1.6975021
2025-04-21 13:00:00,94.98,96.75,1.7699966
2025-04-21 14:00:00,94.98,96.75,1.7699966
2025-04-21 15:00:00,94.97,96.6,1.6549988
2025-04-21 16:00:00,94.97,96.56,1.5924988
2025-04-21 17:00:00,94.97,96.56,1.5924988
2025-04-21 18:00:00,94.97,96.5,1.5299988
2025-04-21 19:00:00,94.96,96.5,1.5400009
2025-04-21 20:00:00,94.96,96.5,1.5400009
2025-04-21 21:00:00,94.95,96.44,1.487503
2025-04-21 22:00:00,94.95,96.5,1.550003
2025-04-21 23:00:00,94.92,96.5,1.5800018
2025-04-22 00:00:00,94.92,96.5,1.5800018
2025-04-22 01:00:00,94.92,96.5,1.5800018
2025-04-22 02:00:00,94.92,96.56,1.6425018
2025-04-22 03:00:00,94.92,96.5,1.5800018
2025-04-22 04:00:00,94.92,96.56,1.6425018
2025-04-22 05:00:00,94.92,96.5,1.5800018
2025-04-22 06:00:00,94.92,96.5,1.5800018
2025-04-22 07:00:00,94.92,96.5,1.5800018
2025-04-22 08:00:00,94.92,96.6,1.7050018
2025-04-22 09:00:00,94.92,96.6,1.7050018
2025-04-22 10:00:00,94.92,96.7,1.7675018
2025-04-22 11:00:00,94.92,96.75,1.8300018
2025-04-22 12:00:00,94.92,96.6,1.7050018
2025-04-22 13:00:00,94.92,96.56,1.6425018
2025-04-22 14:00:00,94.92,96.6,1.7050018
2025-04-22 15:00:00,94.92,96.56,1.6425018
2025-04-22 16:00:00,94.92,96.6,1.7050018
2025-04-22 17:00:00,94.92,96.56,1.6425018
2025-04-22 18:00:00,94.92,96.56,1.6425018
2025-04-22 19:00:00,94.92,96.5,1.5800018
2025-04-22 20:00:00,94.92,96.5,1.5800018
2025-04-22 21:00:00,94.92,96.44,1.5175018
2025-04-22 22:00:00,94.92,96.44,1.5175018
2025-04-22 23:00:00,94.92,96.44,1.5175018
2025-04-23 00:00:00,94.92,96.5,1.5800018
2025-04-23 01:00:00,94.86,96.44,1.5774994
2025-04-23 02:00:00,94.86,96.5,1.6399994
2025-04-23 03:00:00,94.91,96.5,1.5899963
2025-04-23 04:00:00,94.91,96.6,1.7149963
2025-04-23 05:00:00,94.94,96.6,1.6849976
2025-04-23 06:00:00,94.94,96.6,1.6849976
2025-04-23 07:00:00,94.97,96.6,1.6549988
2025-04-23 08:00:00,94.97,96.6,1.6549988
2025-04-23 09:00:00,94.95,96.56,1.612503
2025-04-23 10:00:00,94.95,96.6,1.675003
2025-04-23 11:00:00,94.95,96.6,1.675003
2025-04-23 12:00:00,94.95,96.7,1.737503
2025-04-23 13:00:00,94.93,96.7,1.7574997
2025-04-23 14:00:00,94.93,96.7,1.7574997
2025-04-23 15:00:00,94.89,96.6,1.7350006
2025-04-23 16:00:00,94.89,96.6,1.7350006
2025-04-23 17:00:00,94.84,96.6,1.7850037
2025-04-23 18:00:00,94.84,96.44,1.5975037
2025-04-23 19:00:00,94.83,96.44,1.6074982
2025-04-23 20:00:00,94.83,96.44,1.6074982
2025-04-23 21:00:00,94.82,96.5,1.6800003
2025-04-23 22:00:00,94.82,96.44,1.6175003
2025-04-23 23:00:00,94.81,96.44,1.6275024
2025-04-24 00:00:00,94.81,96.44,1.6275024
2025-04-24 01:00:00,94.84,96.5,1.6600037
2025-04-24 02:00:00,94.84,96.44,1.5975037
2025-04-24 03:00:00,94.88,96.56,1.6825027
2025-04-24 04:00:00,94.88,96.5,1.6200027
2025-04-24 05:00:00,94.91,96.5,1.5899963
2025-04-24 06:00:00,94.91,96.56,1.6524963
2025-04-24 07:00:00,94.95,96.6,1.675003
2025-04-24 08:00:00,94.95,96.6,1.675003
2025-04-24 09:00:00,94.98,96.6,1.6449966
2025-04-24 10:00:00,94.98,96.6,1.6449966
2025-04-24 11:00:00,94.98,96.7,1.7074966
2025-04-24 12:00:00,94.98,96.6,1.6449966
2025-04-24 13:00:00,94.98,96.6,1.6449966
2025-04-24 14:00:00,94.98,96.56,1.5824966
2025-04-24 15:00:00,94.94,96.6,1.6849976
2025-04-24 16:00:00,94.94,96.6,1.6849976
2025-04-24 17:00:00,94.89,96.56,1.6725006
2025-04-24 18:00:00,94.89,96.44,1.5475006
2025-04-24 19:00:00,94.86,96.44,1.5774994
2025-04-24 20:00:00,94.86,96.4,1.5149994
2025-04-24 21:00:00,94.83,96.44,1.6074982
2025-04-24 22:00:00,94.83,96.44,1.6074982
2025-04-24 23:00:00,94.84,96.4,1.5350037
2025-04-25 00:00:00,94.84,96.4,1.5350037
2025-04-25 01:00:00,94.87,96.4,1.5049973
2025-04-25 02:00:00,94.87,96.44,1.5674973
2025-04-25 03:00:00,94.92,96.5,1.5800018
2025-04-25 04:00:00,94.92,96.44,1.5175018
2025-04-25 05:00:00,94.93,96.4,1.4449997
2025-04-25 06:00:00,94.93,96.44,1.5074997
2025-04-25 07:00:00,94.93,96.5,1.5699997
2025-04-25 08:00:00,94.93,96.5,1.5699997
2025-04-25 09:00:00,94.93,96.44,1.5074997
2025-04-25 10:00:00,94.93,96.56,1.6324997
2025-04-25 11:00:00,94.93,96.56,1.6324997
2025-04-25 12:00:00,94.93,96.5,1.5699997
2025-04-25 13:00:00,94.9,96.5,1.5999985
2025-04-25 14:00:00,94.9,96.56,1.6624985
2025-04-25 15:00:00,94.85,96.56,1.7125015
2025-04-25 16:00:00,94.85,96.6,1.7750015
2025-04-25 17:00:00,94.81,96.6,1.8150024
2025-04-25 18:00:00,94.81,96.6,1.8150024
2025-04-25 19:00:00,94.78,96.56,1.7825012
2025-04-25 20:00:00,94.78,96.6,1.8450012
2025-04-25 21:00:00,94.76,96.6,1.8649979
2025-04-25 22:00:00,94.76,96.6,1.8649979
2025-04-25 23:00:00,94.77,96.6,1.8550034
2025-04-26 00:00:00,94.77,96.7,1.9175034
2025-04-26 01:00:00,94.79,96.7,1.8974991
2025-04-26 02:00:00,94.79,96.75,1.9599991
2025-04-26 03:00:00,94.84,96.75,1.9100037
2025-04-26 04:00:00,94.84,96.8,1.9725037
2025-04-26 05:00:00,94.9,96.8,1.9124985
2025-04-26 06:00:00,94.9,96.9,1.9749985
2025-04-26 07:00:00,94.92,96.9,1.9550018
2025-04-26 08:00:00,94.92,96.9,1.9550018
2025-04-26 09:00:00,94.95,96.9,1.925003
2025-04-26 10:00:00,94.95,96.94,1.987503
2025-04-26 11:00:00,94.96,96.94,1.9775009
2025-04-26 12:00:00,94.96,96.94,1.9775009
2025-04-26 13:00:00,95.0,96.94,1.9375
2025-04-26 14:00:00,95.0,96.94,1.9375
2025-04-26 15:00:00,95.0,96.9,1.875
2025-04-26 16:00:00,95.0,96.8,1.8125
2025-04-26 17:00:00,94.95,96.8,1.862503
2025-04-26 18:00:00,94.95,96.75,1.800003
2025-04-26 19:00:00,94.9,96.7,1.7874985
2025-04-26 20:00:00,94.9,96.7,1.7874985
2025-04-26 21:00:00,94.85,96.6,1.7750015
2025-04-26 22:00:00,94.85,96.6,1.7750015
2025-04-26 23:00:00,94.83,96.56,1.7324982
2025-04-27 00:00:00,94.83,96.56,1.7324982
2025-04-27 01:00:00,94.83,96.56,1.7324982
2025-04-27 02:00:00,94.83,96.56,1.7324982
2025-04-27 03:00:00,94.84,96.56,1.7225037
2025-04-27 04:00:00,94.84,96.6,1.7850037
2025-04-27 05:00:00,94.87,96.6,1.7549973
2025-04-27 06:00:00,94.87,96.56,1.6924973
2025-04-27 07:00:00,94.89,96.56,1.6725006
2025-04-27 08:00:00,94.89,96.6,1.7350006
2025-04-27 09:00:00,94.9,96.6,1.7249985
2025-04-27 10:00:00,94.9,96.6,1.7249985
2025-04-27 11:00:00,94.92,96.6,1.7050018
2025-04-27 12:00:00,94.92,96.6,1.7050018
2025-04-27 13:00:00,94.93,96.56,1.6324997
2025-04-27 14:00:00,94.93,96.6,1.6949997
2025-04-27 15:00:00,94.92,96.56,1.6425018
2025-04-27 16:00:00,94.92,96.6,1.7050018
2025-04-27 17:00:00,94.88,96.44,1.5575027
2025-04-27 18:00:00,94.88,96.5,1.6200027
2025-04-27 19:00:00,94.82,96.44,1.6175003
2025-04-27 20:00:00,94.82,96.5,1.6800003
2025-04-27 21:00:00,94.8,96.44,1.637497
2025-04-27 22:00:00,94.8,96.44,1.637497
2025-04-27 23:00:00,94.78,96.44,1.6575012
2025-04-28 00:00:00,94.78,96.44,1.6575012
2025-04-28 01:00:00,94.8,96.5,1.699997
2025-04-28 02:00:00,94.8,96.5,1.699997
2025-04-28 03:00:00,94.86,96.5,1.6399994
2025-04-28 04:00:00,94.86,96.56,1.7024994
2025-04-28 05:00:00,94.92,96.56,1.6425018
2025-04-28 06:00:00,94.92,96.56,1.6425018
2025-04-28 07:00:00,94.94,96.56,1.6224976
2025-04-28 08:00:00,94.94,96.6,1.6849976
2025-04-28 09:00:00,94.95,96.6,1.675003
2025-04-28 10:00:00,94.95,96.7,1.737503
2025-04-28 11:00:00,94.95,96.6,1.675003
2025-04-28 12:00:00,94.95,96.7,1.737503
2025-04-28 13:00:00,94.97,96.7,1.7174988
2025-04-28 14:00:00,94.97,96.6,1.6549988
2025-04-28 15:00:00,94.98,96.8,1.8324966
2025-04-28 16:00:00,94.98,96.6,1.6449966
2025-04-28 17:00:00,94.97,96.44,1.4674988
2025-04-28 18:00:00,94.97,96.5,1.5299988
2025-04-28 19:00:00,94.94,96.6,1.6849976
2025-04-28 20:00:00,94.94,96.56,1.6224976
2025-04-28 21:00:00,94.9,96.56,1.6624985
2025-04-28 22:00:00,94.9,96.56,1.6624985
2025-04-28 23:00:00,94.85,96.56,1.7125015
2025-04-29 00:00:00,94.85,96.56,1.7125015
2025-04-29 01:00:00,94.83,96.6,1.7949982
2025-04-29 02:00:00,94.83,96.6,1.7949982
2025-04-29 03:00:00,94.85,96.6,1.7750015
2025-04-29 04:00:00,94.85,96.6,1.7750015
2025-04-29 05:00:00,94.84,96.7,1.8475037
2025-04-29 06:00:00,94.84,96.7,1.8475037
2025-04-29 07:00:00,94.82,96.7,1.8675003
2025-04-29 08:00:00,94.82,96.7,1.8675003
2025-04-29 09:00:00,94.79,96.75,1.9599991
2025-04-29 10:00:00,94.79,96.75,1.9599991
2025-04-29 11:00:00,94.8,96.75,1.949997
2025-04-29 12:00:00,94.8,96.75,1.949997
2025-04-29 13:00:00,94.83,96.8,1.9824982
2025-04-29 14:00:00,94.83,96.75,1.9199982
2025-04-29 15:00:00,94.83,96.8,1.9824982
2025-04-29 16:00:00,94.83,96.7,1.8574982
2025-04-29 17:00:00,94.81,96.6,1.8150024
2025-04-29 18:00:00,94.81,96.56,1.7525024
2025-04-29 19:00:00,94.78,96.6,1.8450012
2025-04-29 20:00:00,94.78,96.6,1.8450012
2025-04-29 21:00:00,94.77,96.56,1.7925034
2025-04-29 22:00:00,94.77,96.56,1.7925034
2025-04-29 23:00:00,94.77,96.56,1.7925034
2025-04-30 00:00:00,94.77,96.56,1.7925034
2025-04-30 01:00:00,94.77,96.56,1.7925034
2025-04-30 02:00:00,94.77,96.56,1.7925034
2025-04-30 03:00:00,94.74,96.56,1.8225021
2025-04-30 04:00:00,94.74,96.56,1.8225021
2025-04-30 05:00:00,94.71,96.56,1.8525009
2025-04-30 06:00:00,94.71,96.56,1.8525009
2025-04-30 07:00:00,94.7,96.5,1.800003
2025-04-30 08:00:00,94.7,96.56,1.862503
2025-04-30 09:00:00,94.69,96.56,1.8724976
2025-04-30 10:00:00,94.69,96.56,1.8724976
2025-04-30 11:00:00,94.68,96.56,1.8824997
2025-04-30 12:00:00,94.68,96.56,1.8824997
2025-04-30 13:00:00,94.68,96.5,1.8199997
2025-04-30 14:00:00,94.68,96.56,1.8824997
2025-04-30 15:00:00,94.66,96.56,1.9024963
2025-04-30 16:00:00,94.66,96.56,1.9024963
2025-04-30 17:00:00,94.63,96.56,1.9325027
2025-04-30 18:00:00,94.63,96.56,1.9325027
2025-04-30 19:00:00,94.62,96.5,1.8799973
2025-04-30 20:00:00,94.62,96.5,1.8799973
2025-04-30 21:00:00,94.63,96.5,1.8700027
2025-04-30 22:00:00,94.63,96.5,1.8700027
2025-04-30 23:00:00,94.65,96.56,1.9124985
2025-05-01 00:00:00,94.65,96.56,1.9124985
2025-05-01 01:00:00,94.67,96.5,1.8300018
2025-05-01 02:00:00,94.67,96.56,1.8925018
2025-05-01 03:00:00,94.69,96.6,1.9349976
2025-05-01 04:00:00,94.69,96.56,1.8724976
2025-05-01 05:00:00,94.67,96.8,2.1425018
2025-05-01 06:00:00,94.67,96.6,1.9550018
2025-05-01 07:00:00,94.66,96.44,1.7774963
2025-05-01 08:00:00,94.66,96.5,1.8399963
2025-05-01 09:00:00,94.7,96.56,1.862503
2025-05-01 10:00:00,94.7,96.44,1.737503
2025-05-01 11:00:00,94.74,96.44,1.6975021
2025-05-01 12:00:00,94.74,96.56,1.8225021
2025-05-01 13:00:00,94.74,96.56,1.8225021
2025-05-01 14:00:00,94.74,96.56,1.8225021
2025-05-01 15:00:00,94.75,96.56,1.8125
2025-05-01 16:00:00,94.75,96.56,1.8125
2025-05-01 17:00:00,94.75,96.56,1.8125
2025-05-01 18:00:00,94.75,96.6,1.875
2025-05-01 19:00:00,94.72,96.6,1.9049988
2025-05-01 20:00:00,94.72,96.6,1.9049988
2025-05-01 21:00:00,94.65,96.6,1.9749985
2025-05-01 22:00:00,94.65,96.6,1.9749985
2025-05-01 23:00:00,94.6,96.56,1.9625015
2025-05-02 00:00:00,94.6,96.5,1.9000015
2025-05-02 01:00:00,94.61,96.6,2.0149994
2025-05-02 02:00:00,94.61,96.6,2.0149994
2025-05-02 03:00:00,94.64,96.7,2.0475006
2025-05-02 04:00:00,94.64,96.7,2.0475006
2025-05-02 05:00:00,94.64,96.7,2.0475006
2025-05-02 06:00:00,94.64,96.7,2.0475006
2025-05-02 07:00:00,94.6,96.75,2.1500015
2025-05-02 08:00:00,94.6,96.7,2.0875015
2025-05-02 09:00:00,94.58,96.7,2.1074982
2025-05-02 10:00:00,94.58,96.75,2.1699982
2025-05-02 11:00:00,94.55,96.8,2.262497
2025-05-02 12:00:00,94.55,96.7,2.137497
2025-05-02 13:00:00,94.5,96.8,2.3125
2025-05-02 14:00:00,94.5,96.7,2.1875
2025-05-02 15:00:00,94.41,96.7,2.2774963
2025-05-02 16:00:00,94.41,96.56,2.1524963
2025-05-02 17:00:00,94.33,96.56,2.2324982
2025-05-02 18:00:00,94.33,96.5,2.1699982
2025-05-02 19:00:00,94.3,96.44,2.137497
2025-05-02 20:00:00,94.3,96.4,2.074997
2025-05-02 21:00:00,94.28,96.4,2.0950012
2025-05-02 22:00:00,94.28,96.4,2.0950012
2025-05-02 23:00:00,94.25,96.4,2.125
2025-05-03 00:00:00,94.25,96.4,2.125
2025-05-03 01:00:00,94.23,96.44,2.2074966
2025-05-03 02:00:00,94.23,96.44,2.2074966
2025-05-03 03:00:00,94.24,96.5,2.2600021
2025-05-03 04:00:00,94.24,96.56,2.3225021
2025-05-03 05:00:00,94.26,96.56,2.3024979
2025-05-03 06:00:00,94.26,96.56,2.3024979
2025-05-03 07:00:00,94.29,96.56,2.272499
2025-05-03 08:00:00,94.29,96.6,2.334999
2025-05-03 09:00:00,94.29,96.6,2.334999
2025-05-03 10:00:00,94.29,96.6,2.334999
2025-05-03 11:00:00,94.31,96.6,2.3150024
2025-05-03 12:00:00,94.31,96.6,2.3150024
2025-05-03 13:00:00,94.33,96.7,2.3574982
2025-05-03 14:00:00,94.33,96.6,2.2949982
2025-05-03 15:00:00,94.34,96.7,2.3475037
2025-05-03 16:00:00,94.34,96.7,2.3475037
2025-05-03 17:00:00,94.31,96.6,2.3150024
2025-05-03 18:00:00,94.31,96.6,2.3150024
2025-05-03 19:00:00,94.32,96.6,2.3050003
2025-05-03 20:00:00,94.32,96.56,2.2425003
2025-05-03 21:00:00,94.31,96.56,2.2525024
2025-05-03 22:00:00,94.31,96.6,2.3150024
2025-05-03 23:00:00,94.28,96.56,2.2825012
2025-05-04 00:00:00,94.28,96.56,2.2825012
2025-05-04 01:00:00,94.25,96.56,2.3125
2025-05-04 02:00:00,94.25,96.56,2.3125
2025-05-04 03:00:00,94.23,96.5,2.2699966
2025-05-04 04:00:00,94.23,96.56,2.3324966
2025-05-04 05:00:00,94.22,96.56,2.3424988
2025-05-04 06:00:00,94.22,96.56,2.3424988
2025-05-04 07:00:00,94.23,96.6,2.3949966
2025-05-04 08:00:00,94.23,96.6,2.3949966
2025-05-04 09:00:00,94.27,96.56,2.2925034
2025-05-04 10:00:00,94.27,96.6,2.3550034
2025-05-04 11:00:00,94.31,96.6,2.3150024
2025-05-04 12:00:00,94.31,96.6,2.3150024
2025-05-04 13:00:00,94.35,96.7,2.3375015
2025-05-04 14:00:00,94.35,96.7,2.3375015
2025-05-04 15:00:00,94.36,96.75,2.3899994
2025-05-04 16:00:00,94.36,96.75,2.3899994
2025-05-04 17:00:00,94.34,96.6,2.2850037
2025-05-04 18:00:00,94.34,96.56,2.2225037
2025-05-04 19:00:00,94.34,96.5,2.1600037
2025-05-04 20:00:00,94.34,96.5,2.1600037
2025-05-04 21:00:00,94.32,96.44,2.1175003
2025-05-04 22:00:00,94.32,96.44,2.1175003
2025-05-04 23:00:00,94.31,96.5,2.1900024
2025-05-05 00:00:00,94.31,96.56,2.2525024
2025-05-05 01:00:00,94.31,96.6,2.3150024
2025-05-05 02:00:00,94.31,96.6,2.3150024
2025-05-05 03:00:00,94.3,96.6,2.324997
2025-05-05 04:00:00,94.3,96.7,2.387497
2025-05-05 05:00:00,94.27,96.7,2.4175034
2025-05-05 06:00:00,94.27,96.6,2.3550034
2025-05-05 07:00:00,94.26,96.6,2.3649979
2025-05-05 08:00:00,94.26,96.6,2.3649979
2025-05-05 09:00:00,94.23,96.56,2.3324966
2025-05-05 10:00:00,94.23,96.56,2.3324966
2025-05-05 11:00:00,94.2,96.56,2.362503
2025-05-05 12:00:00,94.2,96.6,2.425003
2025-05-05 13:00:00,94.14,96.6,2.4850006
2025-05-05 14:00:00,94.14,96.56,2.4225006
2025-05-05 15:00:00,94.05,96.56,2.512497
2025-05-05 16:00:00,94.05,96.56,2.512497
2025-05-05 17:00:00,93.95,96.56,2.612503
2025-05-05 18:00:00,93.95,96.5,2.550003
2025-05-05 19:00:00,93.87,96.44,2.5674973
2025-05-05 20:00:00,93.87,96.4,2.5049973
2025-05-05 21:00:00,93.79,96.3,2.522499
2025-05-05 22:00:00,93.79,96.3,2.522499
2025-05-05 23:00:00,93.75,96.25,2.5
2025-05-06 00:00:00,93.75,96.25,2.5
2025-05-06 01:00:00,93.73,96.3,2.5824966
2025-05-06 02:00:00,93.73,96.3,2.5824966
2025-05-06 03:00:00,93.74,96.3,2.5725021
2025-05-06 04:00:00,93.74,96.3,2.5725021
2025-05-06 05:00:00,93.72,96.3,2.5924988
2025-05-06 06:00:00,93.72,96.4,2.6549988
2025-05-06 07:00:00,93.68,96.4,2.6949997
2025-05-06 08:00:00,93.68,96.4,2.6949997
2025-05-06 09:00:00,93.6,96.4,2.7750015
2025-05-06 10:00:00,93.6,96.4,2.7750015
2025-05-06 11:00:00,93.55,96.4,2.824997
2025-05-06 12:00:00,93.55,96.4,2.824997
2025-05-06 13:00:00,93.51,96.4,2.8649979
2025-05-06 14:00:00,93.51,96.4,2.8649979
2025-05-06 15:00:00,93.46,96.4,2.915001
2025-05-06 16:00:00,93.46,96.4,2.915001
2025-05-06 17:00:00,93.39,96.4,2.9850006
2025-05-06 18:00:00,93.39,96.4,2.9850006
2025-05-06 19:00:00,93.33,96.4,3.0449982
2025-05-06 20:00:00,93.33,96.4,3.0449982
2025-05-06 21:00:00,93.28,96.3,3.0325012
2025-05-06 22:00:00,93.28,96.3,3.0325012
2025-05-06 23:00:00,93.22,96.3,3.0924988
2025-05-07 00:00:00,93.22,96.3,3.0924988
2025-05-07 01:00:00,93.2,96.3,3.112503
2025-05-07 02:00:00,93.2,96.4,3.175003
2025-05-07 03:00:00,93.17,96.4,3.2050018
2025-05-07 04:00:00,93.17,96.4,3.2050018
2025-05-07 05:00:00,93.1,96.4,3.2750015
2025-05-07 06:00:00,93.1,96.4,3.2750015
2025-05-07 07:00:00,93.08,96.4,3.2949982
2025-05-07 08:00:00,93.08,96.4,3.2949982
2025-05-07 09:00:00,93.03,96.4,3.3450012
2025-05-07 10:00:00,93.03,96.4,3.3450012
2025-05-07 11:00:00,92.99,96.4,3.3850021
2025-05-07 12:00:00,92.99,96.44,3.4475021
2025-05-07 13:00:00,92.9,96.4,3.4749985
2025-05-07 14:00:00,92.9,96.44,3.5374985
2025-05-07 15:00:00,92.83,96.4,3.5449982
2025-05-07 16:00:00,92.83,96.4,3.5449982
2025-05-07 17:00:00,92.76,96.4,3.6149979
2025-05-07 18:00:00,92.76,96.4,3.6149979
2025-05-07 19:00:00,92.71,96.3,3.602501
2025-05-07 20:00:00,92.71,96.3,3.602501
2025-05-07 21:00:00,92.65,96.25,3.5999985
2025-05-07 22:00:00,92.65,96.25,3.5999985
2025-05-07 23:00:00,92.61,96.25,3.6399994
2025-05-08 00:00:00,92.61,96.25,3.6399994
2025-05-08 01:00:00,92.55,96.25,3.699997
2025-05-08 02:00:00,92.55,96.25,3.699997
2025-05-08 03:00:00,92.51,96.25,3.7399979
2025-05-08 04:00:00,92.51,96.25,3.7399979
2025-05-08 05:00:00,92.49,96.25,3.7600021
2025-05-08 06:00:00,92.49,96.25,3.7600021
2025-05-08 07:00:00,92.46,96.25,3.790001
2025-05-08 08:00:00,92.46,96.25,3.790001
2025-05-08 09:00:00,92.42,96.3,3.8925018
2025-05-08 10:00:00,92.42,96.3,3.8925018
2025-05-08 11:00:00,92.4,96.3,3.9124985
2025-05-08 12:00:00,92.4,96.3,3.9124985
2025-05-08 13:00:00,92.35,96.3,3.9625015
2025-05-08 14:00:00,92.35,96.3,3.9625015
2025-05-08 15:00:00,92.26,96.3,4.052498
2025-05-08 16:00:00,92.26,96.3,4.052498
2025-05-08 17:00:00,92.18,96.3,4.1324997
2025-05-08 18:00:00,92.18,96.25,4.0699997
2025-05-08 19:00:00,92.12,96.25,4.1299973
2025-05-08 20:00:00,92.12,96.25,4.1299973
2025-05-08 21:00:00,92.07,96.25,4.1800003
2025-05-08 22:00:00,92.07,96.25,4.1800003
2025-05-08 23:00:00,92.03,96.2,4.157501
2025-05-09 00:00:00,92.03,96.2,4.157501
2025-05-09 01:00:00,92.02,96.2,4.1675034
2025-05-09 02:00:00,92.02,96.25,4.2300034
2025-05-09 03:00:00,91.99,96.25,4.260002
2025-05-09 04:00:00,91.99,96.25,4.260002
2025-05-09 05:00:00,91.96,96.25,4.290001
2025-05-09 06:00:00,91.96,96.3,4.352501
2025-05-09 07:00:00,91.9,96.3,4.4124985
2025-05-09 08:00:00,91.9,96.3,4.4124985
2025-05-09 09:00:00,91.83,96.3,4.482498
2025-05-09 10:00:00,91.83,96.3,4.482498
2025-05-09 11:00:00,91.75,96.3,4.5625
2025-05-09 12:00:00,91.75,96.3,4.5625
2025-05-09 13:00:00,91.68,96.25,4.5699997
2025-05-09 14:00:00,91.68,96.25,4.5699997
2025-05-09 15:00:00,91.6,96.25,4.6500015
2025-05-09 16:00:00,91.6,96.25,4.6500015
2025-05-09 17:00:00,91.54,96.2,4.647499
2025-05-09 18:00:00,91.54,96.25,4.709999
2025-05-09 19:00:00,91.5,96.25,4.75
2025-05-09 20:00:00,91.5,96.2,4.6875
2025-05-09 21:00:00,91.48,96.2,4.7074966
2025-05-09 22:00:00,91.48,96.2,4.7074966
2025-05-09 23:00:00,91.4,96.2,4.7874985
2025-05-10 00:00:00,91.4,96.25,4.8499985
2025-05-10 01:00:00,91.36,96.2,4.8274994
2025-05-10 02:00:00,91.36,96.2,4.8274994
2025-05-10 03:00:00,91.32,96.25,4.9300003
2025-05-10 04:00:00,91.32,96.25,4.9300003
2025-05-10 05:00:00,91.27,96.2,4.9175034
2025-05-10 06:00:00,91.27,96.2,4.9175034
2025-05-10 07:00:00,91.24,96.25,5.010002
2025-05-10 08:00:00,91.24,96.25,5.010002
2025-05-10 09:00:00,91.2,96.25,5.050003
2025-05-10 10:00:00,91.2,96.25,5.050003
2025-05-10 11:00:00,91.14,96.25,5.1100006
2025-05-10 12:00:00,91.14,96.25,5.1100006
2025-05-10 13:00:00,91.1,96.25,5.1500015
2025-05-10 14:00:00,91.1,96.3,5.2125015
2025-05-10 15:00:00,91.03,96.25,5.220001
2025-05-10 16:00:00,91.03,96.25,5.220001
2025-05-10 17:00:00,90.97,96.25,5.279999
2025-05-10 18:00:00,90.97,96.25,5.279999
2025-05-10 19:00:00,90.92,96.25,5.330002
2025-05-10 20:00:00,90.92,96.2,5.267502
2025-05-10 21:00:00,90.88,96.2,5.3075027
2025-05-10 22:00:00,90.88,96.25,5.3700027
2025-05-10 23:00:00,90.81,96.25,5.4400024
2025-05-11 00:00:00,90.81,96.3,5.5025024
2025-05-11 01:00:00,90.78,96.25,5.470001
2025-05-11 02:00:00,90.78,96.25,5.470001
2025-05-11 03:00:00,90.75,96.4,5.625
2025-05-11 04:00:00,90.75,96.3,5.5625
2025-05-11 05:00:00,90.74,96.2,5.447502
2025-05-11 06:00:00,90.74,96.25,5.510002
2025-05-11 07:00:00,90.73,96.3,5.5824966
2025-05-11 08:00:00,90.73,96.25,5.5199966
2025-05-11 09:00:00,90.75,96.25,5.5
2025-05-11 10:00:00,90.75,96.25,5.5
2025-05-11 11:00:00,90.76,96.3,5.552498
2025-05-11 12:00:00,90.76,96.25,5.489998
2025-05-11 13:00:00,90.75,96.3,5.5625
2025-05-11 14:00:00,90.75,96.3,5.5625
2025-05-11 15:00:00,90.75,96.3,5.5625
2025-05-11 16:00:00,90.75,96.3,5.5625
2025-05-11 17:00:00,90.69,96.3,5.6224976
2025-05-11 18:00:00,90.69,96.3,5.6224976
2025-05-11 19:00:00,90.62,96.3,5.6924973
2025-05-11 20:00:00,90.62,96.3,5.6924973
2025-05-11 21:00:00,90.53,96.3,5.782501
2025-05-11 22:00:00,90.53,96.3,5.782501
2025-05-11 23:00:00,90.44,96.3,5.8724976
2025-05-12 00:00:00,90.44,96.3,5.8724976
2025-05-12 01:00:00,90.41,96.3,5.9024963
2025-05-12 02:00:00,90.41,96.3,5.9024963
2025-05-12 03:00:00,90.41,96.3,5.9024963
2025-05-12 04:00:00,90.41,96.3,5.9024963
2025-05-12 05:00:00,90.4,96.25,5.8499985
2025-05-12 06:00:00,90.4,96.25,5.8499985
2025-05-12 07:00:00,90.37,96.25,5.8799973
2025-05-12 08:00:00,90.37,96.25,5.8799973
2025-05-12 09:00:00,90.32,96.3,5.9925003
2025-05-12 10:00:00,90.32,96.3,5.9925003
2025-05-12 11:00:00,90.3,96.3,6.012497
2025-05-12 12:00:00,90.3,96.4,6.074997
2025-05-12 13:00:00,90.25,96.4,6.125
2025-05-12 14:00:00,90.25,96.4,6.125
2025-05-12 15:00:00,90.16,96.4,6.2149963
2025-05-12 16:00:00,90.16,96.3,6.1524963
2025-05-12 17:00:00,90.1,96.25,6.1500015
2025-05-12 18:00:00,90.1,96.25,6.1500015
2025-05-12 19:00:00,90.03,96.25,6.220001
2025-05-12 20:00:00,90.03,96.25,6.220001
2025-05-12 21:00:00,89.96,96.25,6.290001
2025-05-12 22:00:00,89.96,96.2,6.227501
2025-05-12 23:00:00,89.91,96.25,6.3399963
2025-05-13 00:00:00,89.91,96.2,6.2774963
2025-05-13 01:00:00,89.89,96.25,6.3600006
2025-05-13 02:00:00,89.89,96.25,6.3600006
2025-05-13 03:00:00,89.9,96.25,6.3499985
2025-05-13 04:00:00,89.9,96.25,6.3499985
2025-05-13 05:00:00,89.91,96.25,6.3399963
2025-05-13 06:00:00,89.91,96.25,6.3399963
2025-05-13 07:00:00,89.92,96.3,6.392502
2025-05-13 08:00:00,89.92,96.3,6.392502
2025-05-13 09:00:00,89.92,96.3,6.392502
2025-05-13 10:00:00,89.92,96.3,6.392502
2025-05-13 11:00:00,89.94,96.3,6.3724976
2025-05-13 12:00:00,89.94,96.3,6.3724976
2025-05-13 13:00:00,89.93,96.3,6.3824997
2025-05-13 14:00:00,89.93,96.3,6.3824997
2025-05-13 15:00:00,89.91,96.3,6.4024963
2025-05-13 16:00:00,89.91,96.25,6.3399963
2025-05-13 17:00:00,89.87,96.25,6.3799973
2025-05-13 18:00:00,89.87,96.25,6.3799973
2025-05-13 19:00:00,89.8,96.25,6.449997
2025-05-13 20:00:00,89.8,96.2,6.387497
2025-05-13 21:00:00,89.75,96.2,6.4375
2025-05-13 22:00:00,89.75,96.2,6.4375
2025-05-13 23:00:00,89.67,96.2,6.517502
2025-05-14 00:00:00,89.67,96.2,6.517502
2025-05-14 01:00:00,89.62,96.2,6.5674973
2025-05-14 02:00:00,89.62,96.2,6.5674973
2025-05-14 03:00:00,89.57,96.2,6.6175003
2025-05-14 04:00:00,89.57,96.2,6.6175003
2025-05-14 05:00:00,89.5,96.2,6.6875
2025-05-14 06:00:00,89.5,96.2,6.6875
2025-05-14 07:00:00,89.45,96.2,6.737503
2025-05-14 08:00:00,89.45,96.2,6.737503
2025-05-14 09:00:00,89.41,96.2,6.7774963
2025-05-14 10:00:00,89.41,96.2,6.7774963
2025-05-14 11:00:00,89.39,96.2,6.7975006
2025-05-14 12:00:00,89.39,96.2,6.7975006
2025-05-14 13:00:00,89.38,96.2,6.8075027
2025-05-14 14:00:00,89.38,96.2,6.8075027
2025-05-14 15:00:00,89.33,96.2,6.857498
2025-05-14 16:00:00,89.33,96.2,6.857498
2025-05-14 17:00:00,89.25,96.2,6.9375
2025-05-14 18:00:00,89.25,96.2,6.9375
2025-05-14 19:00:00,89.17,96.2,7.017502
2025-05-14 20:00:00,89.17,96.2,7.017502
2025-05-14 21:00:00,89.1,96.2,7.0875015
2025-05-14 22:00:00,89.1,96.2,7.0875015
2025-05-14 23:00:00,89.01,96.2,7.177498
2025-05-15 00:00:00,89.01,96.2,7.177498
2025-05-15 01:00:00,88.95,96.2,7.237503
2025-05-15 02:00:00,88.95,96.2,7.237503
2025-05-15 03:00:00,88.92,96.2,7.267502
2025-05-15 04:00:00,88.92,96.2,7.267502
2025-05-15 05:00:00,88.9,96.2,7.2874985
2025-05-15 06:00:00,88.9,96.2,7.2874985
2025-05-15 07:00:00,88.89,96.2,7.2975006
2025-05-15 08:00:00,88.89,96.2,7.2975006
2025-05-15 09:00:00,88.89,96.2,7.2975006
2025-05-15 10:00:00,88.89,96.2,7.2975006
2025-05-15 11:00:00,88.9,96.2,7.2874985
2025-05-15 12:00:00,88.9,96.2,7.2874985
2025-05-15 13:00:00,88.93,96.2,7.2574997
2025-05-15 14:00:00,88.93,96.2,7.2574997
2025-05-15 15:00:00,88.9,96.2,7.2874985
2025-05-15 16:00:00,88.9,96.2,7.2874985
2025-05-15 17:00:00,88.83,96.2,7.357498
2025-05-15 18:00:00,88.83,96.2,7.357498
2025-05-15 19:00:00,88.83,96.2,7.357498
2025-05-15 20:00:00,88.83,96.2,7.357498
2025-05-15 21:00:00,88.85,96.2,7.3375015
2025-05-15 22:00:00,88.85,96.2,7.3375015
2025-05-15 23:00:00,88.86,96.2,7.3274994
2025-05-16 00:00:00,88.86,96.2,7.3274994
2025-05-16 01:00:00,88.86,96.2,7.3274994
2025-05-16 02:00:00,88.86,96.2,7.3274994
2025-05-16 03:00:00,88.9,96.2,7.2874985
2025-05-16 04:00:00,88.9,96.2,7.2874985
2025-05-16 05:00:00,88.91,96.2,7.2774963
2025-05-16 06:00:00,88.91,96.2,7.2774963
2025-05-16 07:00:00,88.91,96.2,7.2774963
2025-05-16 08:00:00,88.91,96.2,7.2774963
2025-05-16 09:00:00,88.91,96.2,7.2774963
2025-05-16 10:00:00,88.91,96.2,7.2774963
2025-05-16 11:00:00,88.93,96.2,7.2574997
2025-05-16 12:00:00,88.93,96.2,7.2574997
2025-05-16 13:00:00,88.92,96.2,7.267502
2025-05-16 14:00:00,88.92,96.2,7.267502
2025-05-16 15:00:00,88.9,96.2,7.2874985
2025-05-16 16:00:00,88.9,96.2,7.2874985
2025-05-16 17:00:00,88.87,96.2,7.3174973
2025-05-16 18:00:00,88.87,96.2,7.3174973
2025-05-16 19:00:00,88.84,96.2,7.3475037
2025-05-16 20:00:00,88.84,96.2,7.3475037
2025-05-16 21:00:00,88.83,96.2,7.357498
2025-05-16 22:00:00,88.83,96.2,7.357498
2025-05-16 23:00:00,88.86,96.2,7.3274994
2025-05-17 00:00:00,88.86,96.2,7.3274994
2025-05-17 01:00:00,88.86,96.2,7.3274994
2025-05-17 02:00:00,88.86,96.2,7.3274994
2025-05-17 03:00:00,88.86,96.2,7.3274994
2025-05-17 04:00:00,88.86,96.2,7.3274994
2025-05-17 05:00:00,88.86,96.2,7.3274994
2025-05-17 06:00:00,88.86,96.2,7.3274994
2025-05-17 07:00:00,88.86,96.2,7.3274994
2025-05-17 08:00:00,88.86,96.2,7.3274994
2025-05-17 09:00:00,88.86,96.2,7.3274994
2025-05-17 10:00:00,88.86,96.2,7.3274994
2025-05-17 11:00:00,88.86,96.2,7.3274994
2025-05-17 12:00:00,88.86,96.2,7.3274994
2025-05-17 13:00:00,88.86,96.2,7.3274994
2025-05-17 14:00:00,88.86,96.2,7.3274994
2025-05-17 15:00:00,88.86,96.2,7.3274994
2025-05-17 16:00:00,88.86,96.25,7.3899994
2025-05-17 17:00:00,88.86,96.2,7.3274994
2025-05-17 18:00:00,88.86,96.25,7.3899994
2025-05-17 19:00:00,88.86,96.25,7.3899994
2025-05-17 20:00:00,88.86,96.2,7.3274994
2025-05-17 21:00:00,88.86,96.2,7.3274994
2025-05-17 22:00:00,88.86,96.25,7.3899994
2025-05-17 23:00:00,88.86,96.25,7.3899994
2025-05-18 00:00:00,88.86,96.2,7.3274994
2025-05-18 01:00:00,88.96,96.2,7.227501
2025-05-18 02:00:00,88.96,96.25,7.290001
2025-05-18 03:00:00,88.95,96.25,7.300003
2025-05-18 04:00:00,88.95,96.2,7.237503
2025-05-18 05:00:00,88.94,96.25,7.3099976
2025-05-18 06:00:00,88.94,96.25,7.3099976
2025-05-18 07:00:00,88.94,96.25,7.3099976
2025-05-18 08:00:00,88.94,96.2,7.2474976
2025-05-18 09:00:00,88.93,96.2,7.2574997
2025-05-18 10:00:00,88.93,96.2,7.2574997
2025-05-18 11:00:00,88.93,96.2,7.2574997
2025-05-18 12:00:00,88.93,96.2,7.2574997
2025-05-18 13:00:00,88.92,96.2,7.267502
2025-05-18 14:00:00,88.92,96.2,7.267502
2025-05-18 15:00:00,88.94,96.2,7.2474976
2025-05-18 16:00:00,88.94,96.2,7.2474976
2025-05-18 17:00:00,88.95,96.2,7.237503
2025-05-18 18:00:00,88.95,96.2,7.237503
2025-05-18 19:00:00,88.95,96.2,7.237503
2025-05-18 20:00:00,88.95,96.2,7.237503
2025-05-18 21:00:00,88.9,96.2,7.2874985
2025-05-18 22:00:00,88.9,96.2,7.2874985
2025-05-18 23:00:00,88.86,96.2,7.3274994
2025-05-19 00:00:00,88.86,96.2,7.3274994
2025-05-19 01:00:00,88.85,96.2,7.3375015
2025-05-19 02:00:00,88.85,96.2,7.3375015
2025-05-19 03:00:00,88.85,96.2,7.3375015
2025-05-19 04:00:00,88.85,96.2,7.3375015
2025-05-19 05:00:00,88.87,96.2,7.3174973
2025-05-19 06:00:00,88.87,96.2,7.3174973
2025-05-19 07:00:00,88.89,96.2,7.2975006
2025-05-19 08:00:00,88.89,96.2,7.2975006
2025-05-19 09:00:00,88.9,96.2,7.2874985
2025-05-19 10:00:00,88.9,96.2,7.2874985
2025-05-19 11:00:00,88.92,96.2,7.267502
2025-05-19 12:00:00,88.92,96.2,7.267502
2025-05-19 13:00:00,88.95,96.2,7.237503
2025-05-19 14:00:00,88.95,96.2,7.237503
2025-05-19 15:00:00,88.93,96.2,7.2574997
2025-05-19 16:00:00,88.93,96.2,7.2574997
2025-05-19 17:00:00,88.9,96.2,7.2874985
2025-05-19 18:00:00,88.9,96.2,7.2874985
2025-05-19 19:00:00,88.88,96.2,7.3075027
2025-05-19 20:00:00,88.88,96.2,7.3075027
2025-05-19 21:00:00,88.89,96.2,7.2975006
2025-05-19 22:00:00,88.89,96.2,7.2975006
2025-05-19 23:00:00,88.92,96.2,7.267502
2025-05-20 00:00:00,88.92,96.2,7.267502
2025-05-20 01:00:00,88.95,96.2,7.237503
2025-05-20 02:00:00,88.95,96.2,7.237503
2025-05-20 03:00:00,88.98,96.2,7.2074966
2025-05-20 04:00:00,88.98,96.2,7.2074966
2025-05-20 05:00:00,88.98,96.2,7.2074966
2025-05-20 06:00:00,88.98,96.25,7.2699966
2025-05-20 07:00:00,88.97,96.25,7.279999
2025-05-20 08:00:00,88.97,96.25,7.279999
2025-05-20 09:00:00,88.95,96.25,7.300003
2025-05-20 10:00:00,88.95,96.25,7.300003
2025-05-20 11:00:00,88.93,96.25,7.3199997
2025-05-20 12:00:00,88.93,96.25,7.3199997
2025-05-20 13:00:00,88.9,96.25,7.3499985
2025-05-20 14:00:00,88.9,96.25,7.3499985
2025-05-20 15:00:00,88.88,96.25,7.3700027
2025-05-20 16:00:00,88.88,96.25,7.3700027
2025-05-20 17:00:00,88.86,96.2,7.3274994
2025-05-20 18:00:00,88.86,96.2,7.3274994
2025-05-20 19:00:00,88.85,96.2,7.3375015
2025-05-20 20:00:00,88.85,96.2,7.3375015
2025-05-20 21:00:00,88.83,96.2,7.357498
2025-05-20 22:00:00,88.83,96.2,7.357498
2025-05-20 23:00:00,88.8,96.2,7.387497
2025-05-21 00:00:00,88.8,96.2,7.387497
2025-05-21 01:00:00,88.79,96.2,7.397499
2025-05-21 02:00:00,88.79,96.2,7.397499
2025-05-21 03:00:00,88.81,96.2,7.3775024
2025-05-21 04:00:00,88.81,96.2,7.3775024
2025-05-21 05:00:00,88.86,96.2,7.3274994
2025-05-21 06:00:00,88.86,96.2,7.3274994
2025-05-21 07:00:00,88.92,96.2,7.267502
2025-05-21 08:00:00,88.92,96.2,7.267502
2025-05-21 09:00:00,88.96,96.25,7.290001
2025-05-21 10:00:00,88.96,96.25,7.290001
2025-05-21 11:00:00,88.96,96.25,7.290001
2025-05-21 12:00:00,88.96,96.25,7.290001
2025-05-21 13:00:00,88.96,96.25,7.290001
2025-05-21 14:00:00,88.96,96.25,7.290001
2025-05-21 15:00:00,88.96,96.25,7.290001
2025-05-21 16:00:00,88.96,96.25,7.290001
2025-05-21 17:00:00,88.96,96.25,7.290001
2025-05-21 18:00:00,88.95,96.2,7.237503
2025-05-21 19:00:00,88.94,96.2,7.2474976
2025-05-21 20:00:00,88.93,96.2,7.2574997
2025-05-21 21:00:00,88.92,96.25,7.330002
2025-05-21 22:00:00,88.92,96.2,7.267502
2025-05-21 23:00:00,88.91,96.2,7.2774963
2025-05-22 00:00:00,88.9,96.2,7.2874985
2025-05-22 01:00:00,88.9,96.2,7.2874985
2025-05-22 02:00:00,88.89,96.2,7.2975006
2025-05-22 03:00:00,88.88,96.2,7.3075027
2025-05-22 04:00:00,88.88,96.2,7.3075027
2025-05-22 05:00:00,88.88,96.2,7.3075027
2025-05-22 06:00:00,88.88,96.2,7.3075027
2025-05-22 07:00:00,88.88,96.25,7.3700027
2025-05-22 08:00:00,88.88,96.25,7.3700027
2025-05-22 09:00:00,88.88,96.25,7.3700027
2025-05-22 10:00:00,88.88,96.25,7.3700027
2025-05-22 11:00:00,88.88,96.25,7.3700027
2025-05-22 12:00:00,88.88,96.25,7.3700027
2025-05-22 13:00:00,88.87,96.25,7.3799973
2025-05-22 14:00:00,88.87,96.25,7.3799973
2025-05-22 15:00:00,88.86,96.25,7.3899994
2025-05-22 16:00:00,88.86,96.2,7.3274994
2025-05-22 17:00:00,88.85,96.2,7.3375015
2025-05-22 18:00:00,88.85,96.25,7.4000015
2025-05-22 19:00:00,88.85,96.2,7.3375015
2025-05-22 20:00:00,88.85,96.2,7.3375015
2025-05-22 21:00:00,88.86,96.2,7.3274994
2025-05-22 22:00:00,88.86,96.2,7.3274994
2025-05-22 23:00:00,88.86,96.2,7.3274994
2025-05-23 00:00:00,88.86,96.2,7.3274994
2025-05-23 01:00:00,88.86,96.2,7.3274994
2025-05-23 02:00:00,88.86,96.2,7.3274994
2025-05-23 03:00:00,88.87,96.2,7.3174973
2025-05-23 04:00:00,88.87,96.2,7.3174973
2025-05-23 05:00:00,88.88,96.25,7.3700027
2025-05-23 06:00:00,88.88,96.25,7.3700027
2025-05-23 07:00:00,88.89,96.25,7.3600006
2025-05-23 08:00:00,88.89,96.25,7.3600006
2025-05-23 09:00:00,88.9,96.25,7.3499985
2025-05-23 10:00:00,88.9,96.25,7.3499985
2025-05-23 11:00:00,88.9,96.25,7.3499985
2025-05-23 12:00:00,88.9,96.25,7.3499985
2025-05-23 13:00:00,88.88,96.25,7.3700027
2025-05-23 14:00:00,88.88,96.25,7.3700027
2025-05-23 15:00:00,88.87,96.25,7.3799973
2025-05-23 16:00:00,88.87,96.25,7.3799973
2025-05-23 17:00:00,88.85,96.25,7.4000015
2025-05-23 18:00:00,88.85,96.25,7.4000015
2025-05-23 19:00:00,88.82,96.25,7.4300003
2025-05-23 20:00:00,88.82,96.25,7.4300003
2025-05-23 21:00:00,88.77,96.25,7.4800034
2025-05-23 22:00:00,88.77,96.25,7.4800034
2025-05-23 23:00:00,88.76,96.25,7.489998
2025-05-24 00:00:00,88.76,96.2,7.427498
2025-05-24 01:00:00,88.74,96.25,7.510002
2025-05-24 02:00:00,88.74,96.25,7.510002
2025-05-24 03:00:00,88.74,96.25,7.510002
2025-05-24 04:00:00,88.74,96.25,7.510002
2025-05-24 05:00:00,88.74,96.25,7.510002
2025-05-24 06:00:00,88.74,96.25,7.510002
2025-05-24 07:00:00,88.74,96.25,7.510002
2025-05-24 08:00:00,88.74,96.2,7.447502
2025-05-24 09:00:00,88.74,96.25,7.510002
2025-05-24 10:00:00,88.74,96.25,7.510002
2025-05-24 11:00:00,88.74,96.2,7.447502
2025-05-24 12:00:00,88.74,96.2,7.447502
2025-05-24 13:00:00,88.74,96.2,7.447502
2025-05-24 14:00:00,88.74,96.25,7.510002
2025-05-24 15:00:00,88.74,96.25,7.510002
2025-05-24 16:00:00,88.74,96.25,7.510002
2025-05-24 17:00:00,88.74,96.25,7.510002
2025-05-24 18:00:00,88.74,96.25,7.510002
2025-05-24 19:00:00,88.74,96.25,7.510002
2025-05-24 20:00:00,88.74,96.3,7.572502
2025-05-24 21:00:00,88.74,96.3,7.572502
2025-05-24 22:00:00,88.74,96.3,7.572502
2025-05-24 23:00:00,88.74,96.3,7.572502
2025-05-25 00:00:00,88.74,96.3,7.572502
2025-05-25 01:00:00,88.74,96.3,7.572502
2025-05-25 02:00:00,88.74,96.3,7.572502
2025-05-25 03:00:00,88.74,96.3,7.572502
2025-05-25 04:00:00,88.74,96.3,7.572502
2025-05-25 05:00:00,88.74,96.3,7.572502
2025-05-25 06:00:00,88.74,96.3,7.572502
2025-05-25 07:00:00,88.74,96.3,7.572502
2025-05-25 08:00:00,88.74,96.3,7.572502
2025-05-25 09:00:00,88.74,96.3,7.572502
2025-05-25 10:00:00,88.74,96.3,7.572502
2025-05-25 11:00:00,88.74,96.3,7.572502
2025-05-25 12:00:00,88.74,96.3,7.572502
2025-05-25 13:00:00,88.74,96.4,7.635002
2025-05-25 14:00:00,88.74,96.3,7.572502
2025-05-25 15:00:00,88.74,96.3,7.572502
2025-05-25 16:00:00,88.74,96.3,7.572502
2025-05-25 17:00:00,88.74,96.4,7.635002
2025-05-25 18:00:00,88.74,96.4,7.635002
2025-05-25 19:00:00,88.74,96.4,7.635002
2025-05-25 20:00:00,88.74,96.3,7.572502
2025-05-25 21:00:00,88.74,96.3,7.572502
2025-05-25 22:00:00,88.74,96.3,7.572502
2025-05-25 23:00:00,88.74,96.3,7.572502
2025-05-26 00:00:00,88.74,96.3,7.572502
2025-05-26 01:00:00,88.3,96.3,8.012497
2025-05-26 02:00:00,88.3,96.3,8.012497
2025-05-26 03:00:00,88.23,96.3,8.082497
2025-05-26 04:00:00,88.23,96.3,8.082497
2025-05-26 05:00:00,88.19,96.3,8.122498
2025-05-26 06:00:00,88.19,96.25,8.059998
2025-05-26 07:00:00,88.14,96.3,8.172501
2025-05-26 08:00:00,88.14,96.3,8.172501
2025-05-26 09:00:00,88.12,96.3,8.192497
2025-05-26 10:00:00,88.12,96.3,8.192497
2025-05-26 11:00:00,88.08,96.3,8.232498
2025-05-26 12:00:00,88.08,96.3,8.232498
2025-05-26 13:00:00,88.04,96.3,8.272499
2025-05-26 14:00:00,88.04,96.3,8.272499
2025-05-26 15:00:00,87.98,96.3,8.332497
2025-05-26 16:00:00,87.98,96.3,8.332497
2025-05-26 17:00:00,87.92,96.3,8.392502
2025-05-26 18:00:00,87.92,96.25,8.330002
2025-05-26 19:00:00,87.88,96.25,8.370003
2025-05-26 20:00:00,87.88,96.25,8.370003
2025-05-26 21:00:00,87.84,96.25,8.410004
2025-05-26 22:00:00,87.84,96.25,8.410004
2025-05-26 23:00:00,87.79,96.25,8.459999
2025-05-27 00:00:00,87.79,96.25,8.459999
2025-05-27 01:00:00,87.74,96.25,8.510002
2025-05-27 02:00:00,87.74,96.25,8.510002
2025-05-27 03:00:00,87.69,96.25,8.559998
2025-05-27 04:00:00,87.69,96.25,8.559998
2025-05-27 05:00:00,87.64,96.25,8.610001
2025-05-27 06:00:00,87.64,96.25,8.610001
2025-05-27 07:00:00,87.6,96.25,8.650002
2025-05-27 08:00:00,87.6,96.25,8.650002
2025-05-27 09:00:00,87.55,96.25,8.699997
2025-05-27 10:00:00,87.55,96.25,8.699997
2025-05-27 11:00:00,87.5,96.25,8.75
2025-05-27 12:00:00,87.5,96.25,8.75
2025-05-27 13:00:00,87.46,96.25,8.790001
2025-05-27 14:00:00,87.46,96.25,8.790001
2025-05-27 15:00:00,87.42,96.25,8.830002
2025-05-27 16:00:00,87.42,96.25,8.830002
2025-05-27 17:00:00,87.38,96.2,8.807503
2025-05-27 18:00:00,87.38,96.25,8.870003
2025-05-27 19:00:00,87.34,96.25,8.910004
2025-05-27 20:00:00,87.34,96.25,8.910004
2025-05-27 21:00:00,87.3,96.25,8.949997
2025-05-27 22:00:00,87.3,96.2,8.887497
2025-05-27 23:00:00,87.27,96.25,8.980003
2025-05-28 00:00:00,87.27,96.25,8.980003
2025-05-28 01:00:00,87.25,96.25,9.0
2025-05-28 02:00:00,87.25,96.25,9.0
2025-05-28 03:00:00,87.24,96.25,9.010002
2025-05-28 04:00:00,87.24,96.25,9.010002
2025-05-28 05:00:00,87.23,96.25,9.019997
2025-05-28 06:00:00,87.23,96.25,9.019997
2025-05-28 07:00:00,87.23,96.25,9.019997
2025-05-28 08:00:00,87.23,96.25,9.019997
2025-05-28 09:00:00,87.23,96.25,9.019997
2025-05-28 10:00:00,87.23,96.25,9.019997
2025-05-28 11:00:00,87.23,96.25,9.019997
2025-05-28 12:00:00,87.23,96.25,9.019997
2025-05-28 13:00:00,87.23,96.25,9.019997
2025-05-28 14:00:00,87.23,96.25,9.019997
2025-05-28 15:00:00,87.23,96.25,9.019997
2025-05-28 16:00:00,87.23,96.25,9.019997
2025-05-28 17:00:00,87.23,96.2,8.957497
2025-05-28 18:00:00,87.23,96.2,8.957497
2025-05-28 19:00:00,87.23,96.2,8.957497
2025-05-28 20:00:00,87.23,96.2,8.957497
2025-05-28 21:00:00,87.23,96.2,8.957497
2025-05-28 22:00:00,87.23,96.2,8.957497
2025-05-28 23:00:00,87.23,96.2,8.957497
2025-05-29 00:00:00,87.23,96.2,8.957497
2025-05-29 01:00:00,87.23,96.2,8.957497
2025-05-29 02:00:00,87.23,96.2,8.957497
2025-05-29 03:00:00,87.22,96.2,8.967499
2025-05-29 04:00:00,87.22,96.2,8.967499
2025-05-29 05:00:00,87.22,96.2,8.967499
2025-05-29 06:00:00,87.22,96.2,8.967499
2025-05-29 07:00:00,87.23,96.2,8.957497
2025-05-29 08:00:00,87.23,96.2,8.957497
2025-05-29 09:00:00,87.24,96.2,8.947502
2025-05-29 10:00:00,87.24,96.25,9.010002
2025-05-29 11:00:00,87.25,96.25,9.0
2025-05-29 12:00:00,87.25,96.25,9.0
2025-05-29 13:00:00,87.24,96.25,9.010002
2025-05-29 14:00:00,87.24,96.25,9.010002
2025-05-29 15:00:00,87.23,96.25,9.019997
2025-05-29 16:00:00,87.23,96.2,8.957497
2025-05-29 17:00:00,87.23,96.25,9.019997
2025-05-29 18:00:00,87.23,96.25,9.019997
2025-05-29 19:00:00,87.22,96.2,8.967499
2025-05-29 20:00:00,87.22,96.2,8.967499
2025-05-29 21:00:00,87.2,96.25,9.050003
2025-05-29 22:00:00,87.2,96.2,8.987503
2025-05-29 23:00:00,87.18,96.2,9.0075
2025-05-30 00:00:00,87.18,96.2,9.0075
2025-05-30 01:00:00,87.13,96.2,9.057503
2025-05-30 02:00:00,87.13,96.2,9.057503
2025-05-30 03:00:00,87.11,96.25,9.139999
2025-05-30 04:00:00,87.11,96.25,9.139999
2025-05-30 05:00:00,87.12,96.25,9.129997
2025-05-30 06:00:00,87.12,96.25,9.129997
2025-05-30 07:00:00,87.12,96.25,9.129997
2025-05-30 08:00:00,87.12,96.2,9.067497
2025-05-30 09:00:00,87.1,96.2,9.087502
2025-05-30 10:00:00,87.1,96.25,9.150002
2025-05-30 11:00:00,87.08,96.25,9.169998
2025-05-30 12:00:00,87.08,96.25,9.169998
2025-05-30 13:00:00,87.04,96.25,9.209999
2025-05-30 14:00:00,87.04,96.25,9.209999
2025-05-30 15:00:00,87.0,96.25,9.25
2025-05-30 16:00:00,87.0,96.25,9.25
2025-05-30 17:00:00,86.94,96.25,9.309998
2025-05-30 18:00:00,86.94,96.2,9.247498
2025-05-30 19:00:00,86.87,96.2,9.317497
2025-05-30 20:00:00,86.87,96.2,9.317497
2025-05-30 21:00:00,86.84,96.2,9.347504
2025-05-30 22:00:00,86.84,96.2,9.347504
2025-05-30 23:00:00,86.81,96.2,9.377502
2025-05-31 00:00:00,86.81,96.2,9.377502
2025-05-31 01:00:00,86.78,96.2,9.407501
2025-05-31 02:00:00,86.78,96.2,9.407501
2025-05-31 03:00:00,86.77,96.2,9.417503
2025-05-31 04:00:00,86.77,96.2,9.417503
2025-05-31 05:00:00,86.76,96.2,9.427498
2025-05-31 06:00:00,86.76,96.2,9.427498
2025-05-31 07:00:00,86.72,96.2,9.467499
2025-05-31 08:00:00,86.72,96.2,9.467499
2025-05-31 09:00:00,86.69,96.2,9.497498
2025-05-31 10:00:00,86.69,96.2,9.497498
2025-05-31 11:00:00,86.66,96.2,9.527496
2025-05-31 12:00:00,86.66,96.2,9.527496
2025-05-31 13:00:00,86.63,96.2,9.557503
2025-05-31 14:00:00,86.63,96.2,9.557503
2025-05-31 15:00:00,86.59,96.2,9.597504
2025-05-31 16:00:00,86.59,96.2,9.597504
2025-05-31 17:00:00,86.55,96.2,9.637497
2025-05-31 18:00:00,86.55,96.2,9.637497
2025-05-31 19:00:00,86.53,96.2,9.657501
2025-05-31 20:00:00,86.53,96.2,9.657501
2025-05-31 21:00:00,86.52,96.2,9.667503
2025-05-31 22:00:00,86.52,96.2,9.667503
2025-05-31 23:00:00,86.5,96.2,9.6875
2025-06-01 00:00:00,86.5,96.2,9.6875
2025-06-01 01:00:00,86.47,96.1,9.654999
2025-06-01 02:00:00,86.47,96.2,9.717499
2025-06-01 03:00:00,86.44,96.1,9.684998
2025-06-01 04:00:00,86.44,96.2,9.747498
2025-06-01 05:00:00,86.42,96.2,9.767502
2025-06-01 06:00:00,86.42,96.2,9.767502
2025-06-01 07:00:00,86.43,96.2,9.7575
2025-06-01 08:00:00,86.43,96.2,9.7575
2025-06-01 09:00:00,86.43,96.2,9.7575
2025-06-01 10:00:00,86.43,96.2,9.7575
2025-06-01 11:00:00,86.43,96.2,9.7575
2025-06-01 12:00:00,86.43,96.2,9.7575
2025-06-01 13:00:00,86.4,96.2,9.787498
2025-06-01 14:00:00,86.4,96.2,9.787498
2025-06-01 15:00:00,86.36,96.2,9.827499
2025-06-01 16:00:00,86.36,96.2,9.827499
2025-06-01 17:00:00,86.3,96.2,9.887497
2025-06-01 18:00:00,86.3,96.2,9.887497
2025-06-01 19:00:00,86.23,96.2,9.957497
2025-06-01 20:00:00,86.23,96.1,9.894997
2025-06-01 21:00:00,86.15,96.1,9.974998
2025-06-01 22:00:00,86.15,96.1,9.974998
2025-06-01 23:00:00,86.07,96.1,10.055
2025-06-02 00:00:00,86.07,96.1,10.055
2025-06-02 01:00:00,85.99,96.2,10.197502
2025-06-02 02:00:00,85.99,96.2,10.197502
2025-06-02 03:00:00,85.92,96.2,10.267502
2025-06-02 04:00:00,85.92,96.2,10.267502
2025-06-02 05:00:00,85.88,96.2,10.307503
2025-06-02 06:00:00,85.88,96.2,10.307503
2025-06-02 07:00:00,85.87,96.2,10.317497
2025-06-02 08:00:00,85.87,96.2,10.317497
2025-06-02 09:00:00,85.86,96.2,10.327499
2025-06-02 10:00:00,85.86,96.2,10.327499
2025-06-02 11:00:00,85.81,96.2,10.377502
2025-06-02 12:00:00,85.81,96.2,10.377502
2025-06-02 13:00:00,85.74,96.2,10.447502
2025-06-02 14:00:00,85.74,96.2,10.447502
2025-06-02 15:00:00,85.69,96.2,10.497498
2025-06-02 16:00:00,85.69,96.2,10.497498
2025-06-02 17:00:00,85.7,96.2,10.487503
2025-06-02 18:00:00,85.7,96.2,10.487503
2025-06-02 19:00:00,85.66,96.2,10.527496
2025-06-02 20:00:00,85.66,96.2,10.527496
2025-06-02 21:00:00,85.64,96.2,10.547501
2025-06-02 22:00:00,85.64,96.2,10.547501
2025-06-02 23:00:00,85.58,96.2,10.607498
2025-06-03 00:00:00,85.58,96.2,10.607498
2025-06-03 01:00:00,85.57,96.2,10.6175
2025-06-03 02:00:00,85.57,96.2,10.6175
2025-06-03 03:00:00,85.57,96.2,10.6175
2025-06-03 04:00:00,85.57,96.2,10.6175
2025-06-03 05:00:00,85.57,96.2,10.6175
2025-06-03 06:00:00,85.57,96.2,10.6175
2025-06-03 07:00:00,85.57,96.2,10.6175
2025-06-03 08:00:00,85.57,96.2,10.6175
2025-06-03 09:00:00,85.57,96.2,10.6175
2025-06-03 10:00:00,85.57,96.2,10.6175
2025-06-03 11:00:00,85.57,96.2,10.6175
2025-06-03 12:00:00,85.57,96.2,10.6175
2025-06-03 13:00:00,85.57,96.2,10.6175
2025-06-03 14:00:00,85.57,96.2,10.6175
2025-06-03 15:00:00,85.57,96.2,10.6175
2025-06-03 16:00:00,85.57,96.2,10.6175
2025-06-03 17:00:00,85.57,96.2,10.6175
2025-06-03 18:00:00,85.57,96.2,10.6175
2025-06-03 19:00:00,85.57,96.2,10.6175
2025-06-03 20:00:00,85.57,96.2,10.6175
2025-06-03 21:00:00,85.57,96.2,10.6175
2025-06-03 22:00:00,85.57,96.2,10.6175
2025-06-03 23:00:00,85.57,96.2,10.6175
2025-06-04 00:00:00,85.57,96.2,10.6175
2025-06-04 01:00:00,85.49,96.25,10.760002
2025-06-04 02:00:00,85.49,96.2,10.697502
2025-06-04 03:00:00,85.51,96.2,10.677498
2025-06-04 04:00:00,85.51,96.25,10.739998
2025-06-04 05:00:00,85.57,96.25,10.68
2025-06-04 06:00:00,85.57,96.2,10.6175
2025-06-04 07:00:00,85.64,96.2,10.547501
2025-06-04 08:00:00,85.64,96.25,10.610001
2025-06-04 09:00:00,85.66,96.25,10.589996
2025-06-04 10:00:00,85.66,96.25,10.589996
2025-06-04 11:00:00,85.62,96.25,10.629997
2025-06-04 12:00:00,85.62,96.25,10.629997
2025-06-04 13:00:00,85.58,96.2,10.607498
2025-06-04 14:00:00,85.58,96.25,10.669998
2025-06-04 15:00:00,85.52,96.25,10.730003
2025-06-04 16:00:00,85.52,96.25,10.730003
2025-06-04 17:00:00,85.43,96.2,10.7575
2025-06-04 18:00:00,85.43,96.2,10.7575
2025-06-04 19:00:00,85.34,96.25,10.910004
2025-06-04 20:00:00,85.34,96.2,10.847504
2025-06-04 21:00:00,85.28,96.2,10.907501
2025-06-04 22:00:00,85.28,96.2,10.907501
2025-06-04 23:00:00,85.25,96.2,10.9375
2025-06-05 00:00:00,85.25,96.2,10.9375
2025-06-05 01:00:00,85.22,96.2,10.967499
2025-06-05 02:00:00,85.22,96.2,10.967499
2025-06-05 03:00:00,85.14,96.2,11.047501
2025-06-05 04:00:00,85.14,96.25,11.110001
2025-06-05 05:00:00,85.05,96.25,11.199997
2025-06-05 06:00:00,85.05,96.2,11.137497
2025-06-05 07:00:00,84.98,96.25,11.269997
2025-06-05 08:00:00,84.98,96.25,11.269997
2025-06-05 09:00:00,84.96,96.25,11.290001
2025-06-05 10:00:00,84.96,96.25,11.290001
2025-06-05 11:00:00,84.95,96.25,11.300003
2025-06-05 12:00:00,84.95,96.25,11.300003
2025-06-05 13:00:00,84.89,96.25,11.360001
2025-06-05 14:00:00,84.89,96.2,11.297501
2025-06-05 15:00:00,84.84,96.2,11.347504
2025-06-05 16:00:00,84.84,96.2,11.347504
2025-06-05 17:00:00,84.84,96.2,11.347504
2025-06-05 18:00:00,84.84,96.2,11.347504
2025-06-05 19:00:00,84.84,96.2,11.347504
2025-06-05 20:00:00,84.84,96.2,11.347504
2025-06-05 21:00:00,84.84,96.2,11.347504
2025-06-05 22:00:00,84.84,96.2,11.347504
2025-06-05 23:00:00,84.84,96.2,11.347504
2025-06-06 00:00:00,84.84,96.2,11.347504
2025-06-06 01:00:00,84.84,96.2,11.347504
2025-06-06 02:00:00,84.84,96.2,11.347504
2025-06-06 03:00:00,84.84,96.2,11.347504
2025-06-06 04:00:00,84.84,96.2,11.347504
2025-06-06 05:00:00,84.84,96.2,11.347504
2025-06-06 06:00:00,84.84,96.2,11.347504
2025-06-06 07:00:00,84.84,96.2,11.347504
2025-06-06 08:00:00,84.84,96.2,11.347504
2025-06-06 09:00:00,84.84,96.2,11.347504
2025-06-06 10:00:00,84.84,96.2,11.347504
2025-06-06 11:00:00,84.84,96.2,11.347504
2025-06-06 12:00:00,84.84,96.2,11.347504
2025-06-06 13:00:00,84.84,96.2,11.347504
2025-06-06 14:00:00,84.84,96.2,11.347504
2025-06-06 15:00:00,84.84,96.2,11.347504
2025-06-06 16:00:00,84.84,96.2,11.347504
2025-06-06 17:00:00,84.84,96.2,11.347504
2025-06-06 18:00:00,84.84,96.2,11.347504
2025-06-06 19:00:00,84.84,96.2,11.347504
2025-06-06 20:00:00,84.84,96.2,11.347504
2025-06-06 21:00:00,84.84,96.2,11.347504
2025-06-06 22:00:00,84.84,96.2,11.347504
2025-06-06 23:00:00,84.84,96.2,11.347504
2025-06-07 00:00:00,84.84,96.2,11.347504
2025-06-07 01:00:00,84.84,96.2,11.347504
2025-06-07 02:00:00,84.84,96.2,11.347504
2025-06-07 03:00:00,84.84,96.2,11.347504
2025-06-07 04:00:00,84.84,96.2,11.347504
2025-06-07 05:00:00,84.84,96.2,11.347504
2025-06-07 06:00:00,84.84,96.2,11.347504
2025-06-07 07:00:00,84.84,96.2,11.347504
2025-06-07 08:00:00,84.84,96.2,11.347504
2025-06-07 09:00:00,84.84,96.2,11.347504
2025-06-07 10:00:00,84.84,96.2,11.347504
2025-06-07 11:00:00,84.84,96.2,11.347504
2025-06-07 12:00:00,84.84,96.2,11.347504
2025-06-07 13:00:00,84.84,96.2,11.347504
2025-06-07 14:00:00,84.84,96.2,11.347504
2025-06-07 15:00:00,84.84,96.2,11.347504
2025-06-07 16:00:00,84.84,96.2,11.347504
2025-06-07 17:00:00,84.84,96.2,11.347504
2025-06-07 18:00:00,84.84,96.2,11.347504
2025-06-07 19:00:00,84.84,96.2,11.347504
2025-06-07 20:00:00,84.84,96.2,11.347504
2025-06-07 21:00:00,84.84,96.2,11.347504
2025-06-07 22:00:00,84.84,96.2,11.347504
2025-06-07 23:00:00,84.84,96.2,11.347504
2025-06-08 00:00:00,84.84,96.2,11.347504
2025-06-08 01:00:00,85.05,96.2,11.137497
2025-06-08 02:00:00,85.05,96.2,11.137497
2025-06-08 03:00:00,85.02,96.2,11.167503
2025-06-08 04:00:00,85.02,96.2,11.167503
2025-06-08 05:00:00,85.02,96.2,11.167503
2025-06-08 06:00:00,85.02,96.2,11.167503
2025-06-08 07:00:00,85.05,96.2,11.137497
2025-06-08 08:00:00,85.05,96.2,11.137497
2025-06-08 09:00:00,85.06,96.2,11.127502
2025-06-08 10:00:00,85.06,96.2,11.127502
2025-06-08 11:00:00,85.04,96.2,11.147499
2025-06-08 12:00:00,85.04,96.2,11.147499
2025-06-08 13:00:00,84.99,96.2,11.197502
2025-06-08 14:00:00,84.99,96.2,11.197502
2025-06-08 15:00:00,84.95,96.2,11.237503
2025-06-08 16:00:00,84.95,96.2,11.237503
2025-06-08 17:00:00,84.91,96.2,11.277496
2025-06-08 18:00:00,84.91,96.2,11.277496
2025-06-08 19:00:00,84.84,96.2,11.347504
2025-06-08 20:00:00,84.84,96.2,11.347504
2025-06-08 21:00:00,84.78,96.2,11.407501
2025-06-08 22:00:00,84.78,96.2,11.407501
2025-06-08 23:00:00,84.71,96.2,11.477501
2025-06-09 00:00:00,84.71,96.2,11.477501
2025-06-09 01:00:00,84.69,96.2,11.497498
2025-06-09 02:00:00,84.69,96.2,11.497498
2025-06-09 03:00:00,84.71,96.2,11.477501
2025-06-09 04:00:00,84.71,96.2,11.477501
2025-06-09 05:00:00,84.78,96.2,11.407501
2025-06-09 06:00:00,84.78,96.2,11.407501
2025-06-09 07:00:00,84.86,96.2,11.327499
2025-06-09 08:00:00,84.86,96.2,11.327499
2025-06-09 09:00:00,84.94,96.2,11.247498
2025-06-09 10:00:00,84.94,96.2,11.247498
2025-06-09 11:00:00,84.96,96.2,11.227501
2025-06-09 12:00:00,84.96,96.2,11.227501
2025-06-09 13:00:00,84.94,96.2,11.247498
2025-06-09 14:00:00,84.94,96.25,11.309998
2025-06-09 15:00:00,84.9,96.2,11.287498
2025-06-09 16:00:00,84.9,96.2,11.287498
2025-06-09 17:00:00,84.84,96.2,11.347504
2025-06-09 18:00:00,84.84,96.2,11.347504
2025-06-09 19:00:00,84.78,96.2,11.407501
2025-06-09 20:00:00,84.78,96.2,11.407501
2025-06-09 21:00:00,84.8,96.2,11.387497
2025-06-09 22:00:00,84.8,96.2,11.387497
2025-06-09 23:00:00,84.78,96.2,11.407501
2025-06-10 00:00:00,84.78,96.2,11.407501
2025-06-10 01:00:00,84.81,96.2,11.377502
2025-06-10 02:00:00,84.81,96.2,11.377502
2025-06-10 03:00:00,84.86,96.2,11.327499
2025-06-10 04:00:00,84.86,96.2,11.327499
2025-06-10 05:00:00,84.94,96.2,11.247498
2025-06-10 06:00:00,84.94,96.2,11.247498
2025-06-10 07:00:00,84.99,96.2,11.197502
2025-06-10 08:00:00,84.99,96.25,11.260002
2025-06-10 09:00:00,85.0,96.25,11.25
2025-06-10 10:00:00,85.0,96.2,11.1875
2025-06-10 11:00:00,85.01,96.2,11.177498
2025-06-10 12:00:00,85.01,96.25,11.239998
2025-06-10 13:00:00,85.01,96.25,11.239998
2025-06-10 14:00:00,85.01,96.25,11.239998
2025-06-10 15:00:00,85.01,96.25,11.239998
2025-06-10 16:00:00,85.01,96.25,11.239998
2025-06-10 17:00:00,84.99,96.2,11.197502
2025-06-10 18:00:00,84.98,96.25,11.269997
2025-06-10 19:00:00,84.97,96.25,11.279999
2025-06-10 20:00:00,84.95,96.25,11.300003
2025-06-10 21:00:00,84.94,96.25,11.309998
2025-06-10 22:00:00,84.94,96.25,11.309998
2025-06-10 23:00:00,84.92,96.25,11.330002
2025-06-11 00:00:00,84.92,96.25,11.330002
2025-06-11 01:00:00,84.9,96.25,11.349998
2025-06-11 02:00:00,84.9,96.25,11.349998
2025-06-11 03:00:00,84.89,96.2,11.297501
2025-06-11 04:00:00,84.89,96.2,11.297501
2025-06-11 05:00:00,84.89,96.2,11.297501
2025-06-11 06:00:00,84.89,96.2,11.297501
2025-06-11 07:00:00,84.9,96.2,11.287498
2025-06-11 08:00:00,84.9,96.2,11.287498
2025-06-11 09:00:00,84.88,96.2,11.307503
2025-06-11 10:00:00,84.88,96.2,11.307503
2025-06-11 11:00:00,84.83,96.2,11.357498
2025-06-11 12:00:00,84.83,96.2,11.357498
2025-06-11 13:00:00,84.79,96.2,11.397499
2025-06-11 14:00:00,84.79,96.2,11.397499
2025-06-11 15:00:00,84.77,96.2,11.417503
2025-06-11 16:00:00,84.77,96.2,11.417503
2025-06-11 17:00:00,84.76,96.2,11.427498
2025-06-11 18:00:00,84.76,96.2,11.427498
2025-06-11 19:00:00,84.75,96.2,11.4375
2025-06-11 20:00:00,84.75,96.2,11.4375
2025-06-11 21:00:00,84.74,96.2,11.447502
2025-06-11 22:00:00,84.74,96.2,11.447502
2025-06-11 23:00:00,84.74,96.2,11.447502
2025-06-12 00:00:00,84.74,96.2,11.447502
2025-06-12 01:00:00,84.75,96.2,11.4375
2025-06-12 02:00:00,84.75,96.2,11.4375
2025-06-12 03:00:00,84.76,96.2,11.427498
2025-06-12 04:00:00,84.76,96.2,11.427498
2025-06-12 05:00:00,84.81,96.25,11.440002
2025-06-12 06:00:00,84.81,96.2,11.377502
2025-06-12 07:00:00,84.85,96.2,11.337502
2025-06-12 08:00:00,84.85,96.25,11.400002
2025-06-12 09:00:00,84.81,96.25,11.440002
2025-06-12 10:00:00,84.81,96.25,11.440002
2025-06-12 11:00:00,84.74,96.25,11.510002
2025-06-12 12:00:00,84.74,96.25,11.510002
2025-06-12 13:00:00,84.64,96.25,11.610001
2025-06-12 14:00:00,84.64,96.2,11.547501
2025-06-12 15:00:00,84.53,96.2,11.657501
2025-06-12 16:00:00,84.53,96.2,11.657501
2025-06-12 17:00:00,84.42,96.2,11.767502
2025-06-12 18:00:00,84.42,96.2,11.767502
2025-06-12 19:00:00,84.32,96.2,11.8675
2025-06-12 20:00:00,84.32,96.2,11.8675
2025-06-12 21:00:00,84.32,96.2,11.8675
2025-06-12 22:00:00,84.32,96.2,11.8675
2025-06-12 23:00:00,84.27,96.2,11.917503
2025-06-13 00:00:00,84.27,96.2,11.917503
2025-06-13 01:00:00,84.24,96.2,11.947502
2025-06-13 02:00:00,84.24,96.2,11.947502
2025-06-13 03:00:00,84.24,96.2,11.947502
2025-06-13 04:00:00,84.24,96.2,11.947502
2025-06-13 05:00:00,84.27,96.2,11.917503
2025-06-13 06:00:00,84.27,96.2,11.917503
2025-06-13 07:00:00,84.28,96.2,11.907501
2025-06-13 08:00:00,84.28,96.25,11.970001
2025-06-13 09:00:00,84.27,96.25,11.980003
2025-06-13 10:00:00,84.27,96.25,11.980003
2025-06-13 11:00:00,84.27,96.2,11.917503
2025-06-13 12:00:00,84.27,96.2,11.917503
2025-06-13 13:00:00,84.27,96.25,11.980003
2025-06-13 14:00:00,84.27,96.25,11.980003
2025-06-13 15:00:00,84.26,96.25,11.989998
2025-06-13 16:00:00,84.26,96.25,11.989998
2025-06-13 17:00:00,84.24,96.2,11.947502
2025-06-13 18:00:00,84.24,96.2,11.947502
2025-06-13 19:00:00,84.23,96.2,11.957497
2025-06-13 20:00:00,84.23,96.2,11.957497
2025-06-13 21:00:00,84.21,96.2,11.977501
2025-06-13 22:00:00,84.21,96.2,11.977501
2025-06-13 23:00:00,84.25,96.2,11.9375
2025-06-14 00:00:00,84.25,96.2,11.9375
2025-06-14 01:00:00,84.29,96.2,11.897499
2025-06-14 02:00:00,84.29,96.2,11.897499
2025-06-14 03:00:00,84.35,96.2,11.837502
2025-06-14 04:00:00,84.35,96.2,11.837502
2025-06-14 05:00:00,84.41,96.2,11.777496
2025-06-14 06:00:00,84.41,96.2,11.777496
2025-06-14 07:00:00,84.46,96.2,11.727501
2025-06-14 08:00:00,84.46,96.25,11.790001
2025-06-14 09:00:00,84.52,96.25,11.730003
2025-06-14 10:00:00,84.52,96.25,11.730003
2025-06-14 11:00:00,84.58,96.25,11.669998
2025-06-14 12:00:00,84.58,96.25,11.669998
2025-06-14 13:00:00,84.64,96.25,11.610001
2025-06-14 14:00:00,84.64,96.2,11.547501
2025-06-14 15:00:00,84.7,96.2,11.487503
2025-06-14 16:00:00,84.7,96.2,11.487503
2025-06-14 17:00:00,84.76,96.2,11.427498
2025-06-14 18:00:00,84.76,96.2,11.427498
2025-06-14 19:00:00,84.83,96.2,11.357498
2025-06-14 20:00:00,84.83,96.2,11.357498
2025-06-14 21:00:00,84.9,96.2,11.287498
2025-06-14 22:00:00,84.9,96.2,11.287498
2025-06-14 23:00:00,84.99,96.2,11.197502
2025-06-15 00:00:00,84.99,96.2,11.197502
2025-06-15 01:00:00,85.08,96.2,11.107498
2025-06-15 02:00:00,85.08,96.2,11.107498
2025-06-15 03:00:00,85.17,96.2,11.017502
2025-06-15 04:00:00,85.17,96.2,11.017502
2025-06-15 05:00:00,85.24,96.2,10.947502
2025-06-15 06:00:00,85.24,96.2,10.947502
2025-06-15 07:00:00,85.35,96.2,10.837502
2025-06-15 08:00:00,85.35,96.2,10.837502
2025-06-15 09:00:00,85.49,96.25,10.760002
2025-06-15 10:00:00,85.49,96.25,10.760002
2025-06-15 11:00:00,85.6,96.25,10.650002
2025-06-15 12:00:00,85.6,96.2,10.587502
2025-06-15 13:00:00,85.68,96.2,10.5075
2025-06-15 14:00:00,85.68,96.25,10.57
2025-06-15 15:00:00,85.76,96.2,10.427498
2025-06-15 16:00:00,85.76,96.2,10.427498
2025-06-15 17:00:00,85.83,96.25,10.419998
2025-06-15 18:00:00,85.83,96.2,10.357498
2025-06-15 19:00:00,85.9,96.2,10.287498
2025-06-15 20:00:00,85.9,96.2,10.287498
2025-06-15 21:00:00,86.0,96.2,10.1875
2025-06-15 22:00:00,86.0,96.2,10.1875
2025-06-15 23:00:00,86.1,96.25,10.150002
2025-06-16 00:00:00,86.1,96.25,10.150002
2025-06-16 01:00:00,86.2,96.25,10.050003
2025-06-16 02:00:00,86.26,96.25,9.989998
2025-06-16 03:00:00,86.32,96.25,9.93
2025-06-16 04:00:00,86.38,96.25,9.870003
2025-06-16 05:00:00,86.44,96.25,9.809998
2025-06-16 06:00:00,86.51,96.25,9.739998
2025-06-16 07:00:00,86.58,96.25,9.669998
2025-06-16 08:00:00,86.63,96.25,9.620003
2025-06-16 09:00:00,86.68,96.25,9.57
2025-06-16 10:00:00,86.71,96.25,9.540001
2025-06-16 11:00:00,86.74,96.25,9.510002
2025-06-16 12:00:00,86.76,96.25,9.489998
2025-06-16 13:00:00,86.77,96.25,9.480003
2025-06-16 14:00:00,86.78,96.25,9.470001
2025-06-16 15:00:00,86.8,96.25,9.449997
2025-06-16 16:00:00,86.82,96.2,9.3675
2025-06-16 17:00:00,86.85,96.25,9.400002
2025-06-16 18:00:00,86.89,96.25,9.360001
2025-06-16 19:00:00,86.93,96.25,9.32
2025-06-16 20:00:00,86.97,96.25,9.279999
2025-06-16 21:00:00,87.01,96.25,9.239998
2025-06-16 22:00:00,87.05,96.2,9.137497
2025-06-16 23:00:00,87.09,96.2,9.097504
2025-06-17 00:00:00,87.14,96.25,9.110001
2025-06-17 01:00:00,87.2,96.25,9.050003
2025-06-17 02:00:00,87.26,96.25,8.989998
2025-06-17 03:00:00,87.33,96.25,8.919998
2025-06-17 04:00:00,87.39,96.25,8.860001
2025-06-17 05:00:00,87.45,96.25,8.800003
2025-06-17 06:00:00,87.52,96.25,8.730003
2025-06-17 07:00:00,87.59,96.3,8.722504
2025-06-17 08:00:00,87.63,96.3,8.682503
2025-06-17 09:00:00,87.69,96.3,8.622498
2025-06-17 10:00:00,87.74,96.3,8.572502
2025-06-17 11:00:00,87.79,96.3,8.522499
2025-06-17 12:00:00,87.84,96.3,8.472504
2025-06-17 13:00:00,87.9,96.3,8.412498
2025-06-17 14:00:00,87.94,96.3,8.372498
2025-06-17 15:00:00,87.97,96.3,8.342499
2025-06-17 16:00:00,88.0,96.3,8.3125
2025-06-17 17:00:00,88.04,96.3,8.272499
2025-06-17 18:00:00,88.07,96.3,8.2425
2025-06-17 19:00:00,88.1,96.25,8.150002
2025-06-17 20:00:00,88.14,96.25,8.110001
2025-06-17 21:00:00,88.18,96.25,8.07
2025-06-17 22:00:00,88.21,96.25,8.040001
2025-06-17 23:00:00,88.26,96.25,7.989998
2025-06-18 00:00:00,88.32,96.25,7.9300003
2025-06-18 01:00:00,88.38,96.3,7.9325027
2025-06-18 02:00:00,88.44,96.25,7.8099976
2025-06-18 03:00:00,88.49,96.3,7.822502
2025-06-18 04:00:00,88.55,96.3,7.762497
2025-06-18 05:00:00,88.61,96.3,7.7024994
2025-06-18 06:00:00,88.68,96.3,7.6324997
2025-06-18 07:00:00,88.74,96.3,7.572502
2025-06-18 08:00:00,88.78,96.3,7.532501
2025-06-18 09:00:00,88.82,96.3,7.4925003
2025-06-18 10:00:00,88.86,96.3,7.4524994
2025-06-18 11:00:00,88.9,96.3,7.4124985
2025-06-18 12:00:00,88.95,96.3,7.362503
2025-06-18 13:00:00,88.99,96.4,7.385002
2025-06-18 14:00:00,89.03,96.4,7.345001
2025-06-18 15:00:00,89.07,96.4,7.3050003
2025-06-18 16:00:00,89.11,96.4,7.2649994
2025-06-18 17:00:00,89.14,96.3,7.1725006
2025-06-18 18:00:00,89.16,96.3,7.1524963
2025-06-18 19:00:00,89.2,96.4,7.175003
2025-06-18 20:00:00,89.24,96.3,7.072502
2025-06-18 21:00:00,89.28,96.3,7.032501
2025-06-18 22:00:00,89.31,96.3,7.0025024
2025-06-18 23:00:00,89.35,96.3,6.9625015
2025-06-19 00:00:00,89.4,96.3,6.9124985
2025-06-19 01:00:00,89.45,96.3,6.862503
2025-06-19 02:00:00,89.5,96.3,6.8125
2025-06-19 03:00:00,89.55,96.3,6.762497
2025-06-19 04:00:00,89.61,96.3,6.7024994
2025-06-19 05:00:00,89.68,96.3,6.6324997
2025-06-19 06:00:00,89.75,96.3,6.5625
2025-06-19 07:00:00,89.81,96.4,6.5650024
2025-06-19 08:00:00,89.85,96.4,6.5250015
2025-06-19 09:00:00,89.89,96.4,6.4850006
2025-06-19 10:00:00,89.93,96.4,6.4449997
2025-06-19 11:00:00,89.97,96.4,6.404999
2025-06-19 12:00:00,90.01,96.4,6.364998
2025-06-19 13:00:00,90.04,96.4,6.334999
2025-06-19 14:00:00,90.07,96.4,6.3050003
2025-06-19 15:00:00,90.1,96.4,6.2750015
2025-06-19 16:00:00,90.13,96.44,6.3075027
2025-06-19 17:00:00,90.16,96.44,6.2774963
2025-06-19 18:00:00,90.2,96.4,6.175003
2025-06-19 19:00:00,90.23,96.4,6.1449966
2025-06-19 20:00:00,90.27,96.4,6.1050034
2025-06-19 21:00:00,90.31,96.4,6.0650024
2025-06-19 22:00:00,90.35,96.4,6.0250015
2025-06-19 23:00:00,90.37,96.4,6.0049973
2025-06-20 00:00:00,90.4,96.4,5.9749985
2025-06-20 01:00:00,90.44,96.4,5.9349976
2025-06-20 02:00:00,90.47,96.4,5.904999
2025-06-20 03:00:00,90.51,96.4,5.864998
2025-06-20 04:00:00,90.54,96.4,5.834999
2025-06-20 05:00:00,90.57,96.4,5.8050003
2025-06-20 06:00:00,90.61,96.4,5.7649994
2025-06-20 07:00:00,90.65,96.4,5.7249985
2025-06-20 08:00:00,90.68,96.4,5.6949997
2025-06-20 09:00:00,90.71,96.4,5.665001
2025-06-20 10:00:00,90.73,96.4,5.6449966
2025-06-20 11:00:00,90.75,96.44,5.6875
2025-06-20 12:00:00,90.79,96.44,5.647499
2025-06-20 13:00:00,90.83,96.44,5.607498
2025-06-20 14:00:00,90.87,96.44,5.5674973
2025-06-20 15:00:00,90.91,96.44,5.5274963
2025-06-20 16:00:00,90.95,96.44,5.487503
2025-06-20 17:00:00,90.99,96.44,5.447502
2025-06-20 18:00:00,91.02,96.44,5.4175034
2025-06-20 19:00:00,91.06,96.44,5.3775024
2025-06-20 20:00:00,91.1,96.44,5.3375015
2025-06-20 21:00:00,91.14,96.44,5.2975006
2025-06-20 22:00:00,91.18,96.44,5.2574997
2025-06-20 23:00:00,91.22,96.44,5.217499
2025-06-21 00:00:00,91.26,96.4,5.114998
2025-06-21 01:00:00,91.3,96.44,5.137497
2025-06-21 02:00:00,91.34,96.4,5.0350037
2025-06-21 03:00:00,91.38,96.44,5.0575027
2025-06-21 04:00:00,91.42,96.44,5.017502
2025-06-21 05:00:00,91.46,96.44,4.977501
2025-06-21 06:00:00,91.5,96.4,4.875
2025-06-21 07:00:00,91.55,96.44,4.887497
2025-06-21 08:00:00,91.59,96.44,4.8475037
2025-06-21 09:00:00,91.63,96.44,4.8075027
2025-06-21 10:00:00,91.67,96.5,4.830002
2025-06-21 11:00:00,91.72,96.5,4.779999
2025-06-21 12:00:00,91.77,96.44,4.6675034
2025-06-21 13:00:00,91.82,96.5,4.6800003
2025-06-21 14:00:00,91.86,96.56,4.7024994
2025-06-21 15:00:00,91.89,96.5,4.6100006
2025-06-21 16:00:00,91.92,96.44,4.517502
2025-06-21 17:00:00,91.96,96.44,4.477501
2025-06-21 18:00:00,91.99,96.5,4.510002
2025-06-21 19:00:00,92.02,96.5,4.4800034
2025-06-21 20:00:00,92.05,96.44,4.387497
2025-06-21 21:00:00,92.09,96.44,4.3475037
2025-06-21 22:00:00,92.12,96.44,4.3174973
2025-06-21 23:00:00,92.16,96.5,4.3399963
2025-06-22 00:00:00,92.19,96.5,4.3099976
2025-06-22 01:00:00,92.23,96.5,4.2699966
2025-06-22 02:00:00,92.27,96.5,4.2300034
2025-06-22 03:00:00,92.31,96.56,4.2525024
2025-06-22 04:00:00,92.36,96.56,4.2024994
2025-06-22 05:00:00,92.42,96.56,4.142502
2025-06-22 06:00:00,92.49,96.56,4.072502
2025-06-22 07:00:00,92.56,96.56,4.0025024
2025-06-22 08:00:00,92.64,96.6,3.9850006
2025-06-22 09:00:00,92.72,96.6,3.9049988
2025-06-22 10:00:00,92.8,96.7,3.887497
2025-06-22 11:00:00,92.89,96.7,3.7975006
2025-06-22 12:00:00,92.98,96.75,3.7699966
2025-06-22 13:00:00,93.07,96.75,3.6800003
2025-06-22 14:00:00,93.17,96.8,3.6425018
2025-06-22 15:00:00,93.25,96.8,3.5625
2025-06-22 16:00:00,93.33,96.8,3.4824982
2025-06-22 17:00:00,93.4,96.8,3.4124985
2025-06-22 18:00:00,93.46,96.8,3.352501
2025-06-22 19:00:00,93.5,96.8,3.3125
2025-06-22 20:00:00,93.54,96.8,3.272499
2025-06-22 21:00:00,93.59,96.9,3.2850037
2025-06-22 22:00:00,93.63,96.8,3.1825027
2025-06-22 23:00:00,93.69,96.8,3.1224976
2025-06-23 00:00:00,93.74,96.8,3.0725021
2025-06-23 01:00:00,93.8,96.8,3.012497
2025-06-23 02:00:00,93.86,96.75,2.8899994
2025-06-23 03:00:00,93.93,96.9,2.9449997
2025-06-23 04:00:00,94.0,96.9,2.875
2025-06-23 05:00:00,94.06,96.8,2.7525024
2025-06-23 06:00:00,94.13,96.75,2.6200027
2025-06-23 07:00:00,94.2,96.8,2.612503
2025-06-23 08:00:00,94.25,96.9,2.625
2025-06-23 09:00:00,94.3,96.9,2.574997
2025-06-23 10:00:00,94.34,96.94,2.5975037
2025-06-23 11:00:00,94.38,96.94,2.5575027
2025-06-23 12:00:00,94.42,96.94,2.5175018
2025-06-23 13:00:00,94.46,97.0,2.540001
2025-06-23 14:00:00,94.5,97.06,2.5625
2025-06-23 15:00:00,94.54,97.0,2.459999
2025-06-23 16:00:00,94.59,96.94,2.3475037
2025-06-23 17:00:00,94.64,96.94,2.2975006
2025-06-23 18:00:00,94.68,96.94,2.2574997
2025-06-23 19:00:00,94.73,96.9,2.1449966
2025-06-23 20:00:00,94.78,96.94,2.1575012
2025-06-23 21:00:00,94.83,96.94,2.1074982
2025-06-23 22:00:00,94.88,96.75,1.8700027
2025-06-23 23:00:00,94.93,96.8,1.8824997
2025-06-24 00:00:00,94.99,96.94,1.9475021
2025-06-24 01:00:00,95.05,96.94,1.887497
2025-06-24 02:00:00,95.1,97.0,1.9000015
2025-06-24 03:00:00,95.14,97.06,1.9225006
2025-06-24 04:00:00,95.18,96.94,1.7574997
2025-06-24 05:00:00,95.22,97.06,1.8424988
2025-06-24 06:00:00,95.27,97.06,1.7925034
2025-06-24 07:00:00,95.33,97.1,1.7949982
2025-06-24 08:00:00,95.38,97.1,1.7450027
2025-06-24 09:00:00,95.43,97.2,1.7574997
2025-06-24 10:00:00,95.48,97.25,1.7699966
2025-06-24 11:00:00,95.53,97.3,1.7825012
2025-06-24 12:00:00,95.57,97.3,1.7425003
2025-06-24 13:00:00,95.6,97.4,1.7750015
2025-06-24 14:00:00,95.63,97.44,1.8075027
2025-06-24 15:00:00,95.66,97.25,1.5899963
2025-06-24 16:00:00,95.69,97.25,1.5599976
2025-06-24 17:00:00,95.72,97.2,1.4674988
2025-06-24 18:00:00,95.77,97.25,1.4800034
2025-06-24 19:00:00,95.81,97.25,1.4400024
2025-06-24 20:00:00,95.85,97.06,1.2125015
2025-06-24 21:00:00,95.9,97.1,1.2249985
2025-06-24 22:00:00,95.94,97.25,1.3099976
2025-06-24 23:00:00,95.94,97.2,1.2474976
2025-06-25 00:00:00,96.03,97.2,1.1575012
2025-06-25 01:00:00,96.07,97.2,1.1175003
2025-06-25 02:00:00,96.11,97.25,1.1399994
2025-06-25 03:00:00,96.16,97.25,1.0899963
2025-06-25 04:00:00,96.21,97.4,1.1650009
2025-06-25 05:00:00,96.25,97.4,1.125
2025-06-25 06:00:00,96.3,97.4,1.074997
2025-06-25 07:00:00,96.34,97.44,1.0975037
2025-06-25 08:00:00,96.38,97.5,1.1200027
2025-06-25 09:00:00,96.41,97.5,1.0899963
2025-06-25 10:00:00,96.45,97.56,1.112503
2025-06-25 11:00:00,96.48,97.56,1.0824966
2025-06-25 12:00:00,96.5,97.6,1.125
2025-06-25 13:00:00,96.53,97.7,1.1575012
2025-06-25 14:00:00,96.56,97.7,1.1275024
2025-06-25 15:00:00,96.6,97.7,1.0875015
2025-06-25 16:00:00,96.63,97.7,1.0575027
2025-06-25 17:00:00,96.67,97.7,1.0175018
2025-06-25 18:00:00,96.71,97.7,0.9775009
2025-06-25 19:00:00,96.75,97.75,1.0
2025-06-25 20:00:00,96.8,97.8,1.012497
2025-06-25 21:00:00,96.83,97.8,0.98249817
2025-06-25 22:00:00,96.85,97.8,0.9625015
2025-06-25 23:00:00,96.86,97.9,1.0149994
2025-06-26 00:00:00,96.87,97.9,1.0049973
2025-06-26 01:00:00,96.88,97.9,0.99500275
2025-06-26 02:00:00,96.9,98.0,1.0999985
2025-06-26 03:00:00,96.92,98.1,1.2050018
2025-06-26 04:00:00,96.94,98.2,1.2474976
2025-06-26 05:00:00,96.96,98.25,1.2900009
2025-06-26 06:00:00,96.98,98.2,1.2074966
2025-06-26 07:00:00,97.0,98.1,1.125
2025-06-26 08:00:00,97.02,98.06,1.0425034
2025-06-26 09:00:00,97.04,97.8,0.7724991
2025-06-26 10:00:00,97.07,97.75,0.6800003
2025-06-26 11:00:00,97.1,97.75,0.6500015
2025-06-26 12:00:00,97.13,97.9,0.74500275
2025-06-26 13:00:00,97.15,97.9,0.7249985
2025-06-26 14:00:00,97.17,97.8,0.64250183
2025-06-26 15:00:00,97.19,97.75,0.55999756
2025-06-26 16:00:00,97.2,97.7,0.48750305
2025-06-26 17:00:00,97.22,97.6,0.40499878
2025-06-26 18:00:00,97.24,97.56,0.32250214
2025-06-26 19:00:00,97.26,97.6,0.36499786
2025-06-26 20:00:00,97.28,97.5,0.22000122
2025-06-26 21:00:00,97.3,97.56,0.26249695
2025-06-26 22:00:00,97.32,97.6,0.3050003
2025-06-26 23:00:00,97.33,97.5,0.16999817
2025-06-27 00:00:00,97.35,97.5,0.15000153
2025-06-27 01:00:00,97.37,97.7,0.31749725
2025-06-27 02:00:00,97.39,97.56,0.17250061
2025-06-27 03:00:00,97.41,97.7,0.27749634
2025-06-27 04:00:00,97.43,97.75,0.3199997
2025-06-27 05:00:00,97.45,97.75,0.30000305
2025-06-27 06:00:00,97.47,97.75,0.27999878
2025-06-27 07:00:00,97.5,97.8,0.3125
2025-06-27 08:00:00,97.52,97.8,0.29250336
2025-06-27 09:00:00,97.54,97.8,0.27249908
2025-06-27 10:00:00,97.56,97.9,0.31500244
2025-06-27 11:00:00,97.58,98.06,0.48249817
2025-06-27 12:00:00,97.6,98.06,0.46250153
2025-06-27 13:00:00,97.62,98.0,0.37999725
2025-06-27 14:00:00,97.64,98.0,0.3600006
2025-06-27 15:00:00,97.66,98.1,0.46499634
2025-06-27 16:00:00,97.68,98.1,0.4449997
2025-06-27 17:00:00,97.71,98.0,0.29000092
2025-06-27 18:00:00,97.74,98.0,0.26000214
2025-06-27 19:00:00,97.77,97.94,0.16750336
2025-06-27 20:00:00,97.81,98.25,0.44000244
2025-06-27 21:00:00,97.85,98.2,0.33750153
2025-06-27 22:00:00,97.88,98.3,0.43250275
2025-06-27 23:00:00,97.91,98.2,0.27749634
2025-06-28 00:00:00,97.94,98.1,0.18499756
2025-06-28 01:00:00,97.97,98.3,0.34249878
2025-06-28 02:00:00,98.0,98.25,0.25
2025-06-28 03:00:00,98.03,98.3,0.28250122
2025-06-28 04:00:00,98.06,98.4,0.31500244
2025-06-28 05:00:00,98.09,98.4,0.28500366
2025-06-28 06:00:00,98.12,98.5,0.37999725
2025-06-28 07:00:00,98.16,98.6,0.46499634
2025-06-28 08:00:00,98.19,98.5,0.30999756
2025-06-28 09:00:00,98.22,98.56,0.34249878
2025-06-28 10:00:00,98.25,98.6,0.375
2025-06-28 11:00:00,98.28,98.7,0.40750122
2025-06-28 12:00:00,98.32,98.75,0.4300003
2025-06-28 13:00:00,98.36,98.75,0.3899994
2025-06-28 14:00:00,98.39,98.75,0.3600006
2025-06-28 15:00:00,98.42,98.8,0.39250183
2025-06-28 16:00:00,98.45,98.9,0.42500305
2025-06-28 17:00:00,98.48,98.6,0.14499664
2025-06-28 18:00:00,98.51,98.7,0.17749786
2025-06-28 19:00:00,98.54,98.5,0.040000916
2025-06-28 20:00:00,98.58,98.8,0.23249817
2025-06-28 21:00:00,98.62,98.8,0.19249725
2025-06-28 22:00:00,98.66,98.56,0.09750366
2025-06-28 23:00:00,98.7,98.56,0.13749695
2025-06-29 00:00:00,98.74,98.94,0.19750214
2025-06-29 01:00:00,98.77,98.7,0.08249664
2025-06-29 02:00:00,98.81,98.8,0.0025024414
2025-06-29 03:00:00,98.85,99.06,0.21250153
2025-06-29 04:00:00,98.89,99.06,0.17250061
2025-06-29 05:00:00,98.92,99.0,0.08000183
2025-06-29 06:00:00,98.96,99.2,0.22750092
2025-06-29 07:00:00,99.02,99.2,0.16750336
2025-06-29 08:00:00,99.1,99.2,0.087501526
2025-06-29 09:00:00,99.18,99.25,0.069999695
2025-06-29 10:00:00,99.25,99.44,0.1875
2025-06-29 11:00:00,99.32,99.44,0.117500305
2025-06-29 12:00:00,99.4,99.56,0.16249847
2025-06-29 13:00:00,99.45,99.56,0.11250305
2025-06-29 14:00:00,99.48,99.5,0.019996643
2025-06-29 15:00:00,99.49,99.44,0.052497864
2025-06-29 16:00:00,99.48,99.4,0.10500336
2025-06-29 17:00:00,99.46,99.2,0.27249908
2025-06-29 18:00:00,99.43,99.0,0.4300003
2025-06-29 19:00:00,99.4,99.0,0.40000153
2025-06-29 20:00:00,99.36,98.9,0.4850006
2025-06-29 21:00:00,99.34,98.6,0.71499634
2025-06-29 22:00:00,99.34,98.6,0.71499634
2025-06-29 23:00:00,99.35,98.56,0.7874985
2025-06-30 00:00:00,99.36,98.6,0.7350006
2025-06-30 01:00:00,99.37,98.75,0.62000275
2025-06-30 02:00:00,99.38,98.75,0.62999725
2025-06-30 03:00:00,99.39,98.9,0.5149994
2025-06-30 04:00:00,99.4,98.94,0.46250153
2025-06-30 05:00:00,99.42,99.0,0.41999817
2025-06-30 06:00:00,99.44,99.06,0.37750244
2025-06-30 07:00:00,99.47,99.1,0.34500122
2025-06-30 08:00:00,99.5,99.2,0.3125
2025-06-30 09:00:00,99.53,99.25,0.27999878
2025-06-30 10:00:00,99.57,99.3,0.2574997
2025-06-30 11:00:00,99.6,99.4,0.22499847
2025-06-30 12:00:00,99.62,99.5,0.12000275
2025-06-30 13:00:00,99.64,99.6,0.01499939
2025-06-30 14:00:00,99.66,99.7,0.027496338
2025-06-30 15:00:00,99.69,99.44,0.25250244
2025-06-30 16:00:00,99.71,99.56,0.14749908
2025-06-30 17:00:00,99.73,99.2,0.54250336
2025-06-30 18:00:00,99.75,99.44,0.3125
2025-06-30 19:00:00,99.77,99.4,0.39499664
2025-06-30 20:00:00,99.79,99.2,0.6025009
2025-06-30 21:00:00,99.81,99.06,0.74749756
2025-06-30 22:00:00,99.83,99.44,0.39250183
2025-06-30 23:00:00,99.83,99.2,0.64250183
2025-07-01 00:00:00,99.88,99.3,0.56749725
2025-07-01 01:00:00,99.91,99.44,0.47250366
2025-07-01 02:00:00,99.94,99.6,0.31500244
2025-07-01 03:00:00,99.97,99.9,0.09500122
2025-07-01 04:00:00,100.0,100.0,0.0
2025-07-01 05:00:00,100.03,100.4,0.34500122
2025-07-01 06:00:00,100.06,100.25,0.19000244
2025-07-01 07:00:00,100.09,100.2,0.09750366
2025-07-01 08:00:00,100.12,100.3,0.19249725
2025-07-01 09:00:00,100.15,100.4,0.22499847
2025-07-01 10:00:00,100.18,100.06,0.117500305
2025-07-01 11:00:00,100.21,100.06,0.14749908
2025-07-01 12:00:00,100.24,100.5,0.26000214
2025-07-01 13:00:00,100.27,100.44,0.16750336
2025-07-01 14:00:00,100.3,100.6,0.32499695
2025-07-01 15:00:00,100.33,100.4,0.04499817
2025-07-01 16:00:00,100.37,100.6,0.25499725
2025-07-01 17:00:00,100.41,100.3,0.09750366
2025-07-01 18:00:00,100.45,101.1,0.67500305
2025-07-01 19:00:00,100.49,100.44,0.052497864
2025-07-01 20:00:00,100.53,101.0,0.47000122
2025-07-01 21:00:00,100.57,100.2,0.3824997
2025-07-01 22:00:00,100.61,100.9,0.2649994
2025-07-01 23:00:00,100.65,100.3,0.33750153
2025-07-02 00:00:00,100.69,100.56,0.12750244
2025-07-02 01:00:00,100.73,100.6,0.10500336
2025-07-02 02:00:00,100.76,100.9,0.114997864
2025-07-02 03:00:00,100.79,100.75,0.040000916
2025-07-02 04:00:00,100.81,101.0,0.19000244
2025-07-02 05:00:00,100.84,101.06,0.22250366
2025-07-02 06:00:00,100.87,101.25,0.37999725
2025-07-02 07:00:00,100.9,101.0,0.099998474
2025-07-02 08:00:00,100.94,101.25,0.30999756
2025-07-02 09:00:00,100.98,101.44,0.45749664
2025-07-02 10:00:00,101.01,101.44,0.42749786
2025-07-02 11:00:00,101.04,101.44,0.39749908
2025-07-02 12:00:00,101.07,101.7,0.6175003
2025-07-02 13:00:00,101.09,101.5,0.41000366
2025-07-02 14:00:00,101.12,101.4,0.25499725
2025-07-02 15:00:00,101.15,101.4,0.22499847
2025-07-02 16:00:00,101.18,101.4,0.1949997
2025-07-02 17:00:00,101.21,101.6,0.41500092
2025-07-02 18:00:00,101.24,101.4,0.13500214
2025-07-02 19:00:00,101.27,101.5,0.23000336
2025-07-02 20:00:00,101.3,101.2,0.11250305
2025-07-02 21:00:00,101.33,101.7,0.35749817
2025-07-02 22:00:00,101.36,101.44,0.07749939
2025-07-02 23:00:00,101.39,101.56,0.17250061
2025-07-03 00:00:00,101.42,101.3,0.10749817
2025-07-03 01:00:00,101.45,101.9,0.42500305
2025-07-03 02:00:00,101.48,101.5,0.019996643
2025-07-03 03:00:00,101.51,101.9,0.36499786
2025-07-03 04:00:00,101.54,102.0,0.45999908
2025-07-03 05:00:00,101.57,102.1,0.5550003
2025-07-03 06:00:00,101.59,102.0,0.41000366
2025-07-03 07:00:00,101.61,102.2,0.5774994
2025-07-03 08:00:00,101.64,102.06,0.4225006
2025-07-03 09:00:00,101.67,102.0,0.33000183
2025-07-03 10:00:00,101.7,102.2,0.48750305
2025-07-03 11:00:00,101.73,102.44,0.70749664
2025-07-03 12:00:00,101.77,102.5,0.73000336
2025-07-03 13:00:00,101.81,102.44,0.62750244
2025-07-03 14:00:00,101.84,102.3,0.47250366
2025-07-03 15:00:00,101.87,102.06,0.19249725
2025-07-03 16:00:00,101.9,102.44,0.5374985
2025-07-03 17:00:00,101.93,102.3,0.3824997
2025-07-03 18:00:00,101.95,102.6,0.67500305
2025-07-03 19:00:00,101.97,102.4,0.40499878
2025-07-03 20:00:00,102.0,102.3,0.3125
2025-07-03 21:00:00,102.03,101.75,0.27999878
2025-07-03 22:00:00,102.06,102.5,0.44000244
2025-07-03 23:00:00,102.09,102.1,0.035003662
2025-07-04 00:00:00,102.12,102.25,0.12999725
2025-07-04 01:00:00,102.14,102.5,0.3600006
2025-07-04 02:00:00,102.17,102.6,0.45500183
2025-07-04 03:00:00,102.19,102.56,0.37249756
2025-07-04 04:00:00,102.21,102.6,0.41500092
2025-07-04 05:00:00,102.23,102.5,0.26999664
2025-07-04 06:00:00,102.26,102.6,0.36499786
2025-07-04 07:00:00,102.29,102.6,0.33499908
2025-07-04 08:00:00,102.33,102.94,0.60749817
2025-07-04 09:00:00,102.37,102.9,0.50499725
2025-07-04 10:00:00,102.41,103.06,0.65249634
2025-07-04 11:00:00,102.44,103.0,0.55999756
2025-07-04 12:00:00,102.47,103.1,0.6549988
2025-07-04 13:00:00,102.5,103.1,0.625
2025-07-04 14:00:00,102.52,103.25,0.73000336
2025-07-04 15:00:00,102.54,103.1,0.5849991
2025-07-04 16:00:00,102.56,103.2,0.62750244
2025-07-04 17:00:00,102.59,103.2,0.59750366
2025-07-04 18:00:00,102.61,102.94,0.3274994
2025-07-04 19:00:00,102.64,102.9,0.23500061
2025-07-04 20:00:00,102.67,102.7,0.017501831
2025-07-04 21:00:00,102.7,102.75,0.05000305
2025-07-04 22:00:00,102.72,102.7,0.03250122
2025-07-04 23:00:00,102.75,102.75,0.0
2025-07-05 00:00:00,102.78,102.75,0.02999878
2025-07-05 01:00:00,102.81,103.0,0.19000244
2025-07-05 02:00:00,102.84,103.1,0.28500366
2025-07-05 03:00:00,102.86,103.44,0.5774994
2025-07-05 04:00:00,102.88,103.4,0.49500275
2025-07-05 05:00:00,102.9,103.44,0.5374985
2025-07-05 06:00:00,102.93,103.5,0.5699997
2025-07-05 07:00:00,102.95,103.56,0.61250305
2025-07-05 08:00:00,102.97,103.6,0.6549988
2025-07-05 09:00:00,103.0,103.7,0.6875
2025-07-05 10:00:00,103.02,104.06,1.0425034
2025-07-05 11:00:00,103.05,104.2,1.137497
2025-07-05 12:00:00,103.08,104.44,1.3574982
2025-07-05 13:00:00,103.1,104.5,1.4000015
2025-07-05 14:00:00,103.13,104.4,1.2450027
2025-07-05 15:00:00,103.15,104.25,1.0999985
2025-07-05 16:00:00,103.18,104.25,1.0699997
2025-07-05 17:00:00,103.2,104.1,0.92500305
2025-07-05 18:00:00,103.22,104.0,0.7799988
2025-07-05 19:00:00,103.25,104.0,0.75
2025-07-05 20:00:00,103.28,103.7,0.40750122
2025-07-05 21:00:00,103.31,103.6,0.31500244
2025-07-05 22:00:00,103.35,103.56,0.21250153
2025-07-05 23:00:00,103.39,103.7,0.2975006
2025-07-06 00:00:00,103.44,103.75,0.30999756
2025-07-06 01:00:00,103.49,103.94,0.44750214
2025-07-06 02:00:00,103.55,103.94,0.38749695
2025-07-06 03:00:00,103.61,104.1,0.5149994
2025-07-06 04:00:00,103.67,104.1,0.45500183
2025-07-06 05:00:00,103.73,104.2,0.45749664
2025-07-06 06:00:00,103.79,104.2,0.39749908
2025-07-06 07:00:00,103.85,104.3,0.46250153
2025-07-06 08:00:00,103.91,104.44,0.52749634
2025-07-06 09:00:00,103.96,104.56,0.6025009
2025-07-06 10:00:00,103.99,104.56,0.57250214
2025-07-06 11:00:00,104.02,104.7,0.66750336
2025-07-06 12:00:00,104.04,104.7,0.6474991
2025-07-06 13:00:00,104.06,104.7,0.62750244
2025-07-06 14:00:00,104.08,104.6,0.54499817
2025-07-06 15:00:00,104.1,104.56,0.46250153
2025-07-06 16:00:00,104.12,104.5,0.37999725
2025-07-06 17:00:00,104.15,104.44,0.28749847
2025-07-06 18:00:00,104.17,104.44,0.26750183
2025-07-06 19:00:00,104.2,104.44,0.23750305
2025-07-06 20:00:00,104.23,104.5,0.26999664
2025-07-06 21:00:00,104.26,104.7,0.42749786
2025-07-06 22:00:00,104.31,104.75,0.44000244
2025-07-06 23:00:00,104.37,104.8,0.44249725
2025-07-07 00:00:00,104.43,104.9,0.4449997
2025-07-07 01:00:00,104.49,105.06,0.57250214
2025-07-07 02:00:00,104.55,105.4,0.82499695
2025-07-07 03:00:00,104.6,105.5,0.9000015
2025-07-07 04:00:00,104.6,105.5,0.9000015
2025-07-07 05:00:00,104.6,105.7,1.0875015
2025-07-07 06:00:00,104.61,105.44,0.8274994
2025-07-07 07:00:00,104.66,105.4,0.71499634
2025-07-07 08:00:00,104.7,105.5,0.80000305
2025-07-07 09:00:00,104.74,105.75,1.0100021
2025-07-07 10:00:00,104.78,105.9,1.0950012
2025-07-07 11:00:00,104.81,106.0,1.1900024
2025-07-07 12:00:00,104.83,105.9,1.0449982
2025-07-07 13:00:00,104.85,105.8,0.9625015
2025-07-07 14:00:00,104.88,105.5,0.62000275
2025-07-07 15:00:00,104.9,105.4,0.47499847
2025-07-07 16:00:00,104.92,105.2,0.26750183
2025-07-07 17:00:00,104.95,105.4,0.42500305
2025-07-07 18:00:00,104.98,105.44,0.45749664
2025-07-07 19:00:00,105.01,105.6,0.61499786
2025-07-07 20:00:00,105.04,105.6,0.5849991
2025-07-07 21:00:00,105.07,105.7,0.6175003
2025-07-07 22:00:00,105.11,105.6,0.5149994
2025-07-07 23:00:00,105.14,105.7,0.5475006
2025-07-08 00:00:00,105.17,105.75,0.58000183
2025-07-08 01:00:00,105.2,106.06,0.86250305
2025-07-08 02:00:00,105.23,106.0,0.76999664
2025-07-08 03:00:00,105.26,106.1,0.86499786
2025-07-08 04:00:00,105.29,106.1,0.8349991
2025-07-08 05:00:00,105.32,106.1,0.8050003
2025-07-08 06:00:00,105.35,106.2,0.8375015
2025-07-08 07:00:00,105.37,106.25,0.87999725
2025-07-08 08:00:00,105.39,106.25,0.8600006
2025-07-08 09:00:00,105.41,106.4,0.96499634
2025-07-08 10:00:00,105.43,106.3,0.8824997
2025-07-08 11:00:00,105.45,106.5,1.050003
2025-07-08 12:00:00,105.47,106.5,1.0299988
2025-07-08 13:00:00,105.49,106.44,0.94750214
2025-07-08 14:00:00,105.52,106.44,0.91750336
2025-07-08 15:00:00,105.54,106.44,0.8974991
2025-07-08 16:00:00,105.56,106.5,0.94000244
2025-07-08 17:00:00,105.58,106.3,0.73249817
2025-07-08 18:00:00,105.6,106.25,0.6500015
2025-07-08 19:00:00,105.62,106.25,0.62999725
2025-07-08 20:00:00,105.64,106.0,0.3600006
2025-07-08 21:00:00,105.66,106.25,0.58999634
2025-07-08 22:00:00,105.68,106.4,0.6949997
2025-07-08 23:00:00,105.71,106.56,0.8525009
2025-07-09 00:00:00,105.74,106.6,0.88500214
2025-07-09 01:00:00,105.77,106.75,0.98000336
2025-07-09 02:00:00,105.8,106.8,1.012497
2025-07-09 03:00:00,105.83,106.75,0.91999817
2025-07-09 04:00:00,105.85,106.8,0.9625015
2025-07-09 05:00:00,105.88,106.75,0.87000275
2025-07-09 06:00:00,105.91,106.7,0.77749634
2025-07-09 07:00:00,105.94,106.9,0.93499756
2025-07-09 08:00:00,105.97,106.9,0.9049988
2025-07-09 09:00:00,105.99,106.8,0.82250214
2025-07-09 10:00:00,106.01,106.6,0.61499786
2025-07-09 11:00:00,106.03,106.75,0.7200012
2025-07-09 12:00:00,106.05,106.75,0.69999695
2025-07-09 13:00:00,106.07,106.75,0.6800003
2025-07-09 14:00:00,106.1,106.7,0.5875015
2025-07-09 15:00:00,106.13,106.75,0.62000275
2025-07-09 16:00:00,106.14,106.8,0.6725006
2025-07-09 17:00:00,106.13,106.9,0.74500275
2025-07-09 18:00:00,106.11,106.5,0.3899994
2025-07-09 19:00:00,106.1,106.75,0.6500015
2025-07-09 20:00:00,106.08,106.7,0.60749817
2025-07-09 21:00:00,106.08,106.94,0.85749817
2025-07-09 22:00:00,106.09,106.8,0.72250366
2025-07-09 23:00:00,106.08,107.2,1.1074982
2025-07-10 00:00:00,106.06,107.06,1.0025024
2025-07-10 01:00:00,106.04,107.1,1.0849991
2025-07-10 02:00:00,106.03,106.9,0.8450012
2025-07-10 03:00:00,106.02,107.06,1.0425034
2025-07-10 04:00:00,106.01,107.06,1.0524979
2025-07-10 05:00:00,106.01,107.06,1.0524979
2025-07-10 06:00:00,106.01,107.1,1.1149979
2025-07-10 07:00:00,106.01,107.25,1.2399979
2025-07-10 08:00:00,106.01,107.3,1.3024979
2025-07-10 09:00:00,106.01,107.2,1.1774979
2025-07-10 10:00:00,106.01,107.06,1.0524979
2025-07-10 11:00:00,106.0,107.06,1.0625
2025-07-10 12:00:00,105.99,107.0,1.0100021
2025-07-10 13:00:00,105.98,106.94,0.95749664
2025-07-10 14:00:00,105.98,106.9,0.89499664
2025-07-10 15:00:00,105.97,106.9,0.9049988
2025-07-10 16:00:00,105.97,106.75,0.7799988
2025-07-10 17:00:00,105.96,106.9,0.9150009
2025-07-10 18:00:00,105.96,107.0,1.0400009
2025-07-10 19:00:00,105.96,107.0,1.0400009
2025-07-10 20:00:00,105.96,106.8,0.8525009
2025-07-10 21:00:00,105.96,107.0,1.0400009
2025-07-10 22:00:00,105.96,107.0,1.0400009
2025-07-10 23:00:00,105.96,106.94,0.9775009
2025-07-11 00:00:00,105.96,107.06,1.1025009
2025-07-11 01:00:00,105.96,106.9,0.9150009
2025-07-11 02:00:00,105.96,107.0,1.0400009
2025-07-11 03:00:00,105.96,106.75,0.7900009
2025-07-11 04:00:00,105.96,106.9,0.9150009
2025-07-11 05:00:00,105.96,106.9,0.9150009
2025-07-11 06:00:00,105.95,106.94,0.98750305
2025-07-11 07:00:00,105.94,106.8,0.87249756
2025-07-11 08:00:00,105.94,106.9,0.93499756
2025-07-11 09:00:00,105.95,106.75,0.80000305
2025-07-11 10:00:00,105.96,106.9,0.9150009
2025-07-11 11:00:00,105.97,106.94,0.9674988
2025-07-11 12:00:00,105.97,106.94,0.9674988
2025-07-11 13:00:00,105.97,106.75,0.7799988
2025-07-11 14:00:00,105.98,106.7,0.70749664
2025-07-11 15:00:00,105.99,106.7,0.69750214
2025-07-11 16:00:00,105.98,106.75,0.76999664
2025-07-11 17:00:00,105.97,106.56,0.5924988
2025-07-11 18:00:00,105.97,106.5,0.5299988
2025-07-11 19:00:00,105.98,106.44,0.45749664
2025-07-11 20:00:00,105.99,106.7,0.69750214
2025-07-11 21:00:00,106.0,106.8,0.8125
2025-07-11 22:00:00,106.0,106.7,0.6875
2025-07-11 23:00:00,106.0,106.75,0.75
2025-07-12 00:00:00,106.0,106.6,0.625
2025-07-12 01:00:00,106.0,106.8,0.8125
2025-07-12 02:00:00,106.0,106.75,0.75
2025-07-12 03:00:00,106.0,106.8,0.8125
2025-07-12 04:00:00,106.0,106.75,0.75
2025-07-12 05:00:00,106.01,106.9,0.86499786
2025-07-12 06:00:00,106.01,106.9,0.86499786
2025-07-12 07:00:00,106.02,107.0,0.98000336
2025-07-12 08:00:00,106.03,106.9,0.8450012
2025-07-12 09:00:00,106.03,106.94,0.9075012
2025-07-12 10:00:00,106.03,106.9,0.8450012
2025-07-12 11:00:00,106.04,106.9,0.8349991
2025-07-12 12:00:00,106.04,106.8,0.7724991
2025-07-12 13:00:00,106.04,107.0,0.9599991
2025-07-12 14:00:00,106.04,106.75,0.7099991
2025-07-12 15:00:00,106.04,106.6,0.5849991
2025-07-12 16:00:00,106.03,106.6,0.5950012
2025-07-12 17:00:00,106.03,106.56,0.5325012
2025-07-12 18:00:00,106.03,106.6,0.5950012
2025-07-12 19:00:00,106.03,106.7,0.6575012
2025-07-12 20:00:00,106.03,106.6,0.5950012
2025-07-12 21:00:00,106.02,106.6,0.60500336
2025-07-12 22:00:00,106.01,106.7,0.67749786
2025-07-12 23:00:00,106.01,106.6,0.61499786
2025-07-13 00:00:00,106.01,106.75,0.73999786
2025-07-13 01:00:00,106.01,106.8,0.80249786
2025-07-13 02:00:00,106.01,106.75,0.73999786
2025-07-13 03:00:00,106.01,106.7,0.67749786
2025-07-13 04:00:00,106.01,106.8,0.80249786
2025-07-13 05:00:00,106.01,106.6,0.61499786
2025-07-13 06:00:00,106.01,106.9,0.86499786
2025-07-13 07:00:00,106.01,106.7,0.67749786
2025-07-13 08:00:00,106.01,106.8,0.80249786
2025-07-13 09:00:00,106.01,106.7,0.67749786
2025-07-13 10:00:00,106.01,106.56,0.55249786
2025-07-13 11:00:00,106.01,106.5,0.48999786
2025-07-13 12:00:00,106.01,106.56,0.55249786
2025-07-13 13:00:00,105.98,106.5,0.51999664
2025-07-13 14:00:00,105.93,106.3,0.3824997
2025-07-13 15:00:00,105.87,106.25,0.37999725
2025-07-13 16:00:00,105.82,106.3,0.4925003
2025-07-13 17:00:00,105.76,106.25,0.48999786
2025-07-13 18:00:00,105.75,106.4,0.625
2025-07-13 19:00:00,105.75,106.44,0.6875
2025-07-13 20:00:00,105.75,106.9,1.125
2025-07-13 21:00:00,105.76,107.0,1.2399979
2025-07-13 22:00:00,105.76,107.0,1.2399979
2025-07-13 23:00:00,105.76,106.94,1.1774979
2025-07-14 00:00:00,105.77,107.0,1.2300034
2025-07-14 01:00:00,105.77,106.94,1.1675034
2025-07-14 02:00:00,105.78,106.94,1.1575012
2025-07-14 03:00:00,105.78,106.94,1.1575012
2025-07-14 04:00:00,105.78,106.9,1.0950012
2025-07-14 05:00:00,105.78,107.06,1.2825012
2025-07-14 06:00:00,105.77,107.06,1.2925034
2025-07-14 07:00:00,105.76,107.06,1.3024979
2025-07-14 08:00:00,105.76,107.0,1.2399979
2025-07-14 09:00:00,105.76,106.9,1.1149979
2025-07-14 10:00:00,105.75,106.9,1.125
2025-07-14 11:00:00,105.74,106.9,1.1350021
2025-07-14 12:00:00,105.74,106.6,0.88500214
2025-07-14 13:00:00,105.74,106.44,0.69750214
2025-07-14 14:00:00,105.74,106.75,1.0100021
2025-07-14 15:00:00,105.73,106.5,0.76999664
2025-07-14 16:00:00,105.73,106.5,0.76999664
2025-07-14 17:00:00,105.73,106.44,0.70749664
2025-07-14 18:00:00,105.74,106.3,0.57250214
2025-07-14 19:00:00,105.74,106.44,0.69750214
2025-07-14 20:00:00,105.74,106.44,0.69750214
2025-07-14 21:00:00,105.74,106.6,0.88500214
2025-07-14 22:00:00,105.75,106.56,0.8125
2025-07-14 23:00:00,105.76,106.75,0.98999786
2025-07-15 00:00:00,105.76,106.75,0.98999786
2025-07-15 01:00:00,105.76,106.9,1.1149979
2025-07-15 02:00:00,105.76,106.7,0.92749786
2025-07-15 03:00:00,105.76,106.8,1.0524979
2025-07-15 04:00:00,105.77,106.8,1.0425034
2025-07-15 05:00:00,105.76,107.0,1.2399979
2025-07-15 06:00:00,105.76,106.75,0.98999786
2025-07-15 07:00:00,105.76,107.06,1.3024979
2025-07-15 08:00:00,105.76,107.0,1.2399979
2025-07-15 09:00:00,105.76,107.0,1.2399979
2025-07-15 10:00:00,105.76,106.94,1.1774979
2025-07-15 11:00:00,105.76,106.9,1.1149979
2025-07-15 12:00:00,105.76,106.8,1.0524979
2025-07-15 13:00:00,105.76,106.7,0.92749786
2025-07-15 14:00:00,105.76,106.6,0.86499786
2025-07-15 15:00:00,105.75,106.75,1.0
2025-07-15 16:00:00,105.73,106.8,1.0824966
2025-07-15 17:00:00,105.69,106.7,0.99749756
2025-07-15 18:00:00,105.65,106.5,0.8499985
2025-07-15 19:00:00,105.61,106.56,0.9524994
2025-07-15 20:00:00,105.59,106.6,1.0350037
2025-07-15 21:00:00,105.57,106.7,1.1175003
2025-07-15 22:00:00,105.54,106.94,1.3974991
2025-07-15 23:00:00,105.51,106.94,1.4274979
2025-07-16 00:00:00,105.48,106.8,1.3324966
2025-07-16 01:00:00,105.46,106.75,1.2900009
2025-07-16 02:00:00,105.44,106.8,1.3724976
2025-07-16 03:00:00,105.41,106.7,1.2774963
2025-07-16 04:00:00,105.38,106.8,1.4325027
2025-07-16 05:00:00,105.35,106.8,1.4625015
2025-07-16 06:00:00,105.31,106.7,1.3775024
2025-07-16 07:00:00,105.28,106.6,1.3450012
2025-07-16 08:00:00,105.24,106.6,1.3850021
2025-07-16 09:00:00,105.2,106.44,1.237503
2025-07-16 10:00:00,105.18,106.5,1.3199997
2025-07-16 11:00:00,105.15,106.44,1.2874985
2025-07-16 12:00:00,105.12,106.56,1.4424973
2025-07-16 13:00:00,105.08,106.44,1.3574982
2025-07-16 14:00:00,105.06,106.3,1.2525024
2025-07-16 15:00:00,105.03,106.25,1.2200012
2025-07-16 16:00:00,105.0,106.2,1.1875
2025-07-16 17:00:00,104.97,105.94,0.9674988
2025-07-16 18:00:00,104.94,105.94,0.99749756
2025-07-16 19:00:00,104.91,105.9,0.96499634
2025-07-16 20:00:00,104.88,106.0,1.1200027
2025-07-16 21:00:00,104.85,106.0,1.1500015
2025-07-16 22:00:00,104.82,105.94,1.1175003
2025-07-16 23:00:00,104.79,105.8,1.0224991
2025-07-17 00:00:00,104.76,105.94,1.1774979
2025-07-17 01:00:00,104.74,105.9,1.1350021
2025-07-17 02:00:00,104.72,106.06,1.3424988
2025-07-17 03:00:00,104.69,106.06,1.3724976
2025-07-17 04:00:00,104.66,106.25,1.5899963
2025-07-17 05:00:00,104.63,106.06,1.4325027
2025-07-17 06:00:00,104.6,106.3,1.7125015
2025-07-17 07:00:00,104.57,106.06,1.4925003
2025-07-17 08:00:00,104.54,106.2,1.6474991
2025-07-17 09:00:00,104.51,105.94,1.4274979
2025-07-17 10:00:00,104.48,106.1,1.6449966
2025-07-17 11:00:00,104.45,106.06,1.612503
2025-07-17 12:00:00,104.41,106.0,1.5899963
2025-07-17 13:00:00,104.38,105.75,1.3700027
2025-07-17 14:00:00,104.35,105.75,1.4000015
2025-07-17 15:00:00,104.3,105.9,1.574997
2025-07-17 16:00:00,104.24,105.8,1.5725021
2025-07-17 17:00:00,104.18,105.75,1.5699997
2025-07-17 18:00:00,104.11,105.6,1.5149994
2025-07-17 19:00:00,104.05,105.6,1.574997
2025-07-17 20:00:00,103.99,105.5,1.5100021
2025-07-17 21:00:00,103.93,105.4,1.4449997
2025-07-17 22:00:00,103.87,105.3,1.4424973
2025-07-17 23:00:00,103.81,105.2,1.3775024
2025-07-18 00:00:00,103.75,105.3,1.5625
2025-07-18 01:00:00,103.69,105.25,1.5599976
2025-07-18 02:00:00,103.63,105.3,1.6825027
2025-07-18 03:00:00,103.57,105.5,1.9300003
2025-07-18 04:00:00,103.51,105.5,1.9899979
2025-07-18 05:00:00,103.45,105.3,1.862503
2025-07-18 06:00:00,103.39,105.44,2.0475006
2025-07-18 07:00:00,103.33,105.5,2.1699982
2025-07-18 08:00:00,103.26,105.56,2.3024979
2025-07-18 09:00:00,103.2,105.56,2.362503
2025-07-18 10:00:00,103.14,105.25,2.1100006
2025-07-18 11:00:00,103.08,105.1,2.0449982
2025-07-18 12:00:00,103.01,104.94,1.9274979
2025-07-18 13:00:00,102.94,104.4,1.4349976
2025-07-18 14:00:00,102.87,104.44,1.5674973
2025-07-18 15:00:00,102.8,104.25,1.449997
2025-07-18 16:00:00,102.73,104.3,1.5824966
2025-07-18 17:00:00,102.67,104.0,1.3300018
2025-07-18 18:00:00,102.6,103.94,1.3375015
2025-07-18 19:00:00,102.53,103.6,1.0950012
2025-07-18 20:00:00,102.46,103.75,1.2900009
2025-07-18 21:00:00,102.4,103.44,1.0374985
2025-07-18 22:00:00,102.34,103.3,0.97250366
2025-07-18 23:00:00,102.28,103.1,0.8450012
2025-07-19 00:00:00,102.22,103.1,0.9049988
2025-07-19 01:00:00,102.16,103.0,0.83999634
2025-07-19 02:00:00,102.1,103.0,0.9000015
2025-07-19 03:00:00,102.04,103.0,0.9599991
2025-07-19 04:00:00,101.98,103.1,1.1449966
2025-07-19 05:00:00,101.92,102.8,0.89250183
2025-07-19 06:00:00,101.86,102.8,0.9524994
2025-07-19 07:00:00,101.8,102.6,0.82499695
2025-07-19 08:00:00,101.74,102.56,0.82250214
2025-07-19 09:00:00,101.68,102.44,0.7574997
2025-07-19 10:00:00,101.61,102.5,0.8899994
2025-07-19 11:00:00,101.55,102.56,1.012497
2025-07-19 12:00:00,101.49,102.75,1.2600021
2025-07-19 13:00:00,101.43,102.6,1.1949997
2025-07-19 14:00:00,101.37,102.6,1.2549973
2025-07-19 15:00:00,101.31,102.44,1.1275024
2025-07-19 16:00:00,101.26,102.1,0.86499786
2025-07-19 17:00:00,101.24,101.4,0.13500214
2025-07-19 18:00:00,101.24,101.44,0.19750214
2025-07-19 19:00:00,101.2,102.44,1.237503
2025-07-19 20:00:00,101.16,102.44,1.2774963
2025-07-19 21:00:00,101.13,102.1,0.99500275
2025-07-19 22:00:00,101.09,102.1,1.0350037
2025-07-19 23:00:00,101.07,101.25,0.1800003
2025-07-20 00:00:00,101.04,102.2,1.1474991
2025-07-20 01:00:00,101.01,101.4,0.36499786
2025-07-20 02:00:00,100.97,102.0,1.0299988
2025-07-20 03:00:00,100.94,101.56,0.62249756
2025-07-20 04:00:00,100.91,101.94,1.0274963
2025-07-20 05:00:00,100.88,101.56,0.68250275
2025-07-20 06:00:00,100.85,101.8,0.9625015
2025-07-20 07:00:00,100.83,101.5,0.66999817
2025-07-20 08:00:00,100.83,101.75,0.91999817
2025-07-20 09:00:00,100.83,101.56,0.73249817
2025-07-20 10:00:00,100.83,101.6,0.79499817
2025-07-20 11:00:00,100.83,101.4,0.54499817
2025-07-20 12:00:00,100.81,101.56,0.75250244
2025-07-20 13:00:00,100.78,101.44,0.6575012
2025-07-20 14:00:00,100.74,101.56,0.82250214
2025-07-20 15:00:00,100.69,101.5,0.80999756
2025-07-20 16:00:00,100.63,101.5,0.87000275
2025-07-20 17:00:00,100.59,101.25,0.66000366
2025-07-20 18:00:00,100.55,101.2,0.63749695
2025-07-20 19:00:00,100.53,100.94,0.40750122
2025-07-20 20:00:00,100.53,100.8,0.28250122
2025-07-20 21:00:00,100.53,100.56,0.03250122
2025-07-20 22:00:00,100.53,100.7,0.15750122
2025-07-20 23:00:00,100.53,100.56,0.03250122
2025-07-21 00:00:00,100.52,100.7,0.16750336
2025-07-21 01:00:00,100.52,100.6,0.10500336
2025-07-21 02:00:00,100.52,100.7,0.16750336
2025-07-21 03:00:00,100.52,100.6,0.10500336
2025-07-21 04:00:00,100.52,100.5,0.019996643
2025-07-21 05:00:00,100.52,100.5,0.019996643
2025-07-21 06:00:00,100.52,100.6,0.10500336
2025-07-21 07:00:00,100.52,100.7,0.16750336
2025-07-21 08:00:00,100.52,100.75,0.23000336
2025-07-21 09:00:00,100.52,100.9,0.35500336
2025-07-21 10:00:00,100.52,100.9,0.35500336
2025-07-21 11:00:00,100.52,100.8,0.29250336
2025-07-21 12:00:00,100.51,100.9,0.36499786
2025-07-21 13:00:00,100.51,100.75,0.23999786
2025-07-21 14:00:00,100.5,100.9,0.375
2025-07-21 15:00:00,100.49,100.56,0.072502136
2025-07-21 16:00:00,100.49,100.7,0.19750214
2025-07-21 17:00:00,100.49,100.6,0.13500214
2025-07-21 18:00:00,100.48,100.7,0.20749664
2025-07-21 19:00:00,100.47,100.5,0.02999878
2025-07-21 20:00:00,100.47,101.2,0.7174988
2025-07-21 21:00:00,100.47,100.9,0.40499878
2025-07-21 22:00:00,100.47,101.3,0.8424988
2025-07-21 23:00:00,100.47,100.9,0.40499878
2025-07-22 00:00:00,100.47,101.6,1.1549988
2025-07-22 01:00:00,100.47,100.75,0.27999878
2025-07-22 02:00:00,100.47,101.3,0.8424988
2025-07-22 03:00:00,100.47,100.8,0.34249878
2025-07-22 04:00:00,100.47,101.56,1.0924988
2025-07-22 05:00:00,100.46,100.8,0.35250092
2025-07-22 06:00:00,100.45,101.4,0.92500305
2025-07-22 07:00:00,100.43,101.2,0.7574997
2025-07-22 08:00:00,100.41,101.25,0.83999634
2025-07-22 09:00:00,100.39,100.8,0.4225006
2025-07-22 10:00:00,100.36,101.06,0.7024994
2025-07-22 11:00:00,100.33,100.9,0.54499817
2025-07-22 12:00:00,100.31,100.9,0.56500244
2025-07-22 13:00:00,100.29,100.25,0.040000916
2025-07-22 14:00:00,100.29,100.75,0.45999908
2025-07-22 15:00:00,100.31,100.56,0.25250244
2025-07-22 16:00:00,100.32,100.9,0.5550003
2025-07-22 17:00:00,100.3,101.1,0.82499695
2025-07-22 18:00:00,100.27,101.25,0.98000336
2025-07-22 19:00:00,100.25,100.7,0.4375
2025-07-22 20:00:00,100.26,100.7,0.42749786
2025-07-22 21:00:00,100.29,100.4,0.084999084
2025-07-22 22:00:00,100.32,100.6,0.3050003
2025-07-22 23:00:00,100.35,101.3,0.9625015
2025-07-23 00:00:00,100.37,101.56,1.1924973
2025-07-23 01:00:00,100.39,101.75,1.3600006
2025-07-23 02:00:00,100.41,101.7,1.2774963
2025-07-23 03:00:00,100.42,101.56,1.1425018
2025-07-23 04:00:00,100.43,101.56,1.1324997
2025-07-23 05:00:00,100.43,101.56,1.1324997
2025-07-23 06:00:00,100.42,101.6,1.2050018
2025-07-23 07:00:00,100.4,101.56,1.1624985
2025-07-23 08:00:00,100.38,101.5,1.1200027
2025-07-23 09:00:00,100.37,101.3,0.94249725
2025-07-23 10:00:00,100.35,101.25,0.9000015
2025-07-23 11:00:00,100.33,101.2,0.85749817
2025-07-23 12:00:00,100.32,101.25,0.9300003
2025-07-23 13:00:00,100.32,101.1,0.8050003
2025-07-23 14:00:00,100.33,101.1,0.79499817
2025-07-23 15:00:00,100.34,101.06,0.72250366
2025-07-23 16:00:00,100.35,101.06,0.7125015
2025-07-23 17:00:00,100.35,101.1,0.7750015
2025-07-23 18:00:00,100.35,100.56,0.21250153
2025-07-23 19:00:00,100.36,101.0,0.6399994
2025-07-23 20:00:00,100.37,100.6,0.25499725
2025-07-23 21:00:00,100.39,101.3,0.9225006
2025-07-23 22:00:00,100.41,101.1,0.71499634
2025-07-23 23:00:00,100.42,101.25,0.83000183
2025-07-24 00:00:00,100.44,101.1,0.68499756
2025-07-24 01:00:00,100.46,101.7,1.2275009
2025-07-24 02:00:00,100.49,100.8,0.32250214
2025-07-24 03:00:00,100.52,101.5,0.98000336
2025-07-24 04:00:00,100.55,101.75,1.199997
2025-07-24 05:00:00,100.57,102.25,1.6800003
2025-07-24 06:00:00,100.57,102.1,1.5550003
2025-07-24 07:00:00,100.56,102.06,1.5025024
2025-07-24 08:00:00,100.53,101.44,0.9075012
2025-07-24 09:00:00,100.5,101.5,1.0
2025-07-24 10:00:00,100.45,100.9,0.42500305
2025-07-24 11:00:00,100.4,101.1,0.7249985
2025-07-24 12:00:00,100.37,101.06,0.69249725
2025-07-24 13:00:00,100.37,101.5,1.1299973
2025-07-24 14:00:00,100.38,101.4,0.99500275
2025-07-24 15:00:00,100.39,101.5,1.1100006
2025-07-24 16:00:00,100.4,101.3,0.9124985
2025-07-24 17:00:00,100.41,102.06,1.6524963
2025-07-24 18:00:00,100.42,101.56,1.1425018
2025-07-24 19:00:00,100.43,101.9,1.4449997
2025-07-24 20:00:00,100.44,101.75,1.3099976
2025-07-24 21:00:00,100.45,101.2,0.73750305
2025-07-24 22:00:00,100.46,101.2,0.7275009
2025-07-24 23:00:00,100.47,101.0,0.5299988
2025-07-25 00:00:00,100.48,101.1,0.64499664
2025-07-25 01:00:00,100.5,101.44,0.9375
2025-07-25 02:00:00,100.51,101.4,0.86499786
2025-07-25 03:00:00,100.53,101.56,1.0325012
2025-07-25 04:00:00,100.54,101.7,1.1474991
2025-07-25 05:00:00,100.56,101.7,1.1275024
2025-07-25 06:00:00,100.58,101.7,1.1074982
2025-07-25 07:00:00,100.6,101.8,1.2125015
2025-07-25 08:00:00,100.62,101.9,1.2549973
2025-07-25 09:00:00,100.64,102.06,1.4225006
2025-07-25 10:00:00,100.67,101.94,1.2675018
2025-07-25 11:00:00,100.69,102.2,1.4974976
2025-07-25 12:00:00,100.71,102.2,1.4775009
2025-07-25 13:00:00,100.73,102.2,1.4574966
2025-07-25 14:00:00,100.75,102.1,1.375
2025-07-25 15:00:00,100.77,102.2,1.4175034
2025-07-25 16:00:00,100.79,102.06,1.2724991
2025-07-25 17:00:00,100.81,102.1,1.3150024
2025-07-25 18:00:00,100.82,102.3,1.4925003
2025-07-25 19:00:00,100.83,102.2,1.3574982
2025-07-25 20:00:00,100.85,101.94,1.0875015
2025-07-25 21:00:00,100.86,102.0,1.1399994
2025-07-25 22:00:00,100.88,101.8,0.93250275
2025-07-25 23:00:00,100.9,102.0,1.0999985
2025-07-26 00:00:00,100.92,102.06,1.1425018
2025-07-26 01:00:00,100.94,102.25,1.3099976
2025-07-26 02:00:00,100.96,102.3,1.3525009
2025-07-26 03:00:00,100.98,102.44,1.4574966
2025-07-26 04:00:00,101.0,102.56,1.5625
2025-07-26 05:00:00,101.01,102.75,1.7399979
2025-07-26 06:00:00,101.02,102.7,1.6675034
2025-07-26 07:00:00,101.03,102.7,1.6575012
2025-07-26 08:00:00,101.04,102.4,1.3349991
2025-07-26 09:00:00,101.05,102.5,1.449997
2025-07-26 10:00:00,101.06,102.4,1.3150024
2025-07-26 11:00:00,101.06,102.6,1.5650024
2025-07-26 12:00:00,101.07,102.4,1.3050003
2025-07-26 13:00:00,101.08,102.4,1.2949982
2025-07-26 14:00:00,101.09,102.1,1.0350037
2025-07-26 15:00:00,101.1,102.2,1.0875015
2025-07-26 16:00:00,101.11,101.7,0.5774994
2025-07-26 17:00:00,101.12,101.94,0.81749725
2025-07-26 18:00:00,101.13,102.0,0.87000275
2025-07-26 19:00:00,101.14,102.2,1.0475006
2025-07-26 20:00:00,101.16,102.2,1.0274963
2025-07-26 21:00:00,101.17,102.1,0.95500183
2025-07-26 22:00:00,101.18,101.5,0.3199997
2025-07-26 23:00:00,101.19,102.1,0.93499756
2025-07-27 00:00:00,101.2,101.56,0.36250305
2025-07-27 01:00:00,101.21,101.8,0.6025009
2025-07-27 02:00:00,101.21,101.9,0.6650009
2025-07-27 03:00:00,101.21,102.06,0.8525009
2025-07-27 04:00:00,101.22,101.94,0.7174988
2025-07-27 05:00:00,101.23,102.0,0.76999664
2025-07-27 06:00:00,101.24,101.94,0.69750214
2025-07-27 07:00:00,101.24,102.2,0.94750214
2025-07-27 08:00:00,101.24,102.2,0.94750214
2025-07-27 09:00:00,101.24,102.25,1.0100021
2025-07-27 10:00:00,101.23,102.06,0.83249664
2025-07-27 11:00:00,101.22,102.06,0.8424988
2025-07-27 12:00:00,101.21,102.0,0.7900009
2025-07-27 13:00:00,101.19,102.0,0.80999756
2025-07-27 14:00:00,101.15,102.06,0.9124985
2025-07-27 15:00:00,101.1,102.1,1.0250015
2025-07-27 16:00:00,101.04,102.0,0.9599991
2025-07-27 17:00:00,100.98,101.75,0.76999664
2025-07-27 18:00:00,100.93,101.56,0.6324997
2025-07-27 19:00:00,100.88,101.25,0.37000275
2025-07-27 20:00:00,100.83,101.1,0.29499817
2025-07-27 21:00:00,100.78,100.94,0.15750122
2025-07-27 22:00:00,100.74,100.9,0.13500214
2025-07-27 23:00:00,100.71,100.75,0.040000916
2025-07-28 00:00:00,100.7,100.6,0.07499695
2025-07-28 01:00:00,100.7,100.5,0.19999695
2025-07-28 02:00:00,100.7,100.6,0.07499695
2025-07-28 03:00:00,100.7,100.9,0.17500305
2025-07-28 04:00:00,100.71,101.4,0.6650009
2025-07-28 05:00:00,100.71,101.25,0.5400009
2025-07-28 06:00:00,100.71,101.44,0.7275009
2025-07-28 07:00:00,100.71,101.3,0.6025009
2025-07-28 08:00:00,100.7,101.25,0.55000305
2025-07-28 09:00:00,100.7,101.0,0.30000305
2025-07-28 10:00:00,100.7,100.94,0.23750305
2025-07-28 11:00:00,100.7,101.44,0.73750305
2025-07-28 12:00:00,100.69,101.9,1.1849976
2025-07-28 13:00:00,100.69,102.0,1.3099976
2025-07-28 14:00:00,100.69,102.1,1.4349976
2025-07-28 15:00:00,100.69,102.25,1.5599976
2025-07-28 16:00:00,100.68,102.2,1.5074997
2025-07-28 17:00:00,100.67,102.06,1.3925018
2025-07-28 18:00:00,100.66,101.9,1.2149963
2025-07-28 19:00:00,100.66,101.7,1.0274963
2025-07-28 20:00:00,100.65,101.6,0.9749985
2025-07-28 21:00:00,100.65,101.44,0.7874985
2025-07-28 22:00:00,100.65,101.4,0.7249985
2025-07-28 23:00:00,100.65,101.4,0.7249985
2025-07-29 00:00:00,100.65,101.6,0.9749985
2025-07-29 01:00:00,100.65,101.6,0.9749985
2025-07-29 02:00:00,100.65,101.8,1.1624985
2025-07-29 03:00:00,100.65,101.94,1.2874985
2025-07-29 04:00:00,100.65,102.0,1.3499985
2025-07-29 05:00:00,100.65,102.0,1.3499985
2025-07-29 06:00:00,100.64,101.94,1.2975006
2025-07-29 07:00:00,100.63,101.94,1.3075027
2025-07-29 08:00:00,100.62,101.9,1.2549973
2025-07-29 09:00:00,100.62,101.56,0.94249725
2025-07-29 10:00:00,100.62,101.9,1.2549973
2025-07-29 11:00:00,100.62,101.1,0.50499725
2025-07-29 12:00:00,100.62,101.56,0.94249725
2025-07-29 13:00:00,100.61,101.0,0.3899994
2025-07-29 14:00:00,100.6,101.3,0.7125015
2025-07-29 15:00:00,100.58,101.0,0.41999817
2025-07-29 16:00:00,100.55,101.06,0.51249695
2025-07-29 17:00:00,100.53,100.9,0.34500122
2025-07-29 18:00:00,100.53,100.94,0.40750122
2025-07-29 19:00:00,100.53,100.6,0.09500122
2025-07-29 20:00:00,100.53,100.7,0.15750122
2025-07-29 21:00:00,100.53,100.44,0.09249878
2025-07-29 22:00:00,100.53,100.4,0.15499878
2025-07-29 23:00:00,100.52,100.2,0.33249664
2025-07-30 00:00:00,100.51,100.2,0.32250214
2025-07-30 01:00:00,100.51,100.1,0.38500214
2025-07-30 02:00:00,100.5,100.2,0.3125
2025-07-30 03:00:00,100.49,100.06,0.42749786
2025-07-30 04:00:00,100.49,100.25,0.23999786
2025-07-30 05:00:00,100.48,100.25,0.23000336
2025-07-30 06:00:00,100.47,100.25,0.22000122
2025-07-30 07:00:00,100.46,100.2,0.27249908
2025-07-30 08:00:00,100.46,100.1,0.33499908
2025-07-30 09:00:00,100.45,100.06,0.38749695
2025-07-30 10:00:00,100.44,100.25,0.19000244
2025-07-30 11:00:00,100.44,100.2,0.25250244
2025-07-30 12:00:00,100.44,100.6,0.18499756
2025-07-30 13:00:00,100.43,100.56,0.1324997
2025-07-30 14:00:00,100.42,100.7,0.26750183
2025-07-30 15:00:00,100.41,100.7,0.27749634
2025-07-30 16:00:00,100.4,100.7,0.28749847
2025-07-30 17:00:00,100.39,100.6,0.23500061
2025-07-30 18:00:00,100.39,100.6,0.23500061
2025-07-30 19:00:00,100.38,100.44,0.057502747
2025-07-30 20:00:00,100.37,100.3,0.057502747
2025-07-30 21:00:00,100.35,100.1,0.22499847
2025-07-30 22:00:00,100.35,100.1,0.22499847
2025-07-30 23:00:00,100.35,100.0,0.34999847
2025-07-31 00:00:00,100.34,99.94,0.40249634
2025-07-31 01:00:00,100.34,99.94,0.40249634
2025-07-31 02:00:00,100.34,100.06,0.27749634
2025-07-31 03:00:00,100.34,100.0,0.33999634
2025-07-31 04:00:00,100.33,100.3,0.017501831
2025-07-31 05:00:00,100.32,100.06,0.2574997
2025-07-31 06:00:00,100.31,100.3,0.0025024414
2025-07-31 07:00:00,100.3,100.25,0.05000305
2025-07-31 08:00:00,100.26,100.06,0.19750214
2025-07-31 09:00:00,100.21,99.8,0.39749908
2025-07-31 10:00:00,100.14,99.94,0.20249939
2025-07-31 11:00:00,100.07,100.0,0.069999695
2025-07-31 12:00:00,99.99,100.25,0.26000214
2025-07-31 13:00:00,99.91,100.2,0.27749634
2025-07-31 14:00:00,99.86,100.25,0.3899994
2025-07-31 15:00:00,99.84,100.25,0.41000366
2025-07-31 16:00:00,99.83,100.1,0.29499817
2025-07-31 17:00:00,99.84,99.56,0.27749634
2025-07-31 18:00:00,99.87,99.5,0.37000275
2025-07-31 19:00:00,99.9,99.3,0.5875015
2025-07-31 20:00:00,99.93,99.5,0.4300003
2025-07-31 21:00:00,99.96,99.44,0.5224991
2025-07-31 22:00:00,100.0,99.3,0.6875
2025-07-31 23:00:00,100.03,99.4,0.6549988
2025-08-01 00:00:00,100.06,99.56,0.49749756
2025-08-01 01:00:00,100.09,99.25,0.83999634
2025-08-01 02:00:00,100.13,99.5,0.62999725
2025-08-01 03:00:00,100.17,99.7,0.48249817
2025-08-01 04:00:00,100.21,99.8,0.39749908
2025-08-01 05:00:00,100.25,100.0,0.25
2025-08-01 06:00:00,100.28,100.3,0.03250122
2025-08-01 07:00:00,100.31,100.4,0.06500244
2025-08-01 08:00:00,100.3,100.4,0.07499695
2025-08-01 09:00:00,100.3,100.25,0.05000305
2025-08-01 10:00:00,100.28,100.06,0.21749878
2025-08-01 11:00:00,100.26,100.0,0.26000214
2025-08-01 12:00:00,100.24,99.8,0.42749786
2025-08-01 13:00:00,100.22,100.0,0.22000122
2025-08-01 14:00:00,100.2,99.9,0.32499695
2025-08-01 15:00:00,100.17,99.94,0.23249817
2025-08-01 16:00:00,100.15,99.75,0.40000153
2025-08-01 17:00:00,100.13,99.8,0.31749725
2025-08-01 18:00:00,100.1,99.7,0.41249847
2025-08-01 19:00:00,100.12,99.56,0.55750275
2025-08-01 20:00:00,100.15,99.5,0.6500015
2025-08-01 21:00:00,100.19,99.56,0.62750244
2025-08-01 22:00:00,100.22,99.7,0.5325012
2025-08-01 23:00:00,100.25,99.6,0.625
2025-08-02 00:00:00,100.28,100.1,0.15499878
2025-08-02 01:00:00,100.31,100.25,0.05999756
2025-08-02 02:00:00,100.34,101.06,0.72250366
2025-08-02 03:00:00,100.37,100.5,0.12999725
2025-08-02 04:00:00,100.4,100.8,0.41249847
2025-08-02 05:00:00,100.43,100.7,0.2574997
2025-08-02 06:00:00,100.46,100.5,0.040000916
2025-08-02 07:00:00,100.49,100.4,0.114997864
2025-08-02 08:00:00,100.52,100.7,0.16750336
2025-08-02 09:00:00,100.53,100.7,0.15750122
2025-08-02 10:00:00,100.52,100.75,0.23000336
2025-08-02 11:00:00,100.52,100.56,0.042503357
2025-08-02 12:00:00,100.52,100.56,0.042503357
2025-08-02 13:00:00,100.51,100.44,0.072502136
2025-08-02 14:00:00,100.5,100.44,0.0625
2025-08-02 15:00:00,100.5,100.3,0.1875
2025-08-02 16:00:00,100.49,100.3,0.17749786
2025-08-02 17:00:00,100.49,100.06,0.42749786
2025-08-02 18:00:00,100.49,100.1,0.36499786
2025-08-02 19:00:00,100.49,100.0,0.48999786
2025-08-02 20:00:00,100.5,99.94,0.5625
2025-08-02 21:00:00,100.52,99.75,0.76999664
2025-08-02 22:00:00,100.54,99.7,0.8525009
2025-08-02 23:00:00,100.55,99.7,0.86250305
2025-08-03 00:00:00,100.57,99.7,0.8824997
2025-08-03 01:00:00,100.59,99.7,0.90249634
2025-08-03 02:00:00,100.62,99.8,0.80750275
2025-08-03 03:00:00,100.64,99.8,0.8274994
2025-08-03 04:00:00,100.66,99.9,0.78500366
2025-08-03 05:00:00,100.68,99.9,0.8050003
2025-08-03 06:00:00,100.7,100.06,0.63749695
2025-08-03 07:00:00,100.72,100.06,0.6575012
2025-08-03 08:00:00,100.73,100.1,0.60500336
2025-08-03 09:00:00,100.75,100.1,0.625
2025-08-03 10:00:00,100.79,100.1,0.6650009
2025-08-03 11:00:00,100.82,100.3,0.5074997
2025-08-03 12:00:00,100.84,100.5,0.33999634
2025-08-03 13:00:00,100.84,100.6,0.21499634
2025-08-03 14:00:00,100.82,100.7,0.1324997
2025-08-03 15:00:00,100.81,100.6,0.18499756
2025-08-03 16:00:00,100.81,100.56,0.24749756
2025-08-03 17:00:00,100.8,100.5,0.30000305
2025-08-03 18:00:00,100.79,100.5,0.29000092
2025-08-03 19:00:00,100.8,100.4,0.42500305
2025-08-03 20:00:00,100.82,100.25,0.5699997
2025-08-03 21:00:00,100.84,100.4,0.46499634
2025-08-03 22:00:00,100.86,100.2,0.6725006
2025-08-03 23:00:00,100.87,99.9,0.99500275
2025-08-04 00:00:00,100.88,99.75,1.1299973
2025-08-04 01:00:00,100.9,99.75,1.1500015
2025-08-04 02:00:00,100.92,99.9,1.0449982
2025-08-04 03:00:00,100.94,100.0,0.94000244
2025-08-04 04:00:00,100.95,100.25,0.69999695
2025-08-04 05:00:00,100.96,100.25,0.7099991
2025-08-04 06:00:00,100.97,100.3,0.6575012
2025-08-04 07:00:00,101.0,100.4,0.625
2025-08-04 08:00:00,101.03,100.44,0.5924988
2025-08-04 09:00:00,101.06,100.5,0.55999756
2025-08-04 10:00:00,101.08,100.6,0.45500183
2025-08-04 11:00:00,101.11,100.94,0.17250061
2025-08-04 12:00:00,101.14,101.2,0.04750061
2025-08-04 13:00:00,101.16,101.4,0.21499634
2025-08-04 14:00:00,101.19,101.4,0.18499756
2025-08-04 15:00:00,101.21,101.44,0.22750092
2025-08-04 16:00:00,101.23,101.3,0.08249664
2025-08-04 17:00:00,101.25,101.4,0.125
2025-08-04 18:00:00,101.27,101.3,0.042503357
2025-08-04 19:00:00,101.29,101.25,0.040000916
2025-08-04 20:00:00,101.29,100.94,0.35250092
2025-08-04 21:00:00,101.29,100.94,0.35250092
2025-08-04 22:00:00,101.3,100.8,0.48750305
2025-08-04 23:00:00,101.32,100.8,0.5074997
2025-08-05 00:00:00,101.33,100.6,0.70500183
2025-08-05 01:00:00,101.35,100.75,0.5999985
2025-08-05 02:00:00,101.36,100.6,0.7350006
2025-08-05 03:00:00,101.37,100.9,0.49500275
2025-08-05 04:00:00,101.38,100.75,0.62999725
2025-08-05 05:00:00,101.38,101.0,0.37999725
2025-08-05 06:00:00,101.39,100.9,0.5149994
2025-08-05 07:00:00,101.41,101.0,0.41000366
2025-08-05 08:00:00,101.43,100.9,0.5550003
2025-08-05 09:00:00,101.45,101.0,0.44999695
2025-08-05 10:00:00,101.47,101.0,0.47000122
2025-08-05 11:00:00,101.49,101.2,0.30249786
2025-08-05 12:00:00,101.51,101.44,0.072502136
2025-08-05 13:00:00,101.53,101.6,0.09500122
2025-08-05 14:00:00,101.55,101.7,0.13749695
2025-08-05 15:00:00,101.56,101.6,0.06500244
2025-08-05 16:00:00,101.56,101.44,0.12249756
2025-08-05 17:00:00,101.55,101.44,0.11250305
2025-08-05 18:00:00,101.54,101.3,0.22750092
2025-08-05 19:00:00,101.54,101.2,0.35250092
2025-08-05 20:00:00,101.54,101.2,0.35250092
2025-08-05 21:00:00,101.55,101.0,0.55000305
2025-08-05 22:00:00,101.56,101.0,0.55999756
2025-08-05 23:00:00,101.57,100.9,0.6949997
2025-08-06 00:00:00,101.58,100.94,0.64250183
2025-08-06 01:00:00,101.58,100.9,0.70500183
2025-08-06 02:00:00,101.58,100.94,0.64250183
2025-08-06 03:00:00,101.59,100.9,0.71499634
2025-08-06 04:00:00,101.6,101.06,0.5374985
2025-08-06 05:00:00,101.62,101.06,0.55750275
2025-08-06 06:00:00,101.64,101.25,0.3899994
2025-08-06 07:00:00,101.66,101.25,0.41000366
2025-08-06 08:00:00,101.68,101.4,0.3050003
2025-08-06 09:00:00,101.7,101.3,0.38749695
2025-08-06 10:00:00,101.72,101.44,0.28250122
2025-08-06 11:00:00,101.74,101.4,0.36499786
2025-08-06 12:00:00,101.76,101.56,0.19750214
2025-08-06 13:00:00,101.78,101.56,0.21749878
2025-08-06 14:00:00,101.8,101.56,0.23750305
2025-08-06 15:00:00,101.82,101.56,0.2574997
2025-08-06 16:00:00,101.84,101.8,0.027496338
2025-08-06 17:00:00,101.86,101.75,0.11000061
2025-08-06 18:00:00,101.87,101.9,0.0049972534
2025-08-06 19:00:00,101.88,101.9,0.0049972534
2025-08-06 20:00:00,101.9,101.9,0.025001526
2025-08-06 21:00:00,101.93,101.6,0.3050003
2025-08-06 22:00:00,101.95,101.8,0.13749695
2025-08-06 23:00:00,101.97,101.8,0.15750122
2025-08-07 00:00:00,101.99,102.2,0.19750214
2025-08-07 01:00:00,102.01,102.06,0.052497864
2025-08-07 02:00:00,102.03,102.06,0.03250122
2025-08-07 03:00:00,102.05,101.9,0.17500305
2025-08-07 04:00:00,102.07,102.3,0.2425003
2025-08-07 05:00:00,102.09,102.0,0.08999634
2025-08-07 06:00:00,102.12,102.1,0.0049972534
2025-08-07 07:00:00,102.14,102.2,0.04750061
2025-08-07 08:00:00,102.16,102.4,0.21499634
2025-08-07 09:00:00,102.18,102.25,0.069999695
2025-08-07 10:00:00,102.2,102.4,0.17500305
2025-08-07 11:00:00,102.21,102.4,0.16500092
2025-08-07 12:00:00,102.24,102.4,0.13500214
2025-08-07 13:00:00,102.26,102.25,0.010002136
2025-08-07 14:00:00,102.27,102.4,0.10500336
2025-08-07 15:00:00,102.27,102.25,0.019996643
2025-08-07 16:00:00,102.27,102.3,0.042503357
2025-08-07 17:00:00,102.24,102.3,0.072502136
2025-08-07 18:00:00,102.21,102.3,0.102500916
2025-08-07 19:00:00,102.22,102.2,0.03250122
2025-08-07 20:00:00,102.23,102.1,0.10500336
2025-08-07 21:00:00,102.25,102.06,0.1875
2025-08-07 22:00:00,102.27,102.25,0.019996643
2025-08-07 23:00:00,102.3,102.0,0.30000305
2025-08-08 00:00:00,102.33,102.4,0.04499817
2025-08-08 01:00:00,102.36,102.56,0.20249939
2025-08-08 02:00:00,102.39,103.4,0.9850006
2025-08-08 03:00:00,102.41,103.3,0.90249634
2025-08-08 04:00:00,102.44,103.8,1.3724976
2025-08-08 05:00:00,102.47,103.6,1.1549988
2025-08-08 06:00:00,102.5,104.06,1.5625
2025-08-08 07:00:00,102.52,103.6,1.1050034
2025-08-08 08:00:00,102.54,103.7,1.1474991
2025-08-08 09:00:00,102.56,103.8,1.2525024
2025-08-08 10:00:00,102.58,103.8,1.2324982
2025-08-08 11:00:00,102.6,104.0,1.4000015
2025-08-08 12:00:00,102.62,103.7,1.0674973
2025-08-08 13:00:00,102.64,103.8,1.1725006
2025-08-08 14:00:00,102.66,103.8,1.1524963
2025-08-08 15:00:00,102.67,103.7,1.0175018
2025-08-08 16:00:00,102.68,103.5,0.8199997
2025-08-08 17:00:00,102.69,103.44,0.74749756
2025-08-08 18:00:00,102.7,103.06,0.36250305
2025-08-08 19:00:00,102.71,103.1,0.41500092
2025-08-08 20:00:00,102.72,102.4,0.34500122
2025-08-08 21:00:00,102.73,102.3,0.41750336
2025-08-08 22:00:00,102.74,102.2,0.55249786
2025-08-08 23:00:00,102.75,102.25,0.5
2025-08-09 00:00:00,102.77,102.0,0.76999664
2025-08-09 01:00:00,102.79,102.0,0.7900009
2025-08-09 02:00:00,102.81,102.1,0.68499756
2025-08-09 03:00:00,102.83,102.4,0.45500183
2025-08-09 04:00:00,102.85,102.56,0.28749847
2025-08-09 05:00:00,102.87,102.5,0.37000275
2025-08-09 06:00:00,102.9,102.6,0.27500153
2025-08-09 07:00:00,102.92,102.7,0.23249817
2025-08-09 08:00:00,102.94,102.75,0.19000244
2025-08-09 09:00:00,102.96,103.0,0.040000916
2025-08-09 10:00:00,102.98,103.7,0.70749664
2025-08-09 11:00:00,102.99,104.06,1.0725021
2025-08-09 12:00:00,103.0,104.2,1.1875
2025-08-09 13:00:00,103.02,104.1,1.1050034
2025-08-09 14:00:00,103.04,104.2,1.1474991
2025-08-09 15:00:00,103.06,104.0,0.94000244
2025-08-09 16:00:00,103.08,103.75,0.66999817
2025-08-09 17:00:00,103.09,103.6,0.53500366
2025-08-09 18:00:00,103.1,103.5,0.40000153
2025-08-09 19:00:00,103.11,103.44,0.3274994
2025-08-09 20:00:00,103.12,103.06,0.057502747
2025-08-09 21:00:00,103.14,103.0,0.13999939
2025-08-09 22:00:00,103.15,103.2,0.037498474
2025-08-09 23:00:00,103.17,103.06,0.10749817
2025-08-10 00:00:00,103.19,102.9,0.31500244
2025-08-10 01:00:00,103.2,103.6,0.42500305
2025-08-10 02:00:00,103.22,103.25,0.02999878
2025-08-10 03:00:00,103.24,103.4,0.13500214
2025-08-10 04:00:00,103.25,103.1,0.125
2025-08-10 05:00:00,103.26,103.4,0.114997864
2025-08-10 06:00:00,103.28,103.2,0.09249878
2025-08-10 07:00:00,103.31,103.6,0.31500244
2025-08-10 08:00:00,103.35,103.1,0.22499847
2025-08-10 09:00:00,103.39,103.3,0.07749939
2025-08-10 10:00:00,103.42,103.25,0.16999817
2025-08-10 11:00:00,103.44,103.3,0.12750244
2025-08-10 12:00:00,103.38,103.3,0.06749725
2025-08-10 13:00:00,103.31,103.0,0.30999756
2025-08-10 14:00:00,103.25,102.9,0.375
2025-08-10 15:00:00,103.22,102.75,0.47000122
2025-08-10 16:00:00,103.2,102.56,0.63749695
2025-08-10 17:00:00,103.2,102.5,0.69999695
2025-08-10 18:00:00,103.21,102.5,0.7099991
2025-08-10 19:00:00,103.2,102.56,0.63749695
2025-08-10 20:00:00,103.16,102.2,0.97250366
2025-08-10 21:00:00,103.13,102.56,0.56749725
2025-08-10 22:00:00,103.13,102.44,0.69249725
2025-08-10 23:00:00,103.15,102.44,0.7125015
2025-08-11 00:00:00,103.19,102.56,0.62750244
2025-08-11 01:00:00,103.22,102.8,0.40750122
2025-08-11 02:00:00,103.24,102.9,0.36499786
2025-08-11 03:00:00,103.25,103.3,0.0625
2025-08-11 04:00:00,103.26,103.06,0.19750214
2025-08-11 05:00:00,103.27,103.75,0.48000336
2025-08-11 06:00:00,103.28,103.9,0.5950012
2025-08-11 07:00:00,103.28,103.56,0.28250122
2025-08-11 08:00:00,103.27,103.9,0.60500336
2025-08-11 09:00:00,103.25,103.7,0.4375
2025-08-11 10:00:00,103.22,102.75,0.47000122
2025-08-11 11:00:00,103.19,102.8,0.37750244
2025-08-11 12:00:00,103.17,102.9,0.29499817
2025-08-11 13:00:00,103.16,103.4,0.21499634
2025-08-11 14:00:00,103.16,103.3,0.15249634
2025-08-11 15:00:00,103.17,103.25,0.08000183
2025-08-11 16:00:00,103.18,103.4,0.1949997
2025-08-11 17:00:00,103.17,103.4,0.20500183
2025-08-11 18:00:00,103.17,102.94,0.23249817
2025-08-11 19:00:00,103.17,102.75,0.41999817
2025-08-11 20:00:00,103.19,102.7,0.50250244
2025-08-11 21:00:00,103.24,102.75,0.48999786
2025-08-11 22:00:00,103.3,103.3,0.012496948
2025-08-11 23:00:00,103.36,103.9,0.5149994
2025-08-12 00:00:00,103.42,104.2,0.76750183
2025-08-12 01:00:00,103.48,104.3,0.83249664
2025-08-12 02:00:00,103.54,104.5,0.9599991
2025-08-12 03:00:00,103.59,104.5,0.91000366
2025-08-12 04:00:00,103.64,104.6,0.9850006
2025-08-12 05:00:00,103.7,104.56,0.86250305
2025-08-12 06:00:00,103.76,104.7,0.92749786
2025-08-12 07:00:00,103.82,104.9,1.0550003
2025-08-12 08:00:00,103.87,104.94,1.0674973
2025-08-12 09:00:00,103.93,104.94,1.0074997
2025-08-12 10:00:00,103.99,104.94,0.94750214
2025-08-12 11:00:00,104.05,105.0,0.94999695
2025-08-12 12:00:00,104.1,105.0,0.9000015
2025-08-12 13:00:00,104.16,104.94,0.77749634
2025-08-12 14:00:00,104.21,104.94,0.7275009
2025-08-12 15:00:00,104.26,104.9,0.61499786
2025-08-12 16:00:00,104.31,104.94,0.62750244
2025-08-12 17:00:00,104.36,104.56,0.20249939
2025-08-12 18:00:00,104.41,104.7,0.27749634
2025-08-12 19:00:00,104.47,104.56,0.09249878
2025-08-12 20:00:00,104.51,104.9,0.36499786
2025-08-12 21:00:00,104.54,105.25,0.7099991
2025-08-12 22:00:00,104.56,105.4,0.81500244
2025-08-12 23:00:00,104.58,105.3,0.73249817
2025-08-13 00:00:00,104.59,105.4,0.78500366
2025-08-13 01:00:00,104.61,105.44,0.8274994
2025-08-13 02:00:00,104.63,105.56,0.93250275
2025-08-13 03:00:00,104.66,105.7,1.0274963
2025-08-13 04:00:00,104.69,105.94,1.2474976
2025-08-13 05:00:00,104.71,106.0,1.2900009
2025-08-13 06:00:00,104.73,105.94,1.2074966
2025-08-13 07:00:00,104.75,106.0,1.25
2025-08-13 08:00:00,104.78,105.9,1.0950012
2025-08-13 09:00:00,104.81,106.06,1.2525024
2025-08-13 10:00:00,104.84,106.1,1.2850037
2025-08-13 11:00:00,104.87,106.06,1.1924973
2025-08-13 12:00:00,104.91,106.06,1.1524963
2025-08-13 13:00:00,104.94,106.06,1.1224976
2025-08-13 14:00:00,104.97,105.94,0.9674988
2025-08-13 15:00:00,105.0,105.94,0.9375
2025-08-13 16:00:00,105.02,105.9,0.85500336
2025-08-13 17:00:00,105.04,105.75,0.7099991
2025-08-13 18:00:00,105.07,105.56,0.4925003
2025-08-13 19:00:00,105.1,105.9,0.7750015
2025-08-13 20:00:00,105.1,105.94,0.8375015
2025-08-13 21:00:00,105.09,105.9,0.78500366
2025-08-13 22:00:00,105.08,106.0,0.91999817
2025-08-13 23:00:00,105.07,106.06,0.9925003
2025-08-14 00:00:00,105.07,106.0,0.9300003
2025-08-14 01:00:00,105.07,106.2,1.1175003
2025-08-14 02:00:00,105.07,106.2,1.1175003
2025-08-14 03:00:00,105.07,106.3,1.2425003
2025-08-14 04:00:00,105.06,106.4,1.3150024
2025-08-14 05:00:00,105.06,106.4,1.3150024
2025-08-14 06:00:00,105.05,106.4,1.324997
2025-08-14 07:00:00,105.06,106.44,1.3775024
2025-08-14 08:00:00,105.06,106.44,1.3775024
2025-08-14 09:00:00,105.06,106.44,1.3775024
2025-08-14 10:00:00,105.07,106.4,1.3050003
2025-08-14 11:00:00,105.08,106.5,1.4199982
2025-08-14 12:00:00,105.09,106.44,1.3475037
2025-08-14 13:00:00,105.09,106.44,1.3475037
2025-08-14 14:00:00,105.09,106.1,1.0350037
2025-08-14 15:00:00,105.08,106.25,1.1699982
2025-08-14 16:00:00,105.07,106.06,0.9925003
2025-08-14 17:00:00,105.07,105.94,0.8675003
2025-08-14 18:00:00,105.06,105.8,0.75250244
2025-08-14 19:00:00,105.05,106.2,1.137497
2025-08-14 20:00:00,105.04,106.0,0.9599991
2025-08-14 21:00:00,105.03,106.06,1.0325012
2025-08-14 22:00:00,105.03,105.9,0.8450012
2025-08-14 23:00:00,105.03,106.1,1.0950012
2025-08-15 00:00:00,105.03,106.0,0.9700012
2025-08-15 01:00:00,105.03,106.25,1.2200012
2025-08-15 02:00:00,105.03,106.0,0.9700012
2025-08-15 03:00:00,105.04,106.25,1.2099991
2025-08-15 04:00:00,105.05,106.2,1.137497
2025-08-15 05:00:00,105.05,106.3,1.262497
2025-08-15 06:00:00,105.04,106.25,1.2099991
2025-08-15 07:00:00,105.04,106.4,1.3349991
2025-08-15 08:00:00,105.04,106.2,1.1474991
2025-08-15 09:00:00,105.04,106.3,1.2724991
2025-08-15 10:00:00,105.04,106.3,1.2724991
2025-08-15 11:00:00,105.04,106.4,1.3349991
2025-08-15 12:00:00,105.04,106.3,1.2724991
2025-08-15 13:00:00,105.03,106.3,1.2825012
2025-08-15 14:00:00,105.03,106.25,1.2200012
2025-08-15 15:00:00,105.02,106.06,1.0425034
2025-08-15 16:00:00,105.02,106.3,1.2925034
2025-08-15 17:00:00,105.02,106.3,1.2925034
2025-08-15 18:00:00,105.01,106.2,1.1774979
2025-08-15 19:00:00,105.01,106.2,1.1774979
2025-08-15 20:00:00,105.01,106.2,1.1774979
2025-08-15 21:00:00,105.01,106.25,1.2399979
2025-08-15 22:00:00,105.01,106.3,1.3024979
2025-08-15 23:00:00,105.01,106.2,1.1774979
2025-08-16 00:00:00,105.01,106.25,1.2399979
2025-08-16 01:00:00,105.01,106.25,1.2399979
2025-08-16 02:00:00,105.01,106.3,1.3024979
2025-08-16 03:00:00,105.0,106.4,1.375
2025-08-16 04:00:00,105.0,106.4,1.375
2025-08-16 05:00:00,105.0,106.25,1.25
2025-08-16 06:00:00,105.0,106.3,1.3125
2025-08-16 07:00:00,105.0,106.3,1.3125
2025-08-16 08:00:00,105.01,106.3,1.3024979
2025-08-16 09:00:00,105.02,106.4,1.3550034
2025-08-16 10:00:00,105.03,106.44,1.4075012
2025-08-16 11:00:00,105.03,106.44,1.4075012
2025-08-16 12:00:00,105.04,106.44,1.3974991
2025-08-16 13:00:00,105.05,106.4,1.324997
2025-08-16 14:00:00,105.05,106.4,1.324997
2025-08-16 15:00:00,105.05,106.25,1.199997
2025-08-16 16:00:00,105.05,106.2,1.137497
2025-08-16 17:00:00,105.05,106.1,1.074997
2025-08-16 18:00:00,105.05,106.2,1.137497
2025-08-16 19:00:00,105.05,106.06,1.012497
2025-08-16 20:00:00,105.05,106.1,1.074997
2025-08-16 21:00:00,105.05,106.1,1.074997
2025-08-16 22:00:00,105.06,106.3,1.2525024
2025-08-16 23:00:00,105.07,106.2,1.1175003
2025-08-17 00:00:00,105.06,106.44,1.3775024
2025-08-17 01:00:00,105.04,106.25,1.2099991
2025-08-17 02:00:00,105.01,106.3,1.3024979
2025-08-17 03:00:00,104.97,106.2,1.2174988
2025-08-17 04:00:00,104.93,106.2,1.2574997
2025-08-17 05:00:00,104.89,106.06,1.1725006
2025-08-17 06:00:00,104.85,106.1,1.2750015
2025-08-17 07:00:00,104.8,105.94,1.137497
2025-08-17 08:00:00,104.75,105.94,1.1875
2025-08-17 09:00:00,104.7,105.75,1.050003
2025-08-17 10:00:00,104.64,105.8,1.1725006
2025-08-17 11:00:00,104.59,105.8,1.2225037
2025-08-17 12:00:00,104.51,105.75,1.2399979
2025-08-17 13:00:00,104.42,105.5,1.0800018
2025-08-17 14:00:00,104.32,105.3,0.9925003
2025-08-17 15:00:00,104.22,105.06,0.8424988
2025-08-17 16:00:00,104.1,104.94,0.8375015
2025-08-17 17:00:00,103.99,104.9,0.88500214
2025-08-17 18:00:00,103.88,104.75,0.87000275
2025-08-17 19:00:00,103.79,104.56,0.7724991
2025-08-17 20:00:00,103.7,104.6,0.92500305
2025-08-17 21:00:00,103.64,104.44,0.7975006
2025-08-17 22:00:00,103.61,104.44,0.8274994
2025-08-17 23:00:00,103.57,104.56,0.9925003
2025-08-18 00:00:00,103.52,104.6,1.1050034
2025-08-18 01:00:00,103.46,104.7,1.2275009
2025-08-18 02:00:00,103.4,104.7,1.2874985
2025-08-18 03:00:00,103.33,104.5,1.1699982
2025-08-18 04:00:00,103.25,104.06,0.8125
2025-08-18 05:00:00,103.16,104.25,1.0899963
2025-08-18 06:00:00,103.06,103.75,0.69000244
2025-08-18 07:00:00,102.96,103.56,0.6025009
2025-08-18 08:00:00,102.85,102.75,0.099998474
2025-08-18 09:00:00,102.74,102.9,0.13500214
2025-08-18 10:00:00,102.63,102.1,0.50499725
2025-08-18 11:00:00,102.53,102.6,0.09500122
2025-08-18 12:00:00,102.45,102.2,0.26249695
2025-08-18 13:00:00,102.39,102.75,0.3600006
2025-08-18 14:00:00,102.33,102.56,0.23249817
2025-08-18 15:00:00,102.29,102.6,0.33499908
2025-08-18 16:00:00,102.23,102.44,0.20749664
2025-08-18 17:00:00,102.15,102.44,0.28749847
2025-08-18 18:00:00,102.07,102.25,0.1800003
2025-08-18 19:00:00,102.01,101.94,0.072502136
2025-08-18 20:00:00,101.96,101.7,0.27249908
2025-08-18 21:00:00,101.92,101.7,0.23249817
2025-08-18 22:00:00,101.91,101.4,0.53500366
2025-08-18 23:00:00,101.88,101.56,0.31749725
2025-08-19 00:00:00,101.84,101.56,0.27749634
2025-08-19 01:00:00,101.79,101.56,0.22750092
2025-08-19 02:00:00,101.74,101.6,0.114997864
2025-08-19 03:00:00,101.68,101.44,0.2425003
2025-08-19 04:00:00,101.62,101.1,0.49500275
2025-08-19 05:00:00,101.55,101.25,0.30000305
2025-08-19 06:00:00,101.48,101.06,0.41750336
2025-08-19 07:00:00,101.41,101.1,0.28500366
2025-08-19 08:00:00,101.33,100.9,0.45500183
2025-08-19 09:00:00,101.25,100.9,0.375
2025-08-19 10:00:00,101.18,100.8,0.3675003
2025-08-19 11:00:00,101.12,100.56,0.55750275
2025-08-19 12:00:00,101.06,100.3,0.74749756
2025-08-19 13:00:00,101.0,100.2,0.8125
2025-08-19 14:00:00,100.94,99.94,1.0025024
2025-08-19 15:00:00,100.88,99.94,0.94249725
2025-08-19 16:00:00,100.83,99.94,0.89250183
2025-08-19 17:00:00,100.78,100.06,0.7174988
2025-08-19 18:00:00,100.75,100.0,0.75
2025-08-19 19:00:00,100.71,100.06,0.6474991
2025-08-19 20:00:00,100.67,99.8,0.85749817
2025-08-19 21:00:00,100.64,99.9,0.7649994
2025-08-19 22:00:00,100.63,99.8,0.81749725
2025-08-19 23:00:00,100.61,99.8,0.7975006
2025-08-20 00:00:00,100.6,99.6,0.9749985
2025-08-20 01:00:00,100.58,99.7,0.89250183
2025-08-20 02:00:00,100.56,99.6,0.93499756
2025-08-20 03:00:00,100.54,99.5,1.0400009
2025-08-20 04:00:00,100.51,99.4,1.1350021
2025-08-20 05:00:00,100.48,99.44,1.0425034
2025-08-20 06:00:00,100.45,99.2,1.262497
2025-08-20 07:00:00,100.43,99.3,1.1175003
2025-08-20 08:00:00,100.41,99.2,1.2225037
2025-08-20 09:00:00,100.39,99.3,1.0774994
2025-08-20 10:00:00,100.38,99.2,1.1924973
2025-08-20 11:00:00,100.37,99.44,0.93250275
2025-08-20 12:00:00,100.36,99.4,0.9850006
2025-08-20 13:00:00,100.35,99.56,0.7874985
2025-08-20 14:00:00,100.33,99.5,0.83000183
2025-08-20 15:00:00,100.3,99.56,0.73750305
2025-08-20 16:00:00,100.3,99.4,0.92500305
2025-08-20 17:00:00,100.31,99.44,0.87249756
2025-08-20 18:00:00,100.32,99.44,0.8824997
2025-08-20 19:00:00,100.33,99.5,0.83000183
2025-08-20 20:00:00,100.34,99.4,0.96499634
2025-08-20 21:00:00,100.35,99.44,0.9124985
2025-08-20 22:00:00,100.36,99.3,1.0475006
2025-08-20 23:00:00,100.35,99.5,0.8499985
2025-08-21 00:00:00,100.34,99.3,1.0274963
2025-08-21 01:00:00,100.34,99.44,0.90249634
2025-08-21 02:00:00,100.34,99.5,0.83999634
2025-08-21 03:00:00,100.34,99.56,0.77749634
2025-08-21 04:00:00,100.34,99.56,0.77749634
2025-08-21 05:00:00,100.34,99.7,0.65249634
2025-08-21 06:00:00,100.34,99.7,0.65249634
2025-08-21 07:00:00,100.33,99.75,0.58000183
2025-08-21 08:00:00,100.32,99.75,0.5699997
2025-08-21 09:00:00,100.32,99.8,0.5074997
2025-08-21 10:00:00,100.32,99.9,0.4449997
2025-08-21 11:00:00,100.32,99.9,0.4449997
2025-08-21 12:00:00,100.32,99.9,0.4449997
2025-08-21 13:00:00,100.32,99.94,0.3824997
2025-08-21 14:00:00,100.33,99.94,0.39250183
2025-08-21 15:00:00,100.34,99.56,0.77749634
2025-08-21 16:00:00,100.32,99.75,0.5699997
2025-08-21 17:00:00,100.29,99.3,0.9775009
2025-08-21 18:00:00,100.27,99.4,0.89499664
2025-08-21 19:00:00,100.26,99.2,1.0725021
2025-08-21 20:00:00,100.25,99.0,1.25
2025-08-21 21:00:00,100.25,98.94,1.3125
2025-08-21 22:00:00,100.26,99.2,1.0725021
2025-08-21 23:00:00,100.26,99.2,1.0725021
2025-08-22 00:00:00,100.26,99.3,0.94750214
2025-08-22 01:00:00,100.26,99.3,0.94750214
2025-08-22 02:00:00,100.25,99.3,0.9375
2025-08-22 03:00:00,100.24,99.4,0.86499786
2025-08-22 04:00:00,100.24,99.5,0.73999786
2025-08-22 05:00:00,100.25,99.44,0.8125
2025-08-22 06:00:00,100.26,99.5,0.76000214
2025-08-22 07:00:00,100.27,99.5,0.76999664
2025-08-22 08:00:00,100.27,99.6,0.64499664
2025-08-22 09:00:00,100.26,99.6,0.63500214
2025-08-22 10:00:00,100.26,99.6,0.63500214
2025-08-22 11:00:00,100.27,99.75,0.51999664
2025-08-22 12:00:00,100.27,99.8,0.45749664
2025-08-22 13:00:00,100.26,99.9,0.38500214
2025-08-22 14:00:00,100.26,99.9,0.38500214
2025-08-22 15:00:00,100.26,99.9,0.38500214
2025-08-22 16:00:00,100.24,99.94,0.30249786
2025-08-22 17:00:00,100.22,99.75,0.47000122
2025-08-22 18:00:00,100.21,99.7,0.5224991
2025-08-22 19:00:00,100.19,99.75,0.44000244
2025-08-22 20:00:00,100.17,99.7,0.48249817
2025-08-22 21:00:00,100.17,99.75,0.41999817
2025-08-22 22:00:00,100.17,99.7,0.48249817
2025-08-22 23:00:00,100.17,99.7,0.48249817
2025-08-23 00:00:00,100.17,99.6,0.54499817
2025-08-23 01:00:00,100.17,99.6,0.54499817
2025-08-23 02:00:00,100.17,99.6,0.54499817
2025-08-23 03:00:00,100.17,99.75,0.41999817
2025-08-23 04:00:00,100.17,99.75,0.41999817
2025-08-23 05:00:00,100.17,99.75,0.41999817
2025-08-23 06:00:00,100.18,99.75,0.4300003
2025-08-23 07:00:00,100.18,99.75,0.4300003
2025-08-23 08:00:00,100.17,99.8,0.35749817
2025-08-23 09:00:00,100.14,99.75,0.3899994
2025-08-23 10:00:00,100.12,99.75,0.37000275
2025-08-23 11:00:00,100.11,99.75,0.3600006
2025-08-23 12:00:00,100.11,99.44,0.6725006
2025-08-23 13:00:00,100.1,99.5,0.5999985
2025-08-23 14:00:00,100.08,99.3,0.76750183
2025-08-23 15:00:00,100.05,99.5,0.55000305
2025-08-23 16:00:00,100.04,99.25,0.7900009
2025-08-23 17:00:00,100.03,99.2,0.8424988
2025-08-23 18:00:00,100.0,99.06,0.9375
2025-08-23 19:00:00,99.98,99.4,0.60500336
2025-08-23 20:00:00,99.97,99.2,0.7825012
2025-08-23 21:00:00,99.97,99.25,0.7200012
2025-08-23 22:00:00,99.97,99.2,0.7825012
2025-08-23 23:00:00,99.97,99.1,0.8450012
2025-08-24 00:00:00,99.97,99.1,0.8450012
2025-08-24 01:00:00,99.97,99.25,0.7200012
2025-08-24 02:00:00,99.95,99.2,0.76249695
2025-08-24 03:00:00,99.95,99.2,0.76249695
2025-08-24 04:00:00,99.95,99.06,0.88749695
2025-08-24 05:00:00,99.94,99.25,0.69000244
2025-08-24 06:00:00,99.93,99.06,0.8675003
2025-08-24 07:00:00,99.92,99.06,0.85749817
2025-08-24 08:00:00,99.92,99.06,0.85749817
2025-08-24 09:00:00,99.92,99.0,0.91999817
2025-08-24 10:00:00,99.92,99.0,0.91999817
2025-08-24 11:00:00,99.9,99.2,0.7125015
2025-08-24 12:00:00,99.88,99.0,0.87999725
2025-08-24 13:00:00,99.87,99.1,0.74500275
2025-08-24 14:00:00,99.84,99.0,0.83999634
2025-08-24 15:00:00,99.8,99.06,0.73750305
2025-08-24 16:00:00,99.76,98.56,1.1975021
2025-08-24 17:00:00,99.72,98.7,1.0325012
2025-08-24 18:00:00,99.69,98.4,1.3150024
2025-08-24 19:00:00,99.65,98.56,1.0875015
2025-08-24 20:00:00,99.62,98.25,1.3700027
2025-08-24 21:00:00,99.59,98.5,1.0899963
2025-08-24 22:00:00,99.59,98.25,1.3399963
2025-08-24 23:00:00,99.61,98.5,1.1100006
2025-08-25 00:00:00,99.64,98.44,1.2024994
2025-08-25 01:00:00,99.67,98.5,1.1699982
2025-08-25 02:00:00,99.69,98.56,1.1275024
2025-08-25 03:00:00,99.71,98.7,1.0224991
2025-08-25 04:00:00,99.72,98.4,1.3450012
2025-08-25 05:00:00,99.72,98.6,1.0950012
2025-08-25 06:00:00,99.71,99.06,0.6474991
2025-08-25 07:00:00,99.69,99.0,0.69000244
2025-08-25 08:00:00,99.65,98.75,0.9000015
2025-08-25 09:00:00,99.62,98.7,0.93250275
2025-08-25 10:00:00,99.59,98.3,1.2774963
2025-08-25 11:00:00,99.56,98.2,1.3724976
2025-08-25 12:00:00,99.54,98.0,1.5400009
2025-08-25 13:00:00,99.52,98.56,0.95749664
2025-08-25 14:00:00,99.51,98.06,1.4475021
2025-08-25 15:00:00,99.51,98.5,1.0100021
2025-08-25 16:00:00,99.51,98.44,1.0725021
2025-08-25 17:00:00,99.51,98.56,0.94750214
2025-08-25 18:00:00,99.51,98.5,1.0100021
2025-08-25 19:00:00,99.52,98.9,0.64499664
2025-08-25 20:00:00,99.54,98.75,0.7900009
2025-08-25 21:00:00,99.58,99.0,0.58000183
2025-08-25 22:00:00,99.63,98.94,0.69249725
2025-08-25 23:00:00,99.69,99.25,0.44000244
2025-08-26 00:00:00,99.76,99.5,0.26000214
2025-08-26 01:00:00,99.83,99.9,0.04499817
2025-08-26 02:00:00,99.89,99.9,0.01499939
2025-08-26 03:00:00,99.95,100.3,0.36250305
2025-08-26 04:00:00,100.01,100.44,0.42749786
2025-08-26 05:00:00,100.07,100.75,0.6800003
2025-08-26 06:00:00,100.13,100.56,0.43250275
2025-08-26 07:00:00,100.2,100.8,0.61250305
2025-08-26 08:00:00,100.27,100.9,0.60500336
2025-08-26 09:00:00,100.34,101.25,0.91000366
2025-08-26 10:00:00,100.4,101.1,0.7249985
2025-08-26 11:00:00,100.47,101.56,1.0924988
2025-08-26 12:00:00,100.55,101.6,1.074997
2025-08-26 13:00:00,100.63,101.8,1.1825027
2025-08-26 14:00:00,100.71,101.7,0.9775009
2025-08-26 15:00:00,100.79,101.9,1.0849991
2025-08-26 16:00:00,100.87,101.94,1.0674973
2025-08-26 17:00:00,100.96,102.25,1.2900009
2025-08-26 18:00:00,101.05,102.44,1.387497
2025-08-26 19:00:00,101.14,102.5,1.3600006
2025-08-26 20:00:00,101.24,102.75,1.5100021
2025-08-26 21:00:00,101.34,102.25,0.91000366
2025-08-26 22:00:00,101.44,102.56,1.1224976
2025-08-26 23:00:00,101.54,102.5,0.9599991
2025-08-27 00:00:00,101.62,102.75,1.1299973
2025-08-27 01:00:00,101.68,102.75,1.0699997
2025-08-27 02:00:00,101.76,103.2,1.4274979
2025-08-27 03:00:00,101.83,102.44,0.60749817
2025-08-27 04:00:00,101.88,102.75,0.87000275
2025-08-27 05:00:00,101.93,102.25,0.3199997
2025-08-27 06:00:00,101.98,102.44,0.45749664
2025-08-27 07:00:00,102.03,102.44,0.40750122
2025-08-27 08:00:00,102.09,102.7,0.59750366
2025-08-27 09:00:00,102.14,102.8,0.6725006
2025-08-27 10:00:00,102.2,103.0,0.80000305
2025-08-27 11:00:00,102.25,103.3,1.0625
2025-08-27 12:00:00,102.31,103.56,1.2525024
2025-08-27 13:00:00,102.36,103.7,1.3274994
2025-08-27 14:00:00,102.4,103.6,1.2249985
2025-08-27 15:00:00,102.43,103.56,1.1324997
2025-08-27 16:00:00,102.47,103.5,1.0299988
2025-08-27 17:00:00,102.49,103.25,0.76000214
2025-08-27 18:00:00,102.49,103.2,0.69750214
2025-08-27 19:00:00,102.48,103.2,0.70749664
2025-08-27 20:00:00,102.51,103.1,0.61499786
2025-08-27 21:00:00,102.54,103.0,0.45999908
2025-08-27 22:00:00,102.58,103.0,0.41999817
2025-08-27 23:00:00,102.63,103.1,0.49500275
2025-08-28 00:00:00,102.68,103.3,0.6324997
2025-08-28 01:00:00,102.74,103.56,0.82250214
2025-08-28 02:00:00,102.8,103.7,0.88749695
2025-08-28 03:00:00,102.85,103.8,0.9625015
2025-08-28 04:00:00,102.9,103.75,0.8499985
2025-08-28 05:00:00,102.94,103.8,0.87249756
2025-08-28 06:00:00,102.95,103.7,0.73750305
2025-08-28 07:00:00,102.96,103.56,0.6025009
2025-08-28 08:00:00,102.98,103.44,0.45749664
2025-08-28 09:00:00,103.0,103.5,0.5
2025-08-28 10:00:00,103.03,103.3,0.28250122
2025-08-28 11:00:00,103.06,103.6,0.56500244
2025-08-28 12:00:00,103.11,103.8,0.7024994
2025-08-28 13:00:00,103.16,103.94,0.77749634
2025-08-28 14:00:00,103.19,103.9,0.68499756
2025-08-28 15:00:00,103.19,103.7,0.49749756
2025-08-28 16:00:00,103.17,103.6,0.45500183
2025-08-28 17:00:00,103.15,103.0,0.15000153
2025-08-28 18:00:00,103.12,102.94,0.18250275
2025-08-28 19:00:00,103.08,102.6,0.45500183
2025-08-28 20:00:00,103.1,102.56,0.5374985
2025-08-28 21:00:00,103.12,102.6,0.49500275
2025-08-28 22:00:00,103.15,103.56,0.41249847
2025-08-28 23:00:00,103.19,103.9,0.68499756
2025-08-29 00:00:00,103.23,104.06,0.83249664
2025-08-29 01:00:00,103.24,104.1,0.88500214
2025-08-29 02:00:00,103.29,103.9,0.5849991
2025-08-29 03:00:00,103.34,103.6,0.28500366
2025-08-29 04:00:00,103.38,103.94,0.55750275
2025-08-29 05:00:00,103.43,103.44,0.007499695
2025-08-29 06:00:00,103.45,104.0,0.55000305
2025-08-29 07:00:00,103.47,103.5,0.02999878
2025-08-29 08:00:00,103.48,103.75,0.26999664
2025-08-29 09:00:00,103.49,103.25,0.23999786
2025-08-29 10:00:00,103.5,104.0,0.5
2025-08-29 11:00:00,103.52,103.9,0.35500336
2025-08-29 12:00:00,103.55,104.0,0.44999695
2025-08-29 13:00:00,103.59,103.8,0.22250366
2025-08-29 14:00:00,103.61,103.9,0.2649994
2025-08-29 15:00:00,103.61,103.5,0.11000061
2025-08-29 16:00:00,103.6,103.44,0.16249847
2025-08-29 17:00:00,103.58,103.44,0.14250183
2025-08-29 18:00:00,103.56,103.44,0.12249756
2025-08-29 19:00:00,103.56,103.4,0.18499756
2025-08-29 20:00:00,103.59,103.3,0.27749634
2025-08-29 21:00:00,103.63,103.5,0.12999725
2025-08-29 22:00:00,103.67,103.75,0.08000183
2025-08-29 23:00:00,103.7,104.0,0.30000305
2025-08-30 00:00:00,103.73,104.06,0.33249664
2025-08-30 01:00:00,103.75,104.06,0.3125
2025-08-30 02:00:00,103.77,104.0,0.23000336
2025-08-30 03:00:00,103.79,103.8,0.022499084
2025-08-30 04:00:00,103.82,103.9,0.055000305
2025-08-30 05:00:00,103.84,103.75,0.08999634
2025-08-30 06:00:00,103.85,103.8,0.037498474
2025-08-30 07:00:00,103.85,103.8,0.037498474
2025-08-30 08:00:00,103.84,103.9,0.035003662
2025-08-30 09:00:00,103.81,103.56,0.24749756
2025-08-30 10:00:00,103.79,103.56,0.22750092
2025-08-30 11:00:00,103.78,103.4,0.40499878
2025-08-30 12:00:00,103.8,103.56,0.23750305
2025-08-30 13:00:00,103.83,103.6,0.20500183
2025-08-30 14:00:00,103.86,103.75,0.11000061
2025-08-30 15:00:00,103.9,103.8,0.087501526
2025-08-30 16:00:00,103.93,104.44,0.5074997
2025-08-30 17:00:00,103.94,104.3,0.37249756
2025-08-30 18:00:00,103.93,104.2,0.2574997
2025-08-30 19:00:00,103.93,104.06,0.1324997
2025-08-30 20:00:00,103.95,103.75,0.19999695
2025-08-30 21:00:00,103.99,104.3,0.32250214
2025-08-30 22:00:00,104.04,103.75,0.29000092
2025-08-30 23:00:00,104.08,104.56,0.48249817
2025-08-31 00:00:00,104.12,104.25,0.12999725
2025-08-31 01:00:00,104.16,105.0,0.83999634
2025-08-31 02:00:00,104.22,104.5,0.27999878
2025-08-31 03:00:00,104.27,104.8,0.54250336
2025-08-31 04:00:00,104.32,104.56,0.2425003
2025-08-31 05:00:00,104.36,105.06,0.7024994
2025-08-31 06:00:00,104.41,104.8,0.40249634
2025-08-31 07:00:00,104.47,104.8,0.34249878
2025-08-31 08:00:00,104.52,104.6,0.10500336
2025-08-31 09:00:00,104.57,105.1,0.5550003
2025-08-31 10:00:00,104.62,104.56,0.057502747
2025-08-31 11:00:00,104.66,105.0,0.33999634
2025-08-31 12:00:00,104.69,104.6,0.06500244
2025-08-31 13:00:00,104.71,105.3,0.6025009
2025-08-31 14:00:00,104.74,104.3,0.42749786
2025-08-31 15:00:00,104.78,104.75,0.02999878
2025-08-31 16:00:00,104.82,104.8,0.007499695
2025-08-31 17:00:00,104.86,105.3,0.4524994
2025-08-31 18:00:00,104.87,105.2,0.31749725
2025-08-31 19:00:00,104.87,105.2,0.31749725
2025-08-31 20:00:00,104.89,105.06,0.17250061
2025-08-31 21:00:00,104.93,105.4,0.4449997
2025-08-31 22:00:00,104.98,105.06,0.08249664
2025-08-31 23:00:00,105.04,105.94,0.8974991
2025-09-01 00:00:00,105.09,105.8,0.72250366
2025-09-01 01:00:00,105.13,106.25,1.1200027
2025-09-01 02:00:00,105.17,105.94,0.76750183
2025-09-01 03:00:00,105.2,106.06,0.86250305
2025-09-01 04:00:00,105.23,105.8,0.58249664
2025-09-01 05:00:00,105.25,105.8,0.5625
2025-09-01 06:00:00,105.27,105.75,0.48000336
2025-09-01 07:00:00,105.29,105.75,0.45999908
2025-09-01 08:00:00,105.31,105.7,0.37750244
2025-09-01 09:00:00,105.34,105.8,0.47250366
2025-09-01 10:00:00,105.36,105.75,0.3899994
2025-09-01 11:00:00,105.38,105.7,0.30750275
2025-09-01 12:00:00,105.39,105.7,0.2975006
2025-09-01 13:00:00,105.39,105.56,0.17250061
2025-09-01 14:00:00,105.38,105.4,0.0049972534
2025-09-01 15:00:00,105.37,105.4,0.0049972534
2025-09-01 16:00:00,105.35,105.3,0.037498474
2025-09-01 17:00:00,105.34,105.3,0.027496338
2025-09-01 18:00:00,105.33,105.4,0.04499817
2025-09-01 19:00:00,105.33,105.3,0.017501831
2025-09-01 20:00:00,105.34,105.56,0.22250366
2025-09-01 21:00:00,105.35,105.56,0.21250153
2025-09-01 22:00:00,105.37,105.5,0.12999725
2025-09-01 23:00:00,105.39,105.94,0.5475006
2025-09-02 00:00:00,105.41,105.9,0.46499634
2025-09-02 01:00:00,105.42,105.94,0.51750183
2025-09-02 02:00:00,105.42,106.06,0.64250183
2025-09-02 03:00:00,105.42,105.9,0.45500183
2025-09-02 04:00:00,105.42,105.94,0.51750183
2025-09-02 05:00:00,105.43,105.8,0.3824997
2025-09-02 06:00:00,105.43,106.06,0.6324997
2025-09-02 07:00:00,105.43,105.75,0.3199997
2025-09-02 08:00:00,105.44,106.1,0.68499756
2025-09-02 09:00:00,105.45,106.06,0.61250305
2025-09-02 10:00:00,105.47,106.1,0.6549988
2025-09-02 11:00:00,105.49,106.1,0.63500214
2025-09-02 12:00:00,105.51,106.2,0.67749786
2025-09-02 13:00:00,105.53,106.0,0.47000122
2025-09-02 14:00:00,105.54,106.06,0.5224991
2025-09-02 15:00:00,105.56,106.0,0.44000244
2025-09-02 16:00:00,105.56,106.1,0.56500244
2025-09-02 17:00:00,105.54,105.94,0.39749908
2025-09-02 18:00:00,105.53,105.9,0.34500122
2025-09-02 19:00:00,105.51,105.7,0.17749786
2025-09-02 20:00:00,105.5,105.5,0.0
2025-09-02 21:00:00,105.5,105.5,0.0
2025-09-02 22:00:00,105.51,105.7,0.17749786
2025-09-02 23:00:00,105.51,105.5,0.010002136
2025-09-03 00:00:00,105.52,105.7,0.16750336
2025-09-03 01:00:00,105.55,105.56,0.012496948
2025-09-03 02:00:00,105.56,106.06,0.50250244
2025-09-03 03:00:00,105.57,105.9,0.3050003
2025-09-03 04:00:00,105.57,106.06,0.4925003
2025-09-03 05:00:00,105.56,105.7,0.12750244
2025-09-03 06:00:00,105.55,106.06,0.51249695
2025-09-03 07:00:00,105.55,105.6,0.07499695
2025-09-03 08:00:00,105.54,106.06,0.5224991
2025-09-03 09:00:00,105.53,105.9,0.34500122
2025-09-03 10:00:00,105.52,106.06,0.54250336
2025-09-03 11:00:00,105.51,105.6,0.114997864
2025-09-03 12:00:00,105.51,105.8,0.30249786
2025-09-03 13:00:00,105.52,105.94,0.41750336
2025-09-03 14:00:00,105.54,106.4,0.8349991
2025-09-03 15:00:00,105.56,106.44,0.87750244
2025-09-03 16:00:00,105.58,106.3,0.73249817
2025-09-03 17:00:00,105.59,106.4,0.78500366
2025-09-03 18:00:00,105.61,106.4,0.7649994
2025-09-03 19:00:00,105.62,106.5,0.87999725
2025-09-03 20:00:00,105.62,106.3,0.69249725
2025-09-03 21:00:00,105.64,106.3,0.6725006
2025-09-03 22:00:00,105.65,106.3,0.6624985
2025-09-03 23:00:00,105.65,106.4,0.7249985
2025-09-04 00:00:00,105.64,106.3,0.6725006
2025-09-04 01:00:00,105.63,106.44,0.80750275
2025-09-04 02:00:00,105.63,106.25,0.62000275
2025-09-04 03:00:00,105.63,106.6,0.99500275
2025-09-04 04:00:00,105.63,106.6,0.99500275
2025-09-04 05:00:00,105.62,106.75,1.1299973
2025-09-04 06:00:00,105.6,106.5,0.9000015
2025-09-04 07:00:00,105.61,106.5,0.8899994
2025-09-04 08:00:00,105.62,106.56,0.94249725
2025-09-04 09:00:00,105.62,106.75,1.1299973
2025-09-04 10:00:00,105.62,106.8,1.1924973
2025-09-04 11:00:00,105.62,106.7,1.0674973
2025-09-04 12:00:00,105.61,106.56,0.9524994
2025-09-04 13:00:00,105.6,106.5,0.9000015
2025-09-04 14:00:00,105.59,106.5,0.91000366
2025-09-04 15:00:00,105.59,106.44,0.84750366
2025-09-04 16:00:00,105.6,106.7,1.0875015
2025-09-04 17:00:00,105.61,106.7,1.0774994
2025-09-04 18:00:00,105.62,106.7,1.0674973
2025-09-04 19:00:00,105.62,106.6,1.0049973
2025-09-04 20:00:00,105.63,106.56,0.93250275
2025-09-04 21:00:00,105.64,106.75,1.1100006
2025-09-04 22:00:00,105.64,106.6,0.9850006
2025-09-04 23:00:00,105.63,106.6,0.99500275
2025-09-05 00:00:00,105.62,106.5,0.87999725
2025-09-05 01:00:00,105.61,106.44,0.8274994
2025-09-05 02:00:00,105.6,106.25,0.6500015
2025-09-05 03:00:00,105.6,106.3,0.7125015
2025-09-05 04:00:00,105.6,106.0,0.40000153
2025-09-05 05:00:00,105.6,106.2,0.5875015
2025-09-05 06:00:00,105.59,106.0,0.41000366
2025-09-05 07:00:00,105.57,106.2,0.6175003
2025-09-05 08:00:00,105.55,105.75,0.19999695
2025-09-05 09:00:00,105.53,105.75,0.22000122
2025-09-05 10:00:00,105.5,105.56,0.0625
2025-09-05 11:00:00,105.5,105.8,0.3125
2025-09-05 12:00:00,105.49,105.9,0.38500214
2025-09-05 13:00:00,105.48,106.2,0.70749664
2025-09-05 14:00:00,105.46,106.06,0.6025009
2025-09-05 15:00:00,105.45,105.94,0.48750305
2025-09-05 16:00:00,105.44,106.0,0.55999756
2025-09-05 17:00:00,105.43,106.0,0.5699997
2025-09-05 18:00:00,105.43,106.1,0.6949997
2025-09-05 19:00:00,105.45,106.1,0.67500305
2025-09-05 20:00:00,105.48,106.25,0.76999664
2025-09-05 21:00:00,105.5,106.44,0.9375
2025-09-05 22:00:00,105.5,106.7,1.1875
2025-09-05 23:00:00,105.48,106.4,0.89499664
2025-09-06 00:00:00,105.46,106.25,0.7900009
2025-09-06 01:00:00,105.44,106.2,0.74749756
2025-09-06 02:00:00,105.42,106.06,0.64250183
2025-09-06 03:00:00,105.42,105.9,0.45500183
2025-09-06 04:00:00,105.41,105.94,0.52749634
2025-09-06 05:00:00,105.39,105.75,0.3600006
2025-09-06 06:00:00,105.37,105.94,0.56749725
2025-09-06 07:00:00,105.35,105.8,0.46250153
2025-09-06 08:00:00,105.33,105.94,0.60749817
2025-09-06 09:00:00,105.32,105.5,0.1800003
2025-09-06 10:00:00,105.32,105.8,0.4925003
2025-09-06 11:00:00,105.31,105.7,0.37750244
2025-09-06 12:00:00,105.31,105.8,0.50250244
2025-09-06 13:00:00,105.31,105.6,0.31500244
2025-09-06 14:00:00,105.3,105.8,0.51249695
2025-09-06 15:00:00,105.28,105.6,0.34500122
2025-09-06 16:00:00,105.25,105.6,0.375
2025-09-06 17:00:00,105.21,105.44,0.22750092
2025-09-06 18:00:00,105.2,105.44,0.23750305
2025-09-06 19:00:00,105.21,105.5,0.29000092
2025-09-06 20:00:00,105.23,105.94,0.70749664
2025-09-06 21:00:00,105.23,105.94,0.70749664
2025-09-06 22:00:00,105.23,105.7,0.45749664
2025-09-06 23:00:00,105.23,105.94,0.70749664
2025-09-07 00:00:00,105.22,105.94,0.7174988
2025-09-07 01:00:00,105.21,106.06,0.8525009
2025-09-07 02:00:00,105.21,105.8,0.6025009
2025-09-07 03:00:00,105.21,106.0,0.7900009
2025-09-07 04:00:00,105.22,105.94,0.7174988
2025-09-07 05:00:00,105.23,106.0,0.76999664
2025-09-07 06:00:00,105.24,106.2,0.94750214
2025-09-07 07:00:00,105.25,106.3,1.0625
2025-09-07 08:00:00,105.27,106.1,0.85500336
2025-09-07 09:00:00,105.3,106.25,0.94999695
2025-09-07 10:00:00,105.32,106.2,0.8675003
2025-09-07 11:00:00,105.32,106.56,1.2425003
2025-09-07 12:00:00,105.31,106.25,0.94000244
2025-09-07 13:00:00,105.29,106.06,0.7724991
2025-09-07 14:00:00,105.26,105.75,0.48999786
2025-09-07 15:00:00,105.23,105.8,0.58249664
2025-09-07 16:00:00,105.23,105.8,0.58249664
2025-09-07 17:00:00,105.24,105.8,0.57250214
2025-09-07 18:00:00,105.25,106.0,0.75
2025-09-07 19:00:00,105.25,106.2,0.9375
2025-09-07 20:00:00,105.26,106.2,0.92749786
2025-09-07 21:00:00,105.27,106.06,0.79250336
2025-09-07 22:00:00,105.28,106.1,0.8450012
2025-09-07 23:00:00,105.3,106.2,0.88749695
2025-09-08 00:00:00,105.32,106.3,0.9925003
2025-09-08 01:00:00,105.34,106.4,1.0350037
2025-09-08 02:00:00,105.37,106.4,1.0049973
2025-09-08 03:00:00,105.4,106.4,0.9749985
2025-09-08 04:00:00,105.41,106.6,1.2149963
2025-09-08 05:00:00,105.42,106.5,1.0800018
2025-09-08 06:00:00,105.44,106.4,0.93499756
2025-09-08 07:00:00,105.47,106.4,0.9049988
2025-09-08 08:00:00,105.5,106.4,0.875
2025-09-08 09:00:00,105.52,106.3,0.79250336
2025-09-08 10:00:00,105.53,106.4,0.8450012
2025-09-08 11:00:00,105.54,106.25,0.7099991
2025-09-08 12:00:00,105.55,106.4,0.82499695
2025-09-08 13:00:00,105.55,106.3,0.76249695
2025-09-08 14:00:00,105.53,106.1,0.5950012
2025-09-08 15:00:00,105.51,106.06,0.55249786
2025-09-08 16:00:00,105.5,106.06,0.5625
2025-09-08 17:00:00,105.5,106.3,0.8125
2025-09-08 18:00:00,105.51,105.94,0.42749786
2025-09-08 19:00:00,105.53,106.7,1.1575012
2025-09-08 20:00:00,105.55,106.5,0.94999695
2025-09-08 21:00:00,105.57,106.6,1.0550003
2025-09-08 22:00:00,105.59,106.4,0.78500366
2025-09-08 23:00:00,105.61,106.44,0.8274994
2025-09-09 00:00:00,105.62,106.3,0.69249725
2025-09-09 01:00:00,105.62,106.3,0.69249725
2025-09-09 02:00:00,105.64,106.1,0.4850006
2025-09-09 03:00:00,105.65,106.2,0.5374985
2025-09-09 04:00:00,105.66,106.1,0.46499634
2025-09-09 05:00:00,105.67,106.2,0.51750183
2025-09-09 06:00:00,105.68,106.1,0.4449997
2025-09-09 07:00:00,105.69,106.1,0.43499756
2025-09-09 08:00:00,105.7,106.1,0.42500305
2025-09-09 09:00:00,105.72,106.06,0.34249878
2025-09-09 10:00:00,105.73,106.1,0.39499664
2025-09-09 11:00:00,105.72,106.25,0.5299988
2025-09-09 12:00:00,105.71,106.1,0.41500092
2025-09-09 13:00:00,105.71,106.0,0.29000092
2025-09-09 14:00:00,105.72,105.94,0.21749878
2025-09-09 15:00:00,105.73,106.0,0.26999664
2025-09-09 16:00:00,105.74,106.06,0.32250214
2025-09-09 17:00:00,105.75,106.1,0.375
2025-09-09 18:00:00,105.75,106.0,0.25
2025-09-09 19:00:00,105.76,106.1,0.36499786
2025-09-09 20:00:00,105.79,106.0,0.20999908
2025-09-09 21:00:00,105.82,106.3,0.4925003
2025-09-09 22:00:00,105.85,106.25,0.40000153
2025-09-09 23:00:00,105.88,106.5,0.62000275
2025-09-10 00:00:00,105.92,106.4,0.45500183
2025-09-10 01:00:00,105.96,106.56,0.6025009
2025-09-10 02:00:00,106.0,106.56,0.5625
2025-09-10 03:00:00,106.04,106.6,0.5849991
2025-09-10 04:00:00,106.08,106.6,0.54499817
2025-09-10 05:00:00,106.13,106.7,0.55750275
2025-09-10 06:00:00,106.18,106.75,0.5699997
2025-09-10 07:00:00,106.23,106.94,0.70749664
2025-09-10 08:00:00,106.26,107.0,0.73999786
2025-09-10 09:00:00,106.28,106.94,0.6575012
2025-09-10 10:00:00,106.3,106.75,0.44999695
2025-09-10 11:00:00,106.32,106.8,0.4925003
2025-09-10 12:00:00,106.33,106.9,0.54499817
2025-09-10 13:00:00,106.35,106.75,0.40000153
2025-09-10 14:00:00,106.35,106.75,0.40000153
2025-09-10 15:00:00,106.35,106.6,0.27500153
2025-09-10 16:00:00,106.34,106.7,0.34750366
2025-09-10 17:00:00,106.34,106.6,0.28500366
2025-09-10 18:00:00,106.35,106.75,0.40000153
2025-09-10 19:00:00,106.37,106.8,0.44249725
2025-09-10 20:00:00,106.39,106.94,0.5475006
2025-09-10 21:00:00,106.42,107.06,0.64250183
2025-09-10 22:00:00,106.44,107.2,0.74749756
2025-09-10 23:00:00,106.46,107.2,0.7275009
2025-09-11 00:00:00,106.48,107.2,0.70749664
2025-09-11 01:00:00,106.51,107.1,0.61499786
2025-09-11 02:00:00,106.55,107.2,0.63749695
2025-09-11 03:00:00,106.59,107.25,0.66000366
2025-09-11 04:00:00,106.63,107.3,0.68250275
2025-09-11 05:00:00,106.68,107.3,0.6324997
2025-09-11 06:00:00,106.73,107.4,0.64499664
2025-09-11 07:00:00,106.78,107.44,0.6575012
2025-09-11 08:00:00,106.82,107.5,0.6800003
2025-09-11 09:00:00,106.85,107.4,0.5250015
2025-09-11 10:00:00,106.86,107.4,0.5149994
2025-09-11 11:00:00,106.87,107.25,0.37999725
2025-09-11 12:00:00,106.87,107.3,0.44249725
2025-09-11 13:00:00,106.88,107.1,0.24500275
2025-09-11 14:00:00,106.88,107.25,0.37000275
2025-09-11 15:00:00,106.88,107.25,0.37000275
2025-09-11 16:00:00,106.87,107.2,0.31749725
2025-09-11 17:00:00,106.86,107.1,0.2649994
2025-09-11 18:00:00,106.86,107.2,0.3274994
2025-09-11 19:00:00,106.87,107.3,0.44249725
2025-09-11 20:00:00,106.89,107.56,0.6725006
2025-09-11 21:00:00,106.91,107.7,0.77749634
2025-09-11 22:00:00,106.92,107.44,0.51750183
2025-09-11 23:00:00,106.93,107.6,0.6949997
2025-09-12 00:00:00,106.94,107.56,0.62249756
2025-09-12 01:00:00,106.96,107.5,0.5400009
2025-09-12 02:00:00,106.99,107.5,0.51000214
2025-09-12 03:00:00,107.02,107.6,0.60500336
2025-09-12 04:00:00,107.06,107.7,0.62750244
2025-09-12 05:00:00,107.11,107.8,0.7024994
2025-09-12 06:00:00,107.16,107.8,0.65249634
2025-09-12 07:00:00,107.2,107.94,0.73750305
2025-09-12 08:00:00,107.22,107.75,0.5299988
2025-09-12 09:00:00,107.23,107.75,0.51999664
2025-09-12 10:00:00,107.24,107.8,0.57250214
2025-09-12 11:00:00,107.25,107.75,0.5
2025-09-12 12:00:00,107.27,107.7,0.41750336
2025-09-12 13:00:00,107.3,107.75,0.44999695
2025-09-12 14:00:00,107.31,107.75,0.44000244
2025-09-12 15:00:00,107.32,107.8,0.4925003
2025-09-12 16:00:00,107.33,107.6,0.29499817
2025-09-12 17:00:00,107.33,107.75,0.41999817
2025-09-12 18:00:00,107.34,107.6,0.28500366
2025-09-12 19:00:00,107.35,107.56,0.21250153
2025-09-12 20:00:00,107.36,107.6,0.2649994
2025-09-12 21:00:00,107.37,107.7,0.31749725
2025-09-12 22:00:00,107.37,107.75,0.37999725
2025-09-12 23:00:00,107.39,107.75,0.3600006
2025-09-13 00:00:00,107.41,107.94,0.52749634
2025-09-13 01:00:00,107.44,107.94,0.49749756
2025-09-13 02:00:00,107.48,107.94,0.45749664
2025-09-13 03:00:00,107.51,107.94,0.42749786
2025-09-13 04:00:00,107.54,108.1,0.5849991
2025-09-13 05:00:00,107.56,108.0,0.44000244
2025-09-13 06:00:00,107.57,108.1,0.5550003
2025-09-13 07:00:00,107.58,108.2,0.60749817
2025-09-13 08:00:00,107.59,108.2,0.59750366
2025-09-13 09:00:00,107.6,108.1,0.5250015
2025-09-13 10:00:00,107.61,108.2,0.5774994
2025-09-13 11:00:00,107.62,108.2,0.56749725
2025-09-13 12:00:00,107.64,108.2,0.5475006
2025-09-13 13:00:00,107.66,108.2,0.52749634
2025-09-13 14:00:00,107.65,108.2,0.5374985
2025-09-13 15:00:00,107.63,108.2,0.55750275
2025-09-13 16:00:00,107.6,107.94,0.33750153
2025-09-13 17:00:00,107.59,108.1,0.53500366
2025-09-13 18:00:00,107.58,108.2,0.60749817
2025-09-13 19:00:00,107.58,108.25,0.66999817
2025-09-13 20:00:00,107.58,108.1,0.54499817
2025-09-13 21:00:00,107.59,108.44,0.84750366
2025-09-13 22:00:00,107.6,108.3,0.7125015
2025-09-13 23:00:00,107.62,108.5,0.87999725
2025-09-14 00:00:00,107.64,108.5,0.8600006
2025-09-14 01:00:00,107.67,108.75,1.0800018
2025-09-14 02:00:00,107.7,108.6,0.92500305
2025-09-14 03:00:00,107.74,108.75,1.0100021
2025-09-14 04:00:00,107.77,108.7,0.91750336
2025-09-14 05:00:00,107.8,108.8,1.012497
2025-09-14 06:00:00,107.83,108.7,0.85749817
2025-09-14 07:00:00,107.86,108.75,0.8899994
2025-09-14 08:00:00,107.89,108.75,0.8600006
2025-09-14 09:00:00,107.91,108.7,0.77749634
2025-09-14 10:00:00,107.92,108.56,0.64250183
2025-09-14 11:00:00,107.92,108.56,0.64250183
2025-09-14 12:00:00,107.91,108.5,0.58999634
2025-09-14 13:00:00,107.9,108.5,0.5999985
2025-09-14 14:00:00,107.89,108.4,0.4850006
2025-09-14 15:00:00,107.89,108.5,0.6100006
2025-09-14 16:00:00,107.89,108.5,0.6100006
2025-09-14 17:00:00,107.87,108.56,0.69249725
2025-09-14 18:00:00,107.84,108.6,0.78500366
2025-09-14 19:00:00,107.82,108.56,0.7425003
2025-09-14 20:00:00,107.81,108.5,0.69000244
2025-09-14 21:00:00,107.82,108.56,0.7425003
2025-09-14 22:00:00,107.84,108.75,0.91000366
2025-09-14 23:00:00,107.86,108.75,0.8899994
2025-09-15 00:00:00,107.88,108.9,0.99500275
2025-09-15 01:00:00,107.9,108.7,0.7874985
2025-09-15 02:00:00,107.92,108.6,0.70500183
2025-09-15 03:00:00,107.94,108.6,0.68499756
2025-09-15 04:00:00,107.96,108.7,0.7275009
2025-09-15 05:00:00,107.99,108.6,0.63500214
2025-09-15 06:00:00,108.02,108.7,0.66750336
2025-09-15 07:00:00,108.05,108.7,0.63749695
2025-09-15 08:00:00,108.06,108.7,0.62750244
2025-09-15 09:00:00,108.06,108.56,0.50250244
2025-09-15 10:00:00,108.07,108.6,0.5550003
2025-09-15 11:00:00,108.08,108.56,0.48249817
2025-09-15 12:00:00,108.09,108.6,0.53500366
2025-09-15 13:00:00,108.1,108.5,0.40000153
2025-09-15 14:00:00,108.1,108.44,0.33750153
2025-09-15 15:00:00,108.09,108.25,0.16000366
2025-09-15 16:00:00,108.08,108.3,0.23249817
2025-09-15 17:00:00,108.08,108.1,0.04499817
2025-09-15 18:00:00,108.09,108.25,0.16000366
2025-09-15 19:00:00,108.11,108.6,0.5149994
2025-09-15 20:00:00,108.14,108.7,0.5475006
2025-09-15 21:00:00,108.17,108.75,0.58000183
2025-09-15 22:00:00,108.19,108.9,0.68499756
2025-09-15 23:00:00,108.21,109.06,0.8525009
2025-09-16 00:00:00,108.22,108.94,0.7174988
2025-09-16 01:00:00,108.24,109.0,0.76000214
2025-09-16 02:00:00,108.26,109.0,0.73999786
2025-09-16 03:00:00,108.29,108.94,0.6474991
2025-09-16 04:00:00,108.32,108.9,0.5550003
2025-09-16 05:00:00,108.35,108.94,0.5875015
2025-09-16 06:00:00,108.39,108.9,0.4850006
2025-09-16 07:00:00,108.42,109.0,0.58000183
2025-09-16 08:00:00,108.44,108.94,0.49749756
2025-09-16 09:00:00,108.45,108.94,0.48750305
2025-09-16 10:00:00,108.46,108.9,0.41500092
2025-09-16 11:00:00,108.46,108.9,0.41500092
2025-09-16 12:00:00,108.47,108.7,0.21749878
2025-09-16 13:00:00,108.47,108.9,0.40499878
2025-09-16 14:00:00,108.47,108.8,0.34249878
2025-09-16 15:00:00,108.47,108.8,0.34249878
2025-09-16 16:00:00,108.46,108.9,0.41500092
2025-09-16 17:00:00,108.46,108.8,0.35250092
2025-09-16 18:00:00,108.47,108.9,0.40499878
2025-09-16 19:00:00,108.48,108.9,0.39499664
2025-09-16 20:00:00,108.49,109.0,0.51000214
2025-09-16 21:00:00,108.52,109.06,0.54250336
2025-09-16 22:00:00,108.54,109.25,0.7099991
2025-09-16 23:00:00,108.56,109.3,0.75250244
2025-09-17 00:00:00,108.58,109.3,0.73249817
2025-09-17 01:00:00,108.6,109.25,0.6500015
2025-09-17 02:00:00,108.63,109.25,0.62000275
2025-09-17 03:00:00,108.66,109.25,0.58999634
2025-09-17 04:00:00,108.69,109.4,0.68499756
2025-09-17 05:00:00,108.71,109.25,0.5400009
2025-09-17 06:00:00,108.73,109.25,0.51999664
2025-09-17 07:00:00,108.74,109.1,0.38500214
2025-09-17 08:00:00,108.75,109.1,0.375
2025-09-17 09:00:00,108.76,109.0,0.23999786
2025-09-17 10:00:00,108.78,109.06,0.28250122
2025-09-17 11:00:00,108.8,109.06,0.26249695
2025-09-17 12:00:00,108.82,109.0,0.1800003
2025-09-17 13:00:00,108.84,109.06,0.22250366
2025-09-17 14:00:00,108.85,109.1,0.27500153
2025-09-17 15:00:00,108.84,109.2,0.34750366
2025-09-17 16:00:00,108.82,109.1,0.3050003
2025-09-17 17:00:00,108.8,109.06,0.26249695
2025-09-17 18:00:00,108.79,109.1,0.33499908
2025-09-17 19:00:00,108.8,109.2,0.38749695
2025-09-17 20:00:00,108.82,109.3,0.4925003
2025-09-17 21:00:00,108.84,109.44,0.59750366
2025-09-17 22:00:00,108.88,109.4,0.49500275
2025-09-17 23:00:00,108.9,109.44,0.5374985
2025-09-18 00:00:00,108.9,109.5,0.5999985
2025-09-18 01:00:00,108.91,109.5,0.58999634
2025-09-18 02:00:00,108.92,109.44,0.51750183
2025-09-18 03:00:00,108.94,109.56,0.62249756
2025-09-18 04:00:00,108.98,109.5,0.51999664
2025-09-18 05:00:00,109.02,109.56,0.54250336
2025-09-18 06:00:00,109.06,109.5,0.44000244
2025-09-18 07:00:00,109.1,109.4,0.27500153
2025-09-18 08:00:00,109.13,109.56,0.43250275
2025-09-18 09:00:00,109.15,109.44,0.28749847
2025-09-18 10:00:00,109.17,109.7,0.51750183
2025-09-18 11:00:00,109.19,109.44,0.24749756
2025-09-18 12:00:00,109.2,109.6,0.42500305
2025-09-18 13:00:00,109.21,109.3,0.102500916
2025-09-18 14:00:00,109.21,109.56,0.35250092
2025-09-18 15:00:00,109.21,109.4,0.16500092
2025-09-18 16:00:00,109.22,109.6,0.40499878
2025-09-18 17:00:00,109.23,109.5,0.26999664
2025-09-18 18:00:00,109.25,109.6,0.375
2025-09-18 19:00:00,109.28,109.6,0.34500122
2025-09-18 20:00:00,109.3,109.7,0.38749695
2025-09-18 21:00:00,109.32,109.7,0.3675003
2025-09-18 22:00:00,109.35,109.8,0.46250153
2025-09-18 23:00:00,109.37,109.9,0.50499725
2025-09-19 00:00:00,109.4,109.9,0.47499847
2025-09-19 01:00:00,109.43,109.9,0.4449997
2025-09-19 02:00:00,109.46,109.9,0.41500092
2025-09-19 03:00:00,109.49,109.94,0.44750214
2025-09-19 04:00:00,109.54,109.9,0.33499908
2025-09-19 05:00:00,109.59,109.94,0.34750366
2025-09-19 06:00:00,109.63,110.0,0.37000275
2025-09-19 07:00:00,109.65,110.06,0.41249847
2025-09-19 08:00:00,109.67,110.0,0.33000183
2025-09-19 09:00:00,109.69,110.0,0.30999756
2025-09-19 10:00:00,109.71,110.06,0.35250092
2025-09-19 11:00:00,109.74,110.0,0.26000214
2025-09-19 12:00:00,109.76,110.06,0.30249786
2025-09-19 13:00:00,109.77,110.1,0.35500336
2025-09-19 14:00:00,109.78,110.06,0.28250122
2025-09-19 15:00:00,109.8,110.06,0.26249695
2025-09-19 16:00:00,109.82,110.06,0.2425003
2025-09-19 17:00:00,109.84,110.2,0.34750366
2025-09-19 18:00:00,109.86,110.06,0.20249939
2025-09-19 19:00:00,109.88,110.25,0.37000275
2025-09-19 20:00:00,109.91,110.06,0.15249634
2025-09-19 21:00:00,109.93,110.1,0.1949997
2025-09-19 22:00:00,109.95,110.06,0.11250305
2025-09-19 23:00:00,109.97,110.1,0.15499878
2025-09-20 00:00:00,109.98,110.06,0.08249664
2025-09-20 01:00:00,109.99,110.0,0.010002136
2025-09-20 02:00:00,110.01,110.06,0.052497864
2025-09-20 03:00:00,110.03,110.1,0.09500122
2025-09-20 04:00:00,110.06,110.1,0.06500244
2025-09-20 05:00:00,110.08,110.25,0.16999817
2025-09-20 06:00:00,110.1,110.2,0.087501526
2025-09-20 07:00:00,110.12,110.3,0.19249725
2025-09-20 08:00:00,110.13,110.25,0.12000275
2025-09-20 09:00:00,110.16,110.3,0.15249634
2025-09-20 10:00:00,110.18,110.3,0.1324997
2025-09-20 11:00:00,110.2,110.4,0.17500305
2025-09-20 12:00:00,110.21,110.44,0.22750092
2025-09-20 13:00:00,110.23,110.5,0.26999664
2025-09-20 14:00:00,110.25,110.7,0.4375
2025-09-20 15:00:00,110.27,110.6,0.35500336
2025-09-20 16:00:00,110.29,110.75,0.45999908
2025-09-20 17:00:00,110.32,110.75,0.4300003
2025-09-20 18:00:00,110.34,110.75,0.41000366
2025-09-20 19:00:00,110.36,110.75,0.3899994
2025-09-20 20:00:00,110.38,110.7,0.30750275
2025-09-20 21:00:00,110.39,110.75,0.3600006
2025-09-20 22:00:00,110.38,110.7,0.30750275
2025-09-20 23:00:00,110.39,110.7,0.2975006
2025-09-21 00:00:00,110.4,110.56,0.16249847
2025-09-21 01:00:00,110.4,110.8,0.41249847
2025-09-21 02:00:00,110.4,110.7,0.28749847
2025-09-21 03:00:00,110.41,110.8,0.40249634
2025-09-21 04:00:00,110.42,110.6,0.20500183
2025-09-21 05:00:00,110.44,110.7,0.24749756
2025-09-21 06:00:00,110.46,110.6,0.16500092
2025-09-21 07:00:00,110.49,110.7,0.19750214
2025-09-21 08:00:00,110.52,110.56,0.042503357
2025-09-21 09:00:00,110.55,110.56,0.012496948
2025-09-21 10:00:00,110.57,110.5,0.069999695
2025-09-21 11:00:00,110.58,110.7,0.10749817
2025-09-21 12:00:00,110.59,110.6,0.035003662
2025-09-21 13:00:00,110.6,110.9,0.27500153
2025-09-21 14:00:00,110.62,110.94,0.31749725
2025-09-21 15:00:00,110.64,111.06,0.4225006
2025-09-21 16:00:00,110.66,111.06,0.40249634
2025-09-21 17:00:00,110.68,111.1,0.4449997
2025-09-21 18:00:00,110.7,111.2,0.48750305
2025-09-21 19:00:00,110.72,111.2,0.46749878
2025-09-21 20:00:00,110.74,111.3,0.57250214
2025-09-21 21:00:00,110.76,111.1,0.36499786
2025-09-21 22:00:00,110.78,111.1,0.34500122
2025-09-21 23:00:00,110.78,111.06,0.28250122
2025-09-22 00:00:00,110.8,111.1,0.32499695
2025-09-22 01:00:00,110.81,111.1,0.31500244
2025-09-22 02:00:00,110.81,111.1,0.31500244
2025-09-22 03:00:00,110.82,111.06,0.2425003
2025-09-22 04:00:00,110.83,111.06,0.23249817
2025-09-22 05:00:00,110.85,111.06,0.21250153
2025-09-22 06:00:00,110.87,111.0,0.12999725
2025-09-22 07:00:00,110.9,111.06,0.16249847
2025-09-22 08:00:00,110.93,111.2,0.2574997
2025-09-22 09:00:00,110.96,111.25,0.29000092
2025-09-22 10:00:00,110.98,111.25,0.26999664
2025-09-22 11:00:00,110.99,111.25,0.26000214
2025-09-22 12:00:00,111.01,111.3,0.30249786
2025-09-22 13:00:00,111.03,111.25,0.22000122
2025-09-22 14:00:00,111.04,111.3,0.27249908
2025-09-22 15:00:00,111.05,111.25,0.19999695
2025-09-22 16:00:00,111.05,111.3,0.26249695
2025-09-22 17:00:00,111.06,111.3,0.25250244
2025-09-22 18:00:00,111.07,111.4,0.3050003
2025-09-22 19:00:00,111.08,111.4,0.29499817
2025-09-22 20:00:00,111.1,111.4,0.27500153
2025-09-22 21:00:00,111.11,111.3,0.20249939
2025-09-22 22:00:00,111.12,111.4,0.25499725
2025-09-22 23:00:00,111.14,111.3,0.17250061
2025-09-23 00:00:00,111.17,111.44,0.26750183
2025-09-23 01:00:00,111.2,111.4,0.17500305
2025-09-23 02:00:00,111.24,111.5,0.26000214
2025-09-23 03:00:00,111.27,111.44,0.16750336
2025-09-23 04:00:00,111.3,111.5,0.19999695
2025-09-23 05:00:00,111.33,111.4,0.04499817
2025-09-23 06:00:00,111.37,111.44,0.06749725
2025-09-23 07:00:00,111.4,111.5,0.099998474
2025-09-23 08:00:00,111.42,111.56,0.14250183
2025-09-23 09:00:00,111.43,111.44,0.007499695
2025-09-23 10:00:00,111.45,111.56,0.11250305
2025-09-23 11:00:00,111.48,111.7,0.20749664
2025-09-23 12:00:00,111.51,111.75,0.23999786
2025-09-23 13:00:00,111.54,111.8,0.27249908
2025-09-23 14:00:00,111.56,111.9,0.31500244
2025-09-23 15:00:00,111.56,112.0,0.44000244
2025-09-23 16:00:00,111.56,112.0,0.44000244
2025-09-23 17:00:00,111.56,111.94,0.37750244
2025-09-23 18:00:00,111.57,111.94,0.3675003
2025-09-23 19:00:00,111.59,111.9,0.28500366
2025-09-23 20:00:00,111.6,111.9,0.27500153
2025-09-23 21:00:00,111.61,111.9,0.2649994
2025-09-23 22:00:00,111.63,111.9,0.24500275
2025-09-23 23:00:00,111.64,111.8,0.17250061
2025-09-24 00:00:00,111.65,111.8,0.16249847
2025-09-24 01:00:00,111.66,111.8,0.15249634
2025-09-24 02:00:00,111.68,111.75,0.069999695
2025-09-24 03:00:00,111.71,111.8,0.102500916
2025-09-24 04:00:00,111.74,111.75,0.010002136
2025-09-24 05:00:00,111.76,111.8,0.052497864
2025-09-24 06:00:00,111.79,111.9,0.084999084
2025-09-24 07:00:00,111.82,111.94,0.117500305
2025-09-24 08:00:00,111.85,112.0,0.15000153
2025-09-24 09:00:00,111.87,112.1,0.25499725
2025-09-24 10:00:00,111.9,112.25,0.34999847
2025-09-24 11:00:00,111.92,112.44,0.51750183
2025-09-24 12:00:00,111.95,112.5,0.55000305
2025-09-24 13:00:00,111.98,112.5,0.51999664
2025-09-24 14:00:00,112.01,112.5,0.48999786
2025-09-24 15:00:00,112.04,112.56,0.5224991
2025-09-24 16:00:00,112.06,112.56,0.50250244
2025-09-24 17:00:00,112.08,112.44,0.35749817
2025-09-24 18:00:00,112.1,112.4,0.27500153
2025-09-24 19:00:00,112.12,112.4,0.25499725
2025-09-24 20:00:00,112.15,112.4,0.22499847
2025-09-24 21:00:00,112.17,112.4,0.20500183
2025-09-24 22:00:00,112.19,112.3,0.12249756
2025-09-24 23:00:00,112.21,112.4,0.16500092
2025-09-25 00:00:00,112.23,112.3,0.08249664
2025-09-25 01:00:00,112.26,112.3,0.052497864
2025-09-25 02:00:00,112.3,112.3,0.012496948
2025-09-25 03:00:00,112.34,112.44,0.09750366
2025-09-25 04:00:00,112.37,112.5,0.12999725
2025-09-25 05:00:00,112.4,112.56,0.16249847
2025-09-25 06:00:00,112.43,112.5,0.069999695
2025-09-25 07:00:00,112.46,112.56,0.102500916
2025-09-25 08:00:00,112.49,112.56,0.072502136
2025-09-25 09:00:00,112.52,112.56,0.042503357
2025-09-25 10:00:00,112.54,112.6,0.084999084
2025-09-25 11:00:00,112.57,112.7,0.117500305
2025-09-25 12:00:00,112.59,112.6,0.035003662
2025-09-25 13:00:00,112.61,112.7,0.07749939
2025-09-25 14:00:00,112.63,112.75,0.12000275
2025-09-25 15:00:00,112.65,112.75,0.099998474
2025-09-25 16:00:00,112.67,112.9,0.20500183
2025-09-25 17:00:00,112.69,112.9,0.18499756
2025-09-25 18:00:00,112.71,112.94,0.22750092
2025-09-25 19:00:00,112.73,112.94,0.20749664
2025-09-25 20:00:00,112.76,113.0,0.23999786
2025-09-25 21:00:00,112.79,112.94,0.14749908
2025-09-25 22:00:00,112.82,113.0,0.1800003
2025-09-25 23:00:00,112.85,112.94,0.087501526
2025-09-26 00:00:00,112.85,113.0,0.15000153
2025-09-26 01:00:00,112.85,113.0,0.15000153
2025-09-26 02:00:00,112.85,113.0,0.15000153
2025-09-26 03:00:00,112.85,113.06,0.21250153
2025-09-26 04:00:00,112.85,113.1,0.27500153
2025-09-26 05:00:00,112.85,113.1,0.27500153
2025-09-26 06:00:00,112.85,113.1,0.27500153
2025-09-26 07:00:00,112.85,113.1,0.27500153
2025-09-26 08:00:00,112.85,113.1,0.27500153
2025-09-26 09:00:00,112.85,113.1,0.27500153
2025-09-26 10:00:00,112.85,113.1,0.27500153
2025-09-26 11:00:00,112.85,113.06,0.21250153
2025-09-26 12:00:00,112.85,113.1,0.27500153
2025-09-26 13:00:00,112.85,113.06,0.21250153
2025-09-26 14:00:00,112.85,113.1,0.27500153
2025-09-26 15:00:00,112.85,113.1,0.27500153
2025-09-26 16:00:00,112.85,113.1,0.27500153
2025-09-26 17:00:00,112.85,113.2,0.33750153
2025-09-26 18:00:00,112.85,113.2,0.33750153
2025-09-26 19:00:00,112.85,113.2,0.33750153
2025-09-26 20:00:00,112.85,113.2,0.33750153
2025-09-26 21:00:00,112.85,113.25,0.40000153
2025-09-26 22:00:00,112.85,113.2,0.33750153
2025-09-26 23:00:00,112.85,113.2,0.33750153
2025-09-27 00:00:00,113.47,113.2,0.28250122
2025-09-27 01:00:00,113.51,113.2,0.32250214
2025-09-27 02:00:00,113.56,113.25,0.30999756
2025-09-27 03:00:00,113.61,113.4,0.23500061
2025-09-27 04:00:00,113.65,113.5,0.15000153
2025-09-27 05:00:00,113.68,113.6,0.055000305
2025-09-27 06:00:00,113.71,113.75,0.040000916
2025-09-27 07:00:00,113.74,113.9,0.13500214
2025-09-27 08:00:00,113.76,114.06,0.30249786
2025-09-27 09:00:00,113.78,113.94,0.15750122
2025-09-27 10:00:00,113.81,114.2,0.37750244
2025-09-27 11:00:00,113.83,114.06,0.23249817
2025-09-27 12:00:00,113.86,114.3,0.4524994
2025-09-27 13:00:00,113.89,114.2,0.2975006
2025-09-27 14:00:00,113.91,114.6,0.71499634
2025-09-27 15:00:00,113.93,114.44,0.5074997
2025-09-27 16:00:00,113.93,114.75,0.8199997
2025-09-27 17:00:00,113.94,114.94,0.99749756
2025-09-27 18:00:00,113.96,114.94,0.9775009
2025-09-27 19:00:00,113.97,114.8,0.8424988
2025-09-27 20:00:00,113.96,114.94,0.9775009
2025-09-27 21:00:00,113.94,114.94,0.99749756
2025-09-27 22:00:00,113.94,114.8,0.87249756
2025-09-27 23:00:00,113.93,114.8,0.8824997
2025-09-28 00:00:00,113.9,114.56,0.6624985
2025-09-28 01:00:00,113.88,114.56,0.68250275
2025-09-28 02:00:00,113.86,114.5,0.6399994
2025-09-28 03:00:00,113.85,114.5,0.6500015
2025-09-28 04:00:00,113.84,114.5,0.66000366
2025-09-28 05:00:00,113.82,114.56,0.7425003
2025-09-28 06:00:00,113.79,114.56,0.7724991
2025-09-28 07:00:00,113.76,114.56,0.80249786
2025-09-28 08:00:00,113.75,114.3,0.5625
2025-09-28 09:00:00,113.75,114.5,0.75
2025-09-28 10:00:00,113.77,114.4,0.60500336
2025-09-28 11:00:00,113.8,114.56,0.76249695
2025-09-28 12:00:00,113.81,114.56,0.75250244
2025-09-28 13:00:00,113.82,114.7,0.8675003
2025-09-28 14:00:00,113.81,114.44,0.62750244
2025-09-28 15:00:00,113.79,114.6,0.8349991
2025-09-28 16:00:00,113.76,114.6,0.86499786
2025-09-28 17:00:00,113.73,114.56,0.83249664
2025-09-28 18:00:00,113.7,114.56,0.86250305
2025-09-28 19:00:00,113.73,114.56,0.83249664
2025-09-28 20:00:00,113.77,114.56,0.79250336
2025-09-28 21:00:00,113.8,114.75,0.94999695
2025-09-28 22:00:00,113.79,114.8,1.0224991
2025-09-28 23:00:00,113.77,114.9,1.1050034
2025-09-29 00:00:00,113.77,114.8,1.0425034
2025-09-29 01:00:00,113.78,114.6,0.8450012
2025-09-29 02:00:00,113.79,114.6,0.8349991
2025-09-29 03:00:00,113.8,114.6,0.82499695
2025-09-29 04:00:00,113.81,114.56,0.75250244
2025-09-29 05:00:00,113.83,114.44,0.60749817
2025-09-29 06:00:00,113.85,114.3,0.46250153
2025-09-29 07:00:00,113.85,114.4,0.5250015
2025-09-29 08:00:00,113.88,114.3,0.43250275
2025-09-29 09:00:00,113.9,114.4,0.47499847
2025-09-29 10:00:00,113.97,114.3,0.34249878
2025-09-29 11:00:00,114.12,114.6,0.50499725
2025-09-29 12:00:00,114.27,114.5,0.23000336
2025-09-29 13:00:00,114.41,114.8,0.40249634
2025-09-29 14:00:00,114.53,114.6,0.09500122
2025-09-29 15:00:00,114.64,115.1,0.4850006
2025-09-29 16:00:00,114.75,114.94,0.1875
2025-09-29 17:00:00,114.86,115.06,0.20249939
2025-09-29 18:00:00,114.98,114.94,0.042503357
2025-09-29 19:00:00,115.12,115.4,0.25499725
2025-09-29 20:00:00,115.26,115.25,0.010002136
2025-09-29 21:00:00,115.39,115.44,0.04750061
2025-09-29 22:00:00,115.52,115.5,0.019996643
2025-09-29 23:00:00,115.62,115.6,0.0049972534
2025-09-30 00:00:00,115.65,115.7,0.037498474
2025-09-30 01:00:00,115.66,115.8,0.15249634
2025-09-30 02:00:00,115.68,115.8,0.1324997
2025-09-30 03:00:00,115.69,115.94,0.24749756
2025-09-30 04:00:00,115.71,115.94,0.22750092
2025-09-30 05:00:00,115.71,116.0,0.29000092
2025-09-30 06:00:00,115.7,116.06,0.36250305
2025-09-30 07:00:00,115.68,116.1,0.4449997
2025-09-30 08:00:00,115.65,116.1,0.47499847
2025-09-30 09:00:00,115.62,116.1,0.50499725
2025-09-30 10:00:00,115.59,116.1,0.53500366
2025-09-30 11:00:00,115.55,116.1,0.57499695
2025-09-30 12:00:00,115.51,116.1,0.61499786
2025-09-30 13:00:00,115.47,116.1,0.6549988
2025-09-30 14:00:00,115.43,116.1,0.6949997
2025-09-30 15:00:00,115.39,116.06,0.6725006
2025-09-30 16:00:00,115.33,116.06,0.73249817
2025-09-30 17:00:00,115.3,116.06,0.76249695
2025-09-30 18:00:00,115.29,116.0,0.7099991
2025-09-30 19:00:00,115.29,116.0,0.7099991
2025-09-30 20:00:00,115.32,116.0,0.6800003
2025-09-30 21:00:00,115.35,116.06,0.7125015
2025-09-30 22:00:00,115.37,116.0,0.62999725
2025-09-30 23:00:00,115.34,116.06,0.72250366
2025-10-01 00:00:00,115.33,116.0,0.66999817
2025-10-01 01:00:00,115.33,115.94,0.60749817
2025-10-01 02:00:00,115.34,116.0,0.66000366
2025-10-01 03:00:00,115.36,116.06,0.7024994
2025-10-01 04:00:00,115.33,116.06,0.73249817
2025-10-01 05:00:00,115.28,116.06,0.7825012
2025-10-01 06:00:00,115.22,116.0,0.7799988
2025-10-01 07:00:00,115.16,115.94,0.77749634
2025-10-01 08:00:00,115.12,115.9,0.75499725
2025-10-01 09:00:00,115.07,115.9,0.8050003
2025-10-01 10:00:00,115.03,115.8,0.7825012
2025-10-01 11:00:00,115.03,115.75,0.7200012
2025-10-01 12:00:00,115.04,115.75,0.7099991
2025-10-01 13:00:00,115.06,115.75,0.69000244
2025-10-01 14:00:00,115.08,115.9,0.79499817
2025-10-01 15:00:00,115.1,115.9,0.7750015
2025-10-01 16:00:00,115.09,115.8,0.72250366
2025-10-01 17:00:00,115.07,115.8,0.7425003
2025-10-01 18:00:00,115.06,115.75,0.69000244
2025-10-01 19:00:00,115.07,115.7,0.6175003
2025-10-01 20:00:00,115.1,115.6,0.5250015
2025-10-01 21:00:00,115.12,115.7,0.56749725
2025-10-01 22:00:00,115.14,115.75,0.6100006
2025-10-01 23:00:00,115.14,115.75,0.6100006
2025-10-02 00:00:00,115.12,115.75,0.62999725
2025-10-02 01:00:00,115.12,115.7,0.56749725
2025-10-02 02:00:00,115.11,115.7,0.5774994
2025-10-02 03:00:00,115.13,115.7,0.55750275
2025-10-02 04:00:00,115.13,115.7,0.55750275
2025-10-02 05:00:00,115.12,115.7,0.56749725
2025-10-02 06:00:00,115.1,115.7,0.5875015
2025-10-02 07:00:00,115.07,115.7,0.6175003
2025-10-02 08:00:00,115.05,115.6,0.57499695
2025-10-02 09:00:00,115.03,115.7,0.6575012
2025-10-02 10:00:00,115.02,115.6,0.60500336
2025-10-02 11:00:00,115.03,115.6,0.5950012
2025-10-02 12:00:00,115.05,115.6,0.57499695
2025-10-02 13:00:00,115.06,115.7,0.62750244
2025-10-02 14:00:00,115.04,115.7,0.6474991
2025-10-02 15:00:00,115.02,115.6,0.60500336
2025-10-02 16:00:00,114.98,115.6,0.64499664
2025-10-02 17:00:00,114.95,115.56,0.61250305
2025-10-02 18:00:00,114.95,115.56,0.61250305
2025-10-02 19:00:00,114.96,115.5,0.5400009
2025-10-02 20:00:00,114.98,115.5,0.51999664
2025-10-02 21:00:00,115.01,115.56,0.55249786
2025-10-02 22:00:00,115.02,115.56,0.54250336
2025-10-02 23:00:00,115.02,115.7,0.66750336
2025-10-03 00:00:00,115.04,115.7,0.6474991
2025-10-03 01:00:00,115.08,115.7,0.60749817
2025-10-03 02:00:00,115.13,115.75,0.62000275
2025-10-03 03:00:00,115.19,115.75,0.55999756
2025-10-03 04:00:00,115.24,115.75,0.51000214
2025-10-03 05:00:00,115.29,115.75,0.45999908
2025-10-03 06:00:00,115.3,115.75,0.44999695
2025-10-03 07:00:00,115.31,115.7,0.37750244
2025-10-03 08:00:00,115.31,115.6,0.31500244
2025-10-03 09:00:00,115.32,115.6,0.3050003
2025-10-03 10:00:00,115.34,115.7,0.34750366
2025-10-03 11:00:00,115.37,115.7,0.31749725
2025-10-03 12:00:00,115.43,115.8,0.3824997
2025-10-03 13:00:00,115.5,115.9,0.375
2025-10-03 14:00:00,115.57,116.0,0.4300003
2025-10-03 15:00:00,115.63,116.06,0.43250275
2025-10-03 16:00:00,115.69,116.1,0.43499756
2025-10-03 17:00:00,115.75,116.1,0.375
2025-10-03 18:00:00,115.79,116.2,0.39749908
2025-10-03 19:00:00,115.82,116.25,0.4300003
2025-10-03 20:00:00,115.85,116.2,0.33750153
2025-10-03 21:00:00,115.88,116.25,0.37000275
2025-10-03 22:00:00,115.91,116.25,0.33999634
2025-10-03 23:00:00,115.93,116.25,0.3199997
2025-10-04 00:00:00,115.92,116.25,0.33000183
2025-10-04 01:00:00,115.91,116.25,0.33999634
2025-10-04 02:00:00,115.91,116.25,0.33999634
2025-10-04 03:00:00,115.91,116.25,0.33999634
2025-10-04 04:00:00,115.91,116.25,0.33999634
2025-10-04 05:00:00,115.91,116.4,0.46499634
2025-10-04 06:00:00,115.91,116.3,0.40249634
2025-10-04 07:00:00,115.91,116.44,0.52749634
2025-10-04 08:00:00,115.91,116.44,0.52749634
2025-10-04 09:00:00,115.9,116.44,0.5374985
2025-10-04 10:00:00,115.89,116.44,0.5475006
2025-10-04 11:00:00,115.88,116.44,0.55750275
2025-10-04 12:00:00,115.88,116.5,0.62000275
2025-10-04 13:00:00,115.87,116.5,0.62999725
2025-10-04 14:00:00,115.87,116.44,0.56749725
2025-10-04 15:00:00,115.86,116.44,0.5774994
2025-10-04 16:00:00,115.85,116.44,0.5875015
2025-10-04 17:00:00,115.84,116.4,0.53500366
2025-10-04 18:00:00,115.83,116.4,0.54499817
2025-10-04 19:00:00,115.83,116.4,0.54499817
2025-10-04 20:00:00,115.82,116.4,0.5550003
2025-10-04 21:00:00,115.81,116.5,0.69000244
2025-10-04 22:00:00,115.8,116.5,0.69999695
2025-10-04 23:00:00,115.8,116.5,0.69999695
2025-10-05 00:00:00,115.8,116.5,0.69999695
2025-10-05 01:00:00,115.8,116.56,0.76249695
2025-10-05 02:00:00,115.8,116.5,0.69999695
2025-10-05 03:00:00,115.8,116.5,0.69999695
2025-10-05 04:00:00,115.79,116.5,0.7099991
2025-10-05 05:00:00,115.78,116.5,0.7200012
2025-10-05 06:00:00,115.77,116.44,0.66750336
2025-10-05 07:00:00,115.76,116.44,0.67749786
2025-10-05 08:00:00,115.75,116.44,0.6875
2025-10-05 09:00:00,115.73,116.4,0.64499664
2025-10-05 10:00:00,115.69,116.4,0.68499756
2025-10-05 11:00:00,115.62,116.4,0.75499725
2025-10-05 12:00:00,115.54,116.3,0.7724991
2025-10-05 13:00:00,115.46,116.2,0.7275009
2025-10-05 14:00:00,115.4,116.1,0.7249985
2025-10-05 15:00:00,115.35,116.1,0.7750015
2025-10-05 16:00:00,115.3,116.06,0.76249695
2025-10-05 17:00:00,115.25,116.06,0.8125
2025-10-05 18:00:00,115.21,116.0,0.7900009
2025-10-05 19:00:00,115.17,116.06,0.89250183
2025-10-05 20:00:00,115.13,116.0,0.87000275
2025-10-05 21:00:00,115.1,116.0,0.9000015
2025-10-05 22:00:00,115.07,116.0,0.9300003
2025-10-05 23:00:00,115.04,116.0,0.9599991
2025-10-06 00:00:00,115.0,115.94,0.9375
2025-10-06 01:00:00,114.95,115.94,0.98750305
2025-10-06 02:00:00,114.91,115.8,0.90249634
2025-10-06 03:00:00,114.86,115.8,0.9524994
2025-10-06 04:00:00,114.78,115.8,1.0325012
2025-10-06 05:00:00,114.69,115.75,1.0599976
2025-10-06 06:00:00,114.6,115.6,1.0250015
2025-10-06 07:00:00,114.51,115.6,1.1149979
2025-10-06 08:00:00,114.45,115.56,1.112503
2025-10-06 09:00:00,114.4,115.56,1.1624985
2025-10-06 10:00:00,114.35,115.56,1.2125015
2025-10-06 11:00:00,114.3,115.56,1.262497
2025-10-06 12:00:00,114.26,115.5,1.2399979
2025-10-06 13:00:00,114.22,115.5,1.2799988
2025-10-06 14:00:00,114.14,115.44,1.2975006
2025-10-06 15:00:00,114.05,115.4,1.324997
2025-10-06 16:00:00,113.96,115.2,1.2275009
2025-10-06 17:00:00,113.87,115.06,1.1924973
2025-10-06 18:00:00,113.83,114.94,1.1074982
2025-10-06 19:00:00,113.85,115.0,1.1500015
2025-10-06 20:00:00,113.87,115.1,1.2549973
2025-10-06 21:00:00,113.89,115.25,1.3600006
2025-10-06 22:00:00,113.91,115.2,1.2774963
2025-10-06 23:00:00,113.92,115.3,1.3925018
2025-10-07 00:00:00,113.92,115.4,1.4550018
2025-10-07 01:00:00,113.91,115.1,1.2149963
2025-10-07 02:00:00,113.91,115.1,1.2149963
2025-10-07 03:00:00,113.91,115.0,1.0899963
2025-10-07 04:00:00,113.91,114.94,1.0274963
2025-10-07 05:00:00,113.91,114.75,0.83999634
2025-10-07 06:00:00,113.91,114.75,0.83999634
2025-10-07 07:00:00,113.91,114.7,0.77749634
2025-10-07 08:00:00,113.92,114.75,0.83000183
2025-10-07 09:00:00,113.92,114.6,0.70500183
2025-10-07 10:00:00,113.91,114.8,0.90249634
2025-10-07 11:00:00,113.9,114.7,0.7874985
2025-10-07 12:00:00,113.88,114.75,0.87000275
2025-10-07 13:00:00,113.85,114.7,0.8375015
2025-10-07 14:00:00,113.79,114.75,0.9599991
2025-10-07 15:00:00,113.72,114.56,0.8424988
2025-10-07 16:00:00,113.65,114.44,0.7874985
2025-10-07 17:00:00,113.56,114.3,0.75250244
2025-10-07 18:00:00,113.48,114.2,0.70749664
2025-10-07 19:00:00,113.47,114.2,0.7174988
2025-10-07 20:00:00,113.47,114.25,0.7799988
2025-10-07 21:00:00,113.45,114.5,1.050003
2025-10-07 22:00:00,113.4,114.5,1.0999985
2025-10-07 23:00:00,113.34,114.56,1.2225037
2025-10-08 00:00:00,113.28,114.5,1.2200012
2025-10-08 01:00:00,113.23,114.4,1.1449966
2025-10-08 02:00:00,113.2,114.2,0.98750305
2025-10-08 03:00:00,113.16,114.1,0.96499634
2025-10-08 04:00:00,113.12,113.94,0.81749725
2025-10-08 05:00:00,113.08,113.8,0.73249817
2025-10-08 06:00:00,113.05,113.7,0.63749695
2025-10-08 07:00:00,113.01,113.7,0.67749786
2025-10-08 08:00:00,112.97,113.6,0.6549988
2025-10-08 09:00:00,112.93,113.5,0.5699997
2025-10-08 10:00:00,112.89,113.44,0.5475006
2025-10-08 11:00:00,112.86,113.44,0.5774994
2025-10-08 12:00:00,112.83,113.4,0.54499817
2025-10-08 13:00:00,112.8,113.4,0.57499695
2025-10-08 14:00:00,112.77,113.3,0.54250336
2025-10-08 15:00:00,112.74,113.4,0.63500214
2025-10-08 16:00:00,112.71,113.25,0.5400009
2025-10-08 17:00:00,112.68,113.4,0.6949997
2025-10-08 18:00:00,112.65,113.25,0.5999985
2025-10-08 19:00:00,112.65,113.25,0.5999985
2025-10-08 20:00:00,112.66,113.1,0.46499634
2025-10-08 21:00:00,112.67,113.06,0.39250183
2025-10-08 22:00:00,112.68,113.0,0.3199997
2025-10-08 23:00:00,112.7,113.06,0.36250305
2025-10-09 00:00:00,112.71,113.06,0.35250092
2025-10-09 01:00:00,112.72,112.9,0.15499878
2025-10-09 02:00:00,112.74,113.1,0.38500214
2025-10-09 03:00:00,112.76,113.0,0.23999786
2025-10-09 04:00:00,112.78,113.25,0.47000122
2025-10-09 05:00:00,112.8,113.2,0.38749695
2025-10-09 06:00:00,112.83,113.3,0.48249817
2025-10-09 07:00:00,112.84,113.25,0.41000366
2025-10-09 08:00:00,112.85,113.4,0.5250015
2025-10-09 09:00:00,112.86,113.25,0.3899994
2025-10-09 10:00:00,112.87,113.4,0.50499725
2025-10-09 11:00:00,112.89,113.4,0.4850006
2025-10-09 12:00:00,112.91,113.44,0.52749634
2025-10-09 13:00:00,112.94,113.5,0.55999756
2025-10-09 14:00:00,112.98,113.4,0.39499664
2025-10-09 15:00:00,113.03,113.5,0.47000122
2025-10-09 16:00:00,113.08,113.5,0.41999817
2025-10-09 17:00:00,113.13,113.56,0.43250275
2025-10-09 18:00:00,113.18,113.56,0.3824997
2025-10-09 19:00:00,113.23,113.56,0.33249664
2025-10-09 20:00:00,113.28,113.6,0.34500122
2025-10-09 21:00:00,113.33,113.6,0.29499817
2025-10-09 22:00:00,113.37,113.7,0.31749725
2025-10-09 23:00:00,113.43,113.7,0.2574997
2025-10-10 00:00:00,113.5,113.75,0.25
2025-10-10 01:00:00,113.57,113.8,0.2425003
2025-10-10 02:00:00,113.64,113.94,0.2975006
2025-10-10 03:00:00,113.71,114.0,0.29000092
2025-10-10 04:00:00,113.78,114.1,0.34500122
2025-10-10 05:00:00,113.85,114.2,0.33750153
2025-10-10 06:00:00,113.92,114.25,0.33000183
2025-10-10 07:00:00,113.98,114.3,0.33249664
2025-10-10 08:00:00,114.04,114.3,0.27249908
2025-10-10 09:00:00,114.08,114.3,0.23249817
2025-10-10 10:00:00,114.12,114.4,0.25499725
2025-10-10 11:00:00,114.16,114.5,0.33999634
2025-10-10 12:00:00,114.21,114.6,0.41500092
2025-10-10 13:00:00,114.27,114.75,0.48000336
2025-10-10 14:00:00,114.32,114.8,0.4925003
2025-10-10 15:00:00,114.36,114.9,0.5149994
2025-10-10 16:00:00,114.4,114.8,0.41249847
2025-10-10 17:00:00,114.44,114.8,0.37249756
2025-10-10 18:00:00,114.45,114.9,0.42500305
2025-10-10 19:00:00,114.46,114.9,0.41500092
2025-10-10 20:00:00,114.46,114.75,0.29000092
2025-10-10 21:00:00,114.47,114.75,0.27999878
2025-10-10 22:00:00,114.48,114.75,0.26999664
2025-10-10 23:00:00,114.49,114.8,0.32250214
2025-10-11 00:00:00,114.51,114.75,0.23999786
2025-10-11 01:00:00,114.53,114.75,0.22000122
2025-10-11 02:00:00,114.55,114.94,0.38749695
2025-10-11 03:00:00,114.57,114.94,0.3675003
2025-10-11 04:00:00,114.59,115.06,0.47250366
2025-10-11 05:00:00,114.61,115.06,0.4524994
2025-10-11 06:00:00,114.64,115.2,0.5475006
2025-10-11 07:00:00,114.66,115.1,0.46499634
2025-10-11 08:00:00,114.68,115.2,0.5074997
2025-10-11 09:00:00,114.69,115.2,0.49749756
2025-10-11 10:00:00,114.7,115.2,0.48750305
2025-10-11 11:00:00,114.72,115.25,0.5299988
2025-10-11 12:00:00,114.73,115.3,0.58249664
2025-10-11 13:00:00,114.74,115.4,0.63500214
2025-10-11 14:00:00,114.75,115.4,0.625
2025-10-11 15:00:00,114.76,115.4,0.61499786
2025-10-11 16:00:00,114.77,115.4,0.60500336
2025-10-11 17:00:00,114.78,115.5,0.7200012
2025-10-11 18:00:00,114.79,115.44,0.6474991
2025-10-11 19:00:00,114.81,115.5,0.69000244
2025-10-11 20:00:00,114.83,115.4,0.54499817
2025-10-11 21:00:00,114.85,115.44,0.5875015
2025-10-11 22:00:00,114.86,115.44,0.5774994
2025-10-11 23:00:00,114.88,115.44,0.55750275
2025-10-12 00:00:00,114.91,115.4,0.46499634
2025-10-12 01:00:00,114.94,115.4,0.43499756
2025-10-12 02:00:00,114.97,115.44,0.46749878
2025-10-12 03:00:00,115.0,115.44,0.4375
2025-10-12 04:00:00,115.04,115.5,0.45999908
2025-10-12 05:00:00,115.06,115.56,0.50250244
2025-10-12 06:00:00,115.1,115.6,0.5250015
2025-10-12 07:00:00,115.14,115.7,0.5475006
2025-10-12 08:00:00,115.17,115.75,0.58000183
2025-10-12 09:00:00,115.2,115.7,0.48750305
2025-10-12 10:00:00,115.23,115.8,0.58249664
2025-10-12 11:00:00,115.25,115.9,0.625
2025-10-12 12:00:00,115.28,115.94,0.6575012
2025-10-12 13:00:00,115.31,115.94,0.62750244
2025-10-12 14:00:00,115.34,115.9,0.53500366
2025-10-12 15:00:00,115.37,115.9,0.50499725
2025-10-12 16:00:00,115.39,115.9,0.4850006
2025-10-12 17:00:00,115.4,115.94,0.5374985
2025-10-12 18:00:00,115.41,115.9,0.46499634
2025-10-12 19:00:00,115.43,115.9,0.4449997
2025-10-12 20:00:00,115.45,115.9,0.42500305
2025-10-12 21:00:00,115.47,115.9,0.40499878
2025-10-12 22:00:00,115.5,115.9,0.375
2025-10-12 23:00:00,115.53,115.9,0.34500122
2025-10-13 00:00:00,115.56,115.9,0.31500244
2025-10-13 01:00:00,115.59,115.9,0.28500366
2025-10-13 02:00:00,115.63,115.9,0.24500275
2025-10-13 03:00:00,115.67,115.94,0.26750183
2025-10-13 04:00:00,115.71,115.94,0.22750092
2025-10-13 05:00:00,115.74,116.0,0.26000214
2025-10-13 06:00:00,115.77,116.0,0.23000336
2025-10-13 07:00:00,115.8,116.0,0.19999695
2025-10-13 08:00:00,115.83,116.06,0.23249817
2025-10-13 09:00:00,115.85,116.06,0.21250153
2025-10-13 10:00:00,115.87,116.1,0.25499725
2025-10-13 11:00:00,115.89,116.1,0.23500061
2025-10-13 12:00:00,115.92,116.2,0.26750183
2025-10-13 13:00:00,115.95,116.2,0.23750305
2025-10-13 14:00:00,115.97,116.25,0.27999878
2025-10-13 15:00:00,115.98,116.25,0.26999664
2025-10-13 16:00:00,115.99,116.25,0.26000214
2025-10-13 17:00:00,116.0,116.25,0.25
2025-10-13 18:00:00,116.01,116.3,0.30249786
2025-10-13 19:00:00,116.02,116.25,0.23000336
2025-10-13 20:00:00,116.04,116.3,0.27249908
2025-10-13 21:00:00,116.06,116.3,0.25250244
2025-10-13 22:00:00,116.08,116.4,0.29499817
2025-10-13 23:00:00,116.1,116.3,0.21250153
2025-10-14 00:00:00,116.12,116.4,0.25499725
2025-10-14 01:00:00,116.15,116.44,0.28749847
2025-10-14 02:00:00,116.18,116.44,0.2574997
2025-10-14 03:00:00,116.22,116.5,0.27999878
2025-10-14 04:00:00,116.25,116.5,0.25
2025-10-14 05:00:00,116.28,116.5,0.22000122
2025-10-14 06:00:00,116.32,116.56,0.2425003
2025-10-14 07:00:00,116.36,116.56,0.20249939
2025-10-14 08:00:00,116.4,116.56,0.16249847
2025-10-14 09:00:00,116.43,116.56,0.1324997
2025-10-14 10:00:00,116.46,116.56,0.102500916
2025-10-14 11:00:00,116.49,116.56,0.072502136
2025-10-14 12:00:00,116.53,116.6,0.09500122
2025-10-14 13:00:00,116.57,116.75,0.1800003
2025-10-14 14:00:00,116.6,116.6,0.025001526
2025-10-14 15:00:00,116.6,116.75,0.15000153
2025-10-14 16:00:00,116.59,116.7,0.09750366
2025-10-14 17:00:00,116.57,116.7,0.117500305
2025-10-14 18:00:00,116.55,116.75,0.19999695
2025-10-14 19:00:00,116.54,116.75,0.20999908
2025-10-14 20:00:00,116.53,116.8,0.28250122
2025-10-14 21:00:00,116.53,116.75,0.22000122
2025-10-14 22:00:00,116.53,116.8,0.28250122
2025-10-14 23:00:00,116.52,116.75,0.23000336
2025-10-15 00:00:00,116.51,116.75,0.23999786
2025-10-15 01:00:00,116.5,116.75,0.25
2025-10-15 02:00:00,116.49,116.75,0.26000214
2025-10-15 03:00:00,116.48,116.75,0.26999664
2025-10-15 04:00:00,116.47,116.7,0.21749878
2025-10-15 05:00:00,116.45,116.7,0.23750305
2025-10-15 06:00:00,116.42,116.7,0.26750183
2025-10-15 07:00:00,116.39,116.6,0.23500061
2025-10-15 08:00:00,116.36,116.6,0.2649994
2025-10-15 09:00:00,116.32,116.56,0.2425003
2025-10-15 10:00:00,116.28,116.56,0.28250122
2025-10-15 11:00:00,116.24,116.56,0.32250214
2025-10-15 12:00:00,116.21,116.5,0.29000092
2025-10-15 13:00:00,116.18,116.56,0.3824997
2025-10-15 14:00:00,116.15,116.56,0.41249847
2025-10-15 15:00:00,116.12,116.56,0.44249725
2025-10-15 16:00:00,116.07,116.56,0.4925003
2025-10-15 17:00:00,116.02,116.56,0.54250336
2025-10-15 18:00:00,116.01,116.5,0.48999786
2025-10-15 19:00:00,116.0,116.5,0.5
2025-10-15 20:00:00,116.0,116.56,0.5625
2025-10-15 21:00:00,116.0,116.56,0.5625
2025-10-15 22:00:00,116.0,116.56,0.5625
2025-10-15 23:00:00,115.99,116.6,0.63500214
2025-10-16 00:00:00,115.97,116.6,0.6549988
2025-10-16 01:00:00,115.95,116.56,0.61250305
2025-10-16 02:00:00,115.94,116.56,0.62249756
2025-10-16 03:00:00,115.93,116.56,0.6324997
2025-10-16 04:00:00,115.9,116.5,0.5999985
2025-10-16 05:00:00,115.85,116.5,0.6500015
2025-10-16 06:00:00,115.79,116.4,0.5849991
2025-10-16 07:00:00,115.72,116.4,0.6549988
2025-10-16 08:00:00,115.65,116.3,0.6624985
2025-10-16 09:00:00,115.58,116.25,0.66999817
2025-10-16 10:00:00,115.51,116.2,0.67749786
2025-10-16 11:00:00,115.47,116.1,0.6549988
2025-10-16 12:00:00,115.44,116.1,0.68499756
2025-10-16 13:00:00,115.42,116.1,0.70500183
2025-10-16 14:00:00,115.38,116.2,0.80750275
2025-10-16 15:00:00,115.34,116.1,0.78500366
2025-10-16 16:00:00,115.3,116.1,0.82499695
2025-10-16 17:00:00,115.3,116.06,0.76249695
2025-10-16 18:00:00,115.3,116.0,0.69999695
2025-10-16 19:00:00,115.32,116.0,0.6800003
2025-10-16 20:00:00,115.33,115.94,0.60749817
2025-10-16 21:00:00,115.34,115.94,0.59750366
2025-10-16 22:00:00,115.35,115.94,0.5875015
2025-10-16 23:00:00,115.36,115.94,0.5774994
2025-10-17 00:00:00,115.38,115.94,0.55750275
2025-10-17 01:00:00,115.42,115.94,0.51750183
2025-10-17 02:00:00,115.46,116.0,0.5400009
2025-10-17 03:00:00,115.5,116.0,0.5
2025-10-17 04:00:00,115.54,116.0,0.45999908
2025-10-17 05:00:00,115.58,116.06,0.48249817
2025-10-17 06:00:00,115.62,116.1,0.50499725
2025-10-17 07:00:00,115.65,116.2,0.5374985
2025-10-17 08:00:00,115.68,116.2,0.5074997
2025-10-17 09:00:00,115.71,116.2,0.47750092
2025-10-17 10:00:00,115.74,116.25,0.51000214
2025-10-17 11:00:00,115.76,116.3,0.55249786
2025-10-17 12:00:00,115.77,116.3,0.54250336
2025-10-17 13:00:00,115.78,116.3,0.5325012
2025-10-17 14:00:00,115.78,116.2,0.40750122
2025-10-17 15:00:00,115.77,116.1,0.35500336
2025-10-17 16:00:00,115.76,116.1,0.36499786
2025-10-17 17:00:00,115.75,116.06,0.3125
2025-10-17 18:00:00,115.75,116.0,0.25
2025-10-17 19:00:00,115.75,116.0,0.25
2025-10-17 20:00:00,115.75,116.1,0.375
2025-10-17 21:00:00,115.75,116.1,0.375
2025-10-17 22:00:00,115.76,116.2,0.42749786
2025-10-17 23:00:00,115.77,116.2,0.41750336
